{"cpu_usage_count": [10.787893604, 10.787893604, 10.787893604, 10.787893604, 10.787893604, 10.787893604, 10.787893604, 10.787893604, 10.787893604, 10.787893604, 10.787893604, 10.787893604, 10.787893604, 10.787893604, 10.787893604, 10.787893604, 10.787893604, 10.787893604, 10.787893604, 10.787893604, 10.787893604, 10.787893604, 10.787893604, 10.787893604, 10.787893604, 10.787893604, 10.787893604, 10.787893604, 10.787893604, 10.787893604, 11.140569504, 11.140569504, 11.140569504, 11.140569504, 11.140569504, 11.140569504, 11.140569504, 11.140569504, 11.140569504, 11.140569504, 11.140569504], "time_cpu_usage_count": [1710847108.0, 1710847109.0, 1710847110.0, 1710847111.0, 1710847112.0, 1710847113.0, 1710847114.0, 1710847115.0, 1710847116.0, 1710847117.0, 1710847118.0, 1710847119.0, 1710847120.0, 1710847121.0, 1710847122.0, 1710847123.0, 1710847124.0, 1710847125.0, 1710847126.0, 1710847127.0, 1710847128.0, 1710847129.0, 1710847130.0, 1710847131.0, 1710847132.0, 1710847133.0, 1710847134.0, 1710847135.0, 1710847136.0, 1710847137.0, 1710847138.0, 1710847139.0, 1710847140.0, 1710847141.0, 1710847142.0, 1710847143.0, 1710847144.0, 1710847145.0, 1710847146.0, 1710847147.0, 1710847148.0], "cpu_usage_rate": [0.011755863333333318, 0.011755863333333318, 0.011755863333333318, 0.011755863333333318, 0.011755863333333318, 0.011755863333333318, 0.011755863333333318, 0.011755863333333318, 0.011755863333333318, 0.011755863333333318, 0.011755863333333318], "time_cpu_usage_rate": [1710847138.0, 1710847139.0, 1710847140.0, 1710847141.0, 1710847142.0, 1710847143.0, 1710847144.0, 1710847145.0, 1710847146.0, 1710847147.0, 1710847148.0], "cpu_throttled_count": [16.280981859, 16.280981859, 16.280981859, 16.280981859, 16.280981859, 16.280981859, 16.280981859, 16.280981859, 16.280981859, 16.280981859, 16.280981859, 16.280981859, 16.280981859, 16.280981859, 16.280981859, 16.280981859, 16.280981859, 16.280981859, 16.280981859, 16.280981859, 16.280981859, 16.280981859, 16.280981859, 16.280981859, 16.280981859, 16.280981859, 16.280981859, 16.280981859, 16.280981859, 16.280981859, 16.280981859, 16.280981859, 16.280981859, 16.280981859, 16.280981859, 16.280981859, 16.280981859, 16.280981859, 16.280981859, 16.280981859, 16.280981859], "time_cpu_throttled_count": [1710847108.0, 1710847109.0, 1710847110.0, 1710847111.0, 1710847112.0, 1710847113.0, 1710847114.0, 1710847115.0, 1710847116.0, 1710847117.0, 1710847118.0, 1710847119.0, 1710847120.0, 1710847121.0, 1710847122.0, 1710847123.0, 1710847124.0, 1710847125.0, 1710847126.0, 1710847127.0, 1710847128.0, 1710847129.0, 1710847130.0, 1710847131.0, 1710847132.0, 1710847133.0, 1710847134.0, 1710847135.0, 1710847136.0, 1710847137.0, 1710847138.0, 1710847139.0, 1710847140.0, 1710847141.0, 1710847142.0, 1710847143.0, 1710847144.0, 1710847145.0, 1710847146.0, 1710847147.0, 1710847148.0], "cpu_throttled_rate": [0.0, 0.0, 0.0, 0.0, 0.0, 0.0, 0.0, 0.0, 0.0, 0.0, 0.0], "time_cpu_throttled_rate": [1710847138.0, 1710847139.0, 1710847140.0, 1710847141.0, 1710847142.0, 1710847143.0, 1710847144.0, 1710847145.0, 1710847146.0, 1710847147.0, 1710847148.0], "memory_usage": [2117386240.0, 2117386240.0, 2117386240.0, 2117386240.0, 2117386240.0, 2117386240.0, 2117386240.0, 2117386240.0, 2117386240.0, 2117386240.0, 2117386240.0, 2117386240.0, 2117386240.0, 2117386240.0, 2117386240.0, 2117386240.0, 2117386240.0, 2117386240.0, 2117386240.0, 2117386240.0, 2117386240.0, 2117386240.0, 2117386240.0, 2117386240.0, 2117386240.0, 2117386240.0, 2117386240.0, 2117386240.0, 2117386240.0, 2117386240.0, 2120790016.0, 2120790016.0, 2120790016.0, 2120790016.0, 2120790016.0, 2120790016.0, 2120790016.0, 2120790016.0, 2120790016.0, 2120790016.0, 2120790016.0], "time_memory_usage": [1710847108.0, 1710847109.0, 1710847110.0, 1710847111.0, 1710847112.0, 1710847113.0, 1710847114.0, 1710847115.0, 1710847116.0, 1710847117.0, 1710847118.0, 1710847119.0, 1710847120.0, 1710847121.0, 1710847122.0, 1710847123.0, 1710847124.0, 1710847125.0, 1710847126.0, 1710847127.0, 1710847128.0, 1710847129.0, 1710847130.0, 1710847131.0, 1710847132.0, 1710847133.0, 1710847134.0, 1710847135.0, 1710847136.0, 1710847137.0, 1710847138.0, 1710847139.0, 1710847140.0, 1710847141.0, 1710847142.0, 1710847143.0, 1710847144.0, 1710847145.0, 1710847146.0, 1710847147.0, 1710847148.0], "throughput": [0.0295, 0.022814516129032257, 0.020586021505376344, 0.019471774193548386, 0.018803225806451614, 0.01835752688172043, 0.01803917050691244, 0.035600806451612906, 0.035229390681003586, 0.03493225806451613, 0.03468914956011731, 0.03448655913978495, 0.0343151364764268, 0.03416820276497696, 0.034040860215053766, 0.03392943548387097, 0.05074667931688805, 0.05061559139784946, 0.05049830220713073, 0.05039274193548387, 0.050297235023041474, 0.05021041055718475, 0.05013113604488079, 0.05005846774193549, 0.06665548387096774, 0.06657320099255584, 0.06649701314217443, 0.066426267281106, 0.06636040044493882, 0.0662989247311828, 0.0662414151925078, 0.0661875, 0.08267106549364613, 0.08261148007590131, 0.08255529953917051, 0.08250224014336918, 0.08245204882301657, 0.08240449915110355, 0.08235938792390406, 0.08231653225806453, 0.0987309205350118, 0.09868433179723503, 0.09863990997749437, 0.09859750733137831, 0.09855698924731185, 0.09851823281907432, 0.09848112560054907, 0.09844556451612903, 0.11481336405529954, 0.11477516129032259, 0.11473845667299178, 0.11470316377171216, 0.114669202678028], "time_throughput": [1710847096.0, 1710847097.0, 1710847098.0, 1710847099.0, 1710847100.0, 1710847101.0, 1710847102.0, 1710847103.0, 1710847104.0, 1710847105.0, 1710847106.0, 1710847107.0, 1710847108.0, 1710847109.0, 1710847110.0, 1710847111.0, 1710847112.0, 1710847113.0, 1710847114.0, 1710847115.0, 1710847116.0, 1710847117.0, 1710847118.0, 1710847119.0, 1710847120.0, 1710847121.0, 1710847122.0, 1710847123.0, 1710847124.0, 1710847125.0, 1710847126.0, 1710847127.0, 1710847128.0, 1710847129.0, 1710847130.0, 1710847131.0, 1710847132.0, 1710847133.0, 1710847134.0, 1710847135.0, 1710847136.0, 1710847137.0, 1710847138.0, 1710847139.0, 1710847140.0, 1710847141.0, 1710847142.0, 1710847143.0, 1710847144.0, 1710847145.0, 1710847146.0, 1710847147.0, 1710847148.0], "responses": [[{"times": {"request": {"sending": 1710847087.692555, "arrival": 1710847089.2539039}, "models": {"yolo": {"arrival": 1710847088.7184725, "serving": 1710847089.2024884}}}, "model_name": "yolo", "outputs": []}], [{"times": {"request": {"sending": 1710847088.513319, "arrival": 1710847089.5650651}, "models": {"yolo": {"arrival": 1710847089.5279675, "serving": 1710847089.5591567}}}, "model_name": "yolo", "outputs": []}], [{"times": {"request": {"sending": 1710847088.1566465, "arrival": 1710847089.7351108}, "models": {"yolo": {"arrival": 1710847089.1794434, "serving": 1710847089.6866837}}}, "model_name": "yolo", "outputs": []}], [{"times": {"request": {"sending": 1710847089.8764815, "arrival": 1710847090.928335}, "models": {"yolo": {"arrival": 1710847090.8908083, "serving": 1710847090.920393}}}, "model_name": "yolo", "outputs": []}], [{"times": {"request": {"sending": 1710847090.25712, "arrival": 1710847091.7994273}, "models": {"yolo": {"arrival": 1710847091.2782109, "serving": 1710847091.7518303}}}, "model_name": "yolo", "outputs": []}], [{"times": {"request": {"sending": 1710847091.236895, "arrival": 1710847092.7828555}, "models": {"yolo": {"arrival": 1710847092.2607546, "serving": 1710847092.7411714}}}, "model_name": "yolo", "outputs": []}], [{"times": {"request": {"sending": 1710847092.8060753, "arrival": 1710847094.3489542}, "models": {"yolo": {"arrival": 1710847093.8288908, "serving": 1710847094.2992713}}}, "model_name": "yolo", "outputs": []}], [{"times": {"request": {"sending": 1710847094.2016919, "arrival": 1710847095.2435887}, "models": {"yolo": {"arrival": 1710847095.2107408, "serving": 1710847095.2382114}}}, "model_name": "yolo", "outputs": []}], [{"times": {"request": {"sending": 1710847093.7779968, "arrival": 1710847095.3103697}, "models": {"yolo": {"arrival": 1710847094.8003674,