{"cpu_usage_count": [25.745622896, 25.745622896, 25.745622896, 25.745622896, 25.745622896, 25.745622896, 25.745622896, 25.745622896, 25.745622896, 25.745622896, 25.745622896, 25.745622896, 25.745622896, 25.745622896, 25.745622896, 25.745622896, 25.745622896, 25.745622896, 25.745622896, 25.745622896, 25.745622896, 25.745622896, 25.745622896, 25.745622896, 25.745622896, 25.745622896, 25.745622896, 25.745622896, 25.745622896], "time_cpu_usage_count": [1677099736.0, 1677099737.0, 1677099738.0, 1677099739.0, 1677099740.0, 1677099741.0, 1677099742.0, 1677099743.0, 1677099744.0, 1677099745.0, 1677099746.0, 1677099747.0, 1677099748.0, 1677099749.0, 1677099750.0, 1677099751.0, 1677099752.0, 1677099753.0, 1677099754.0, 1677099755.0, 1677099756.0, 1677099757.0, 1677099758.0, 1677099759.0, 1677099760.0, 1677099761.0, 1677099762.0, 1677099763.0, 1677099764.0], "cpu_usage_rate": null, "time_cpu_usage_rate": null, "cpu_throttled_count": [36.71581804, 36.71581804, 36.71581804, 36.71581804, 36.71581804, 36.71581804, 36.71581804, 36.71581804, 36.71581804, 36.71581804, 36.71581804, 36.71581804, 36.71581804, 36.71581804, 36.71581804, 36.71581804, 36.71581804, 36.71581804, 36.71581804, 36.71581804, 36.71581804, 36.71581804, 36.71581804, 36.71581804, 36.71581804, 36.71581804, 36.71581804, 36.71581804, 36.71581804], "time_cpu_throttled_count": [1677099736.0, 1677099737.0, 1677099738.0, 1677099739.0, 1677099740.0, 1677099741.0, 1677099742.0, 1677099743.0, 1677099744.0, 1677099745.0, 1677099746.0, 1677099747.0, 1677099748.0, 1677099749.0, 1677099750.0, 1677099751.0, 1677099752.0, 1677099753.0, 1677099754.0, 1677099755.0, 1677099756.0, 1677099757.0, 1677099758.0, 1677099759.0, 1677099760.0, 1677099761.0, 1677099762.0, 1677099763.0, 1677099764.0], "cpu_throttled_rate": null, "time_cpu_throttled_rate": null, "memory_usage": [943710208.0, 943710208.0, 943710208.0, 943710208.0, 943710208.0, 943710208.0, 943710208.0, 943710208.0, 943710208.0, 943710208.0, 943710208.0, 943710208.0, 943710208.0, 943710208.0, 943710208.0, 943710208.0, 943710208.0, 943710208.0, 943710208.0, 943710208.0, 943710208.0, 943710208.0, 943710208.0, 943710208.0, 943710208.0, 943710208.0, 943710208.0, 943710208.0, 943710208.0], "time_memory_usage": [1677099736.0, 1677099737.0, 1677099738.0, 1677099739.0, 1677099740.0, 1677099741.0, 1677099742.0, 1677099743.0, 1677099744.0, 1677099745.0, 1677099746.0, 1677099747.0, 1677099748.0, 1677099749.0, 1677099750.0, 1677099751.0, 1677099752.0, 1677099753.0, 1677099754.0, 1677099755.0, 1677099756.0, 1677099757.0, 1677099758.0, 1677099759.0, 1677099760.0, 1677099761.0, 1677099762.0, 1677099763.0, 1677099764.0], "throughput": [0.019095238095238096, 0.017484126984126984, 0.016947089947089947, 0.01851851851851852, 0.01851851851851852, 0.08205026455026457, 0.09527777777777778, 0.08928571428571429, 0.14604691021042943, 0.14575714285714286, 0.16165945165945167, 0.16141534391534393, 0.17464285714285713, 0.22544444444444445, 0.24131746031746032, 0.2571904761904762, 0.25700093370681604, 0.28893650793650794, 0.2887669172932331, 0.3206825396825396, 0.32052910052910055, 0.3364090909090909, 0.3362753623188406, 0.35076811594202895, 0.4000156177981952, 0.3999236874236874, 0.4158012933568489, 0.41569047619047617, 0.44755555555555554, 0.4628812260536398, 0.4792778346097487, 0.5111587301587303, 0.5110610870610871, 0.5269369747899161, 0.5268476190476191, 0.5586882716049383, 0.5905238095238096, 0.5904390142021722, 0.6063142043142042, 0.6381428571428572, 0.654015873015873, 0.669888888888889, 0.6698139534883721, 0.6856886724386725, 0.7175079365079365, 0.7174378881987579, 0.717370820668693, 0.7325683890577508, 0.7236842105263159, 0.7968411422273267, 0.7968098350451293, 0.7967490842490844, 0.8120115995115996, 0.8603650793650793, 0.8603064935064936, 0.8761805555555555, 0.8761250348092452, 0.8760714285714286, 0.8919472693032016, 0.9237497354497354, 0.9236986729117879, 0.938791048659901, 0.9516129032258065, 0.9516129032258065], "time_throughput": [1677099701.0, 1677099702.0, 1677099703.0, 1677099704.0, 1677099705.0, 1677099706.0, 1677099707.0, 1677099708.0, 1677099709.0, 1677099710.0, 1677099711.0, 1677099712.0, 1677099713.0, 1677099714.0, 1677099715.0, 1677099716.0, 1677099717.0, 1677099718.0, 1677099719.0, 1677099720.0, 1677099721.0, 1677099722.0, 1677099723.0, 1677099724.0, 1677099725.0, 1677099726.0, 1677099727.0, 1677099728.0, 1677099729.0, 1677099730.0, 1677099731.0, 1677099732.0, 1677099733.0, 1677099734.0, 1677099735.0, 1677099736.0, 1677099737.0, 1677099738.0, 1677099739.0, 1677099740.0, 1677099741.0, 1677099742.0, 1677099743.0, 1677099744.0, 1677099745.0, 1677099746.0, 1677099747.0, 1677099748.0, 1677099749.0, 1677099750.0, 1677099751.0, 1677099752.0, 1677099753.0, 1677099754.0, 1677099755.0, 1677099756.0, 1677099757.0, 1677099758.0, 1677099759.0, 1677099760.0, 1677099761.0, 1677099762.0, 1677099763.0, 1677099764.0], "responses": [[{"times": {"request": {"sending": 1677099702.453243, "arrival": 1677099704.7547927}, "models": {"yolo": {"arrival": 1677099703.4175487, "serving": 1677099704.74633}}}, "model_name": "yolo", "outputs": []}], [{"times": {"request": {"sending": 1677099703.4028988, "arrival": 1677099704.7562745}, "models": {"yolo": {"arrival": 1677099703.4175487, "serving": 1677099704.74633}}}, "model_name": "yolo", "outputs": []}], [{"times": {"request": {"sending": 1677099703.9765205, "arrival": 1677099705.8974733}, "models": {"yolo": {"arrival": 1677099704.7571087, "serving": 1677099705.8912137}}}, "model_name": "yolo", "outputs": []}], [{"times": {"request": {"sending": 1677099704.226172, "arrival": 1677099705.8995874}, "models": {"yolo": {"arrival": 1677099704.7571087, "serving": 1677099705.8912137}}}, "model_name": "yolo", "outputs": []}], [{"times": {"request": {"sending": 1677099705.8701763, "arrival": 1677099707.970876}, "models": {"yolo": {"arrival": 1677099706.747123, "serving": 1677099707.9629667}}}, "model_name": "yolo", "outputs": []}], [{"times": {"request": {"sending": 1677099706.7353773, "arrival": 1677099707.9717956}, "models": {"yolo": {"arrival": 1677099706.747123, "serving": 1677099707.9629667}}}, "model_name": "yolo", "outputs": []}], [{"times": {"request": {"sending": 1677099707.804697, "arrival": 1677099709.1351452}, "models": {"yolo": {"arrival": 1677099707.9718769, "serving": 1677099709.1236918}}}, "model_name": "yolo", "outputs": []}], [{"times": {"request": {"sending": 1677099707.8403065, "arrival": 1677099709.1360674}, "models": {"yolo": {"arrival": 1677099707.9718769, "serving": 1677099709.1236918}}}, "model_name": "yolo", "outputs": []}], [{"times": {"request": {"sending": 1677099709.6786416, "arrival": 1677099711.3096268}, "models": {"yolo": {"arrival": 1677099710.6920557, "serving": 1677099711.304388}}}, "model_name": "yolo", "outputs": []}], [{"times": {"request": {"sending": 1677099710.9113824, "arrival": 1677099713.3942218}, "models": {"yolo": {"arrival": 1677099712.2155013, "serving": 1677099713.3850205}}}, "model_name": "yolo", "outputs": []}], [{"times": {"request": {"sending": 1677099712.20476, "arrival": 1677099713.395978}, "models": {"yolo": {"arrival": 1677099712.2155013, "serving": 1677099713.3850205}}}, "model_name": "yolo", "outputs": []}], [{"times": {"request": {"sending": 1677099712.6014996, "arrival": 1677099714.6066186}, "models": {"yolo": {"arrival": 1677099713.3905218, "serving": 1677099714.5963492}}}, "model_name": "yolo", "outputs": []}], [{"times": {"request": {"sending": 1677099712.7175653, "arrival": 1677099714.6075869}, "models": {"yolo": {"arrival": 1677099713.3905218, "serving": 1677099714.5963492}}}, "model_name": "yolo", "outputs": []}], [{"times": {"request": {"sending": 1677099713.9465005, "arrival": 1677099715.9870555}, "models": {"yolo": {"arrival": 1677099714.750227, "serving": 1677099715.9772193}}}, "model_name": "yolo", "outputs": []}], [{"times": {"request": {"sending": 1677099714.7398572, "arrival": 1677099715.9888864}, "models": {"yolo": {"arrival": 1677099714.750227, "serving": 1677099715.9772193}}},