{"cpu_usage_count": [11.73075212, 11.73075212, 11.73075212, 11.73075212, 11.73075212, 11.73075212, 11.73075212, 11.73075212, 11.73075212, 11.73075212, 11.73075212, 11.73075212, 11.73075212, 11.73075212, 11.73075212, 11.73075212, 11.73075212, 11.73075212, 11.73075212, 11.73075212, 11.73075212, 11.73075212, 11.73075212, 11.73075212, 11.73075212, 11.73075212, 11.73075212, 11.73075212, 11.73075212, 11.73075212, 12.101706351, 12.101706351, 12.101706351, 12.101706351, 12.101706351, 12.101706351, 12.101706351, 12.101706351], "time_cpu_usage_count": [1711319158.0, 1711319159.0, 1711319160.0, 1711319161.0, 1711319162.0, 1711319163.0, 1711319164.0, 1711319165.0, 1711319166.0, 1711319167.0, 1711319168.0, 1711319169.0, 1711319170.0, 1711319171.0, 1711319172.0, 1711319173.0, 1711319174.0, 1711319175.0, 1711319176.0, 1711319177.0, 1711319178.0, 1711319179.0, 1711319180.0, 1711319181.0, 1711319182.0, 1711319183.0, 1711319184.0, 1711319185.0, 1711319186.0, 1711319187.0, 1711319188.0, 1711319189.0, 1711319190.0, 1711319191.0, 1711319192.0, 1711319193.0, 1711319194.0, 1711319195.0], "cpu_usage_rate": [0.012365141033333357, 0.012365141033333357, 0.012365141033333357, 0.012365141033333357, 0.012365141033333357, 0.012365141033333357, 0.012365141033333357, 0.012365141033333357], "time_cpu_usage_rate": [1711319188.0, 1711319189.0, 1711319190.0, 1711319191.0, 1711319192.0, 1711319193.0, 1711319194.0, 1711319195.0], "cpu_throttled_count": [24.833097371, 24.833097371, 24.833097371, 24.833097371, 24.833097371, 24.833097371, 24.833097371, 24.833097371, 24.833097371, 24.833097371, 24.833097371, 24.833097371, 24.833097371, 24.833097371, 24.833097371, 24.833097371, 24.833097371, 24.833097371, 24.833097371, 24.833097371, 24.833097371, 24.833097371, 24.833097371, 24.833097371, 24.833097371, 24.833097371, 24.833097371, 24.833097371, 24.833097371, 24.833097371, 24.833097371, 24.833097371, 24.833097371, 24.833097371, 24.833097371, 24.833097371, 24.833097371, 24.833097371], "time_cpu_throttled_count": [1711319158.0, 1711319159.0, 1711319160.0, 1711319161.0, 1711319162.0, 1711319163.0, 1711319164.0, 1711319165.0, 1711319166.0, 1711319167.0, 1711319168.0, 1711319169.0, 1711319170.0, 1711319171.0, 1711319172.0, 1711319173.0, 1711319174.0, 1711319175.0, 1711319176.0, 1711319177.0, 1711319178.0, 1711319179.0, 1711319180.0, 1711319181.0, 1711319182.0, 1711319183.0, 1711319184.0, 1711319185.0, 1711319186.0, 1711319187.0, 1711319188.0, 1711319189.0, 1711319190.0, 1711319191.0, 1711319192.0, 1711319193.0, 1711319194.0, 1711319195.0], "cpu_throttled_rate": [0.0, 0.0, 0.0, 0.0, 0.0, 0.0, 0.0, 0.0], "time_cpu_throttled_rate": [1711319188.0, 1711319189.0, 1711319190.0, 1711319191.0, 1711319192.0, 1711319193.0, 1711319194.0, 1711319195.0], "memory_usage": [2142904320.0, 2142904320.0, 2142904320.0, 2142904320.0, 2142904320.0, 2142904320.0, 2142904320.0, 2142904320.0, 2142904320.0, 2142904320.0, 2142904320.0, 2142904320.0, 2142904320.0, 2142904320.0, 2142904320.0, 2142904320.0, 2142904320.0, 2142904320.0, 2142904320.0, 2142904320.0, 2142904320.0, 2142904320.0, 2142904320.0, 2142904320.0, 2142904320.0, 2142904320.0, 2142904320.0, 2142904320.0, 2142904320.0, 2142904320.0, 2143248384.0, 2143248384.0, 2143248384.0, 2143248384.0, 2143248384.0, 2143248384.0, 2143248384.0, 2143248384.0], "time_memory_usage": [1711319158.0, 1711319159.0, 1711319160.0, 1711319161.0, 1711319162.0, 1711319163.0, 1711319164.0, 1711319165.0, 1711319166.0, 1711319167.0, 1711319168.0, 1711319169.0, 1711319170.0, 1711319171.0, 1711319172.0, 1711319173.0, 1711319174.0, 1711319175.0, 1711319176.0, 1711319177.0, 1711319178.0, 1711319179.0, 1711319180.0, 1711319181.0, 1711319182.0, 1711319183.0, 1711319184.0, 1711319185.0, 1711319186.0, 1711319187.0, 1711319188.0, 1711319189.0, 1711319190.0, 1711319191.0, 1711319192.0, 1711319193.0, 1711319194.0, 1711319195.0], "throughput": [0.0, 0.0, 0.0, 0.0, 0.0, 0.0, 0.0, 0.018058333333333332, 0.017903703703703703, 0.01778, 0.01767878787878788, 0.017594444444444444, 0.017523076923076922, 0.01746190476190476, 0.017408888888888887, 0.0173625, 0.03464313725490196, 0.03457037037037037, 0.03450526315789473, 0.03444666666666666, 0.03439365079365079, 0.03434545454545455, 0.034301449275362314, 0.03426111111111111, 0.05133600000000001, 0.05128461538461539, 0.05123703703703704, 0.051192857142857144, 0.05115172413793103, 0.05111333333333333, 0.0510774193548387, 0.05104374999999999, 0.06801616161616161, 0.06797647058823529, 0.06793904761904762, 0.0679037037037037, 0.06787027027027027, 0.06783859649122807, 0.06780854700854701, 0.06777999999999999, 0.08469105691056912, 0.08465873015873017, 0.08462790697674417, 0.08459848484848485, 0.08457037037037037, 0.08454347826086958, 0.08451773049645389, 0.08449305555555556, 0.10136326530612245, 0.10133600000000001, 0.10130980392156864, 0.10128461538461538, 0.10126037735849056, 0.10123703703703703, 0.10121454545454545, 0.10119285714285715, 0.1011719298245614, 0.1180103448275862, 0.11864406779661016], "time_throughput": [1711319137.0, 1711319138.0, 1711319139.0, 1711319140.0, 1711319141.0, 1711319142.0, 1711319143.0, 1711319144.0, 1711319145.0, 1711319146.0, 1711319147.0, 1711319148.0, 1711319149.0, 1711319150.0, 1711319151.0, 1711319152.0, 1711319153.0, 1711319154.0, 1711319155.0, 1711319156.0, 1711319157.0, 1711319158.0, 1711319159.0, 1711319160.0, 1711319161.0, 1711319162.0, 1711319163.0, 1711319164.0, 1711319165.0, 1711319166.0, 1711319167.0, 1711319168.0, 1711319169.0, 1711319170.0, 1711319171.0, 1711319172.0, 1711319173.0, 1711319174.0, 1711319175.0, 1711319176.0, 1711319177.0, 1711319178.0, 1711319179.0, 1711319180.0, 1711319181.0, 1711319182.0, 1711319183.0, 1711319184.0, 1711319185.0, 1711319186.0, 1711319187.0, 1711319188.0, 1711319189.0, 1711319190.0, 1711319191.0, 1711319192.0, 1711319193.0, 1711319194.0, 1711319195.0], "responses": [[{"times": {"request": {"sending": 1711319135.7212539, "arrival": 1711319136.2643695}, "models": {"yolo": {"arrival": 1711319135.745219, "serving": 1711319136.221537}}}, "model_name": "yolo", "outputs": []}], [{"times": {"request": {"sending": 1711319138.5457537, "arrival": 1711319138.609525}, "models": {"yolo": {"arrival": 1711319138.5601516, "serving": 1711319138.5974116}}}, "model_name": "yolo", "outputs": []}], [{"times": {"request": {"sending": 1711319139.7770202, "arrival": 1711319139.8348508}, "models": {"yolo": {"arrival": 1711319139.791017, "serving": 1711319139.8280175}}}, "model_name": "yolo", "outputs": []}], [{"times": {"request": {"sending": 1711319140.2026415, "arrival": 1711319140.7286649}, "models": {"yolo": {"arrival": 1711319140.2242696, "serving": 1711319140.6886313}}}, "model_name": "yolo", "outputs": []}], [{"times": {"request": {"sending": 1711319140.7940028, "arrival": 1711319141.312798}, "models": {"yolo": {"arrival": 1711319140.812977, "serving": 1711319141.2701006}}}, "model_name": "yolo", "outputs": []}], [{"times": {"request": {"sending": 1711319141.9272542, "arrival": 1711319142.4614322}, "models": {"yolo": {"arrival": 1711319141.9502568, "serving": 1711319142.4170418}}}, "model_name": "yolo", "outputs": []}], [{"times": {"request": {"sending": 1711319141.6983159, "arrival": 1711319142.243225}, "models": {"yolo": {"arrival": 1711319141.722664, "serving": 1711319142.1979206}}}, "model_name": "yolo", "outputs": []}], [{"times": {"request": {"sending": 1711319143.4485257, "arrival": 1711319143.984638}, "models": {"yolo": {"arrival": 1711319143.4691164, "serving": 1711319143.9404533}}}, "model_name": "yolo", "outputs": []}], [{"times": {"request": {"sending": 1711319143.7302873, "arrival": 1711319143.7740798}, "models": {"yolo": {"arrival": 1711319143.737289, "serving": 1711319143.769424}}}, "model_name": "yolo", "outputs": []}], [{"times": {"request": {"sending": 1711319144.5923133, "arrival": 1711319144.641235}, "models": {"yolo": {"arrival": 1711319144.5997264, "serving": 1711319144.6348476}}}, "model_name": "yolo", "outputs": []}], [{"times": {"request": {"sending": 1711319146.0138273,