{"cpu_usage_count": [11.42992787, 11.42992787, 11.42992787, 11.42992787, 11.42992787, 11.42992787, 11.42992787, 11.42992787, 11.42992787, 11.42992787, 11.42992787, 11.42992787, 11.42992787, 11.42992787, 11.42992787, 11.42992787, 11.42992787, 11.42992787, 11.42992787, 11.42992787, 11.42992787, 11.42992787, 11.42992787, 11.42992787, 11.42992787, 11.42992787, 11.42992787, 11.42992787, 11.42992787, 11.42992787, 11.611942035, 11.611942035, 11.611942035, 11.611942035, 11.611942035, 11.611942035, 11.611942035, 11.611942035], "time_cpu_usage_count": [1711320208.0, 1711320209.0, 1711320210.0, 1711320211.0, 1711320212.0, 1711320213.0, 1711320214.0, 1711320215.0, 1711320216.0, 1711320217.0, 1711320218.0, 1711320219.0, 1711320220.0, 1711320221.0, 1711320222.0, 1711320223.0, 1711320224.0, 1711320225.0, 1711320226.0, 1711320227.0, 1711320228.0, 1711320229.0, 1711320230.0, 1711320231.0, 1711320232.0, 1711320233.0, 1711320234.0, 1711320235.0, 1711320236.0, 1711320237.0, 1711320238.0, 1711320239.0, 1711320240.0, 1711320241.0, 1711320242.0, 1711320243.0, 1711320244.0, 1711320245.0], "cpu_usage_rate": [0.0060671388333333335, 0.0060671388333333335, 0.0060671388333333335, 0.0060671388333333335, 0.0060671388333333335, 0.0060671388333333335, 0.0060671388333333335, 0.0060671388333333335], "time_cpu_usage_rate": [1711320238.0, 1711320239.0, 1711320240.0, 1711320241.0, 1711320242.0, 1711320243.0, 1711320244.0, 1711320245.0], "cpu_throttled_count": [14.849535968, 14.849535968, 14.849535968, 14.849535968, 14.849535968, 14.849535968, 14.849535968, 14.849535968, 14.849535968, 14.849535968, 14.849535968, 14.849535968, 14.849535968, 14.849535968, 14.849535968, 14.849535968, 14.849535968, 14.849535968, 14.849535968, 14.849535968, 14.849535968, 14.849535968, 14.849535968, 14.849535968, 14.849535968, 14.849535968, 14.849535968, 14.849535968, 14.849535968, 14.849535968, 14.849535968, 14.849535968, 14.849535968, 14.849535968, 14.849535968, 14.849535968, 14.849535968, 14.849535968], "time_cpu_throttled_count": [1711320208.0, 1711320209.0, 1711320210.0, 1711320211.0, 1711320212.0, 1711320213.0, 1711320214.0, 1711320215.0, 1711320216.0, 1711320217.0, 1711320218.0, 1711320219.0, 1711320220.0, 1711320221.0, 1711320222.0, 1711320223.0, 1711320224.0, 1711320225.0, 1711320226.0, 1711320227.0, 1711320228.0, 1711320229.0, 1711320230.0, 1711320231.0, 1711320232.0, 1711320233.0, 1711320234.0, 1711320235.0, 1711320236.0, 1711320237.0, 1711320238.0, 1711320239.0, 1711320240.0, 1711320241.0, 1711320242.0, 1711320243.0, 1711320244.0, 1711320245.0], "cpu_throttled_rate": [0.0, 0.0, 0.0, 0.0, 0.0, 0.0, 0.0, 0.0], "time_cpu_throttled_rate": [1711320238.0, 1711320239.0, 1711320240.0, 1711320241.0, 1711320242.0, 1711320243.0, 1711320244.0, 1711320245.0], "memory_usage": [2148691968.0, 2148691968.0, 2148691968.0, 2148691968.0, 2148691968.0, 2148691968.0, 2148691968.0, 2148691968.0, 2148691968.0, 2148691968.0, 2148691968.0, 2148691968.0, 2148691968.0, 2148691968.0, 2148691968.0, 2148691968.0, 2148691968.0, 2148691968.0, 2148691968.0, 2148691968.0, 2148691968.0, 2148691968.0, 2148691968.0, 2148691968.0, 2148691968.0, 2148691968.0, 2148691968.0, 2148691968.0, 2148691968.0, 2148691968.0, 2148900864.0, 2148900864.0, 2148900864.0, 2148900864.0, 2148900864.0, 2148900864.0, 2148900864.0, 2148900864.0], "time_memory_usage": [1711320208.0, 1711320209.0, 1711320210.0, 1711320211.0, 1711320212.0, 1711320213.0, 1711320214.0, 1711320215.0, 1711320216.0, 1711320217.0, 1711320218.0, 1711320219.0, 1711320220.0, 1711320221.0, 1711320222.0, 1711320223.0, 1711320224.0, 1711320225.0, 1711320226.0, 1711320227.0, 1711320228.0, 1711320229.0, 1711320230.0, 1711320231.0, 1711320232.0, 1711320233.0, 1711320234.0, 1711320235.0, 1711320236.0, 1711320237.0, 1711320238.0, 1711320239.0, 1711320240.0, 1711320241.0, 1711320242.0, 1711320243.0, 1711320244.0, 1711320245.0], "throughput": [0.03048333333333333, 0.023575, 0.021272222222222224, 0.02012083333333333, 0.01943, 0.01896944444444444, 0.03728095238095238, 0.0367875, 0.03640370370370371, 0.036096666666666666, 0.03584545454545455, 0.03563611111111111, 0.03545897435897436, 0.035307142857142856, 0.05276333333333334, 0.052590625, 0.052438235294117654, 0.05230277777777778, 0.05218157894736842, 0.052072499999999994, 0.05197380952380952, 0.0518840909090909, 0.05180217391304349, 0.06896944444444444, 0.06887733333333333, 0.0687923076923077, 0.06871358024691358, 0.0686404761904762, 0.06857241379310344, 0.0685088888888889, 0.0684494623655914, 0.08549218750000001, 0.08542676767676767, 0.08536519607843136, 0.08530714285714286, 0.08525231481481482, 0.08520045045045045, 0.08515131578947367, 0.10212564102564103, 0.10207250000000001, 0.10202195121951219, 0.10197380952380954, 0.1019279069767442, 0.10188409090909092, 0.10184222222222224, 0.10180217391304347, 0.11872446808510638, 0.11868159722222223, 0.1186404761904762, 0.118601, 0.11856307189542484, 0.11852660256410257, 0.11849150943396228, 0.11845771604938271, 0.13534303030303033, 0.13530714285714288, 0.13527251461988304, 0.13523908045977012, 0.13520677966101693, 0.11864406779661016], "time_throughput": [1711320186.0, 1711320187.0, 1711320188.0, 1711320189.0, 1711320190.0, 1711320191.0, 1711320192.0, 1711320193.0, 1711320194.0, 1711320195.0, 1711320196.0, 1711320197.0, 1711320198.0, 1711320199.0, 1711320200.0, 1711320201.0, 1711320202.0, 1711320203.0, 1711320204.0, 1711320205.0, 1711320206.0, 1711320207.0, 1711320208.0, 1711320209.0, 1711320210.0, 1711320211.0, 1711320212.0, 1711320213.0, 1711320214.0, 1711320215.0, 1711320216.0, 1711320217.0, 1711320218.0, 1711320219.0, 1711320220.0, 1711320221.0, 1711320222.0, 1711320223.0, 1711320224.0, 1711320225.0, 1711320226.0, 1711320227.0, 1711320228.0, 1711320229.0, 1711320230.0, 1711320231.0, 1711320232.0, 1711320233.0, 1711320234.0, 1711320235.0, 1711320236.0, 1711320237.0, 1711320238.0, 1711320239.0, 1711320240.0, 1711320241.0, 1711320242.0, 1711320243.0, 1711320244.0, 1711320245.0], "responses": [[{"times": {"request": {"sending": 1711320186.5318434, "arrival": 1711320188.060931}, "models": {"yolo": {"arrival": 1711320187.5578387, "serving": 1711320188.016735}}}, "model_name": "yolo", "outputs": []}], [{"times": {"request": {"sending": 1711320187.3436224, "arrival": 1711320188.8881702}, "models": {"yolo": {"arrival": 1711320188.3676543, "serving": 1711320188.8476782}}}, "model_name": "yolo", "outputs": []}], [{"times": {"request": {"sending": 1711320187.379788, "arrival": 1711320188.9229994}, "models": {"yolo": {"arrival": 1711320188.4031003, "serving": 1711320188.87915}}}, "model_name": "yolo", "outputs": []}], [{"times": {"request": {"sending": 1711320188.6728323, "arrival": 1711320190.1890435}, "models": {"yolo": {"arrival": 1711320189.694527, "serving": 1711320190.1461358}}}, "model_name": "yolo", "outputs": []}], [{"times": {"request": {"sending": 1711320189.945958, "arrival": 1711320191.0060806}, "models": {"yolo": {"arrival": 1711320190.960449, "serving": 1711320190.9985685}}}, "model_name": "yolo", "outputs": []}], [{"times": {"request": {"sending": 1711320191.786704, "arrival": 1711320192.8681939}, "models": {"yolo": {"arrival": 1711320192.8031158, "serving": 1711320192.8418944}}}, "model_name": "yolo", "outputs": []}], [{"times": {"request": {"sending": 1711320192.0264537, "arrival": 1711320193.550962}, "models": {"yolo": {"arrival": 1711320193.0463128, "serving": 1711320193.507307}}}, "model_name": "yolo", "outputs": []}], [{"times": {"request": {"sending": 1711320195.13077, "arrival": 1711320196.1811714}, "models": {"yolo": {"arrival": 1711320196.1387284, "serving": 1711320196.175245}}}, "model_name": "yolo", "outputs": []}], [{"times": {"request": {"sending": 1711320194.845195, "arrival": 1711320196.390474}, "models": {"yolo": {"arrival": 1711320195.866475, "serving": 1711320196.3482344}}}, "model_name": "yolo", "outputs": []}], [{"times": {"request": {"sending": 1711320195.4633894, "arrival": 1711320196.5157983}, "models": {"yolo": {"arrival": 1711320196.4719043,