{"cpu_usage_count": [10.191511389, 10.191511389, 10.191511389, 10.191511389, 10.191511389, 10.191511389, 10.191511389, 10.191511389, 10.191511389, 10.191511389, 10.191511389, 10.191511389, 10.191511389, 10.191511389, 10.191511389, 10.191511389, 10.191511389, 10.191511389, 10.191511389, 10.191511389, 10.191511389, 10.191511389, 10.191511389, 10.191511389, 10.191511389, 10.191511389, 10.191511389, 10.191511389, 10.191511389, 10.191511389, 10.89358312, 10.89358312, 10.89358312, 10.89358312, 10.89358312, 10.89358312, 10.89358312, 10.89358312, 10.89358312, 10.89358312, 10.89358312, 10.89358312, 10.89358312, 10.89358312], "time_cpu_usage_count": [1710819148.0, 1710819149.0, 1710819150.0, 1710819151.0, 1710819152.0, 1710819153.0, 1710819154.0, 1710819155.0, 1710819156.0, 1710819157.0, 1710819158.0, 1710819159.0, 1710819160.0, 1710819161.0, 1710819162.0, 1710819163.0, 1710819164.0, 1710819165.0, 1710819166.0, 1710819167.0, 1710819168.0, 1710819169.0, 1710819170.0, 1710819171.0, 1710819172.0, 1710819173.0, 1710819174.0, 1710819175.0, 1710819176.0, 1710819177.0, 1710819178.0, 1710819179.0, 1710819180.0, 1710819181.0, 1710819182.0, 1710819183.0, 1710819184.0, 1710819185.0, 1710819186.0, 1710819187.0, 1710819188.0, 1710819189.0, 1710819190.0, 1710819191.0], "cpu_usage_rate": [0.023402391033333338, 0.023402391033333338, 0.023402391033333338, 0.023402391033333338, 0.023402391033333338, 0.023402391033333338, 0.023402391033333338, 0.023402391033333338, 0.023402391033333338, 0.023402391033333338, 0.023402391033333338, 0.023402391033333338, 0.023402391033333338, 0.023402391033333338], "time_cpu_usage_rate": [1710819178.0, 1710819179.0, 1710819180.0, 1710819181.0, 1710819182.0, 1710819183.0, 1710819184.0, 1710819185.0, 1710819186.0, 1710819187.0, 1710819188.0, 1710819189.0, 1710819190.0, 1710819191.0], "cpu_throttled_count": [14.327578043, 14.327578043, 14.327578043, 14.327578043, 14.327578043, 14.327578043, 14.327578043, 14.327578043, 14.327578043, 14.327578043, 14.327578043, 14.327578043, 14.327578043, 14.327578043, 14.327578043, 14.327578043, 14.327578043, 14.327578043, 14.327578043, 14.327578043, 14.327578043, 14.327578043, 14.327578043, 14.327578043, 14.327578043, 14.327578043, 14.327578043, 14.327578043, 14.327578043, 14.327578043, 14.327578043, 14.327578043, 14.327578043, 14.327578043, 14.327578043, 14.327578043, 14.327578043, 14.327578043, 14.327578043, 14.327578043, 14.327578043, 14.327578043, 14.327578043, 14.327578043], "time_cpu_throttled_count": [1710819148.0, 1710819149.0, 1710819150.0, 1710819151.0, 1710819152.0, 1710819153.0, 1710819154.0, 1710819155.0, 1710819156.0, 1710819157.0, 1710819158.0, 1710819159.0, 1710819160.0, 1710819161.0, 1710819162.0, 1710819163.0, 1710819164.0, 1710819165.0, 1710819166.0, 1710819167.0, 1710819168.0, 1710819169.0, 1710819170.0, 1710819171.0, 1710819172.0, 1710819173.0, 1710819174.0, 1710819175.0, 1710819176.0, 1710819177.0, 1710819178.0, 1710819179.0, 1710819180.0, 1710819181.0, 1710819182.0, 1710819183.0, 1710819184.0, 1710819185.0, 1710819186.0, 1710819187.0, 1710819188.0, 1710819189.0, 1710819190.0, 1710819191.0], "cpu_throttled_rate": [0.0, 0.0, 0.0, 0.0, 0.0, 0.0, 0.0, 0.0, 0.0, 0.0, 0.0, 0.0, 0.0, 0.0], "time_cpu_throttled_rate": [1710819178.0, 1710819179.0, 1710819180.0, 1710819181.0, 1710819182.0, 1710819183.0, 1710819184.0, 1710819185.0, 1710819186.0, 1710819187.0, 1710819188.0, 1710819189.0, 1710819190.0, 1710819191.0], "memory_usage": [2133639168.0, 2133639168.0, 2133639168.0, 2133639168.0, 2133639168.0, 2133639168.0, 2133639168.0, 2133639168.0, 2133639168.0, 2133639168.0, 2133639168.0, 2133639168.0, 2133639168.0, 2133639168.0, 2133639168.0, 2133639168.0, 2133639168.0, 2133639168.0, 2133639168.0, 2133639168.0, 2133639168.0, 2133639168.0, 2133639168.0, 2133639168.0, 2133639168.0, 2133639168.0, 2133639168.0, 2133639168.0, 2133639168.0, 2133639168.0, 2134745088.0, 2134745088.0, 2134745088.0, 2134745088.0, 2134745088.0, 2134745088.0, 2134745088.0, 2134745088.0, 2134745088.0, 2134745088.0, 2134745088.0, 2134745088.0, 2134745088.0, 2134745088.0], "time_memory_usage": [1710819148.0, 1710819149.0, 1710819150.0, 1710819151.0, 1710819152.0, 1710819153.0, 1710819154.0, 1710819155.0, 1710819156.0, 1710819157.0, 1710819158.0, 1710819159.0, 1710819160.0, 1710819161.0, 1710819162.0, 1710819163.0, 1710819164.0, 1710819165.0, 1710819166.0, 1710819167.0, 1710819168.0, 1710819169.0, 1710819170.0, 1710819171.0, 1710819172.0, 1710819173.0, 1710819174.0, 1710819175.0, 1710819176.0, 1710819177.0, 1710819178.0, 1710819179.0, 1710819180.0, 1710819181.0, 1710819182.0, 1710819183.0, 1710819184.0, 1710819185.0, 1710819186.0, 1710819187.0, 1710819188.0, 1710819189.0, 1710819190.0, 1710819191.0], "throughput": [0.02775409836065574, 0.022073770491803278, 0.02018032786885246, 0.019233606557377048, 0.0373311475409836, 0.05486065573770491, 0.054049180327868845, 0.07125409836065573, 0.07062295081967213, 0.08764754098360655, 0.0871311475409836, 0.10404098360655738, 0.10360403530895333, 0.12043442622950817, 0.12005573770491804, 0.11972438524590165, 0.1364937319189971, 0.15322131147540982, 0.15292234685073341, 0.15265327868852457, 0.169344262295082, 0.1860081967213115, 0.18576122594440486, 0.20240163934426228, 0.20217442622950818, 0.2187950819672131, 0.21858469945355194, 0.21838934426229512, 0.23499265121537596, 0.2348098360655738, 0.25139873083024855, 0.26797540983606555, 0.26780327868852455, 0.26764127290260364, 0.2842065573770492, 0.30076229508196717, 0.3006087727071334, 0.30046333045729073, 0.3170100882723833, 0.33354918032786884, 0.3334106357457017, 0.33327868852459014, 0.34981052230270676, 0.36633606557377046, 0.3662098360655737, 0.36608909479686386, 0.3826086501569585, 0.39912295081967214, 0.3990070257611241, 0.4155163934426229, 0.4154050144648023, 0.43190983606557376, 0.43180266006804824, 0.4316994535519126, 0.43159999999999993, 0.4646967213114754, 0.4645970664365833, 0.4810901639344263, 0.48099388719088637, 0.49748360655737706, 0.4833333333333333], "time_throughput": [1710819131.0, 1710819132.0, 1710819133.0, 1710819134.0, 1710819135.0, 1710819136.0, 1710819137.0, 1710819138.0, 1710819139.0, 1710819140.0, 1710819141.0, 1710819142.0, 1710819143.0, 1710819144.0, 1710819145.0, 1710819146.0, 1710819147.0, 1710819148.0, 1710819149.0, 1710819150.0, 1710819151.0, 1710819152.0, 1710819153.0, 1710819154.0, 1710819155.0, 1710819156.0, 1710819157.0, 1710819158.0, 1710819159.0, 1710819160.0, 1710819161.0, 1710819162.0, 1710819163.0, 1710819164.0, 1710819165.0, 1710819166.0, 1710819167.0, 1710819168.0, 1710819169.0, 1710819170.0, 1710819171.0, 1710819172.0, 1710819173.0, 1710819174.0, 1710819175.0, 1710819176.0, 1710819177.0, 1710819178.0, 1710819179.0, 1710819180.0, 1710819181.0, 1710819182.0, 1710819183.0, 1710819184.0, 1710819185.0, 1710819186.0, 1710819187.0, 1710819188.0, 1710819189.0, 1710819190.0, 1710819191.0], "responses": [[{"times": {"request": {"sending": 1710819131.819594, "arrival": 1710819132.8675172}, "models": {"yolo": {"arrival": 1710819132.8306305, "serving": 1710819132.8607554}}}, "model_name": "yolo", "outputs": []}], [{"times": {"request": {"sending": 1710819132.8797925, "arrival": 1710819133.9232824}, "models": {"yolo": {"arrival": 1710819133.887519, "serving": 1710819133.9179044}}}, "model_name": "yolo", "outputs": []}], [{"times": {"request": {"sending": 1710819133.7785876, "arrival": 1710819134.6811006}, "models": {"yolo": {"arrival": 1710819134.6327693, "serving": 1710819134.672603}}}, "model_name": "yolo", "outputs": []}], [{"times": {"request": {"sending": 1710819134.1697652, "arrival": 1710819135.2120304}, "models": {"yolo": {"arrival": 1710819135.1767235, "serving": 1710819135.2039554}}}, "model_name": "yolo", "outputs": []}], [{"times": {"request": {"sending": 1710819134.6242092, "arrival": 1710819134.6819968}, "models": {"yolo": {"arrival": 1710819134.6327693, "serving": 1710819134.672603}}}, "model_name": "yolo", "outputs": []}], [{"times": {"request": {"sending": 1710819136.0026083, "arrival": 1710819137.0457413},