{"cpu_usage_count": [10.520091231, 10.520091231, 10.520091231, 10.520091231, 10.520091231, 10.520091231, 10.520091231, 10.520091231, 10.520091231, 10.520091231, 10.520091231, 10.520091231, 10.520091231, 10.520091231, 10.520091231, 10.520091231, 10.520091231, 10.520091231, 10.520091231, 10.520091231, 10.520091231, 10.520091231, 10.520091231, 10.520091231, 10.520091231, 10.520091231, 10.520091231, 10.520091231, 10.520091231, 10.520091231, 11.103864314, 11.103864314, 11.103864314, 11.103864314, 11.103864314, 11.103864314, 11.103864314, 11.103864314, 11.103864314, 11.103864314, 11.103864314, 11.103864314, 11.103864314, 11.103864314, 11.103864314, 11.103864314], "time_cpu_usage_count": [1710819838.0, 1710819839.0, 1710819840.0, 1710819841.0, 1710819842.0, 1710819843.0, 1710819844.0, 1710819845.0, 1710819846.0, 1710819847.0, 1710819848.0, 1710819849.0, 1710819850.0, 1710819851.0, 1710819852.0, 1710819853.0, 1710819854.0, 1710819855.0, 1710819856.0, 1710819857.0, 1710819858.0, 1710819859.0, 1710819860.0, 1710819861.0, 1710819862.0, 1710819863.0, 1710819864.0, 1710819865.0, 1710819866.0, 1710819867.0, 1710819868.0, 1710819869.0, 1710819870.0, 1710819871.0, 1710819872.0, 1710819873.0, 1710819874.0, 1710819875.0, 1710819876.0, 1710819877.0, 1710819878.0, 1710819879.0, 1710819880.0, 1710819881.0, 1710819882.0, 1710819883.0], "cpu_usage_rate": [0.019459102766666687, 0.019459102766666687, 0.019459102766666687, 0.019459102766666687, 0.019459102766666687, 0.019459102766666687, 0.019459102766666687, 0.019459102766666687, 0.019459102766666687, 0.019459102766666687, 0.019459102766666687, 0.019459102766666687, 0.019459102766666687, 0.019459102766666687, 0.019459102766666687, 0.019459102766666687], "time_cpu_usage_rate": [1710819868.0, 1710819869.0, 1710819870.0, 1710819871.0, 1710819872.0, 1710819873.0, 1710819874.0, 1710819875.0, 1710819876.0, 1710819877.0, 1710819878.0, 1710819879.0, 1710819880.0, 1710819881.0, 1710819882.0, 1710819883.0], "cpu_throttled_count": [19.41154229, 19.41154229, 19.41154229, 19.41154229, 19.41154229, 19.41154229, 19.41154229, 19.41154229, 19.41154229, 19.41154229, 19.41154229, 19.41154229, 19.41154229, 19.41154229, 19.41154229, 19.41154229, 19.41154229, 19.41154229, 19.41154229, 19.41154229, 19.41154229, 19.41154229, 19.41154229, 19.41154229, 19.41154229, 19.41154229, 19.41154229, 19.41154229, 19.41154229, 19.41154229, 19.41154229, 19.41154229, 19.41154229, 19.41154229, 19.41154229, 19.41154229, 19.41154229, 19.41154229, 19.41154229, 19.41154229, 19.41154229, 19.41154229, 19.41154229, 19.41154229, 19.41154229, 19.41154229], "time_cpu_throttled_count": [1710819838.0, 1710819839.0, 1710819840.0, 1710819841.0, 1710819842.0, 1710819843.0, 1710819844.0, 1710819845.0, 1710819846.0, 1710819847.0, 1710819848.0, 1710819849.0, 1710819850.0, 1710819851.0, 1710819852.0, 1710819853.0, 1710819854.0, 1710819855.0, 1710819856.0, 1710819857.0, 1710819858.0, 1710819859.0, 1710819860.0, 1710819861.0, 1710819862.0, 1710819863.0, 1710819864.0, 1710819865.0, 1710819866.0, 1710819867.0, 1710819868.0, 1710819869.0, 1710819870.0, 1710819871.0, 1710819872.0, 1710819873.0, 1710819874.0, 1710819875.0, 1710819876.0, 1710819877.0, 1710819878.0, 1710819879.0, 1710819880.0, 1710819881.0, 1710819882.0, 1710819883.0], "cpu_throttled_rate": [0.0, 0.0, 0.0, 0.0, 0.0, 0.0, 0.0, 0.0, 0.0, 0.0, 0.0, 0.0, 0.0, 0.0, 0.0, 0.0], "time_cpu_throttled_rate": [1710819868.0, 1710819869.0, 1710819870.0, 1710819871.0, 1710819872.0, 1710819873.0, 1710819874.0, 1710819875.0, 1710819876.0, 1710819877.0, 1710819878.0, 1710819879.0, 1710819880.0, 1710819881.0, 1710819882.0, 1710819883.0], "memory_usage": [2131697664.0, 2131697664.0, 2131697664.0, 2131697664.0, 2131697664.0, 2131697664.0, 2131697664.0, 2131697664.0, 2131697664.0, 2131697664.0, 2131697664.0, 2131697664.0, 2131697664.0, 2131697664.0, 2131697664.0, 2131697664.0, 2131697664.0, 2131697664.0, 2131697664.0, 2131697664.0, 2131697664.0, 2131697664.0, 2131697664.0, 2131697664.0, 2131697664.0, 2131697664.0, 2131697664.0, 2131697664.0, 2131697664.0, 2131697664.0, 2131464192.0, 2131464192.0, 2131464192.0, 2131464192.0, 2131464192.0, 2131464192.0, 2131464192.0, 2131464192.0, 2131464192.0, 2131464192.0, 2131464192.0, 2131464192.0, 2131464192.0, 2131464192.0, 2131464192.0, 2131464192.0], "time_memory_usage": [1710819838.0, 1710819839.0, 1710819840.0, 1710819841.0, 1710819842.0, 1710819843.0, 1710819844.0, 1710819845.0, 1710819846.0, 1710819847.0, 1710819848.0, 1710819849.0, 1710819850.0, 1710819851.0, 1710819852.0, 1710819853.0, 1710819854.0, 1710819855.0, 1710819856.0, 1710819857.0, 1710819858.0, 1710819859.0, 1710819860.0, 1710819861.0, 1710819862.0, 1710819863.0, 1710819864.0, 1710819865.0, 1710819866.0, 1710819867.0, 1710819868.0, 1710819869.0, 1710819870.0, 1710819871.0, 1710819872.0, 1710819873.0, 1710819874.0, 1710819875.0, 1710819876.0, 1710819877.0, 1710819878.0, 1710819879.0, 1710819880.0, 1710819881.0, 1710819882.0, 1710819883.0], "throughput": [0.024064516129032258, 0.020096774193548387, 0.018774193548387094, 0.018112903225806453, 0.03543225806451613, 0.05235483870967743, 0.051788018433179726, 0.05136290322580646, 0.08505376344086023, 0.08461290322580646, 0.08425219941348974, 0.10074193548387098, 0.10043672456575684, 0.10017511520737327, 0.13326451612903228, 0.133, 0.13276660341555976, 0.13255913978494624, 0.16546689303904927, 0.165258064516129, 0.16506912442396315, 0.18138709677419357, 0.1812145862552595, 0.19751612903225804, 0.19735741935483875, 0.21364516129032263, 0.21349820788530469, 0.2297741935483871, 0.22963737486095664, 0.2459032258064516, 0.24577523413111343, 0.26203225806451613, 0.26191202346041054, 0.26179886148007586, 0.2616921658986175, 0.2942903225806451, 0.29418308631211854, 0.31041935483870964, 0.3103176178660049, 0.31022096774193547, 0.32645161290322583, 0.3263594470046082, 0.34258514628657166, 0.34249706744868036, 0.35871827956989244, 0.3586339410939691, 0.3585531914893617, 0.37477016129032253, 0.3909835418038183, 0.3909058064516129, 0.40711574952561663, 0.40704094292803966, 0.42324771758977475, 0.43945161290322576, 0.4393794721407625, 0.43930990783410134, 0.4555110356536502, 0.4554438264738599, 0.48790595954073257, 0.4878387096774193, 0.4877736647276573, 0.47540983606557374, 0.47540983606557374], "time_throughput": [1710819821.0, 1710819822.0, 1710819823.0, 1710819824.0, 1710819825.0, 1710819826.0, 1710819827.0, 1710819828.0, 1710819829.0, 1710819830.0, 1710819831.0, 1710819832.0, 1710819833.0, 1710819834.0, 1710819835.0, 1710819836.0, 1710819837.0, 1710819838.0, 1710819839.0, 1710819840.0, 1710819841.0, 1710819842.0, 1710819843.0, 1710819844.0, 1710819845.0, 1710819846.0, 1710819847.0, 1710819848.0, 1710819849.0, 1710819850.0, 1710819851.0, 1710819852.0, 1710819853.0, 1710819854.0, 1710819855.0, 1710819856.0, 1710819857.0, 1710819858.0, 1710819859.0, 1710819860.0, 1710819861.0, 1710819862.0, 1710819863.0, 1710819864.0, 1710819865.0, 1710819866.0, 1710819867.0, 1710819868.0, 1710819869.0, 1710819870.0, 1710819871.0, 1710819872.0, 1710819873.0, 1710819874.0, 1710819875.0, 1710819876.0, 1710819877.0, 1710819878.0, 1710819879.0, 1710819880.0, 1710819881.0, 1710819882.0, 1710819883.0], "responses": [[{"times": {"request": {"sending": 1710819820.791757, "arrival": 1710819821.8402214}, "models": {"yolo": {"arrival": 1710819821.8017335, "serving": 1710819821.8336542}}}, "model_name": "yolo", "outputs": []}], [{"times": {"request": {"sending": 1710819822.5662332, "arrival": 1710819823.6090307}, "models": {"yolo": {"arrival": 1710819823.5735784, "serving": 1710819823.6037908}}}, "model_name": "yolo", "outputs": []}], [{"times": {"request": {"sending": 1710819823.8262281, "arrival": 1710819824.86531}, "models": {"yolo": {"arrival": 1710819824.8338554, "serving": 1710819824.8603413}}}, "model_name": "yolo", "outputs": []}], [{"times": {"request": {"sending": 1710819824.3191197, "arrival": 1710819825.3586957}, "models": {"yolo": {"arrival": 1710819825.3272629, "serving": 1710819825.35284}}}, "model_name": "yolo",