{"cpu_usage_count": [10.893573054, 10.893573054, 10.893573054, 10.893573054, 10.893573054, 10.893573054, 10.893573054, 10.893573054, 10.893573054, 10.893573054, 10.893573054, 10.893573054, 10.893573054, 10.893573054, 10.893573054, 10.893573054, 10.893573054, 10.893573054, 10.893573054, 10.893573054, 10.893573054, 10.893573054, 10.893573054, 10.893573054, 10.893573054, 10.893573054, 10.893573054, 10.893573054, 10.893573054, 10.893573054, 11.70511548, 11.70511548, 11.70511548, 11.70511548, 11.70511548, 11.70511548, 11.70511548, 11.70511548, 11.70511548, 11.70511548, 11.70511548, 11.70511548, 11.70511548], "time_cpu_usage_count": [1711318078.0, 1711318079.0, 1711318080.0, 1711318081.0, 1711318082.0, 1711318083.0, 1711318084.0, 1711318085.0, 1711318086.0, 1711318087.0, 1711318088.0, 1711318089.0, 1711318090.0, 1711318091.0, 1711318092.0, 1711318093.0, 1711318094.0, 1711318095.0, 1711318096.0, 1711318097.0, 1711318098.0, 1711318099.0, 1711318100.0, 1711318101.0, 1711318102.0, 1711318103.0, 1711318104.0, 1711318105.0, 1711318106.0, 1711318107.0, 1711318108.0, 1711318109.0, 1711318110.0, 1711318111.0, 1711318112.0, 1711318113.0, 1711318114.0, 1711318115.0, 1711318116.0, 1711318117.0, 1711318118.0, 1711318119.0, 1711318120.0], "cpu_usage_rate": [0.027051414199999967, 0.027051414199999967, 0.027051414199999967, 0.027051414199999967, 0.027051414199999967, 0.027051414199999967, 0.027051414199999967, 0.027051414199999967, 0.027051414199999967, 0.027051414199999967, 0.027051414199999967, 0.027051414199999967, 0.027051414199999967, 0.027051414199999967], "time_cpu_usage_rate": [1711318108.0, 1711318109.0, 1711318110.0, 1711318111.0, 1711318112.0, 1711318113.0, 1711318114.0, 1711318115.0, 1711318116.0, 1711318117.0, 1711318118.0, 1711318119.0, 1711318120.0, 1711318121.0], "cpu_throttled_count": [20.578017378, 20.578017378, 20.578017378, 20.578017378, 20.578017378, 20.578017378, 20.578017378, 20.578017378, 20.578017378, 20.578017378, 20.578017378, 20.578017378, 20.578017378, 20.578017378, 20.578017378, 20.578017378, 20.578017378, 20.578017378, 20.578017378, 20.578017378, 20.578017378, 20.578017378, 20.578017378, 20.578017378, 20.578017378, 20.578017378, 20.578017378, 20.578017378, 20.578017378, 20.578017378, 20.578017378, 20.578017378, 20.578017378, 20.578017378, 20.578017378, 20.578017378, 20.578017378, 20.578017378, 20.578017378, 20.578017378, 20.578017378, 20.578017378, 20.578017378, 20.578017378], "time_cpu_throttled_count": [1711318078.0, 1711318079.0, 1711318080.0, 1711318081.0, 1711318082.0, 1711318083.0, 1711318084.0, 1711318085.0, 1711318086.0, 1711318087.0, 1711318088.0, 1711318089.0, 1711318090.0, 1711318091.0, 1711318092.0, 1711318093.0, 1711318094.0, 1711318095.0, 1711318096.0, 1711318097.0, 1711318098.0, 1711318099.0, 1711318100.0, 1711318101.0, 1711318102.0, 1711318103.0, 1711318104.0, 1711318105.0, 1711318106.0, 1711318107.0, 1711318108.0, 1711318109.0, 1711318110.0, 1711318111.0, 1711318112.0, 1711318113.0, 1711318114.0, 1711318115.0, 1711318116.0, 1711318117.0, 1711318118.0, 1711318119.0, 1711318120.0, 1711318121.0], "cpu_throttled_rate": [0.0, 0.0, 0.0, 0.0, 0.0, 0.0, 0.0, 0.0, 0.0, 0.0, 0.0, 0.0, 0.0, 0.0], "time_cpu_throttled_rate": [1711318108.0, 1711318109.0, 1711318110.0, 1711318111.0, 1711318112.0, 1711318113.0, 1711318114.0, 1711318115.0, 1711318116.0, 1711318117.0, 1711318118.0, 1711318119.0, 1711318120.0, 1711318121.0], "memory_usage": [1708298240.0, 1708298240.0, 1708298240.0, 1708298240.0, 1708298240.0, 1708298240.0, 1708298240.0, 1708298240.0, 1708298240.0, 1708298240.0, 1708298240.0, 1708298240.0, 1708298240.0, 1708298240.0, 1708298240.0, 1708298240.0, 1708298240.0, 1708298240.0, 1708298240.0, 1708298240.0, 1708298240.0, 1708298240.0, 1708298240.0, 1708298240.0, 1708298240.0, 1708298240.0, 1708298240.0, 1708298240.0, 1708298240.0, 1708298240.0, 2140139520.0, 2140139520.0, 2140139520.0, 2140139520.0, 2140139520.0, 2140139520.0, 2140139520.0, 2140139520.0, 2140139520.0, 2140139520.0, 2140139520.0, 2140139520.0, 2140139520.0, 2140139520.0], "time_memory_usage": [1711318078.0, 1711318079.0, 1711318080.0, 1711318081.0, 1711318082.0, 1711318083.0, 1711318084.0, 1711318085.0, 1711318086.0, 1711318087.0, 1711318088.0, 1711318089.0, 1711318090.0, 1711318091.0, 1711318092.0, 1711318093.0, 1711318094.0, 1711318095.0, 1711318096.0, 1711318097.0, 1711318098.0, 1711318099.0, 1711318100.0, 1711318101.0, 1711318102.0, 1711318103.0, 1711318104.0, 1711318105.0, 1711318106.0, 1711318107.0, 1711318108.0, 1711318109.0, 1711318110.0, 1711318111.0, 1711318112.0, 1711318113.0, 1711318114.0, 1711318115.0, 1711318116.0, 1711318117.0, 1711318118.0, 1711318119.0, 1711318120.0, 1711318121.0], "throughput": [0.0233, 0.019983333333333336, 0.018877777777777778, 0.018324999999999998, 0.01799333333333333, 0.017772222222222224, 0.01761428571428571, 0.017495833333333332, 0.034807407407407405, 0.03466, 0.03453939393939394, 0.03443888888888889, 0.03435384615384615, 0.034280952380952384, 0.03421777777777778, 0.0341625, 0.034113725490196076, 0.05110555555555556, 0.05104736842105263, 0.050995000000000006, 0.05094761904761904, 0.05090454545454546, 0.05086521739130435, 0.050829166666666675, 0.067728, 0.06768717948717948, 0.06764938271604938, 0.06761428571428571, 0.06758160919540229, 0.06755111111111112, 0.0675225806451613, 0.06749583333333334, 0.06747070707070707, 0.06744705882352942, 0.08428095238095239, 0.08425462962962964, 0.08422972972972972, 0.0842061403508772, 0.0841837606837607, 0.0841625, 0.08414227642276423, 0.10094761904761906, 0.10092558139534885, 0.10090454545454546, 0.10088444444444443, 0.10086521739130436, 0.10084680851063829, 0.10082916666666669, 0.10081224489795919, 0.11759533333333333, 0.11757712418300653, 0.1175596153846154, 0.11754276729559748], "time_throughput": [1711318069.0, 1711318070.0, 1711318071.0, 1711318072.0, 1711318073.0, 1711318074.0, 1711318075.0, 1711318076.0, 1711318077.0, 1711318078.0, 1711318079.0, 1711318080.0, 1711318081.0, 1711318082.0, 1711318083.0, 1711318084.0, 1711318085.0, 1711318086.0, 1711318087.0, 1711318088.0, 1711318089.0, 1711318090.0, 1711318091.0, 1711318092.0, 1711318093.0, 1711318094.0, 1711318095.0, 1711318096.0, 1711318097.0, 1711318098.0, 1711318099.0, 1711318100.0, 1711318101.0, 1711318102.0, 1711318103.0, 1711318104.0, 1711318105.0, 1711318106.0, 1711318107.0, 1711318108.0, 1711318109.0, 1711318110.0, 1711318111.0, 1711318112.0, 1711318113.0, 1711318114.0, 1711318115.0, 1711318116.0, 1711318117.0, 1711318118.0, 1711318119.0, 1711318120.0, 1711318121.0], "responses": [[{"times": {"request": {"sending": 1711318061.2245471, "arrival": 1711318062.2722816}, "models": {"yolo": {"arrival": 1711318062.2364187, "serving": 1711318062.2659538}}}, "model_name": "yolo", "outputs": []}], [{"times": {"request": {"sending": 1711318060.8673346, "arrival": 1711318062.4157124}, "models": {"yolo": {"arrival": 1711318061.8928711, "serving": 1711318062.3718786}}}, "model_name": "yolo", "outputs": []}], [{"times": {"request": {"sending": 1711318064.0030863, "arrival": 1711318065.0729816}, "models": {"yolo": {"arrival": 1711318065.0175493, "serving": 1711318065.0477316}}}, "model_name": "yolo", "outputs": []}], [{"times": {"request": {"sending": 1711318064.621259, "arrival": 1711318066.1630259}, "models": {"yolo": {"arrival": 1711318065.6434274, "serving": 1711318066.1142926}}}, "model_name": "yolo", "outputs": []}], [{"times": {"request": {"sending": 1711318064.9379566, "arrival": 1711318066.4663575}, "models": {"yolo": {"arrival": 1711318065.9600377, "serving": 1711318066.421257}}}, "model_name": "yolo", "outputs": []}], [{"times": {"request": {"sending": 1711318065.5517468, "arrival": 1711318067.0894706}, "models": {"yolo": {"arrival": 1711318066.574025, "serving": 1711318067.04556}}}, "model_name": "yolo", "outputs": []}], [{"times": {"request": {"sending": 1711318066.9023578, "arrival": 1711318068.457755}, "models": {"yolo": {"arrival": 1711318067.924663, "serving": 1711318068.4156349}}}, "model_name": "yolo",