{"cpu_usage_count": [40.930317312, 40.930317312, 40.930317312, 40.930317312, 40.930317312, 40.930317312, 40.930317312, 40.930317312, 40.930317312, 40.930317312, 40.930317312, 40.930317312, 40.930317312, 40.930317312, 40.930317312, 40.930317312, 40.930317312, 40.930317312, 40.930317312, 40.930317312, 40.930317312, 40.930317312, 40.930317312, 40.930317312, 40.930317312, 40.930317312, 40.930317312, 40.930317312, 40.930317312, 40.930317312, 300.852125418, 300.852125418, 300.852125418, 300.852125418, 300.852125418, 300.852125418, 300.852125418, 300.852125418, 300.852125418, 300.852125418, 300.852125418, 300.852125418, 300.852125418, 300.852125418, 300.852125418, 300.852125418, 300.852125418, 300.852125418, 300.852125418, 300.852125418, 300.852125418, 300.852125418, 300.852125418, 300.852125418, 300.852125418, 300.852125418, 300.852125418, 300.852125418, 300.852125418, 300.852125418, 539.213461206, 539.213461206, 539.213461206, 539.213461206, 539.213461206, 539.213461206, 539.213461206, 539.213461206, 539.213461206, 539.213461206, 539.213461206, 539.213461206, 539.213461206, 539.213461206, 539.213461206, 539.213461206, 539.213461206, 539.213461206, 539.213461206, 539.213461206, 539.213461206, 539.213461206, 539.213461206, 539.213461206, 539.213461206, 539.213461206, 539.213461206, 539.213461206, 539.213461206, 539.213461206, 743.561717652, 743.561717652, 743.561717652, 743.561717652, 743.561717652, 743.561717652, 743.561717652, 743.561717652, 743.561717652, 743.561717652, 743.561717652, 743.561717652, 743.561717652, 743.561717652, 743.561717652, 743.561717652, 743.561717652, 743.561717652, 743.561717652, 743.561717652, 743.561717652, 743.561717652, 743.561717652, 743.561717652, 743.561717652], "time_cpu_usage_count": [1681821913.0, 1681821914.0, 1681821915.0, 1681821916.0, 1681821917.0, 1681821918.0, 1681821919.0, 1681821920.0, 1681821921.0, 1681821922.0, 1681821923.0, 1681821924.0, 1681821925.0, 1681821926.0, 1681821927.0, 1681821928.0, 1681821929.0, 1681821930.0, 1681821931.0, 1681821932.0, 1681821933.0, 1681821934.0, 1681821935.0, 1681821936.0, 1681821937.0, 1681821938.0, 1681821939.0, 1681821940.0, 1681821941.0, 1681821942.0, 1681821943.0, 1681821944.0, 1681821945.0, 1681821946.0, 1681821947.0, 1681821948.0, 1681821949.0, 1681821950.0, 1681821951.0, 1681821952.0, 1681821953.0, 1681821954.0, 1681821955.0, 1681821956.0, 1681821957.0, 1681821958.0, 1681821959.0, 1681821960.0, 1681821961.0, 1681821962.0, 1681821963.0, 1681821964.0, 1681821965.0, 1681821966.0, 1681821967.0, 1681821968.0, 1681821969.0, 1681821970.0, 1681821971.0, 1681821972.0, 1681821973.0, 1681821974.0, 1681821975.0, 1681821976.0, 1681821977.0, 1681821978.0, 1681821979.0, 1681821980.0, 1681821981.0, 1681821982.0, 1681821983.0, 1681821984.0, 1681821985.0, 1681821986.0, 1681821987.0, 1681821988.0, 1681821989.0, 1681821990.0, 1681821991.0, 1681821992.0, 1681821993.0, 1681821994.0, 1681821995.0, 1681821996.0, 1681821997.0, 1681821998.0, 1681821999.0, 1681822000.0, 1681822001.0, 1681822002.0, 1681822003.0, 1681822004.0, 1681822005.0, 1681822006.0, 1681822007.0, 1681822008.0, 1681822009.0, 1681822010.0, 1681822011.0, 1681822012.0, 1681822013.0, 1681822014.0, 1681822015.0, 1681822016.0, 1681822017.0, 1681822018.0, 1681822019.0, 1681822020.0, 1681822021.0, 1681822022.0, 1681822023.0, 1681822024.0, 1681822025.0, 1681822026.0, 1681822027.0], "cpu_usage_rate": [2.572586900692262, 2.644787402943928, 2.716987905195595, 2.7891884074472615, 2.8613889096989285, 2.9335894119505945, 3.0057899142022615, 3.077990416453928, 3.150190918705595, 3.222391420957261, 3.294591923208928, 3.3667924254605945, 3.438992927712262, 3.5111934299639285, 3.583393932215595, 3.655594434467262, 3.7277949367189285, 3.7999954389705954, 3.8721959412222615, 3.9443964434739285, 4.016596945725595, 4.088797447977262, 4.1609979502289285, 4.233198452480595, 4.305398954732261, 4.377599456983928, 4.449799959235595, 4.522000461487262, 4.5942009637389285, 4.666401465990595, 4.556215344982203, 4.625421337189703, 4.6946273293972025, 4.763833321604703, 4.833039313812202, 4.902245306019703, 4.971451298227203, 5.0406572904347025, 5.109863282642203, 5.179069274849703, 5.248275267057202, 5.317481259264702, 5.3866872514722015, 5.455893243679702, 5.525099235887202, 5.594305228094702, 5.663511220302203, 5.732717212509702, 5.801923204717202, 5.871129196924702, 5.9403351891322025, 6.009541181339702, 6.078747173547202, 6.147953165754702, 6.217159157962203, 6.286365150169702, 6.355571142377202, 6.424777134584702, 6.493983126792203, 6.563189118999702, 6.255355673035962, 6.320414136030406, 6.38547259902485, 6.450531062019294, 6.515589525013739, 6.580647988008184, 6.645706451002628, 6.710764913997072, 6.775823376991516, 6.84088183998596, 6.905940302980405, 6.970998765974851, 7.0360572289692955, 7.10111569196374, 7.166174154958184, 7.231232617952628, 7.296291080947073, 7.361349543941517, 7.4264080069359615, 7.491466469930406, 7.55652493292485, 7.621583395919294, 7.68664185891374, 7.751700321908184, 7.807015559333333], "time_cpu_usage_rate": [1681821943.0, 1681821944.0, 1681821945.0, 1681821946.0, 1681821947.0, 1681821948.0, 1681821949.0, 1681821950.0, 1681821951.0, 1681821952.0, 1681821953.0, 1681821954.0, 1681821955.0, 1681821956.0, 1681821957.0, 1681821958.0, 1681821959.0, 1681821960.0, 1681821961.0, 1681821962.0, 1681821963.0, 1681821964.0, 1681821965.0, 1681821966.0, 1681821967.0, 1681821968.0, 1681821969.0, 1681821970.0, 1681821971.0, 1681821972.0, 1681821973.0, 1681821974.0, 1681821975.0, 1681821976.0, 1681821977.0, 1681821978.0, 1681821979.0, 1681821980.0, 1681821981.0, 1681821982.0, 1681821983.0, 1681821984.0, 1681821985.0, 1681821986.0, 1681821987.0, 1681821988.0, 1681821989.0, 1681821990.0, 1681821991.0, 1681821992.0, 1681821993.0, 1681821994.0, 1681821995.0, 1681821996.0, 1681821997.0, 1681821998.0, 1681821999.0, 1681822000.0, 1681822001.0, 1681822002.0, 1681822003.0, 1681822004.0, 1681822005.0, 1681822006.0, 1681822007.0, 1681822008.0, 1681822009.0, 1681822010.0, 1681822011.0, 1681822012.0, 1681822013.0, 1681822014.0, 1681822015.0, 1681822016.0, 1681822017.0, 1681822018.0, 1681822019.0, 1681822020.0, 1681822021.0, 1681822022.0, 1681822023.0, 1681822024.0, 1681822025.0, 1681822026.0, 1681822027.0], "cpu_throttled_count": [15.101356165, 15.101356165, 15.101356165, 15.101356165, 15.101356165, 15.101356165, 15.101356165, 15.101356165, 15.101356165, 15.101356165, 15.101356165, 15.101356165, 15.101356165, 15.101356165, 15.101356165, 15.101356165, 15.101356165, 15.101356165, 15.101356165, 15.101356165, 15.101356165, 15.101356165, 15.101356165, 15.101356165, 15.101356165, 15.101356165, 15.101356165, 15.101356165, 15.101356165, 15.101356165, 15.881933114, 15.881933114, 15.881933114, 15.881933114, 15.881933114, 15.881933114, 15.881933114, 15.881933114, 15.881933114, 15.881933114, 15.881933114, 15.881933114, 15.881933114, 15.881933114, 15.881933114, 15.881933114, 15.881933114, 15.881933114, 15.881933114, 15.881933114, 15.881933114, 15.881933114, 15.881933114, 15.881933114, 15.881933114, 15.881933114, 15.881933114, 15.881933114, 15.881933114, 15.881933114, 16.404528856, 16.404528856, 16.404528856, 16.404528856, 16.404528856, 16.404528856, 16.404528856, 16.404528856, 16.404528856, 16.404528856, 16.404528856, 16.404528856, 16.404528856, 16.404528856, 16.404528856, 16.404528856, 16.404528856, 16.404528856, 16.404528856, 16.404528856, 16.404528856, 16.404528856, 16.404528856, 16.404528856, 16.404528856, 16.404528856, 16.404528856, 16.404528856, 16.404528856, 16.404528856, 16.869431711, 16.869431711, 16.869431711, 16.869431711, 16.869431711, 16.869431711, 16.869431711, 16.869431711, 16.869431711, 16.869431711, 16.869431711, 16.869431711, 16.869431711, 16.869431711, 16.869431711, 16.869431711, 16.869431711, 16.869431711, 16.869431711, 16.869431711, 16.869431711, 16.869431711, 16.869431711, 16.869431711, 16.869431711],