{"cpu_usage_count": [172.7813685, 172.7813685, 172.7813685, 172.7813685, 172.7813685, 172.7813685, 172.7813685, 172.7813685, 172.7813685, 172.7813685, 172.7813685, 172.7813685, 172.7813685, 172.7813685, 172.7813685, 172.7813685, 172.7813685, 172.7813685, 172.7813685, 172.7813685, 172.7813685, 172.7813685, 172.7813685, 172.7813685, 172.7813685, 172.7813685, 172.7813685, 172.7813685, 172.7813685, 172.7813685, 1160.720771106, 1160.720771106, 1160.720771106, 1160.720771106, 1160.720771106, 1160.720771106, 1160.720771106, 1160.720771106, 1160.720771106, 1160.720771106, 1160.720771106, 1160.720771106, 1160.720771106, 1160.720771106, 1160.720771106, 1160.720771106, 1160.720771106, 1160.720771106, 1160.720771106, 1160.720771106, 1160.720771106, 1160.720771106, 1160.720771106, 1160.720771106, 1160.720771106, 1160.720771106, 1160.720771106, 1160.720771106, 1160.720771106, 1160.720771106, 2072.970628818, 2072.970628818, 2072.970628818, 2072.970628818, 2072.970628818, 2072.970628818, 2072.970628818, 2072.970628818, 2072.970628818, 2072.970628818, 2072.970628818, 2072.970628818, 2072.970628818, 2072.970628818, 2072.970628818, 2072.970628818, 2072.970628818, 2072.970628818, 2072.970628818, 2072.970628818, 2072.970628818, 2072.970628818, 2072.970628818, 2072.970628818, 2072.970628818, 2072.970628818, 2072.970628818, 2072.970628818, 2072.970628818, 2072.970628818, 2889.652976522, 2889.652976522, 2889.652976522, 2889.652976522, 2889.652976522, 2889.652976522, 2889.652976522, 2889.652976522, 2889.652976522, 2889.652976522, 2889.652976522, 2889.652976522, 2889.652976522, 2889.652976522, 2889.652976522, 2889.652976522, 2889.652976522, 2889.652976522, 2889.652976522, 2889.652976522], "time_cpu_usage_count": [1681825573.0, 1681825574.0, 1681825575.0, 1681825576.0, 1681825577.0, 1681825578.0, 1681825579.0, 1681825580.0, 1681825581.0, 1681825582.0, 1681825583.0, 1681825584.0, 1681825585.0, 1681825586.0, 1681825587.0, 1681825588.0, 1681825589.0, 1681825590.0, 1681825591.0, 1681825592.0, 1681825593.0, 1681825594.0, 1681825595.0, 1681825596.0, 1681825597.0, 1681825598.0, 1681825599.0, 1681825600.0, 1681825601.0, 1681825602.0, 1681825603.0, 1681825604.0, 1681825605.0, 1681825606.0, 1681825607.0, 1681825608.0, 1681825609.0, 1681825610.0, 1681825611.0, 1681825612.0, 1681825613.0, 1681825614.0, 1681825615.0, 1681825616.0, 1681825617.0, 1681825618.0, 1681825619.0, 1681825620.0, 1681825621.0, 1681825622.0, 1681825623.0, 1681825624.0, 1681825625.0, 1681825626.0, 1681825627.0, 1681825628.0, 1681825629.0, 1681825630.0, 1681825631.0, 1681825632.0, 1681825633.0, 1681825634.0, 1681825635.0, 1681825636.0, 1681825637.0, 1681825638.0, 1681825639.0, 1681825640.0, 1681825641.0, 1681825642.0, 1681825643.0, 1681825644.0, 1681825645.0, 1681825646.0, 1681825647.0, 1681825648.0, 1681825649.0, 1681825650.0, 1681825651.0, 1681825652.0, 1681825653.0, 1681825654.0, 1681825655.0, 1681825656.0, 1681825657.0, 1681825658.0, 1681825659.0, 1681825660.0, 1681825661.0, 1681825662.0, 1681825663.0, 1681825664.0, 1681825665.0, 1681825666.0, 1681825667.0, 1681825668.0, 1681825669.0, 1681825670.0, 1681825671.0, 1681825672.0, 1681825673.0, 1681825674.0, 1681825675.0, 1681825676.0, 1681825677.0, 1681825678.0, 1681825679.0, 1681825680.0, 1681825681.0, 1681825682.0], "cpu_usage_rate": [9.921578936484345, 10.196006548319344, 10.470434160154346, 10.744861771989346, 11.019289383824345, 11.293716995659345, 11.568144607494345, 11.842572219329346, 12.116999831164346, 12.391427442999344, 12.665855054834346, 12.940282666669344, 13.214710278504347, 13.489137890339345, 13.763565502174345, 14.037993114009344, 14.312420725844344, 14.586848337679347, 14.861275949514345, 15.135703561349347, 15.410131173184345, 15.684558785019345, 15.958986396854346, 16.233414008689344, 16.507841620524346, 16.782269232359344, 17.056696844194345, 17.331124456029343, 17.605552067864345, 17.879979679699343, 17.51412630391506, 17.778041478959224, 18.04195665400339, 18.305871829047557, 18.569787004091726, 18.83370217913589, 19.097617354180056, 19.361532529224224, 19.62544770426839, 19.889362879312557, 20.153278054356722, 20.41719322940089, 20.68110840444506, 20.94502357948922, 21.208938754533392, 21.47285392957756, 21.73676910462172, 22.00068427966589, 22.26459945471006, 22.528514629754223, 22.79242980479839, 23.056344979842557, 23.320260154886725, 23.58417532993089, 23.848090504975058, 24.11200568001922, 24.37592085506339, 24.63983603010756, 24.90375120515172, 25.167666380195893, 24.30860837365333, 24.56017055958129, 24.81173274550925, 25.063294931437213, 25.314857117365175, 25.56641930329314, 25.817981489221104, 26.069543675149067, 26.321105861077026, 26.572668047004992, 26.824230232932955, 27.07579241886092, 27.32735460478888, 27.578916790716843, 27.83047897664481, 28.082041162572768, 28.333603348500734, 28.585165534428697, 28.83672772035666, 29.088289906284622], "time_cpu_usage_rate": [1681825603.0, 1681825604.0, 1681825605.0, 1681825606.0, 1681825607.0, 1681825608.0, 1681825609.0, 1681825610.0, 1681825611.0, 1681825612.0, 1681825613.0, 1681825614.0, 1681825615.0, 1681825616.0, 1681825617.0, 1681825618.0, 1681825619.0, 1681825620.0, 1681825621.0, 1681825622.0, 1681825623.0, 1681825624.0, 1681825625.0, 1681825626.0, 1681825627.0, 1681825628.0, 1681825629.0, 1681825630.0, 1681825631.0, 1681825632.0, 1681825633.0, 1681825634.0, 1681825635.0, 1681825636.0, 1681825637.0, 1681825638.0, 1681825639.0, 1681825640.0, 1681825641.0, 1681825642.0, 1681825643.0, 1681825644.0, 1681825645.0, 1681825646.0, 1681825647.0, 1681825648.0, 1681825649.0, 1681825650.0, 1681825651.0, 1681825652.0, 1681825653.0, 1681825654.0, 1681825655.0, 1681825656.0, 1681825657.0, 1681825658.0, 1681825659.0, 1681825660.0, 1681825661.0, 1681825662.0, 1681825663.0, 1681825664.0, 1681825665.0, 1681825666.0, 1681825667.0, 1681825668.0, 1681825669.0, 1681825670.0, 1681825671.0, 1681825672.0, 1681825673.0, 1681825674.0, 1681825675.0, 1681825676.0, 1681825677.0, 1681825678.0, 1681825679.0, 1681825680.0, 1681825681.0, 1681825682.0], "cpu_throttled_count": [1.892332983, 1.892332983, 1.892332983, 1.892332983, 1.892332983, 1.892332983, 1.892332983, 1.892332983, 1.892332983, 1.892332983, 1.892332983, 1.892332983, 1.892332983, 1.892332983, 1.892332983, 1.892332983, 1.892332983, 1.892332983, 1.892332983, 1.892332983, 1.892332983, 1.892332983, 1.892332983, 1.892332983, 1.892332983, 1.892332983, 1.892332983, 1.892332983, 1.892332983, 1.892332983, 3.947259451, 3.947259451, 3.947259451, 3.947259451, 3.947259451, 3.947259451, 3.947259451, 3.947259451, 3.947259451, 3.947259451, 3.947259451, 3.947259451, 3.947259451, 3.947259451, 3.947259451, 3.947259451, 3.947259451, 3.947259451, 3.947259451, 3.947259451, 3.947259451, 3.947259451, 3.947259451, 3.947259451, 3.947259451, 3.947259451, 3.947259451, 3.947259451, 3.947259451, 3.947259451, 6.072686613, 6.072686613, 6.072686613, 6.072686613, 6.072686613, 6.072686613, 6.072686613, 6.072686613, 6.072686613, 6.072686613, 6.072686613, 6.072686613, 6.072686613, 6.072686613, 6.072686613, 6.072686613, 6.072686613, 6.072686613, 6.072686613, 6.072686613, 6.072686613, 6.072686613, 6.072686613, 6.072686613, 6.072686613, 6.072686613, 6.072686613, 6.072686613, 6.072686613, 6.072686613, 7.779664597, 7.779664597, 7.779664597, 7.779664597, 7.779664597, 7.779664597, 7.779664597, 7.779664597, 7.779664597, 7.779664597, 7.779664597, 7.779664597, 7.779664597, 7.779664597, 7.779664597, 7.779664597, 7.779664597, 7.779664597, 7.779664597, 7.779664597],