{"cpu_usage_count": [127.796965855, 127.796965855, 127.796965855, 127.796965855, 127.796965855, 127.796965855, 127.796965855, 127.796965855, 127.796965855, 127.796965855, 127.796965855, 127.796965855, 127.796965855, 127.796965855, 127.796965855, 127.796965855, 127.796965855, 127.796965855, 127.796965855, 127.796965855, 127.796965855, 127.796965855, 127.796965855, 127.796965855, 127.796965855, 127.796965855, 127.796965855, 127.796965855, 127.796965855, 127.796965855, 317.913120611, 317.913120611, 317.913120611, 317.913120611, 317.913120611, 317.913120611, 317.913120611, 317.913120611, 317.913120611, 317.913120611, 317.913120611, 317.913120611, 317.913120611, 317.913120611, 317.913120611, 317.913120611, 317.913120611, 317.913120611, 317.913120611, 317.913120611, 317.913120611, 317.913120611, 317.913120611, 317.913120611, 317.913120611, 317.913120611, 317.913120611, 317.913120611, 317.913120611, 317.913120611, 555.363340702, 555.363340702, 555.363340702, 555.363340702, 555.363340702, 555.363340702, 555.363340702, 555.363340702, 555.363340702, 555.363340702, 555.363340702, 555.363340702, 555.363340702, 555.363340702, 555.363340702, 555.363340702, 555.363340702, 555.363340702, 555.363340702, 555.363340702, 555.363340702, 555.363340702, 555.363340702, 555.363340702, 555.363340702, 555.363340702, 555.363340702, 555.363340702, 555.363340702, 555.363340702, 785.30349874, 785.30349874, 785.30349874, 785.30349874, 785.30349874, 785.30349874, 785.30349874, 785.30349874, 785.30349874, 785.30349874, 785.30349874, 785.30349874, 785.30349874, 785.30349874, 785.30349874, 785.30349874, 785.30349874, 785.30349874, 785.30349874, 785.30349874, 785.30349874, 785.30349874, 785.30349874], "time_cpu_usage_count": [1681827703.0, 1681827704.0, 1681827705.0, 1681827706.0, 1681827707.0, 1681827708.0, 1681827709.0, 1681827710.0, 1681827711.0, 1681827712.0, 1681827713.0, 1681827714.0, 1681827715.0, 1681827716.0, 1681827717.0, 1681827718.0, 1681827719.0, 1681827720.0, 1681827721.0, 1681827722.0, 1681827723.0, 1681827724.0, 1681827725.0, 1681827726.0, 1681827727.0, 1681827728.0, 1681827729.0, 1681827730.0, 1681827731.0, 1681827732.0, 1681827733.0, 1681827734.0, 1681827735.0, 1681827736.0, 1681827737.0, 1681827738.0, 1681827739.0, 1681827740.0, 1681827741.0, 1681827742.0, 1681827743.0, 1681827744.0, 1681827745.0, 1681827746.0, 1681827747.0, 1681827748.0, 1681827749.0, 1681827750.0, 1681827751.0, 1681827752.0, 1681827753.0, 1681827754.0, 1681827755.0, 1681827756.0, 1681827757.0, 1681827758.0, 1681827759.0, 1681827760.0, 1681827761.0, 1681827762.0, 1681827763.0, 1681827764.0, 1681827765.0, 1681827766.0, 1681827767.0, 1681827768.0, 1681827769.0, 1681827770.0, 1681827771.0, 1681827772.0, 1681827773.0, 1681827774.0, 1681827775.0, 1681827776.0, 1681827777.0, 1681827778.0, 1681827779.0, 1681827780.0, 1681827781.0, 1681827782.0, 1681827783.0, 1681827784.0, 1681827785.0, 1681827786.0, 1681827787.0, 1681827788.0, 1681827789.0, 1681827790.0, 1681827791.0, 1681827792.0, 1681827793.0, 1681827794.0, 1681827795.0, 1681827796.0, 1681827797.0, 1681827798.0, 1681827799.0, 1681827800.0, 1681827801.0, 1681827802.0, 1681827803.0, 1681827804.0, 1681827805.0, 1681827806.0, 1681827807.0, 1681827808.0, 1681827809.0, 1681827810.0, 1681827811.0, 1681827812.0, 1681827813.0, 1681827814.0, 1681827815.0], "cpu_usage_rate": [2.6971747140815814, 2.7499847570693587, 2.8027948000571365, 2.855604843044915, 2.908414886032692, 2.96122492902047, 3.0140349720082478, 3.0668450149960256, 3.1196550579838034, 3.172465100971581, 3.2252751439593585, 3.2780851869471364, 3.330895229934915, 3.383705272922692, 3.4365153159104698, 3.4893253588982476, 3.542135401886026, 3.594945444873803, 3.647755487861581, 3.7005655308493592, 3.753375573837137, 3.8061856168249144, 3.858995659812692, 3.9118057028004705, 3.9646157457882483, 4.017425788776025, 4.070235831763803, 4.123045874751582, 4.175855917739359, 4.228665960727136, 4.6818893255703085, 4.741273544299059, 4.800657763027809, 4.8600419817565585, 4.919426200485308, 4.978810419214058, 5.038194637942809, 5.097578856671559, 5.156963075400308, 5.21634729412906, 5.275731512857808, 5.3351157315865585, 5.394499950315308, 5.453884169044059, 5.513268387772809, 5.572652606501559, 5.6320368252303075, 5.691421043959059, 5.750805262687808, 5.810189481416558, 5.869573700145309, 5.928957918874059, 5.9883421376028085, 6.047726356331558, 6.107110575060308, 6.166494793789059, 6.225879012517808, 6.285263231246558, 6.344647449975309, 6.404031668704059, 6.599414195548769, 6.660294430075157, 6.721174664601547, 6.782054899127936, 6.842935133654324, 6.903815368180713, 6.964695602707101, 7.02557583723349, 7.08645607175988, 7.1473363062862685, 7.208216540812657, 7.2690967753390465, 7.305628143166667, 7.305628143166667, 7.305628143166667, 7.305628143166667, 7.305628143166667, 7.305628143166667, 7.305628143166667, 7.305628143166667, 7.305628143166667, 7.305628143166667, 7.305628143166667], "time_cpu_usage_rate": [1681827733.0, 1681827734.0, 1681827735.0, 1681827736.0, 1681827737.0, 1681827738.0, 1681827739.0, 1681827740.0, 1681827741.0, 1681827742.0, 1681827743.0, 1681827744.0, 1681827745.0, 1681827746.0, 1681827747.0, 1681827748.0, 1681827749.0, 1681827750.0, 1681827751.0, 1681827752.0, 1681827753.0, 1681827754.0, 1681827755.0, 1681827756.0, 1681827757.0, 1681827758.0, 1681827759.0, 1681827760.0, 1681827761.0, 1681827762.0, 1681827763.0, 1681827764.0, 1681827765.0, 1681827766.0, 1681827767.0, 1681827768.0, 1681827769.0, 1681827770.0, 1681827771.0, 1681827772.0, 1681827773.0, 1681827774.0, 1681827775.0, 1681827776.0, 1681827777.0, 1681827778.0, 1681827779.0, 1681827780.0, 1681827781.0, 1681827782.0, 1681827783.0, 1681827784.0, 1681827785.0, 1681827786.0, 1681827787.0, 1681827788.0, 1681827789.0, 1681827790.0, 1681827791.0, 1681827792.0, 1681827793.0, 1681827794.0, 1681827795.0, 1681827796.0, 1681827797.0, 1681827798.0, 1681827799.0, 1681827800.0, 1681827801.0, 1681827802.0, 1681827803.0, 1681827804.0, 1681827805.0, 1681827806.0, 1681827807.0, 1681827808.0, 1681827809.0, 1681827810.0, 1681827811.0, 1681827812.0, 1681827813.0, 1681827814.0, 1681827815.0], "cpu_throttled_count": [22.48682661, 22.48682661, 22.48682661, 22.48682661, 22.48682661, 22.48682661, 22.48682661, 22.48682661, 22.48682661, 22.48682661, 22.48682661, 22.48682661, 22.48682661, 22.48682661, 22.48682661, 22.48682661, 22.48682661, 22.48682661, 22.48682661, 22.48682661, 22.48682661, 22.48682661, 22.48682661, 22.48682661, 22.48682661, 22.48682661, 22.48682661, 22.48682661, 22.48682661, 22.48682661, 22.813251855, 22.813251855, 22.813251855, 22.813251855, 22.813251855, 22.813251855, 22.813251855, 22.813251855, 22.813251855, 22.813251855, 22.813251855, 22.813251855, 22.813251855, 22.813251855, 22.813251855, 22.813251855, 22.813251855, 22.813251855, 22.813251855, 22.813251855, 22.813251855, 22.813251855, 22.813251855, 22.813251855, 22.813251855, 22.813251855, 22.813251855, 22.813251855, 22.813251855, 22.813251855, 23.393173704, 23.393173704, 23.393173704, 23.393173704, 23.393173704, 23.393173704, 23.393173704, 23.393173704, 23.393173704, 23.393173704, 23.393173704, 23.393173704, 23.393173704, 23.393173704, 23.393173704, 23.393173704, 23.393173704, 23.393173704, 23.393173704, 23.393173704, 23.393173704, 23.393173704, 23.393173704, 23.393173704, 23.393173704, 23.393173704, 23.393173704, 23.393173704, 23.393173704, 23.393173704, 23.885334272, 23.885334272, 23.885334272, 23.885334272, 23.885334272, 23.885334272, 23.885334272, 23.885334272, 23.885334272, 23.885334272, 23.885334272, 23.885334272, 23.885334272, 23.885334272, 23.885334272, 23.885334272, 23.885334272, 23.885334272, 23.885334272, 23.885334272, 23.885334272, 23.885334272, 23.885334272],