{"cpu_usage_count": [472.088209535, 472.088209535, 472.088209535, 472.088209535, 472.088209535, 472.088209535, 472.088209535, 472.088209535, 472.088209535, 472.088209535, 472.088209535, 472.088209535, 472.088209535, 472.088209535, 472.088209535, 472.088209535, 472.088209535, 472.088209535, 472.088209535, 472.088209535, 472.088209535, 472.088209535, 472.088209535, 472.088209535, 472.088209535, 472.088209535, 472.088209535, 472.088209535, 472.088209535, 472.088209535, 1197.438415449, 1197.438415449, 1197.438415449, 1197.438415449, 1197.438415449, 1197.438415449, 1197.438415449, 1197.438415449, 1197.438415449, 1197.438415449, 1197.438415449, 1197.438415449, 1197.438415449, 1197.438415449, 1197.438415449, 1197.438415449, 1197.438415449, 1197.438415449, 1197.438415449, 1197.438415449, 1197.438415449, 1197.438415449, 1197.438415449, 1197.438415449, 1197.438415449, 1197.438415449, 1197.438415449, 1197.438415449, 1197.438415449, 1197.438415449, 1625.83775021, 1625.83775021, 1625.83775021, 1625.83775021, 1625.83775021, 1625.83775021, 1625.83775021, 1625.83775021, 1625.83775021, 1625.83775021, 1625.83775021, 1625.83775021, 1625.83775021, 1625.83775021, 1625.83775021, 1625.83775021, 1625.83775021, 1625.83775021, 1625.83775021, 1625.83775021, 1625.83775021, 1625.83775021, 1625.83775021, 1625.83775021, 1625.83775021, 1625.83775021, 1625.83775021, 1625.83775021, 1625.83775021, 1625.83775021, 2590.702931816, 2590.702931816, 2590.702931816, 2590.702931816, 2590.702931816, 2590.702931816, 2590.702931816, 2590.702931816, 2590.702931816, 2590.702931816, 2590.702931816, 2590.702931816, 2590.702931816, 2590.702931816, 2590.702931816, 2590.702931816, 2590.702931816, 2590.702931816, 2590.702931816], "time_cpu_usage_count": [1681828393.0, 1681828394.0, 1681828395.0, 1681828396.0, 1681828397.0, 1681828398.0, 1681828399.0, 1681828400.0, 1681828401.0, 1681828402.0, 1681828403.0, 1681828404.0, 1681828405.0, 1681828406.0, 1681828407.0, 1681828408.0, 1681828409.0, 1681828410.0, 1681828411.0, 1681828412.0, 1681828413.0, 1681828414.0, 1681828415.0, 1681828416.0, 1681828417.0, 1681828418.0, 1681828419.0, 1681828420.0, 1681828421.0, 1681828422.0, 1681828423.0, 1681828424.0, 1681828425.0, 1681828426.0, 1681828427.0, 1681828428.0, 1681828429.0, 1681828430.0, 1681828431.0, 1681828432.0, 1681828433.0, 1681828434.0, 1681828435.0, 1681828436.0, 1681828437.0, 1681828438.0, 1681828439.0, 1681828440.0, 1681828441.0, 1681828442.0, 1681828443.0, 1681828444.0, 1681828445.0, 1681828446.0, 1681828447.0, 1681828448.0, 1681828449.0, 1681828450.0, 1681828451.0, 1681828452.0, 1681828453.0, 1681828454.0, 1681828455.0, 1681828456.0, 1681828457.0, 1681828458.0, 1681828459.0, 1681828460.0, 1681828461.0, 1681828462.0, 1681828463.0, 1681828464.0, 1681828465.0, 1681828466.0, 1681828467.0, 1681828468.0, 1681828469.0, 1681828470.0, 1681828471.0, 1681828472.0, 1681828473.0, 1681828474.0, 1681828475.0, 1681828476.0, 1681828477.0, 1681828478.0, 1681828479.0, 1681828480.0, 1681828481.0, 1681828482.0, 1681828483.0, 1681828484.0, 1681828485.0, 1681828486.0, 1681828487.0, 1681828488.0, 1681828489.0, 1681828490.0, 1681828491.0, 1681828492.0, 1681828493.0, 1681828494.0, 1681828495.0, 1681828496.0, 1681828497.0, 1681828498.0, 1681828499.0, 1681828500.0, 1681828501.0], "cpu_usage_rate": [10.161401416731666, 10.36288758504111, 10.564373753350555, 10.765859921659999, 10.967346089969443, 11.168832258278888, 11.370318426588332, 11.571804594897776, 11.773290763207221, 11.974776931516665, 12.17626309982611, 12.377749268135553, 12.579235436445, 12.780721604754442, 12.982207773063887, 13.183693941373333, 13.385180109682777, 13.58666627799222, 13.788152446301664, 13.989638614611112, 14.191124782920555, 14.39261095123, 14.594097119539443, 14.79558328784889, 14.997069456158332, 15.198555624467778, 15.40004179277722, 15.601527961086667, 15.803014129396109, 16.004500297705555, 13.693988311943365, 13.85423130370378, 14.014474295464199, 14.174717287224613, 14.33496027898503, 14.495203270745446, 14.655446262505865, 14.815689254266282, 14.975932246026696, 15.136175237787112, 15.29641822954753, 15.456661221307947, 15.616904213068363, 15.77714720482878, 15.937390196589197, 16.09763318834961, 16.257876180110028, 16.418119171870448, 16.578362163630864, 16.73860515539128, 16.898848147151696, 17.059091138912112, 17.21933413067253, 17.379577122432945, 17.539820114193365, 17.70006310595378, 17.860306097714197, 18.020549089474613, 18.18079208123503, 18.341035072995446, 21.767115501532306, 21.963283531373136, 22.15945156121397, 22.3556195910548, 22.551787620895634, 22.74795565073647, 22.944123680577306, 23.140291710418136, 23.33645974025897, 23.5326277700998, 23.5401635809, 23.5401635809, 23.5401635809, 23.5401635809, 23.5401635809, 23.5401635809, 23.5401635809, 23.5401635809, 23.5401635809], "time_cpu_usage_rate": [1681828423.0, 1681828424.0, 1681828425.0, 1681828426.0, 1681828427.0, 1681828428.0, 1681828429.0, 1681828430.0, 1681828431.0, 1681828432.0, 1681828433.0, 1681828434.0, 1681828435.0, 1681828436.0, 1681828437.0, 1681828438.0, 1681828439.0, 1681828440.0, 1681828441.0, 1681828442.0, 1681828443.0, 1681828444.0, 1681828445.0, 1681828446.0, 1681828447.0, 1681828448.0, 1681828449.0, 1681828450.0, 1681828451.0, 1681828452.0, 1681828453.0, 1681828454.0, 1681828455.0, 1681828456.0, 1681828457.0, 1681828458.0, 1681828459.0, 1681828460.0, 1681828461.0, 1681828462.0, 1681828463.0, 1681828464.0, 1681828465.0, 1681828466.0, 1681828467.0, 1681828468.0, 1681828469.0, 1681828470.0, 1681828471.0, 1681828472.0, 1681828473.0, 1681828474.0, 1681828475.0, 1681828476.0, 1681828477.0, 1681828478.0, 1681828479.0, 1681828480.0, 1681828481.0, 1681828482.0, 1681828483.0, 1681828484.0, 1681828485.0, 1681828486.0, 1681828487.0, 1681828488.0, 1681828489.0, 1681828490.0, 1681828491.0, 1681828492.0, 1681828493.0, 1681828494.0, 1681828495.0, 1681828496.0, 1681828497.0, 1681828498.0, 1681828499.0, 1681828500.0, 1681828501.0], "cpu_throttled_count": [3.103521865, 3.103521865, 3.103521865, 3.103521865, 3.103521865, 3.103521865, 3.103521865, 3.103521865, 3.103521865, 3.103521865, 3.103521865, 3.103521865, 3.103521865, 3.103521865, 3.103521865, 3.103521865, 3.103521865, 3.103521865, 3.103521865, 3.103521865, 3.103521865, 3.103521865, 3.103521865, 3.103521865, 3.103521865, 3.103521865, 3.103521865, 3.103521865, 3.103521865, 3.103521865, 3.799592389, 3.799592389, 3.799592389, 3.799592389, 3.799592389, 3.799592389, 3.799592389, 3.799592389, 3.799592389, 3.799592389, 3.799592389, 3.799592389, 3.799592389, 3.799592389, 3.799592389, 3.799592389, 3.799592389, 3.799592389, 3.799592389, 3.799592389, 3.799592389, 3.799592389, 3.799592389, 3.799592389, 3.799592389, 3.799592389, 3.799592389, 3.799592389, 3.799592389, 3.799592389, 4.816759964, 4.816759964, 4.816759964, 4.816759964, 4.816759964, 4.816759964, 4.816759964, 4.816759964, 4.816759964, 4.816759964, 4.816759964, 4.816759964, 4.816759964, 4.816759964, 4.816759964, 4.816759964, 4.816759964, 4.816759964, 4.816759964, 4.816759964, 4.816759964, 4.816759964, 4.816759964, 4.816759964, 4.816759964, 4.816759964, 4.816759964, 4.816759964, 4.816759964, 4.816759964, 7.255135715, 7.255135715, 7.255135715, 7.255135715, 7.255135715, 7.255135715, 7.255135715, 7.255135715, 7.255135715, 7.255135715, 7.255135715, 7.255135715, 7.255135715, 7.255135715, 7.255135715, 7.255135715, 7.255135715, 7.255135715, 7.255135715],