{"cpu_usage_count": [0.064414346, 0.064414346, 0.064414346, 0.064414346, 0.064414346, 0.064414346, 0.064414346, 0.064414346, 0.064414346, 0.064414346, 0.064414346, 0.064414346, 0.064414346, 0.064414346, 0.064414346, 0.064414346, 0.064414346, 0.064414346, 0.064414346, 0.064414346, 0.064414346, 0.064414346, 0.064414346, 0.064414346, 0.064414346, 0.064414346, 0.064414346, 0.064414346], "time_cpu_usage_count": [1681830643.0, 1681830644.0, 1681830645.0, 1681830646.0, 1681830647.0, 1681830648.0, 1681830649.0, 1681830650.0, 1681830651.0, 1681830652.0, 1681830653.0, 1681830654.0, 1681830655.0, 1681830656.0, 1681830657.0, 1681830658.0, 1681830659.0, 1681830660.0, 1681830661.0, 1681830662.0, 1681830663.0, 1681830664.0, 1681830665.0, 1681830666.0, 1681830667.0, 1681830668.0, 1681830669.0, 1681830670.0], "cpu_usage_rate": [1.6373665889687719, 1.6698233786623828, 1.702280168355994, 1.734736958049605, 1.7671937477432162, 1.7996505374368275, 1.8321073271304384, 1.8645641168240494, 1.8970209065176606, 1.9294776962112716, 1.9619344859048826, 1.994391275598494, 2.0268480652921053, 2.059304854985716, 2.0917616446793277, 2.1242184343729384, 2.156675224066549, 2.1891320137601604, 2.2215888034537716, 2.254045593147383, 2.286502382840994, 2.318959172534605, 2.3514159622282165, 2.3838727519218272, 2.4163295416154384, 2.448786331309049, 2.481243121002661, 2.513699910696272, 2.5461567003898824, 2.578613490083494, 3.8106684597850786, 3.862820821087995, 3.9149731823909115, 3.9671255436938293, 4.019277904996746, 4.071430266299662, 4.123582627602579, 4.1757349889054955, 4.2278873502084116, 4.280039711511329, 4.332192072814246, 4.384344434117162, 4.436496795420079, 4.488649156722995, 4.540801518025913, 4.592953879328829, 4.645106240631746, 4.697258601934662, 4.749410963237579, 4.801563324540496, 4.853715685843412, 4.9058680471463285, 4.958020408449245, 5.010172769752162, 5.062325131055078, 5.114477492357995, 5.166629853660912, 5.218782214963828, 5.270934576266745, 5.323086937569662, 5.37523929887258, 5.427391660175496, 5.479544021478413, 4.545651687627084, 4.545651687627084, 4.545651687627084, 4.545651687627084, 4.545651687627084, 4.545651687627084, 4.545651687627084, 4.545651687627084, 4.545651687627084, 4.545651687627084, 4.545651687627084, 4.545651687627084, 4.545651687627084, 4.545651687627084, 4.542105602954922, 4.489953241652005, 4.437800880349088, 4.385648519046172, 4.333496157743255, 4.281343796440338, 4.229191435137421, 4.177039073834505, 4.1248867125315885, 4.072734351228672, 4.020581989925755], "time_cpu_usage_rate": [1681830583.0, 1681830584.0, 1681830585.0, 1681830586.0, 1681830587.0, 1681830588.0, 1681830589.0, 1681830590.0, 1681830591.0, 1681830592.0, 1681830593.0, 1681830594.0, 1681830595.0, 1681830596.0, 1681830597.0, 1681830598.0, 1681830599.0, 1681830600.0, 1681830601.0, 1681830602.0, 1681830603.0, 1681830604.0, 1681830605.0, 1681830606.0, 1681830607.0, 1681830608.0, 1681830609.0, 1681830610.0, 1681830611.0, 1681830612.0, 1681830613.0, 1681830614.0, 1681830615.0, 1681830616.0, 1681830617.0, 1681830618.0, 1681830619.0, 1681830620.0, 1681830621.0, 1681830622.0, 1681830623.0, 1681830624.0, 1681830625.0, 1681830626.0, 1681830627.0, 1681830628.0, 1681830629.0, 1681830630.0, 1681830631.0, 1681830632.0, 1681830633.0, 1681830634.0, 1681830635.0, 1681830636.0, 1681830637.0, 1681830638.0, 1681830639.0, 1681830640.0, 1681830641.0, 1681830642.0, 1681830643.0, 1681830644.0, 1681830645.0, 1681830646.0, 1681830647.0, 1681830648.0, 1681830649.0, 1681830650.0, 1681830651.0, 1681830652.0, 1681830653.0, 1681830654.0, 1681830655.0, 1681830656.0, 1681830657.0, 1681830658.0, 1681830659.0, 1681830660.0, 1681830661.0, 1681830662.0, 1681830663.0, 1681830664.0, 1681830665.0, 1681830666.0, 1681830667.0, 1681830668.0, 1681830669.0, 1681830670.0], "cpu_throttled_count": [0.0, 0.0, 0.0, 0.0, 0.0, 0.0, 0.0, 0.0, 0.0, 0.0, 0.0, 0.0, 0.0, 0.0, 0.0, 0.0, 0.0, 0.0, 0.0, 0.0, 0.0, 0.0, 0.0, 0.0, 0.0, 0.0, 0.0, 0.0], "time_cpu_throttled_count": [1681830643.0, 1681830644.0, 1681830645.0, 1681830646.0, 1681830647.0, 1681830648.0, 1681830649.0, 1681830650.0, 1681830651.0, 1681830652.0, 1681830653.0, 1681830654.0, 1681830655.0, 1681830656.0, 1681830657.0, 1681830658.0, 1681830659.0, 1681830660.0, 1681830661.0, 1681830662.0, 1681830663.0, 1681830664.0, 1681830665.0, 1681830666.0, 1681830667.0, 1681830668.0, 1681830669.0, 1681830670.0], "cpu_throttled_rate": [0.0017696796418813822, 0.0018082288749369378, 0.0018467781079924933, 0.0018853273410480488, 0.001923876574103604, 0.0019624258071591597, 0.0020009750402147147, 0.00203952427327027, 0.0020780735063258256, 0.002116622739381381, 0.0021551719724369365, 0.002193721205492492, 0.0022322704385480474, 0.0022708196716036025, 0.0023093689046591584, 0.002347918137714714, 0.0023864673707702693, 0.0024250166038258243, 0.0024635658368813798, 0.0025021150699369357, 0.0025406643029924907, 0.0025792135360480457, 0.0026177627691036016, 0.002656312002159157, 0.0026948612352147125, 0.0027334104682702675, 0.002771959701325823, 0.002810508934381379, 0.002849058167436934, 0.002887607400492489, 0.007229450680020815, 0.007324691575854148, 0.0074199324716874805, 0.007515173367520814, 0.007610414263354146, 0.00770565515918748, 0.007800896055020812, 0.007896136950854147, 0.00799137784668748, 0.00808661874252081, 0.008181859638354144, 0.008277100534187478, 0.00837234143002081, 0.008467582325854145, 0.008562823221687476, 0.00865806411752081, 0.008753305013354144, 0.008848545909187476, 0.008943786805020811, 0.009039027700854142, 0.009134268596687476, 0.009229509492520807, 0.009324750388354144, 0.009419991284187475, 0.00951523218002081, 0.00961047307585414, 0.009705713971687475, 0.01142890749999997, 0.01142890749999997, 0.01142890749999997, 0.01142890749999997, 0.01142890749999997, 0.01142890749999997, 0.00962818788247914, 0.009532946986645809, 0.009437706090812476, 0.009342465194979143, 0.009247224299145809, 0.009151983403312476, 0.009056742507479143, 0.00896150161164581, 0.008866260715812478, 0.008771019819979143, 0.00867577892414581, 0.00858053802831248, 0.008485297132479145, 0.008390056236645812, 0.00829481534081248, 0.008199574444979145, 0.008104333549145812, 0.00800909265331248, 0.007913851757479147, 0.007818610861645812, 0.00772336996581248, 0.0076281290699791475, 0.007532888174145815, 0.00743764727831248, 0.007342406382479147, 0.0072471654866458155], "time_cpu_throttled_rate": [1681830583.0, 1681830584.0, 1681830585.0, 1681830586.0, 1681830587.0, 1681830588.0, 1681830589.0, 1681830590.0, 1681830591.0, 1681830592.0, 1681830593.0, 1681830594.0, 1681830595.0, 1681830596.0, 1681830597.0, 1681830598.0, 1681830599.0, 1681830600.0, 1681830601.0, 1681830602.0, 1681830603.0, 1681830604.0, 1681830605.0, 1681830606.0, 1681830607.0, 1681830608.0, 1681830609.0, 1681830610.0, 1681830611.0, 1681830612.0, 1681830613.0, 1681830614.0, 1681830615.0, 1681830616.0, 1681830617.0, 1681830618.0, 1681830619.0, 1681830620.0, 1681830621.0, 1681830622.0, 1681830623.0, 1681830624.0, 1681830625.0, 1681830626.0, 1681830627.0, 1681830628.0, 1681830629.0, 1681830630.0, 1681830631.0, 1681830632.0, 1681830633.0, 1681830634.0, 1681830635.0, 1681830636.0, 1681830637.0, 1681830638.0, 1681830639.0, 1681830640.0, 1681830641.0, 1681830642.0, 1681830643.0, 1681830644.0, 1681830645.0, 1681830646.0, 1681830647.0, 1681830648.0, 1681830649.0, 1681830650.0, 1681830651.0, 1681830652.0, 1681830653.0, 1681830654.0, 1681830655.0, 1681830656.0, 1681830657.0, 1681830658.0, 1681830659.0, 1681830660.0, 1681830661.0, 1681830662.0, 1681830663.0, 1681830664.0, 1681830665.0, 1681830666.0, 1681830667.0, 1681830668.0, 1681830669.0, 1681830670.0, 1681830671.0], "memory_usage": [8495104.0, 8495104.0, 8495104.0, 8495104.0, 8495104.0, 8495104.0, 8495104.0, 8495104.0, 8495104.0, 8495104.0, 8495104.0, 8495104.0, 8495104.0, 8495104.0, 8495104.0, 8495104.0, 8495104.0, 8495104.0, 8495104.0, 8495104.0, 8495104.0, 8495104.0, 8495104.0, 8495104.0, 8495104.0, 8495104.0, 8495104.0, 8495104.0, 8495104.0],