{"cpu_usage_count": [0.073338104, 0.073338104, 0.073338104, 0.073338104, 0.073338104, 0.073338104, 0.073338104, 0.073338104, 0.073338104, 0.073338104, 0.073338104, 0.073338104, 0.073338104, 0.073338104, 0.073338104, 0.073338104, 0.073338104, 0.073338104, 0.073338104, 0.073338104, 0.073338104, 0.073338104, 0.073338104, 0.073338104, 0.073338104, 0.073338104, 0.073338104, 0.073338104, 0.073338104, 0.073338104, 12.653440713, 12.653440713, 12.653440713, 12.653440713, 12.653440713, 12.653440713, 12.653440713, 12.653440713, 12.653440713, 12.653440713, 12.653440713, 12.653440713, 12.653440713, 12.653440713, 12.653440713, 12.653440713, 12.653440713, 12.653440713, 12.653440713, 12.653440713, 12.653440713], "time_cpu_usage_count": [1681830883.0, 1681830884.0, 1681830885.0, 1681830886.0, 1681830887.0, 1681830888.0, 1681830889.0, 1681830890.0, 1681830891.0, 1681830892.0, 1681830893.0, 1681830894.0, 1681830895.0, 1681830896.0, 1681830897.0, 1681830898.0, 1681830899.0, 1681830900.0, 1681830901.0, 1681830902.0, 1681830903.0, 1681830904.0, 1681830905.0, 1681830906.0, 1681830907.0, 1681830908.0, 1681830909.0, 1681830910.0, 1681830911.0, 1681830912.0, 1681830913.0, 1681830914.0, 1681830915.0, 1681830916.0, 1681830917.0, 1681830918.0, 1681830919.0, 1681830920.0, 1681830921.0, 1681830922.0, 1681830923.0, 1681830924.0, 1681830925.0, 1681830926.0, 1681830927.0, 1681830928.0, 1681830929.0, 1681830930.0, 1681830931.0, 1681830932.0, 1681830933.0], "cpu_usage_rate": [0.1086148262378786, 0.11210929918482307, 0.1156037721317675, 0.11909824507871195, 0.12259271802565638, 0.12608719097260085, 0.12958166391954526, 0.13307613686648972, 0.13657060981343416, 0.1400650827603786, 0.14355955570732304, 0.1470540286542675, 0.15054850160121194, 0.15404297454815638, 0.15753744749510085, 0.16103192044204528, 0.16452639338898975, 0.1680208663359342, 0.17151533928287863, 0.17500981222982306, 0.1785042851767675], "time_cpu_usage_rate": [1681830913.0, 1681830914.0, 1681830915.0, 1681830916.0, 1681830917.0, 1681830918.0, 1681830919.0, 1681830920.0, 1681830921.0, 1681830922.0, 1681830923.0, 1681830924.0, 1681830925.0, 1681830926.0, 1681830927.0, 1681830928.0, 1681830929.0, 1681830930.0, 1681830931.0, 1681830932.0, 1681830933.0], "cpu_throttled_count": [0.0, 0.0, 0.0, 0.0, 0.0, 0.0, 0.0, 0.0, 0.0, 0.0, 0.0, 0.0, 0.0, 0.0, 0.0, 0.0, 0.0, 0.0, 0.0, 0.0, 0.0, 0.0, 0.0, 0.0, 0.0, 0.0, 0.0, 0.0, 0.0, 0.0, 11.978010454, 11.978010454, 11.978010454, 11.978010454, 11.978010454, 11.978010454, 11.978010454, 11.978010454, 11.978010454, 11.978010454, 11.978010454, 11.978010454, 11.978010454, 11.978010454, 11.978010454, 11.978010454, 11.978010454, 11.978010454, 11.978010454, 11.978010454, 11.978010454], "time_cpu_throttled_count": [1681830883.0, 1681830884.0, 1681830885.0, 1681830886.0, 1681830887.0, 1681830888.0, 1681830889.0, 1681830890.0, 1681830891.0, 1681830892.0, 1681830893.0, 1681830894.0, 1681830895.0, 1681830896.0, 1681830897.0, 1681830898.0, 1681830899.0, 1681830900.0, 1681830901.0, 1681830902.0, 1681830903.0, 1681830904.0, 1681830905.0, 1681830906.0, 1681830907.0, 1681830908.0, 1681830909.0, 1681830910.0, 1681830911.0, 1681830912.0, 1681830913.0, 1681830914.0, 1681830915.0, 1681830916.0, 1681830917.0, 1681830918.0, 1681830919.0, 1681830920.0, 1681830921.0, 1681830922.0, 1681830923.0, 1681830924.0, 1681830925.0, 1681830926.0, 1681830927.0, 1681830928.0, 1681830929.0, 1681830930.0, 1681830931.0, 1681830932.0, 1681830933.0], "cpu_throttled_rate": [0.1028345469727161, 0.10616177209882723, 0.10948899722493834, 0.11281622235104942, 0.11614344747716054, 0.11947067260327165, 0.12279789772938278, 0.12612512285549388, 0.129452347981605, 0.1327795731077161, 0.1361067982338272, 0.13943402335993832, 0.14276124848604946, 0.1460884736121605, 0.14941569873827165, 0.15274292386438273, 0.15607014899049387, 0.15939737411660498, 0.1627245992427161, 0.16605182436882723, 0.1693790494949383], "time_cpu_throttled_rate": [1681830913.0, 1681830914.0, 1681830915.0, 1681830916.0, 1681830917.0, 1681830918.0, 1681830919.0, 1681830920.0, 1681830921.0, 1681830922.0, 1681830923.0, 1681830924.0, 1681830925.0, 1681830926.0, 1681830927.0, 1681830928.0, 1681830929.0, 1681830930.0, 1681830931.0, 1681830932.0, 1681830933.0], "memory_usage": [8511488.0, 8511488.0, 8511488.0, 8511488.0, 8511488.0, 8511488.0, 8511488.0, 8511488.0, 8511488.0, 8511488.0, 8511488.0, 8511488.0, 8511488.0, 8511488.0, 8511488.0, 8511488.0, 8511488.0, 8511488.0, 8511488.0, 8511488.0, 8511488.0, 8511488.0, 8511488.0, 8511488.0, 8511488.0, 8511488.0, 8511488.0, 8511488.0, 8511488.0, 8511488.0, 2633633792.0, 2633633792.0, 2633633792.0, 2633633792.0, 2633633792.0, 2633633792.0, 2633633792.0, 2633633792.0, 2633633792.0, 2633633792.0, 2633633792.0, 2633633792.0, 2633633792.0, 2633633792.0, 2633633792.0, 2633633792.0, 2633633792.0, 2633633792.0, 2633633792.0, 2633633792.0, 2633633792.0], "time_memory_usage": [1681830883.0, 1681830884.0, 1681830885.0, 1681830886.0, 1681830887.0, 1681830888.0, 1681830889.0, 1681830890.0, 1681830891.0, 1681830892.0, 1681830893.0, 1681830894.0, 1681830895.0, 1681830896.0, 1681830897.0, 1681830898.0, 1681830899.0, 1681830900.0, 1681830901.0, 1681830902.0, 1681830903.0, 1681830904.0, 1681830905.0, 1681830906.0, 1681830907.0, 1681830908.0, 1681830909.0, 1681830910.0, 1681830911.0, 1681830912.0, 1681830913.0, 1681830914.0, 1681830915.0, 1681830916.0, 1681830917.0, 1681830918.0, 1681830919.0, 1681830920.0, 1681830921.0, 1681830922.0, 1681830923.0, 1681830924.0, 1681830925.0, 1681830926.0, 1681830927.0, 1681830928.0, 1681830929.0, 1681830930.0, 1681830931.0, 1681830932.0, 1681830933.0],