{"cpu_usage_count": [13.46665084, 13.46665084, 13.46665084, 13.46665084, 13.46665084, 13.46665084, 13.46665084, 13.46665084, 13.46665084, 13.46665084, 13.46665084, 13.46665084, 13.46665084, 13.46665084, 13.46665084, 13.46665084, 13.46665084, 13.46665084, 13.46665084, 13.46665084, 13.46665084, 13.46665084, 13.46665084, 13.46665084, 13.46665084, 13.46665084, 13.46665084, 13.46665084, 13.46665084, 13.46665084, 13.585126764, 13.585126764], "time_cpu_usage_count": [1681831063.0, 1681831064.0, 1681831065.0, 1681831066.0, 1681831067.0, 1681831068.0, 1681831069.0, 1681831070.0, 1681831071.0, 1681831072.0, 1681831073.0, 1681831074.0, 1681831075.0, 1681831076.0, 1681831077.0, 1681831078.0, 1681831079.0, 1681831080.0, 1681831081.0, 1681831082.0, 1681831083.0, 1681831084.0, 1681831085.0, 1681831086.0, 1681831087.0, 1681831088.0, 1681831089.0, 1681831090.0, 1681831091.0, 1681831092.0, 1681831093.0, 1681831094.0], "cpu_usage_rate": [0.0015107984008522243, 0.0015437083797411133], "time_cpu_usage_rate": [1681831093.0, 1681831094.0], "cpu_throttled_count": [11.939435922, 11.939435922, 11.939435922, 11.939435922, 11.939435922, 11.939435922, 11.939435922, 11.939435922, 11.939435922, 11.939435922, 11.939435922, 11.939435922, 11.939435922, 11.939435922, 11.939435922, 11.939435922, 11.939435922, 11.939435922, 11.939435922, 11.939435922, 11.939435922, 11.939435922, 11.939435922, 11.939435922, 11.939435922, 11.939435922, 11.939435922, 11.939435922, 11.939435922, 11.939435922, 11.939435922, 11.939435922], "time_cpu_throttled_count": [1681831063.0, 1681831064.0, 1681831065.0, 1681831066.0, 1681831067.0, 1681831068.0, 1681831069.0, 1681831070.0, 1681831071.0, 1681831072.0, 1681831073.0, 1681831074.0, 1681831075.0, 1681831076.0, 1681831077.0, 1681831078.0, 1681831079.0, 1681831080.0, 1681831081.0, 1681831082.0, 1681831083.0, 1681831084.0, 1681831085.0, 1681831086.0, 1681831087.0, 1681831088.0, 1681831089.0, 1681831090.0, 1681831091.0, 1681831092.0, 1681831093.0, 1681831094.0], "cpu_throttled_rate": [0.0, 0.0], "time_cpu_throttled_rate": [1681831093.0, 1681831094.0], "memory_usage": [2634092544.0, 2634092544.0, 2634092544.0, 2634092544.0, 2634092544.0, 2634092544.0, 2634092544.0, 2634092544.0, 2634092544.0, 2634092544.0, 2634092544.0, 2634092544.0, 2634092544.0, 2634092544.0, 2634092544.0, 2634092544.0, 2634092544.0, 2634092544.0, 2634092544.0, 2634092544.0, 2634092544.0, 2634092544.0, 2634092544.0, 2634092544.0, 2634092544.0, 2634092544.0, 2634092544.0, 2634092544.0, 2634092544.0, 2634092544.0, 2633986048.0, 2633986048.0], "time_memory_usage": [1681831063.0, 1681831064.0, 1681831065.0, 1681831066.0, 1681831067.0, 1681831068.0, 1681831069.0, 1681831070.0, 1681831071.0, 1681831072.0, 1681831073.0, 1681831074.0, 1681831075.0, 1681831076.0, 1681831077.0, 1681831078.0, 1681831079.0, 1681831080.0, 1681831081.0, 1681831082.0, 1681831083.0, 1681831084.0, 1681831085.0, 1681831086.0, 1681831087.0, 1681831088.0, 1681831089.0, 1681831090.0, 1681831091.0, 1681831092.0, 1681831093.0, 1681831094.0], "throughput": [0.015316666666666668, 0.011825, 0.010416666666666666, 0.030237499999999997, 0.029189999999999997, 0.04748611111111111, 0.04665476190476191, 0.06444375, 0.0637648148148148, 0.081285, 0.08071363636363635, 0.07875000000000001, 0.09756063169768756, 0.09715357142857142, 0.09548611111111112, 0.09548611111111112, 0.09548611111111112, 0.09548611111111112, 0.09548611111111112, 0.26909022744313915, 0.2682692307692307, 0.2682692307692307, 0.2682692307692307, 0.2682692307692307, 0.2682692307692307, 0.2682692307692307, 0.2682692307692307, 0.2682692307692307, 0.2682692307692307, 0.2682692307692307, 0.2682692307692307, 0.2682692307692307, 0.2682692307692307, 0.2682692307692307, 0.2682692307692307, 0.2682692307692307, 0.2682692307692307, 0.2682692307692307, 0.2682692307692307, 0.2682692307692307, 0.2682692307692307, 0.2682692307692307, 0.2682692307692307, 0.2682692307692307, 0.2682692307692307, 0.2682692307692307, 0.2682692307692307, 0.2682692307692307, 0.2682692307692307, 0.2682692307692307, 0.2682692307692307, 0.2682692307692307, 0.2682692307692307, 0.2682692307692307, 0.2682692307692307, 0.2682692307692307, 0.2682692307692307, 0.2682692307692307, 0.2682692307692307, 0.2682692307692307, 0.2682692307692307, 0.2682692307692307, 0.2682692307692307, 0.2682692307692307, 0.2682692307692307, 0.2682692307692307, 0.2682692307692307, 0.2682692307692307, 0.2682692307692307, 0.2682692307692307, 0.2682692307692307, 0.2682692307692307, 0.2682692307692307, 0.2682692307692307, 0.2682692307692307, 0.2682692307692307, 0.2682692307692307, 0.2682692307692307, 0.2682692307692307, 0.2682692307692307, 0.2682692307692307, 0.2682692307692307, 0.2682692307692307, 0.2682692307692307, 0.2682692307692307, 0.2682692307692307, 0.2682692307692307, 0.2682692307692307, 0.2682692307692307, 0.2682692307692307, 0.2682692307692307, 0.2682692307692307, 0.2682692307692307, 0.2682692307692307, 0.2682692307692307, 0.2682692307692307, 0.2682692307692307, 0.2682692307692307, 0.2682692307692307, 0.2682692307692307, 0.2682692307692307, 0.2682692307692307, 0.2682692307692307, 0.2682692307692307, 0.2682692307692307, 0.2682692307692307, 0.2682692307692307, 0.2682692307692307, 0.2682692307692307, 0.2682692307692307, 0.2682692307692307, 0.2682692307692307, 0.2682692307692307, 0.2682692307692307, 0.2682692307692307, 0.2682692307692307, 0.2682692307692307, 0.2682692307692307, 0.2682692307692307, 0.26254768481978424, 0.26361301153719924, 0.2619405394147662, 0.24736176194939077, 0.24881545657620302, 0.2327145811019874, 0.2348418190805734, 0.21936554213522144, 0.22294411631076785, 0.20921851574212896, 0.21718705657350854, 0.23603574658479698, 0.2122364224856014], "time_throughput": [1681830963.0, 1681830964.0, 1681830965.0, 1681830966.0, 1681830967.0, 1681830968.0, 1681830969.0, 1681830970.0, 1681830971.0, 1681830972.0, 1681830973.0, 1681830974.0, 1681830975.0, 1681830976.0, 1681830977.0, 1681830978.0, 1681830979.0, 1681830980.0, 1681830981.0, 1681830982.0, 1681830983.0, 1681830984.0, 1681830985.0, 1681830986.0, 1681830987.0, 1681830988.0, 1681830989.0, 1681830990.0, 1681830991.0, 1681830992.0, 1681830993.0, 1681830994.0, 1681830995.0, 1681830996.0, 1681830997.0, 1681830998.0, 1681830999.0, 1681831000.0, 1681831001.0, 1681831002.0, 1681831003.0, 1681831004.0, 1681831005.0, 1681831006.0, 1681831007.0, 1681831008.0, 1681831009.0, 1681831010.0, 1681831011.0, 1681831012.0, 1681831013.0, 1681831014.0, 1681831015.0, 1681831016.0, 1681831017.0, 1681831018.0, 1681831019.0, 1681831020.0, 1681831021.0, 1681831022.0, 1681831023.0, 1681831024.0, 1681831025.0, 1681831026.0, 1681831027.0, 1681831028.0, 1681831029.0, 1681831030.0, 1681831031.0, 1681831032.0, 1681831033.0, 1681831034.0, 1681831035.0, 1681831036.0, 1681831037.0, 1681831038.0, 1681831039.0, 1681831040.0, 1681831041.0, 1681831042.0, 1681831043.0, 1681831044.0, 1681831045.0, 1681831046.0, 1681831047.0, 1681831048.0, 1681831049.0, 1681831050.0, 1681831051.0, 1681831052.0, 1681831053.0, 1681831054.0, 1681831055.0, 1681831056.0, 1681831057.0, 1681831058.0, 1681831059.0, 1681831060.0, 1681831061.0, 1681831062.0, 1681831063.0, 1681831064.0, 1681831065.0, 1681831066.0, 1681831067.0, 1681831068.0, 1681831069.0, 1681831070.0, 1681831071.0, 1681831072.0, 1681831073.0, 1681831074.0, 1681831075.0, 1681831076.0, 1681831077.0, 1681831078.0, 1681831079.0, 1681831080.0, 1681831081.0, 1681831082.0, 1681831083.0, 1681831084.0, 1681831085.0, 1681831086.0, 1681831087.0, 1681831088.0, 1681831089.0, 1681831090.0, 1681831091.0, 1681831092.0, 1681831093.0, 1681831094.0], "responses": [], "start_time_experiment": 1681830974.4039152, "end_time_experiment": 1681831094.5392673}