{"cpu_usage_count": [226.537010083, 226.537010083, 226.537010083, 226.537010083, 226.537010083, 226.537010083, 226.537010083, 226.537010083, 226.537010083, 226.537010083, 226.537010083, 226.537010083, 226.537010083, 226.537010083, 226.537010083, 226.537010083, 226.537010083, 226.537010083, 226.537010083, 226.537010083, 226.537010083, 226.537010083, 226.537010083, 226.537010083, 226.537010083, 226.537010083, 226.537010083, 226.537010083, 226.537010083, 226.537010083, 637.150326218, 637.150326218, 637.150326218, 637.150326218, 637.150326218, 637.150326218, 637.150326218, 637.150326218, 637.150326218, 637.150326218, 637.150326218, 637.150326218, 637.150326218, 637.150326218, 637.150326218, 637.150326218, 637.150326218, 637.150326218, 637.150326218, 637.150326218, 637.150326218, 637.150326218, 637.150326218, 637.150326218, 637.150326218, 637.150326218, 637.150326218, 637.150326218, 637.150326218, 637.150326218], "time_cpu_usage_count": [1681831243.0, 1681831244.0, 1681831245.0, 1681831246.0, 1681831247.0, 1681831248.0, 1681831249.0, 1681831250.0, 1681831251.0, 1681831252.0, 1681831253.0, 1681831254.0, 1681831255.0, 1681831256.0, 1681831257.0, 1681831258.0, 1681831259.0, 1681831260.0, 1681831261.0, 1681831262.0, 1681831263.0, 1681831264.0, 1681831265.0, 1681831266.0, 1681831267.0, 1681831268.0, 1681831269.0, 1681831270.0, 1681831271.0, 1681831272.0, 1681831273.0, 1681831274.0, 1681831275.0, 1681831276.0, 1681831277.0, 1681831278.0, 1681831279.0, 1681831280.0, 1681831281.0, 1681831282.0, 1681831283.0, 1681831284.0, 1681831285.0, 1681831286.0, 1681831287.0, 1681831288.0, 1681831289.0, 1681831290.0, 1681831291.0, 1681831292.0, 1681831293.0, 1681831294.0, 1681831295.0, 1681831296.0, 1681831297.0, 1681831298.0, 1681831299.0, 1681831300.0, 1681831301.0, 1681831302.0], "cpu_usage_rate": [5.41303779563179, 5.527097050113734, 5.641156304595678, 5.755215559077623, 5.869274813559567, 5.983334068041512, 6.097393322523456, 6.2114525770054, 6.325511831487345, 6.439571085969289, 6.553630340451234, 6.6676895949331785, 6.7817488494151235, 6.895808103897067, 7.009867358379011, 7.123926612860957, 7.237985867342901, 7.352045121824845, 7.466104376306789, 7.580163630788734, 7.694222885270678, 7.808282139752622, 7.922341394234568, 8.036400648716512, 8.150459903198456, 8.2645191576804, 8.378578412162346, 8.49263766664429, 8.606696921126233, 8.720756175608178, 8.834815430090122, 8.948874684572068, 9.06293393905401, 7.020474869045833, 7.020474869045833, 7.020474869045833, 7.020474869045833, 7.020474869045833, 7.020474869045833, 7.020474869045833, 7.020474869045833, 7.020474869045833, 7.020474869045833, 7.020474869045833, 7.020474869045833, 7.020474869045833, 7.020474869045833, 7.020474869045833, 7.020474869045833, 7.020474869045833, 7.020474869045833, 7.020474869045833, 7.020474869045833, 7.020474869045833, 7.020474869045833, 7.020474869045833, 7.020474869045833, 7.020474869045833, 7.020474869045833, 7.020474869045833, 7.020474869045833, 7.020474869045833, 7.020474869045833, 7.020474869045833, 7.020474869045833, 7.020474869045833, 7.020474869045833, 7.020474869045833, 7.020474869045833, 7.020474869045833, 7.020474869045833, 7.020474869045833, 7.020474869045833, 6.968222034065432, 6.854162779583489, 6.740103525101544, 6.626044270619599, 6.511985016137654, 6.39792576165571, 6.283866507173766, 6.169807252691822, 6.055747998209877, 5.941688743727933, 5.827629489245988, 5.713570234764044], "time_cpu_usage_rate": [1681831273.0, 1681831274.0, 1681831275.0, 1681831276.0, 1681831277.0, 1681831278.0, 1681831279.0, 1681831280.0, 1681831281.0, 1681831282.0, 1681831283.0, 1681831284.0, 1681831285.0, 1681831286.0, 1681831287.0, 1681831288.0, 1681831289.0, 1681831290.0, 1681831291.0, 1681831292.0, 1681831293.0, 1681831294.0, 1681831295.0, 1681831296.0, 1681831297.0, 1681831298.0, 1681831299.0, 1681831300.0, 1681831301.0, 1681831302.0, 1681831303.0, 1681831304.0, 1681831305.0, 1681831306.0, 1681831307.0, 1681831308.0, 1681831309.0, 1681831310.0, 1681831311.0, 1681831312.0, 1681831313.0, 1681831314.0, 1681831315.0, 1681831316.0, 1681831317.0, 1681831318.0, 1681831319.0, 1681831320.0, 1681831321.0, 1681831322.0, 1681831323.0, 1681831324.0, 1681831325.0, 1681831326.0, 1681831327.0, 1681831328.0, 1681831329.0, 1681831330.0, 1681831331.0, 1681831332.0, 1681831333.0, 1681831334.0, 1681831335.0, 1681831336.0, 1681831337.0, 1681831338.0, 1681831339.0, 1681831340.0, 1681831341.0, 1681831342.0, 1681831343.0, 1681831344.0, 1681831345.0, 1681831346.0, 1681831347.0, 1681831348.0, 1681831349.0, 1681831350.0, 1681831351.0, 1681831352.0, 1681831353.0, 1681831354.0, 1681831355.0, 1681831356.0, 1681831357.0], "cpu_throttled_count": [3.746570737, 3.746570737, 3.746570737, 3.746570737, 3.746570737, 3.746570737, 3.746570737, 3.746570737, 3.746570737, 3.746570737, 3.746570737, 3.746570737, 3.746570737, 3.746570737, 3.746570737, 3.746570737, 3.746570737, 3.746570737, 3.746570737, 3.746570737, 3.746570737, 3.746570737, 3.746570737, 3.746570737, 3.746570737, 3.746570737, 3.746570737, 3.746570737, 3.746570737, 3.746570737, 3.977579587, 3.977579587, 3.977579587, 3.977579587, 3.977579587, 3.977579587, 3.977579587, 3.977579587, 3.977579587, 3.977579587, 3.977579587, 3.977579587, 3.977579587, 3.977579587, 3.977579587, 3.977579587, 3.977579587, 3.977579587, 3.977579587, 3.977579587, 3.977579587, 3.977579587, 3.977579587, 3.977579587, 3.977579587, 3.977579587, 3.977579587, 3.977579587, 3.977579587, 3.977579587], "time_cpu_throttled_count": [1681831243.0, 1681831244.0, 1681831245.0, 1681831246.0, 1681831247.0, 1681831248.0, 1681831249.0, 1681831250.0, 1681831251.0, 1681831252.0, 1681831253.0, 1681831254.0, 1681831255.0, 1681831256.0, 1681831257.0, 1681831258.0, 1681831259.0, 1681831260.0, 1681831261.0, 1681831262.0, 1681831263.0, 1681831264.0, 1681831265.0, 1681831266.0, 1681831267.0, 1681831268.0, 1681831269.0, 1681831270.0, 1681831271.0, 1681831272.0, 1681831273.0, 1681831274.0, 1681831275.0, 1681831276.0, 1681831277.0, 1681831278.0, 1681831279.0, 1681831280.0, 1681831281.0, 1681831282.0, 1681831283.0, 1681831284.0, 1681831285.0, 1681831286.0, 1681831287.0, 1681831288.0, 1681831289.0, 1681831290.0, 1681831291.0, 1681831292.0, 1681831293.0, 1681831294.0, 1681831295.0, 1681831296.0, 1681831297.0, 1681831298.0, 1681831299.0, 1681831300.0, 1681831301.0, 1681831302.0],