{"cpu_usage_count": [17.947113268, 17.947113268, 17.947113268, 17.947113268, 17.947113268, 17.947113268, 17.947113268, 17.947113268, 17.947113268, 17.947113268, 17.947113268, 17.947113268, 17.947113268, 17.947113268, 17.947113268, 17.947113268, 17.947113268, 17.947113268, 17.947113268, 17.947113268, 17.947113268, 17.947113268, 17.947113268, 17.947113268, 17.947113268, 17.947113268, 17.947113268, 17.947113268, 17.947113268, 17.947113268, 18.084458217, 18.084458217, 18.084458217, 18.084458217, 18.084458217, 18.084458217], "time_cpu_usage_count": [1681831483.0, 1681831484.0, 1681831485.0, 1681831486.0, 1681831487.0, 1681831488.0, 1681831489.0, 1681831490.0, 1681831491.0, 1681831492.0, 1681831493.0, 1681831494.0, 1681831495.0, 1681831496.0, 1681831497.0, 1681831498.0, 1681831499.0, 1681831500.0, 1681831501.0, 1681831502.0, 1681831503.0, 1681831504.0, 1681831505.0, 1681831506.0, 1681831507.0, 1681831508.0, 1681831509.0, 1681831510.0, 1681831511.0, 1681831512.0, 1681831513.0, 1681831514.0, 1681831515.0, 1681831516.0, 1681831517.0, 1681831518.0], "cpu_usage_rate": [0.00175141515937309, 0.001789566534095313, 0.001827717908817536, 0.001865869283539759, 0.001904020658261982, 0.0019421720329842048], "time_cpu_usage_rate": [1681831513.0, 1681831514.0, 1681831515.0, 1681831516.0, 1681831517.0, 1681831518.0], "cpu_throttled_count": [3.033023239, 3.033023239, 3.033023239, 3.033023239, 3.033023239, 3.033023239, 3.033023239, 3.033023239, 3.033023239, 3.033023239, 3.033023239, 3.033023239, 3.033023239, 3.033023239, 3.033023239, 3.033023239, 3.033023239, 3.033023239, 3.033023239, 3.033023239, 3.033023239, 3.033023239, 3.033023239, 3.033023239, 3.033023239, 3.033023239, 3.033023239, 3.033023239, 3.033023239, 3.033023239, 3.033023239, 3.033023239, 3.033023239, 3.033023239, 3.033023239, 3.033023239], "time_cpu_throttled_count": [1681831483.0, 1681831484.0, 1681831485.0, 1681831486.0, 1681831487.0, 1681831488.0, 1681831489.0, 1681831490.0, 1681831491.0, 1681831492.0, 1681831493.0, 1681831494.0, 1681831495.0, 1681831496.0, 1681831497.0, 1681831498.0, 1681831499.0, 1681831500.0, 1681831501.0, 1681831502.0, 1681831503.0, 1681831504.0, 1681831505.0, 1681831506.0, 1681831507.0, 1681831508.0, 1681831509.0, 1681831510.0, 1681831511.0, 1681831512.0, 1681831513.0, 1681831514.0, 1681831515.0, 1681831516.0, 1681831517.0, 1681831518.0], "cpu_throttled_rate": [0.0, 0.0, 0.0, 0.0, 0.0, 0.0], "time_cpu_throttled_rate": [1681831513.0, 1681831514.0, 1681831515.0, 1681831516.0, 1681831517.0, 1681831518.0], "memory_usage": [2635001856.0, 2635001856.0, 2635001856.0, 2635001856.0, 2635001856.0, 2635001856.0, 2635001856.0, 2635001856.0, 2635001856.0, 2635001856.0, 2635001856.0, 2635001856.0, 2635001856.0, 2635001856.0, 2635001856.0, 2635001856.0, 2635001856.0, 2635001856.0, 2635001856.0, 2635001856.0, 2635001856.0, 2635001856.0, 2635001856.0, 2635001856.0, 2635001856.0, 2635001856.0, 2635001856.0, 2635001856.0, 2635001856.0, 2635001856.0, 2635005952.0, 2635005952.0, 2635005952.0, 2635005952.0, 2635005952.0, 2635005952.0], "time_memory_usage": [1681831483.0, 1681831484.0, 1681831485.0, 1681831486.0, 1681831487.0, 1681831488.0, 1681831489.0, 1681831490.0, 1681831491.0, 1681831492.0, 1681831493.0, 1681831494.0, 1681831495.0, 1681831496.0, 1681831497.0, 1681831498.0, 1681831499.0, 1681831500.0, 1681831501.0, 1681831502.0, 1681831503.0, 1681831504.0, 1681831505.0, 1681831506.0, 1681831507.0, 1681831508.0, 1681831509.0, 1681831510.0, 1681831511.0, 1681831512.0, 1681831513.0, 1681831514.0, 1681831515.0, 1681831516.0, 1681831517.0, 1681831518.0], "throughput": [0.016641666666666666, 0.0124875, 0.033308333333333336, 0.03123125, 0.049975, 0.048590277777777774, 0.04513888888888888, 0.065603125, 0.06479537037037038, 0.0824775, 0.08179772727272727, 0.0992826388888889, 0.09869679487179486, 0.0954861111111111, 0.0954861111111111, 0.0954861111111111, 0.0954861111111111, 0.0954861111111111, 0.0954861111111111, 0.27111635927425404, 0.26826923076923076, 0.26826923076923076, 0.26826923076923076, 0.26826923076923076, 0.26826923076923076, 0.26826923076923076, 0.26826923076923076, 0.26826923076923076, 0.26826923076923076, 0.26826923076923076, 0.26826923076923076, 0.26826923076923076, 0.26826923076923076, 0.26826923076923076, 0.26826923076923076, 0.26826923076923076, 0.26826923076923076, 0.26826923076923076, 0.26826923076923076, 0.26826923076923076, 0.26826923076923076, 0.26826923076923076, 0.26826923076923076, 0.26826923076923076, 0.26826923076923076, 0.26826923076923076, 0.26826923076923076, 0.26826923076923076, 0.26826923076923076, 0.26826923076923076, 0.26826923076923076, 0.26826923076923076, 0.26826923076923076, 0.26826923076923076, 0.26826923076923076, 0.26826923076923076, 0.26826923076923076, 0.26826923076923076, 0.26826923076923076, 0.26826923076923076, 0.26826923076923076, 0.26826923076923076, 0.26826923076923076, 0.26826923076923076, 0.26826923076923076, 0.26826923076923076, 0.26826923076923076, 0.26826923076923076, 0.26826923076923076, 0.26826923076923076, 0.26826923076923076, 0.26826923076923076, 0.26826923076923076, 0.26826923076923076, 0.26826923076923076, 0.26826923076923076, 0.26826923076923076, 0.26826923076923076, 0.26826923076923076, 0.26826923076923076, 0.26826923076923076, 0.26826923076923076, 0.26826923076923076, 0.26826923076923076, 0.26826923076923076, 0.26826923076923076, 0.26826923076923076, 0.26826923076923076, 0.26826923076923076, 0.26826923076923076, 0.26826923076923076, 0.26826923076923076, 0.26826923076923076, 0.26826923076923076, 0.26826923076923076, 0.26826923076923076, 0.26826923076923076, 0.26826923076923076, 0.26826923076923076, 0.26826923076923076, 0.26826923076923076, 0.26826923076923076, 0.26826923076923076, 0.26826923076923076, 0.26826923076923076, 0.26826923076923076, 0.26826923076923076, 0.26826923076923076, 0.26826923076923076, 0.26826923076923076, 0.26826923076923076, 0.26826923076923076, 0.26826923076923076, 0.26826923076923076, 0.26826923076923076, 0.26826923076923076, 0.26826923076923076, 0.26826923076923076, 0.26826923076923076, 0.26045612581329686, 0.2614052868328983, 0.2450411595225495, 0.24634002716404169, 0.23025164645387708, 0.23218926251160138, 0.23337358762943836, 0.21671663751700398, 0.2200545107658763, 0.20630496152693117, 0.21394995250607554, 0.20839577869364306, 0.25007135721421436],