{"cpu_usage_count": [107.435120813, 107.435120813, 107.435120813, 107.435120813, 107.435120813, 107.435120813, 107.435120813, 107.435120813, 107.435120813, 107.435120813, 107.435120813, 107.435120813, 107.435120813, 107.435120813, 107.435120813, 107.435120813, 107.435120813, 107.435120813, 107.435120813, 107.435120813, 107.435120813, 107.435120813, 107.435120813, 107.435120813, 107.435120813, 107.435120813, 107.435120813, 107.435120813, 107.435120813, 107.435120813, 394.537068007, 394.537068007, 394.537068007, 394.537068007, 394.537068007, 394.537068007, 394.537068007, 394.537068007, 394.537068007, 394.537068007, 394.537068007, 394.537068007, 394.537068007, 394.537068007, 394.537068007, 394.537068007, 394.537068007, 394.537068007, 394.537068007, 394.537068007, 394.537068007, 394.537068007, 394.537068007, 394.537068007, 394.537068007, 394.537068007, 394.537068007, 394.537068007, 394.537068007, 394.537068007, 589.836862104, 589.836862104, 589.836862104, 589.836862104, 589.836862104, 589.836862104, 589.836862104, 589.836862104, 589.836862104, 589.836862104, 589.836862104, 589.836862104, 589.836862104, 589.836862104, 589.836862104, 589.836862104, 589.836862104, 589.836862104, 589.836862104, 589.836862104, 589.836862104, 589.836862104, 589.836862104, 589.836862104, 589.836862104, 589.836862104, 589.836862104, 589.836862104, 589.836862104, 589.836862104, 814.723814962, 814.723814962, 814.723814962, 814.723814962, 814.723814962, 814.723814962, 814.723814962, 814.723814962, 814.723814962, 814.723814962, 814.723814962, 814.723814962, 814.723814962, 814.723814962, 814.723814962, 814.723814962, 814.723814962, 814.723814962, 814.723814962, 814.723814962, 814.723814962, 814.723814962, 814.723814962, 814.723814962, 814.723814962, 814.723814962], "time_cpu_usage_count": [1681833403.0, 1681833404.0, 1681833405.0, 1681833406.0, 1681833407.0, 1681833408.0, 1681833409.0, 1681833410.0, 1681833411.0, 1681833412.0, 1681833413.0, 1681833414.0, 1681833415.0, 1681833416.0, 1681833417.0, 1681833418.0, 1681833419.0, 1681833420.0, 1681833421.0, 1681833422.0, 1681833423.0, 1681833424.0, 1681833425.0, 1681833426.0, 1681833427.0, 1681833428.0, 1681833429.0, 1681833430.0, 1681833431.0, 1681833432.0, 1681833433.0, 1681833434.0, 1681833435.0, 1681833436.0, 1681833437.0, 1681833438.0, 1681833439.0, 1681833440.0, 1681833441.0, 1681833442.0, 1681833443.0, 1681833444.0, 1681833445.0, 1681833446.0, 1681833447.0, 1681833448.0, 1681833449.0, 1681833450.0, 1681833451.0, 1681833452.0, 1681833453.0, 1681833454.0, 1681833455.0, 1681833456.0, 1681833457.0, 1681833458.0, 1681833459.0, 1681833460.0, 1681833461.0, 1681833462.0, 1681833463.0, 1681833464.0, 1681833465.0, 1681833466.0, 1681833467.0, 1681833468.0, 1681833469.0, 1681833470.0, 1681833471.0, 1681833472.0, 1681833473.0, 1681833474.0, 1681833475.0, 1681833476.0, 1681833477.0, 1681833478.0, 1681833479.0, 1681833480.0, 1681833481.0, 1681833482.0, 1681833483.0, 1681833484.0, 1681833485.0, 1681833486.0, 1681833487.0, 1681833488.0, 1681833489.0, 1681833490.0, 1681833491.0, 1681833492.0, 1681833493.0, 1681833494.0, 1681833495.0, 1681833496.0, 1681833497.0, 1681833498.0, 1681833499.0, 1681833500.0, 1681833501.0, 1681833502.0, 1681833503.0, 1681833504.0, 1681833505.0, 1681833506.0, 1681833507.0, 1681833508.0, 1681833509.0, 1681833510.0, 1681833511.0, 1681833512.0, 1681833513.0, 1681833514.0, 1681833515.0, 1681833516.0, 1681833517.0, 1681833518.0], "cpu_usage_rate": [3.3601426406430432, 3.4398931815302656, 3.5196437224174875, 3.5993942633047102, 3.679144804191932, 3.7588953450791545, 3.838645885966377, 3.9183964268535987, 3.998146967740821, 4.077897508628044, 4.157648049515265, 4.237398590402488, 4.3171491312897095, 4.396899672176932, 4.476650213064153, 4.556400753951377, 4.636151294838599, 4.715901835725821, 4.795652376613043, 4.875402917500265, 4.955153458387487, 5.03490399927471, 5.114654540161933, 5.194405081049154, 5.274155621936376, 5.353906162823599, 5.433656703710821, 5.513407244598043, 5.593157785485265, 5.672908326372489, 4.976076403554297, 5.0430766454002685, 5.110076887246241, 5.177077129092213, 5.244077370938185, 5.311077612784159, 5.37807785463013, 5.445078096476101, 5.512078338322073, 5.579078580168047, 5.646078822014019, 5.713079063859991, 5.780079305705963, 5.847079547551936, 5.914079789397907, 5.98108003124388, 6.048080273089853, 6.1150805149358245, 6.182080756781796, 6.249080998627769, 6.316081240473741, 6.383081482319713, 6.450081724165686, 6.5170819660116575, 6.58408220785763, 6.651082449703603, 6.718082691549574, 6.785082933395546, 6.8520831752415186, 6.919083417087491, 6.848764277053068, 6.914253970955754, 6.979743664858439, 7.045233358761124, 7.110723052663809, 7.1762127465664935, 7.241702440469179, 7.307192134371865, 7.37268182827455, 7.438171522177234, 7.50366121607992, 7.569150909982605, 7.63464060388529, 7.700130297787976, 7.765619991690661, 7.831109685593346, 7.858763268322222, 7.858763268322222, 7.858763268322222, 7.858763268322222, 7.858763268322222, 7.858763268322222, 7.858763268322222, 7.858763268322222, 7.858763268322222, 7.858763268322222], "time_cpu_usage_rate": [1681833433.0, 1681833434.0, 1681833435.0, 1681833436.0, 1681833437.0, 1681833438.0, 1681833439.0, 1681833440.0, 1681833441.0, 1681833442.0, 1681833443.0, 1681833444.0, 1681833445.0, 1681833446.0, 1681833447.0, 1681833448.0, 1681833449.0, 1681833450.0, 1681833451.0, 1681833452.0, 1681833453.0, 1681833454.0, 1681833455.0, 1681833456.0, 1681833457.0, 1681833458.0, 1681833459.0, 1681833460.0, 1681833461.0, 1681833462.0, 1681833463.0, 1681833464.0, 1681833465.0, 1681833466.0, 1681833467.0, 1681833468.0, 1681833469.0, 1681833470.0, 1681833471.0, 1681833472.0, 1681833473.0, 1681833474.0, 1681833475.0, 1681833476.0, 1681833477.0, 1681833478.0, 1681833479.0, 1681833480.0, 1681833481.0, 1681833482.0, 1681833483.0, 1681833484.0, 1681833485.0, 1681833486.0, 1681833487.0, 1681833488.0, 1681833489.0, 1681833490.0, 1681833491.0, 1681833492.0, 1681833493.0, 1681833494.0, 1681833495.0, 1681833496.0, 1681833497.0, 1681833498.0, 1681833499.0, 1681833500.0, 1681833501.0, 1681833502.0, 1681833503.0, 1681833504.0, 1681833505.0, 1681833506.0, 1681833507.0, 1681833508.0, 1681833509.0, 1681833510.0, 1681833511.0, 1681833512.0, 1681833513.0, 1681833514.0, 1681833515.0, 1681833516.0, 1681833517.0, 1681833518.0], "cpu_throttled_count": [16.56041556, 16.56041556, 16.56041556, 16.56041556, 16.56041556, 16.56041556, 16.56041556, 16.56041556, 16.56041556, 16.56041556, 16.56041556, 16.56041556, 16.56041556, 16.56041556, 16.56041556, 16.56041556, 16.56041556, 16.56041556, 16.56041556, 16.56041556, 16.56041556, 16.56041556, 16.56041556, 16.56041556, 16.56041556, 16.56041556, 16.56041556, 16.56041556, 16.56041556, 16.56041556, 17.311458629, 17.311458629, 17.311458629, 17.311458629, 17.311458629, 17.311458629, 17.311458629, 17.311458629, 17.311458629, 17.311458629, 17.311458629, 17.311458629, 17.311458629, 17.311458629, 17.311458629, 17.311458629, 17.311458629, 17.311458629, 17.311458629, 17.311458629, 17.311458629, 17.311458629, 17.311458629, 17.311458629, 17.311458629, 17.311458629, 17.311458629, 17.311458629, 17.311458629, 17.311458629, 17.779914279, 17.779914279, 17.779914279, 17.779914279, 17.779914279, 17.779914279, 17.779914279, 17.779914279, 17.779914279, 17.779914279, 17.779914279, 17.779914279, 17.779914279, 17.779914279, 17.779914279, 17.779914279, 17.779914279, 17.779914279, 17.779914279, 17.779914279, 17.779914279, 17.779914279, 17.779914279, 17.779914279, 17.779914279, 17.779914279, 17.779914279, 17.779914279, 17.779914279, 17.779914279, 18.292450936, 18.292450936, 18.292450936, 18.292450936, 18.292450936, 18.292450936, 18.292450936, 18.292450936, 18.292450936, 18.292450936, 18.292450936, 18.292450936, 18.292450936, 18.292450936, 18.292450936, 18.292450936, 18.292450936, 18.292450936, 18.292450936, 18.292450936, 18.292450936, 18.292450936, 18.292450936, 18.292450936, 18.292450936, 18.292450936],