{"cpu_usage_count": [279.451368796, 279.451368796, 279.451368796, 279.451368796, 279.451368796, 279.451368796, 279.451368796, 279.451368796, 279.451368796, 279.451368796, 279.451368796, 279.451368796, 279.451368796, 279.451368796, 279.451368796, 279.451368796, 279.451368796, 279.451368796, 279.451368796, 279.451368796, 279.451368796, 279.451368796, 279.451368796, 279.451368796, 279.451368796, 279.451368796, 279.451368796, 279.451368796, 279.451368796, 279.451368796, 674.915891868, 674.915891868, 674.915891868, 674.915891868, 674.915891868, 674.915891868, 674.915891868, 674.915891868, 674.915891868, 674.915891868, 674.915891868, 674.915891868, 674.915891868, 674.915891868, 674.915891868, 674.915891868, 674.915891868, 674.915891868, 674.915891868, 674.915891868, 674.915891868, 674.915891868, 674.915891868, 674.915891868, 674.915891868, 674.915891868, 674.915891868, 674.915891868, 674.915891868, 674.915891868, 1081.236114836, 1081.236114836, 1081.236114836, 1081.236114836, 1081.236114836, 1081.236114836, 1081.236114836, 1081.236114836, 1081.236114836, 1081.236114836, 1081.236114836, 1081.236114836, 1081.236114836, 1081.236114836, 1081.236114836, 1081.236114836, 1081.236114836, 1081.236114836, 1081.236114836, 1081.236114836, 1081.236114836, 1081.236114836, 1081.236114836, 1081.236114836, 1081.236114836, 1081.236114836, 1081.236114836, 1081.236114836, 1081.236114836, 1081.236114836, 1570.843462217, 1570.843462217, 1570.843462217, 1570.843462217, 1570.843462217, 1570.843462217, 1570.843462217, 1570.843462217, 1570.843462217, 1570.843462217, 1570.843462217, 1570.843462217, 1570.843462217, 1570.843462217, 1570.843462217, 1570.843462217, 1570.843462217, 1570.843462217, 1570.843462217, 1570.843462217, 1570.843462217], "time_cpu_usage_count": [1681833823.0, 1681833824.0, 1681833825.0, 1681833826.0, 1681833827.0, 1681833828.0, 1681833829.0, 1681833830.0, 1681833831.0, 1681833832.0, 1681833833.0, 1681833834.0, 1681833835.0, 1681833836.0, 1681833837.0, 1681833838.0, 1681833839.0, 1681833840.0, 1681833841.0, 1681833842.0, 1681833843.0, 1681833844.0, 1681833845.0, 1681833846.0, 1681833847.0, 1681833848.0, 1681833849.0, 1681833850.0, 1681833851.0, 1681833852.0, 1681833853.0, 1681833854.0, 1681833855.0, 1681833856.0, 1681833857.0, 1681833858.0, 1681833859.0, 1681833860.0, 1681833861.0, 1681833862.0, 1681833863.0, 1681833864.0, 1681833865.0, 1681833866.0, 1681833867.0, 1681833868.0, 1681833869.0, 1681833870.0, 1681833871.0, 1681833872.0, 1681833873.0, 1681833874.0, 1681833875.0, 1681833876.0, 1681833877.0, 1681833878.0, 1681833879.0, 1681833880.0, 1681833881.0, 1681833882.0, 1681833883.0, 1681833884.0, 1681833885.0, 1681833886.0, 1681833887.0, 1681833888.0, 1681833889.0, 1681833890.0, 1681833891.0, 1681833892.0, 1681833893.0, 1681833894.0, 1681833895.0, 1681833896.0, 1681833897.0, 1681833898.0, 1681833899.0, 1681833900.0, 1681833901.0, 1681833902.0, 1681833903.0, 1681833904.0, 1681833905.0, 1681833906.0, 1681833907.0, 1681833908.0, 1681833909.0, 1681833910.0, 1681833911.0, 1681833912.0, 1681833913.0, 1681833914.0, 1681833915.0, 1681833916.0, 1681833917.0, 1681833918.0, 1681833919.0, 1681833920.0, 1681833921.0, 1681833922.0, 1681833923.0, 1681833924.0, 1681833925.0, 1681833926.0, 1681833927.0, 1681833928.0, 1681833929.0, 1681833930.0, 1681833931.0, 1681833932.0, 1681833933.0], "cpu_usage_rate": [5.723934188462862, 5.83378544487175, 5.9436367012806395, 6.053487957689527, 6.163339214098417, 6.273190470507306, 6.383041726916194, 6.492892983325084, 6.6027442397339735, 6.712595496142862, 6.822446752551751, 6.932298008960639, 7.042149265369529, 7.152000521778417, 7.261851778187306, 7.3717030345961945, 7.481554291005084, 7.591405547413973, 7.701256803822861, 7.811108060231749, 7.920959316640639, 8.030810573049529, 8.140661829458416, 8.250513085867306, 8.360364342276196, 8.470215598685083, 8.580066855093973, 8.689918111502863, 8.79976936791175, 8.90962062432064, 9.111303563169205, 9.22266255567476, 9.334021548180317, 9.445380540685871, 9.556739533191427, 9.668098525696983, 9.77945751820254, 9.890816510708095, 10.002175503213648, 10.113534495719206, 10.22489348822476, 10.336252480730316, 10.44761147323587, 10.558970465741428, 10.670329458246982, 10.781688450752538, 10.893047443258094, 11.00440643576365, 11.115765428269206, 11.22712442077476, 11.338483413280317, 11.449842405785871, 11.561201398291427, 11.672560390796983, 11.783919383302539, 11.895278375808095, 12.00663736831365, 12.117996360819205, 12.229355353324761, 12.340714345830317, 13.198815206320635, 13.31838854830406, 13.437961890287486, 13.557535232270912, 13.677108574254339, 13.796681916237764, 13.91625525822119, 14.035828600204615, 14.15540194218804, 14.274975284171468, 14.34880103801111, 14.34880103801111, 14.34880103801111, 14.34880103801111, 14.34880103801111, 14.34880103801111, 14.34880103801111, 14.34880103801111, 14.34880103801111, 14.34880103801111, 14.34880103801111], "time_cpu_usage_rate": [1681833853.0, 1681833854.0, 1681833855.0, 1681833856.0, 1681833857.0, 1681833858.0, 1681833859.0, 1681833860.0, 1681833861.0, 1681833862.0, 1681833863.0, 1681833864.0, 1681833865.0, 1681833866.0, 1681833867.0, 1681833868.0, 1681833869.0, 1681833870.0, 1681833871.0, 1681833872.0, 1681833873.0, 1681833874.0, 1681833875.0, 1681833876.0, 1681833877.0, 1681833878.0, 1681833879.0, 1681833880.0, 1681833881.0, 1681833882.0, 1681833883.0, 1681833884.0, 1681833885.0, 1681833886.0, 1681833887.0, 1681833888.0, 1681833889.0, 1681833890.0, 1681833891.0, 1681833892.0, 1681833893.0, 1681833894.0, 1681833895.0, 1681833896.0, 1681833897.0, 1681833898.0, 1681833899.0, 1681833900.0, 1681833901.0, 1681833902.0, 1681833903.0, 1681833904.0, 1681833905.0, 1681833906.0, 1681833907.0, 1681833908.0, 1681833909.0, 1681833910.0, 1681833911.0, 1681833912.0, 1681833913.0, 1681833914.0, 1681833915.0, 1681833916.0, 1681833917.0, 1681833918.0, 1681833919.0, 1681833920.0, 1681833921.0, 1681833922.0, 1681833923.0, 1681833924.0, 1681833925.0, 1681833926.0, 1681833927.0, 1681833928.0, 1681833929.0, 1681833930.0, 1681833931.0, 1681833932.0, 1681833933.0], "cpu_throttled_count": [8.634978544, 8.634978544, 8.634978544, 8.634978544, 8.634978544, 8.634978544, 8.634978544, 8.634978544, 8.634978544, 8.634978544, 8.634978544, 8.634978544, 8.634978544, 8.634978544, 8.634978544, 8.634978544, 8.634978544, 8.634978544, 8.634978544, 8.634978544, 8.634978544, 8.634978544, 8.634978544, 8.634978544, 8.634978544, 8.634978544, 8.634978544, 8.634978544, 8.634978544, 8.634978544, 9.877053775, 9.877053775, 9.877053775, 9.877053775, 9.877053775, 9.877053775, 9.877053775, 9.877053775, 9.877053775, 9.877053775, 9.877053775, 9.877053775, 9.877053775, 9.877053775, 9.877053775, 9.877053775, 9.877053775, 9.877053775, 9.877053775, 9.877053775, 9.877053775, 9.877053775, 9.877053775, 9.877053775, 9.877053775, 9.877053775, 9.877053775, 9.877053775, 9.877053775, 9.877053775, 10.995327303, 10.995327303, 10.995327303, 10.995327303, 10.995327303, 10.995327303, 10.995327303, 10.995327303, 10.995327303, 10.995327303, 10.995327303, 10.995327303, 10.995327303, 10.995327303, 10.995327303, 10.995327303, 10.995327303, 10.995327303, 10.995327303, 10.995327303, 10.995327303, 10.995327303, 10.995327303, 10.995327303, 10.995327303, 10.995327303, 10.995327303, 10.995327303, 10.995327303, 10.995327303, 12.398285475, 12.398285475, 12.398285475, 12.398285475, 12.398285475, 12.398285475, 12.398285475, 12.398285475, 12.398285475, 12.398285475, 12.398285475, 12.398285475, 12.398285475, 12.398285475, 12.398285475, 12.398285475, 12.398285475, 12.398285475, 12.398285475, 12.398285475, 12.398285475],