{"cpu_usage_count": [560.896833393, 560.896833393, 560.896833393, 560.896833393, 560.896833393, 560.896833393, 560.896833393, 560.896833393, 560.896833393, 560.896833393, 560.896833393, 560.896833393, 560.896833393, 560.896833393, 560.896833393, 560.896833393, 560.896833393, 560.896833393, 560.896833393, 560.896833393, 560.896833393, 560.896833393, 560.896833393, 560.896833393, 560.896833393, 560.896833393, 560.896833393, 560.896833393, 560.896833393, 560.896833393, 1348.523066423, 1348.523066423, 1348.523066423, 1348.523066423, 1348.523066423, 1348.523066423, 1348.523066423, 1348.523066423, 1348.523066423, 1348.523066423, 1348.523066423, 1348.523066423, 1348.523066423, 1348.523066423, 1348.523066423, 1348.523066423, 1348.523066423, 1348.523066423, 1348.523066423, 1348.523066423, 1348.523066423, 1348.523066423, 1348.523066423, 1348.523066423, 1348.523066423, 1348.523066423, 1348.523066423, 1348.523066423, 1348.523066423, 1348.523066423, 2211.003154384, 2211.003154384, 2211.003154384, 2211.003154384, 2211.003154384, 2211.003154384, 2211.003154384, 2211.003154384, 2211.003154384, 2211.003154384, 2211.003154384, 2211.003154384, 2211.003154384, 2211.003154384, 2211.003154384, 2211.003154384, 2211.003154384, 2211.003154384, 2211.003154384, 2211.003154384, 2211.003154384, 2211.003154384, 2211.003154384, 2211.003154384, 2211.003154384, 2211.003154384, 2211.003154384, 2211.003154384, 2211.003154384, 2211.003154384, 3416.563597494, 3416.563597494, 3416.563597494, 3416.563597494, 3416.563597494, 3416.563597494, 3416.563597494, 3416.563597494, 3416.563597494, 3416.563597494, 3416.563597494, 3416.563597494, 3416.563597494, 3416.563597494, 3416.563597494, 3416.563597494, 3416.563597494, 3416.563597494, 3416.563597494, 3416.563597494, 3416.563597494, 3416.563597494], "time_cpu_usage_count": [1681834393.0, 1681834394.0, 1681834395.0, 1681834396.0, 1681834397.0, 1681834398.0, 1681834399.0, 1681834400.0, 1681834401.0, 1681834402.0, 1681834403.0, 1681834404.0, 1681834405.0, 1681834406.0, 1681834407.0, 1681834408.0, 1681834409.0, 1681834410.0, 1681834411.0, 1681834412.0, 1681834413.0, 1681834414.0, 1681834415.0, 1681834416.0, 1681834417.0, 1681834418.0, 1681834419.0, 1681834420.0, 1681834421.0, 1681834422.0, 1681834423.0, 1681834424.0, 1681834425.0, 1681834426.0, 1681834427.0, 1681834428.0, 1681834429.0, 1681834430.0, 1681834431.0, 1681834432.0, 1681834433.0, 1681834434.0, 1681834435.0, 1681834436.0, 1681834437.0, 1681834438.0, 1681834439.0, 1681834440.0, 1681834441.0, 1681834442.0, 1681834443.0, 1681834444.0, 1681834445.0, 1681834446.0, 1681834447.0, 1681834448.0, 1681834449.0, 1681834450.0, 1681834451.0, 1681834452.0, 1681834453.0, 1681834454.0, 1681834455.0, 1681834456.0, 1681834457.0, 1681834458.0, 1681834459.0, 1681834460.0, 1681834461.0, 1681834462.0, 1681834463.0, 1681834464.0, 1681834465.0, 1681834466.0, 1681834467.0, 1681834468.0, 1681834469.0, 1681834470.0, 1681834471.0, 1681834472.0, 1681834473.0, 1681834474.0, 1681834475.0, 1681834476.0, 1681834477.0, 1681834478.0, 1681834479.0, 1681834480.0, 1681834481.0, 1681834482.0, 1681834483.0, 1681834484.0, 1681834485.0, 1681834486.0, 1681834487.0, 1681834488.0, 1681834489.0, 1681834490.0, 1681834491.0, 1681834492.0, 1681834493.0, 1681834494.0, 1681834495.0, 1681834496.0, 1681834497.0, 1681834498.0, 1681834499.0, 1681834500.0, 1681834501.0, 1681834502.0, 1681834503.0, 1681834504.0], "cpu_usage_rate": [11.43613027390228, 11.654915338632836, 11.873700403363392, 12.092485468093948, 12.311270532824501, 12.530055597555059, 12.748840662285614, 12.967625727016172, 13.186410791746727, 13.405195856477281, 13.623980921207837, 13.842765985938394, 14.06155105066895, 14.280336115399503, 14.499121180130059, 14.717906244860616, 14.93669130959117, 15.155476374321726, 15.37426143905228, 15.593046503782837, 15.811831568513393, 16.030616633243948, 16.249401697974506, 16.46818676270506, 16.686971827435613, 16.90575689216617, 17.124541956896728, 17.34332702162728, 17.56211208635784, 17.78089715108839, 18.632893846691506, 18.86207528016248, 19.091256713633452, 19.320438147104426, 19.549619580575396, 19.77880101404637, 20.00798244751734, 20.237163880988312, 20.466345314459282, 20.695526747930256, 20.92470818140123, 21.153889614872202, 21.383071048343176, 21.612252481814146, 21.84143391528512, 22.07061534875609, 22.299796782227062, 22.528978215698032, 22.758159649169006, 22.98734108263998, 23.216522516110953, 23.445703949581922, 23.6748853830529, 23.90406681652387, 24.13324824999484, 24.362429683465813, 24.591611116936786, 24.820792550407756, 25.04997398387873, 25.279155417349703, 28.711186437916627, 28.975600027185234, 29.24001361645385, 29.504427205722457, 29.76884079499107, 30.03325438425968, 30.29766797352829, 30.5620815627969, 30.826495152065515, 31.09090874133413, 31.35532233060274, 31.619735919871346, 31.729630712233334, 31.729630712233334, 31.729630712233334, 31.729630712233334, 31.729630712233334, 31.729630712233334, 31.729630712233334, 31.729630712233334, 31.729630712233334, 31.729630712233334], "time_cpu_usage_rate": [1681834423.0, 1681834424.0, 1681834425.0, 1681834426.0, 1681834427.0, 1681834428.0, 1681834429.0, 1681834430.0, 1681834431.0, 1681834432.0, 1681834433.0, 1681834434.0, 1681834435.0, 1681834436.0, 1681834437.0, 1681834438.0, 1681834439.0, 1681834440.0, 1681834441.0, 1681834442.0, 1681834443.0, 1681834444.0, 1681834445.0, 1681834446.0, 1681834447.0, 1681834448.0, 1681834449.0, 1681834450.0, 1681834451.0, 1681834452.0, 1681834453.0, 1681834454.0, 1681834455.0, 1681834456.0, 1681834457.0, 1681834458.0, 1681834459.0, 1681834460.0, 1681834461.0, 1681834462.0, 1681834463.0, 1681834464.0, 1681834465.0, 1681834466.0, 1681834467.0, 1681834468.0, 1681834469.0, 1681834470.0, 1681834471.0, 1681834472.0, 1681834473.0, 1681834474.0, 1681834475.0, 1681834476.0, 1681834477.0, 1681834478.0, 1681834479.0, 1681834480.0, 1681834481.0, 1681834482.0, 1681834483.0, 1681834484.0, 1681834485.0, 1681834486.0, 1681834487.0, 1681834488.0, 1681834489.0, 1681834490.0, 1681834491.0, 1681834492.0, 1681834493.0, 1681834494.0, 1681834495.0, 1681834496.0, 1681834497.0, 1681834498.0, 1681834499.0, 1681834500.0, 1681834501.0, 1681834502.0, 1681834503.0, 1681834504.0], "cpu_throttled_count": [3.19910776, 3.19910776, 3.19910776, 3.19910776, 3.19910776, 3.19910776, 3.19910776, 3.19910776, 3.19910776, 3.19910776, 3.19910776, 3.19910776, 3.19910776, 3.19910776, 3.19910776, 3.19910776, 3.19910776, 3.19910776, 3.19910776, 3.19910776, 3.19910776, 3.19910776, 3.19910776, 3.19910776, 3.19910776, 3.19910776, 3.19910776, 3.19910776, 3.19910776, 3.19910776, 5.457515886, 5.457515886, 5.457515886, 5.457515886, 5.457515886, 5.457515886, 5.457515886, 5.457515886, 5.457515886, 5.457515886, 5.457515886, 5.457515886, 5.457515886, 5.457515886, 5.457515886, 5.457515886, 5.457515886, 5.457515886, 5.457515886, 5.457515886, 5.457515886, 5.457515886, 5.457515886, 5.457515886, 5.457515886, 5.457515886, 5.457515886, 5.457515886, 5.457515886, 5.457515886, 7.989687502, 7.989687502, 7.989687502, 7.989687502, 7.989687502, 7.989687502, 7.989687502, 7.989687502, 7.989687502, 7.989687502, 7.989687502, 7.989687502, 7.989687502, 7.989687502, 7.989687502, 7.989687502, 7.989687502, 7.989687502, 7.989687502, 7.989687502, 7.989687502, 7.989687502, 7.989687502, 7.989687502, 7.989687502, 7.989687502, 7.989687502, 7.989687502, 7.989687502, 7.989687502, 11.462696576, 11.462696576, 11.462696576, 11.462696576, 11.462696576, 11.462696576, 11.462696576, 11.462696576, 11.462696576, 11.462696576, 11.462696576, 11.462696576, 11.462696576, 11.462696576, 11.462696576, 11.462696576, 11.462696576, 11.462696576, 11.462696576, 11.462696576, 11.462696576, 11.462696576],