{"cpu_usage_count": [75.259111251, 75.259111251, 75.259111251, 75.259111251, 75.259111251, 75.259111251, 75.259111251, 75.259111251, 75.259111251, 75.259111251, 75.259111251, 75.259111251, 75.259111251, 75.259111251, 75.259111251, 75.259111251, 75.259111251, 75.259111251, 75.259111251, 75.259111251, 75.259111251, 75.259111251, 75.259111251, 75.259111251, 75.259111251, 75.259111251, 75.259111251, 75.259111251, 75.259111251, 75.259111251, 614.850229283, 614.850229283, 614.850229283, 614.850229283, 614.850229283, 614.850229283, 614.850229283, 614.850229283, 614.850229283, 614.850229283, 614.850229283, 614.850229283, 614.850229283, 614.850229283, 614.850229283, 614.850229283, 614.850229283, 614.850229283, 614.850229283, 614.850229283, 614.850229283, 614.850229283, 614.850229283, 614.850229283, 614.850229283, 614.850229283, 614.850229283, 614.850229283, 614.850229283, 614.850229283, 1127.351386762, 1127.351386762, 1127.351386762, 1127.351386762, 1127.351386762, 1127.351386762, 1127.351386762, 1127.351386762, 1127.351386762, 1127.351386762, 1127.351386762, 1127.351386762, 1127.351386762, 1127.351386762, 1127.351386762, 1127.351386762, 1127.351386762, 1127.351386762, 1127.351386762, 1127.351386762, 1127.351386762, 1127.351386762, 1127.351386762, 1127.351386762, 1127.351386762, 1127.351386762, 1127.351386762, 1127.351386762, 1127.351386762, 1127.351386762, 1682.806778981, 1682.806778981, 1682.806778981, 1682.806778981, 1682.806778981, 1682.806778981, 1682.806778981, 1682.806778981, 1682.806778981, 1682.806778981, 1682.806778981, 1682.806778981, 1682.806778981, 1682.806778981, 1682.806778981, 1682.806778981, 1682.806778981, 1682.806778981, 1682.806778981, 1682.806778981, 1682.806778981], "time_cpu_usage_count": [1681836913.0, 1681836914.0, 1681836915.0, 1681836916.0, 1681836917.0, 1681836918.0, 1681836919.0, 1681836920.0, 1681836921.0, 1681836922.0, 1681836923.0, 1681836924.0, 1681836925.0, 1681836926.0, 1681836927.0, 1681836928.0, 1681836929.0, 1681836930.0, 1681836931.0, 1681836932.0, 1681836933.0, 1681836934.0, 1681836935.0, 1681836936.0, 1681836937.0, 1681836938.0, 1681836939.0, 1681836940.0, 1681836941.0, 1681836942.0, 1681836943.0, 1681836944.0, 1681836945.0, 1681836946.0, 1681836947.0, 1681836948.0, 1681836949.0, 1681836950.0, 1681836951.0, 1681836952.0, 1681836953.0, 1681836954.0, 1681836955.0, 1681836956.0, 1681836957.0, 1681836958.0, 1681836959.0, 1681836960.0, 1681836961.0, 1681836962.0, 1681836963.0, 1681836964.0, 1681836965.0, 1681836966.0, 1681836967.0, 1681836968.0, 1681836969.0, 1681836970.0, 1681836971.0, 1681836972.0, 1681836973.0, 1681836974.0, 1681836975.0, 1681836976.0, 1681836977.0, 1681836978.0, 1681836979.0, 1681836980.0, 1681836981.0, 1681836982.0, 1681836983.0, 1681836984.0, 1681836985.0, 1681836986.0, 1681836987.0, 1681836988.0, 1681836989.0, 1681836990.0, 1681836991.0, 1681836992.0, 1681836993.0, 1681836994.0, 1681836995.0, 1681836996.0, 1681836997.0, 1681836998.0, 1681836999.0, 1681837000.0, 1681837001.0, 1681837002.0, 1681837003.0, 1681837004.0, 1681837005.0, 1681837006.0, 1681837007.0, 1681837008.0, 1681837009.0, 1681837010.0, 1681837011.0, 1681837012.0, 1681837013.0, 1681837014.0, 1681837015.0, 1681837016.0, 1681837017.0, 1681837018.0, 1681837019.0, 1681837020.0, 1681837021.0, 1681837022.0, 1681837023.0], "cpu_usage_rate": [5.259698895151394, 5.40958531682695, 5.559471738502506, 5.709358160178061, 5.859244581853617, 6.009131003529173, 6.159017425204728, 6.308903846880284, 6.458790268555839, 6.608676690231395, 6.758563111906951, 6.908449533582506, 7.058335955258062, 7.208222376933617, 7.358108798609172, 7.5079952202847275, 7.657881641960284, 7.807768063635838, 7.957654485311394, 8.10754090698695, 8.257427328662507, 8.40731375033806, 8.557200172013616, 8.707086593689173, 8.856973015364728, 9.006859437040282, 9.15674585871584, 9.306632280391396, 9.45651870206695, 9.606405123742507, 9.527129291612287, 9.673253218766595, 9.8193771459209, 9.965501073075204, 10.111625000229509, 10.257748927383817, 10.403872854538122, 10.549996781692426, 10.696120708846731, 10.842244636001038, 10.988368563155344, 11.134492490309649, 11.280616417463953, 11.42674034461826, 11.572864271772566, 11.718988198926871, 11.865112126081177, 12.011236053235482, 12.157359980389788, 12.303483907544093, 12.449607834698401, 12.595731761852704, 12.741855689007009, 12.887979616161315, 13.034103543315622, 13.180227470469926, 13.326351397624231, 13.472475324778538, 13.618599251932844, 13.764723179087149, 14.158394059529734, 14.30724106580103, 14.456088072072326, 14.604935078343622, 14.753782084614917, 14.902629090886217, 15.051476097157511, 15.200323103428808, 15.349170109700104, 15.498017115971399, 15.646864122242695, 15.795711128513993, 15.94455813478529, 16.093405141056586, 16.242252147327882, 16.391099153599175, 16.539946159870475, 16.68879316614177, 16.837640172413067, 16.986487178684364, 17.135334184955656], "time_cpu_usage_rate": [1681836943.0, 1681836944.0, 1681836945.0, 1681836946.0, 1681836947.0, 1681836948.0, 1681836949.0, 1681836950.0, 1681836951.0, 1681836952.0, 1681836953.0, 1681836954.0, 1681836955.0, 1681836956.0, 1681836957.0, 1681836958.0, 1681836959.0, 1681836960.0, 1681836961.0, 1681836962.0, 1681836963.0, 1681836964.0, 1681836965.0, 1681836966.0, 1681836967.0, 1681836968.0, 1681836969.0, 1681836970.0, 1681836971.0, 1681836972.0, 1681836973.0, 1681836974.0, 1681836975.0, 1681836976.0, 1681836977.0, 1681836978.0, 1681836979.0, 1681836980.0, 1681836981.0, 1681836982.0, 1681836983.0, 1681836984.0, 1681836985.0, 1681836986.0, 1681836987.0, 1681836988.0, 1681836989.0, 1681836990.0, 1681836991.0, 1681836992.0, 1681836993.0, 1681836994.0, 1681836995.0, 1681836996.0, 1681836997.0, 1681836998.0, 1681836999.0, 1681837000.0, 1681837001.0, 1681837002.0, 1681837003.0, 1681837004.0, 1681837005.0, 1681837006.0, 1681837007.0, 1681837008.0, 1681837009.0, 1681837010.0, 1681837011.0, 1681837012.0, 1681837013.0, 1681837014.0, 1681837015.0, 1681837016.0, 1681837017.0, 1681837018.0, 1681837019.0, 1681837020.0, 1681837021.0, 1681837022.0, 1681837023.0], "cpu_throttled_count": [8.213859991, 8.213859991, 8.213859991, 8.213859991, 8.213859991, 8.213859991, 8.213859991, 8.213859991, 8.213859991, 8.213859991, 8.213859991, 8.213859991, 8.213859991, 8.213859991, 8.213859991, 8.213859991, 8.213859991, 8.213859991, 8.213859991, 8.213859991, 8.213859991, 8.213859991, 8.213859991, 8.213859991, 8.213859991, 8.213859991, 8.213859991, 8.213859991, 8.213859991, 8.213859991, 9.784517019, 9.784517019, 9.784517019, 9.784517019, 9.784517019, 9.784517019, 9.784517019, 9.784517019, 9.784517019, 9.784517019, 9.784517019, 9.784517019, 9.784517019, 9.784517019, 9.784517019, 9.784517019, 9.784517019, 9.784517019, 9.784517019, 9.784517019, 9.784517019, 9.784517019, 9.784517019, 9.784517019, 9.784517019, 9.784517019, 9.784517019, 9.784517019, 9.784517019, 9.784517019, 11.143366955, 11.143366955, 11.143366955, 11.143366955, 11.143366955, 11.143366955, 11.143366955, 11.143366955, 11.143366955, 11.143366955, 11.143366955, 11.143366955, 11.143366955, 11.143366955, 11.143366955, 11.143366955, 11.143366955, 11.143366955, 11.143366955, 11.143366955, 11.143366955, 11.143366955, 11.143366955, 11.143366955, 11.143366955, 11.143366955, 11.143366955, 11.143366955, 11.143366955, 11.143366955, 12.564865067, 12.564865067, 12.564865067, 12.564865067, 12.564865067, 12.564865067, 12.564865067, 12.564865067, 12.564865067, 12.564865067, 12.564865067, 12.564865067, 12.564865067, 12.564865067, 12.564865067, 12.564865067, 12.564865067, 12.564865067, 12.564865067, 12.564865067, 12.564865067],