{"cpu_usage_count": [50.439919034, 50.439919034, 50.439919034, 50.439919034, 50.439919034, 50.439919034, 50.439919034, 50.439919034, 50.439919034, 50.439919034, 50.439919034, 50.439919034, 50.439919034, 50.439919034, 50.439919034, 50.439919034, 50.439919034, 50.439919034, 50.439919034, 50.439919034, 50.439919034, 50.439919034, 50.439919034, 50.439919034, 50.439919034, 50.439919034, 50.439919034, 50.439919034, 50.439919034, 50.439919034, 193.907773893, 193.907773893, 193.907773893, 193.907773893, 193.907773893, 193.907773893, 193.907773893, 193.907773893, 193.907773893, 193.907773893, 193.907773893, 193.907773893, 193.907773893, 193.907773893, 193.907773893, 193.907773893, 193.907773893, 193.907773893, 193.907773893, 193.907773893, 193.907773893, 193.907773893, 193.907773893, 193.907773893, 193.907773893, 193.907773893, 193.907773893, 193.907773893, 193.907773893, 193.907773893, 298.367914672, 298.367914672, 298.367914672, 298.367914672, 298.367914672, 298.367914672, 298.367914672, 298.367914672, 298.367914672, 298.367914672, 298.367914672, 298.367914672, 298.367914672, 298.367914672, 298.367914672, 298.367914672, 298.367914672, 298.367914672, 298.367914672, 298.367914672, 298.367914672, 298.367914672, 298.367914672, 298.367914672, 298.367914672, 298.367914672, 298.367914672, 298.367914672, 298.367914672, 298.367914672, 405.317070637, 405.317070637, 405.317070637, 405.317070637, 405.317070637, 405.317070637, 405.317070637, 405.317070637, 405.317070637, 405.317070637, 405.317070637, 405.317070637, 405.317070637, 405.317070637, 405.317070637, 405.317070637, 405.317070637, 405.317070637, 405.317070637, 405.317070637, 405.317070637, 405.317070637, 405.317070637, 405.317070637, 405.317070637, 405.317070637, 405.317070637], "time_cpu_usage_count": [1681838923.0, 1681838924.0, 1681838925.0, 1681838926.0, 1681838927.0, 1681838928.0, 1681838929.0, 1681838930.0, 1681838931.0, 1681838932.0, 1681838933.0, 1681838934.0, 1681838935.0, 1681838936.0, 1681838937.0, 1681838938.0, 1681838939.0, 1681838940.0, 1681838941.0, 1681838942.0, 1681838943.0, 1681838944.0, 1681838945.0, 1681838946.0, 1681838947.0, 1681838948.0, 1681838949.0, 1681838950.0, 1681838951.0, 1681838952.0, 1681838953.0, 1681838954.0, 1681838955.0, 1681838956.0, 1681838957.0, 1681838958.0, 1681838959.0, 1681838960.0, 1681838961.0, 1681838962.0, 1681838963.0, 1681838964.0, 1681838965.0, 1681838966.0, 1681838967.0, 1681838968.0, 1681838969.0, 1681838970.0, 1681838971.0, 1681838972.0, 1681838973.0, 1681838974.0, 1681838975.0, 1681838976.0, 1681838977.0, 1681838978.0, 1681838979.0, 1681838980.0, 1681838981.0, 1681838982.0, 1681838983.0, 1681838984.0, 1681838985.0, 1681838986.0, 1681838987.0, 1681838988.0, 1681838989.0, 1681838990.0, 1681838991.0, 1681838992.0, 1681838993.0, 1681838994.0, 1681838995.0, 1681838996.0, 1681838997.0, 1681838998.0, 1681838999.0, 1681839000.0, 1681839001.0, 1681839002.0, 1681839003.0, 1681839004.0, 1681839005.0, 1681839006.0, 1681839007.0, 1681839008.0, 1681839009.0, 1681839010.0, 1681839011.0, 1681839012.0, 1681839013.0, 1681839014.0, 1681839015.0, 1681839016.0, 1681839017.0, 1681839018.0, 1681839019.0, 1681839020.0, 1681839021.0, 1681839022.0, 1681839023.0, 1681839024.0, 1681839025.0, 1681839026.0, 1681839027.0, 1681839028.0, 1681839029.0, 1681839030.0, 1681839031.0, 1681839032.0, 1681839033.0, 1681839034.0, 1681839035.0, 1681839036.0, 1681839037.0, 1681839038.0, 1681839039.0], "cpu_usage_rate": [1.652044044763087, 1.6918962266683648, 1.7317484085736428, 1.7716005904789205, 1.8114527723841982, 1.8513049542894757, 1.8911571361947537, 1.9310093181000314, 1.9708615000053094, 2.010713681910587, 2.050565863815865, 2.0904180457211425, 2.1302702276264203, 2.1701224095316984, 2.2099745914369757, 2.249826773342254, 2.2896789552475316, 2.32953113715281, 2.369383319058087, 2.4092355009633644, 2.449087682868643, 2.4889398647739203, 2.528792046679198, 2.5686442285844757, 2.608496410489754, 2.6483485923950316, 2.688200774300309, 2.7280529562055875, 2.767905138110865, 2.8077573200161425, 2.5176313294949533, 2.552065773333564, 2.5865002171721754, 2.6209346610107866, 2.6553691048493975, 2.6898035486880087, 2.72423799252662, 2.758672436365231, 2.793106880203842, 2.827541324042453, 2.8619757678810642, 2.8964102117196755, 2.9308446555582863, 2.9652790993968976, 2.999713543235509, 3.0341479870741197, 3.068582430912731, 3.1030168747513422, 3.137451318589953, 3.1718857624285643, 3.206320206267175, 3.2407546501057864, 3.2751890939443977, 3.3096235377830086, 3.3440579816216194, 3.378492425460231, 3.412926869298842, 3.447361313137453, 3.4817957569760645, 3.5162302008146753, 3.407445364243881, 3.440304359762677, 3.4731633552814736, 3.50602235080027, 3.5388813463190663, 3.571740341837862, 3.6045993373566585, 3.6374583328754553, 3.6703173283942516, 3.7031763239130475, 3.736035319431844, 3.76889431495064, 3.801753310469436, 3.834612305988233, 3.8674713015070292, 3.900330297025825, 3.9331892925446215, 3.9430794622555547, 3.9430794622555547, 3.9430794622555547, 3.9430794622555547, 3.9430794622555547, 3.9430794622555547, 3.9430794622555547, 3.9430794622555547, 3.9430794622555547, 3.9430794622555547], "time_cpu_usage_rate": [1681838953.0, 1681838954.0, 1681838955.0, 1681838956.0, 1681838957.0, 1681838958.0, 1681838959.0, 1681838960.0, 1681838961.0, 1681838962.0, 1681838963.0, 1681838964.0, 1681838965.0, 1681838966.0, 1681838967.0, 1681838968.0, 1681838969.0, 1681838970.0, 1681838971.0, 1681838972.0, 1681838973.0, 1681838974.0, 1681838975.0, 1681838976.0, 1681838977.0, 1681838978.0, 1681838979.0, 1681838980.0, 1681838981.0, 1681838982.0, 1681838983.0, 1681838984.0, 1681838985.0, 1681838986.0, 1681838987.0, 1681838988.0, 1681838989.0, 1681838990.0, 1681838991.0, 1681838992.0, 1681838993.0, 1681838994.0, 1681838995.0, 1681838996.0, 1681838997.0, 1681838998.0, 1681838999.0, 1681839000.0, 1681839001.0, 1681839002.0, 1681839003.0, 1681839004.0, 1681839005.0, 1681839006.0, 1681839007.0, 1681839008.0, 1681839009.0, 1681839010.0, 1681839011.0, 1681839012.0, 1681839013.0, 1681839014.0, 1681839015.0, 1681839016.0, 1681839017.0, 1681839018.0, 1681839019.0, 1681839020.0, 1681839021.0, 1681839022.0, 1681839023.0, 1681839024.0, 1681839025.0, 1681839026.0, 1681839027.0, 1681839028.0, 1681839029.0, 1681839030.0, 1681839031.0, 1681839032.0, 1681839033.0, 1681839034.0, 1681839035.0, 1681839036.0, 1681839037.0, 1681839038.0, 1681839039.0],