{"cpu_usage_count": [61.138160587, 61.138160587, 61.138160587, 61.138160587, 61.138160587, 61.138160587, 61.138160587, 61.138160587, 61.138160587, 61.138160587, 61.138160587, 61.138160587, 61.138160587, 61.138160587, 61.138160587, 61.138160587, 61.138160587, 61.138160587, 61.138160587, 61.138160587, 61.138160587, 61.138160587, 61.138160587, 61.138160587, 61.138160587, 61.138160587, 61.138160587, 61.138160587, 61.138160587, 61.138160587, 529.515452516, 529.515452516, 529.515452516, 529.515452516, 529.515452516, 529.515452516, 529.515452516, 529.515452516, 529.515452516, 529.515452516, 529.515452516, 529.515452516, 529.515452516, 529.515452516, 529.515452516, 529.515452516, 529.515452516, 529.515452516, 529.515452516, 529.515452516, 529.515452516, 529.515452516, 529.515452516, 529.515452516, 529.515452516, 529.515452516, 529.515452516, 529.515452516, 529.515452516, 529.515452516, 1126.437939197, 1126.437939197, 1126.437939197, 1126.437939197, 1126.437939197, 1126.437939197, 1126.437939197, 1126.437939197, 1126.437939197, 1126.437939197, 1126.437939197, 1126.437939197, 1126.437939197, 1126.437939197, 1126.437939197, 1126.437939197, 1126.437939197, 1126.437939197, 1126.437939197, 1126.437939197, 1126.437939197, 1126.437939197, 1126.437939197, 1126.437939197, 1126.437939197, 1126.437939197, 1126.437939197, 1126.437939197, 1126.437939197, 1126.437939197, 1389.698161837, 1389.698161837, 1389.698161837, 1389.698161837, 1389.698161837, 1389.698161837, 1389.698161837, 1389.698161837, 1389.698161837, 1389.698161837, 1389.698161837, 1389.698161837, 1389.698161837, 1389.698161837, 1389.698161837, 1389.698161837, 1389.698161837, 1389.698161837, 1389.698161837, 1389.698161837, 1389.698161837, 1389.698161837, 1389.698161837, 1389.698161837], "time_cpu_usage_count": [1681845283.0, 1681845284.0, 1681845285.0, 1681845286.0, 1681845287.0, 1681845288.0, 1681845289.0, 1681845290.0, 1681845291.0, 1681845292.0, 1681845293.0, 1681845294.0, 1681845295.0, 1681845296.0, 1681845297.0, 1681845298.0, 1681845299.0, 1681845300.0, 1681845301.0, 1681845302.0, 1681845303.0, 1681845304.0, 1681845305.0, 1681845306.0, 1681845307.0, 1681845308.0, 1681845309.0, 1681845310.0, 1681845311.0, 1681845312.0, 1681845313.0, 1681845314.0, 1681845315.0, 1681845316.0, 1681845317.0, 1681845318.0, 1681845319.0, 1681845320.0, 1681845321.0, 1681845322.0, 1681845323.0, 1681845324.0, 1681845325.0, 1681845326.0, 1681845327.0, 1681845328.0, 1681845329.0, 1681845330.0, 1681845331.0, 1681845332.0, 1681845333.0, 1681845334.0, 1681845335.0, 1681845336.0, 1681845337.0, 1681845338.0, 1681845339.0, 1681845340.0, 1681845341.0, 1681845342.0, 1681845343.0, 1681845344.0, 1681845345.0, 1681845346.0, 1681845347.0, 1681845348.0, 1681845349.0, 1681845350.0, 1681845351.0, 1681845352.0, 1681845353.0, 1681845354.0, 1681845355.0, 1681845356.0, 1681845357.0, 1681845358.0, 1681845359.0, 1681845360.0, 1681845361.0, 1681845362.0, 1681845363.0, 1681845364.0, 1681845365.0, 1681845366.0, 1681845367.0, 1681845368.0, 1681845369.0, 1681845370.0, 1681845371.0, 1681845372.0, 1681845373.0, 1681845374.0, 1681845375.0, 1681845376.0, 1681845377.0, 1681845378.0, 1681845379.0, 1681845380.0, 1681845381.0, 1681845382.0, 1681845383.0, 1681845384.0, 1681845385.0, 1681845386.0, 1681845387.0, 1681845388.0, 1681845389.0, 1681845390.0, 1681845391.0, 1681845392.0, 1681845393.0, 1681845394.0, 1681845395.0, 1681845396.0], "cpu_usage_rate": [4.530633827572112, 4.660738630885722, 4.790843434199334, 4.9209482375129445, 5.051053040826556, 5.181157844140167, 5.311262647453778, 5.441367450767388, 5.571472254081001, 5.701577057394612, 5.831681860708222, 5.961786664021834, 6.0918914673354445, 6.221996270649056, 6.352101073962667, 6.482205877276278, 6.612310680589888, 6.742415483903501, 6.872520287217111, 7.002625090530723, 7.132729893844333, 7.2628346971579445, 7.392939500471555, 7.523044303785167, 7.653149107098779, 7.783253910412388, 7.913358713726001, 8.04346351703961, 8.17356832035322, 8.303673123666835, 9.52118100708601, 9.669139309670733, 9.817097612255456, 9.965055914840178, 10.113014217424901, 10.260972520009624, 10.408930822594344, 10.556889125179067, 10.70484742776379, 10.85280573034851, 11.000764032933235, 11.148722335517958, 11.296680638102679, 11.444638940687401, 11.592597243272126, 11.740555545856845, 11.888513848441567, 12.036472151026288, 12.184430453611013, 12.332388756195735, 12.480347058780456, 12.628305361365177, 12.776263663949901, 12.924221966534622, 13.072180269119345, 13.22013857170407, 13.36809687428879, 13.516055176873513, 13.664013479458236, 13.811971782042956, 11.692392452450347, 11.815407267380902, 11.938422082311458, 12.061436897242013, 12.18445171217257, 12.307466527103125, 12.430481342033682, 12.553496156964236, 12.676510971894793, 12.799525786825349, 12.922540601755905, 13.04555541668646, 13.168570231617014, 13.291585046547569, 13.414599861478125, 13.537614676408682, 13.660629491339238, 13.783644306269792, 13.906659121200347, 14.029673936130903, 14.15268875106146, 14.275703565992016, 14.39871838092257, 14.521733195853127], "time_cpu_usage_rate": [1681845313.0, 1681845314.0, 1681845315.0, 1681845316.0, 1681845317.0, 1681845318.0, 1681845319.0, 1681845320.0, 1681845321.0, 1681845322.0, 1681845323.0, 1681845324.0, 1681845325.0, 1681845326.0, 1681845327.0, 1681845328.0, 1681845329.0, 1681845330.0, 1681845331.0, 1681845332.0, 1681845333.0, 1681845334.0, 1681845335.0, 1681845336.0, 1681845337.0, 1681845338.0, 1681845339.0, 1681845340.0, 1681845341.0, 1681845342.0, 1681845343.0, 1681845344.0, 1681845345.0, 1681845346.0, 1681845347.0, 1681845348.0, 1681845349.0, 1681845350.0, 1681845351.0, 1681845352.0, 1681845353.0, 1681845354.0, 1681845355.0, 1681845356.0, 1681845357.0, 1681845358.0, 1681845359.0, 1681845360.0, 1681845361.0, 1681845362.0, 1681845363.0, 1681845364.0, 1681845365.0, 1681845366.0, 1681845367.0, 1681845368.0, 1681845369.0, 1681845370.0, 1681845371.0, 1681845372.0, 1681845373.0, 1681845374.0, 1681845375.0, 1681845376.0, 1681845377.0, 1681845378.0, 1681845379.0, 1681845380.0, 1681845381.0, 1681845382.0, 1681845383.0, 1681845384.0, 1681845385.0, 1681845386.0, 1681845387.0, 1681845388.0, 1681845389.0, 1681845390.0, 1681845391.0, 1681845392.0, 1681845393.0, 1681845394.0, 1681845395.0, 1681845396.0], "cpu_throttled_count": [5.750439782, 5.750439782, 5.750439782, 5.750439782, 5.750439782, 5.750439782, 5.750439782, 5.750439782, 5.750439782, 5.750439782, 5.750439782, 5.750439782, 5.750439782, 5.750439782, 5.750439782, 5.750439782, 5.750439782, 5.750439782, 5.750439782, 5.750439782, 5.750439782, 5.750439782, 5.750439782, 5.750439782, 5.750439782, 5.750439782, 5.750439782, 5.750439782, 5.750439782, 5.750439782, 6.857821468, 6.857821468, 6.857821468, 6.857821468, 6.857821468, 6.857821468, 6.857821468, 6.857821468, 6.857821468, 6.857821468, 6.857821468, 6.857821468, 6.857821468, 6.857821468, 6.857821468, 6.857821468, 6.857821468, 6.857821468, 6.857821468, 6.857821468, 6.857821468, 6.857821468, 6.857821468, 6.857821468, 6.857821468, 6.857821468, 6.857821468, 6.857821468, 6.857821468, 6.857821468, 8.006240949, 8.006240949, 8.006240949, 8.006240949, 8.006240949, 8.006240949, 8.006240949, 8.006240949, 8.006240949, 8.006240949, 8.006240949, 8.006240949, 8.006240949, 8.006240949, 8.006240949, 8.006240949, 8.006240949, 8.006240949, 8.006240949, 8.006240949, 8.006240949, 8.006240949, 8.006240949, 8.006240949, 8.006240949, 8.006240949, 8.006240949, 8.006240949, 8.006240949, 8.006240949, 8.702176796, 8.702176796, 8.702176796, 8.702176796, 8.702176796, 8.702176796, 8.702176796, 8.702176796, 8.702176796, 8.702176796, 8.702176796, 8.702176796, 8.702176796, 8.702176796, 8.702176796, 8.702176796, 8.702176796, 8.702176796, 8.702176796, 8.702176796, 8.702176796, 8.702176796, 8.702176796, 8.702176796],