{"cpu_usage_count": [230.689176384, 230.689176384, 230.689176384, 230.689176384, 230.689176384, 230.689176384, 230.689176384, 230.689176384, 230.689176384, 230.689176384, 230.689176384, 230.689176384, 230.689176384, 230.689176384, 230.689176384, 230.689176384, 230.689176384, 230.689176384, 230.689176384, 230.689176384, 230.689176384, 230.689176384, 230.689176384, 230.689176384, 230.689176384, 230.689176384, 230.689176384, 230.689176384, 230.689176384, 230.689176384, 867.853743443, 867.853743443, 867.853743443, 867.853743443, 867.853743443, 867.853743443, 867.853743443, 867.853743443, 867.853743443, 867.853743443, 867.853743443, 867.853743443, 867.853743443, 867.853743443, 867.853743443, 867.853743443, 867.853743443, 867.853743443, 867.853743443, 867.853743443, 867.853743443, 867.853743443, 867.853743443, 867.853743443, 867.853743443, 867.853743443, 867.853743443, 867.853743443, 867.853743443, 867.853743443, 1899.936080985, 1899.936080985, 1899.936080985, 1899.936080985, 1899.936080985, 1899.936080985, 1899.936080985, 1899.936080985, 1899.936080985, 1899.936080985, 1899.936080985, 1899.936080985, 1899.936080985, 1899.936080985, 1899.936080985, 1899.936080985, 1899.936080985, 1899.936080985, 1899.936080985, 1899.936080985, 1899.936080985, 1899.936080985, 1899.936080985, 1899.936080985, 1899.936080985, 1899.936080985, 1899.936080985, 1899.936080985, 1899.936080985, 1899.936080985, 2953.918766065, 2953.918766065, 2953.918766065, 2953.918766065, 2953.918766065, 2953.918766065, 2953.918766065, 2953.918766065, 2953.918766065, 2953.918766065, 2953.918766065, 2953.918766065, 2953.918766065, 2953.918766065, 2953.918766065, 2953.918766065, 2953.918766065, 2953.918766065, 2953.918766065, 2953.918766065, 2953.918766065, 2953.918766065, 2953.918766065, 2953.918766065], "time_cpu_usage_count": [1681848703.0, 1681848704.0, 1681848705.0, 1681848706.0, 1681848707.0, 1681848708.0, 1681848709.0, 1681848710.0, 1681848711.0, 1681848712.0, 1681848713.0, 1681848714.0, 1681848715.0, 1681848716.0, 1681848717.0, 1681848718.0, 1681848719.0, 1681848720.0, 1681848721.0, 1681848722.0, 1681848723.0, 1681848724.0, 1681848725.0, 1681848726.0, 1681848727.0, 1681848728.0, 1681848729.0, 1681848730.0, 1681848731.0, 1681848732.0, 1681848733.0, 1681848734.0, 1681848735.0, 1681848736.0, 1681848737.0, 1681848738.0, 1681848739.0, 1681848740.0, 1681848741.0, 1681848742.0, 1681848743.0, 1681848744.0, 1681848745.0, 1681848746.0, 1681848747.0, 1681848748.0, 1681848749.0, 1681848750.0, 1681848751.0, 1681848752.0, 1681848753.0, 1681848754.0, 1681848755.0, 1681848756.0, 1681848757.0, 1681848758.0, 1681848759.0, 1681848760.0, 1681848761.0, 1681848762.0, 1681848763.0, 1681848764.0, 1681848765.0, 1681848766.0, 1681848767.0, 1681848768.0, 1681848769.0, 1681848770.0, 1681848771.0, 1681848772.0, 1681848773.0, 1681848774.0, 1681848775.0, 1681848776.0, 1681848777.0, 1681848778.0, 1681848779.0, 1681848780.0, 1681848781.0, 1681848782.0, 1681848783.0, 1681848784.0, 1681848785.0, 1681848786.0, 1681848787.0, 1681848788.0, 1681848789.0, 1681848790.0, 1681848791.0, 1681848792.0, 1681848793.0, 1681848794.0, 1681848795.0, 1681848796.0, 1681848797.0, 1681848798.0, 1681848799.0, 1681848800.0, 1681848801.0, 1681848802.0, 1681848803.0, 1681848804.0, 1681848805.0, 1681848806.0, 1681848807.0, 1681848808.0, 1681848809.0, 1681848810.0, 1681848811.0, 1681848812.0, 1681848813.0, 1681848814.0, 1681848815.0, 1681848816.0], "cpu_usage_rate": [7.392644601559032, 7.569634759075421, 7.74662491659181, 7.9236150741081985, 8.100605231624588, 8.277595389140975, 8.454585546657365, 8.631575704173754, 8.808565861690143, 8.985556019206532, 9.16254617672292, 9.339536334239309, 9.5165264917557, 9.693516649272087, 9.870506806788477, 10.047496964304864, 10.224487121821253, 10.401477279337644, 10.578467436854032, 10.755457594370421, 10.93244775188681, 11.109437909403198, 11.286428066919587, 11.463418224435975, 11.640408381952366, 11.817398539468753, 11.994388696985142, 12.171378854501532, 12.34836901201792, 12.52535916953431, 16.043079416885156, 16.274919264746405, 16.506759112607654, 16.738598960468906, 16.970438808330155, 17.202278656191407, 17.434118504052655, 17.665958351913908, 17.897798199775153, 18.1296380476364, 18.361477895497654, 18.593317743358906, 18.825157591220155, 19.056997439081403, 19.28883728694266, 19.520677134803908, 19.752516982665156, 19.984356830526405, 20.216196678387654, 20.448036526248906, 20.679876374110155, 20.911716221971403, 21.143556069832655, 21.375395917693904, 21.607235765555156, 21.839075613416405, 22.070915461277657, 22.302755309138906, 22.534595157000158, 22.766435004861407, 24.844690572563948, 25.09684146049738, 25.3489923484308, 25.60114323636423, 25.85329412429765, 26.10544501223108, 26.3575959001645, 26.609746788097933, 26.861897676031358, 27.114048563964783, 27.366199451898208, 27.618350339831633, 27.870501227765065, 28.12265211569849, 28.374803003631914, 28.62695389156534, 28.879104779498768, 29.13125566743219, 29.38340655536562, 29.635557443299042, 29.88770833123247, 30.139859219165896, 30.25810655201111, 30.25810655201111], "time_cpu_usage_rate": [1681848733.0, 1681848734.0, 1681848735.0, 1681848736.0, 1681848737.0, 1681848738.0, 1681848739.0, 1681848740.0, 1681848741.0, 1681848742.0, 1681848743.0, 1681848744.0, 1681848745.0, 1681848746.0, 1681848747.0, 1681848748.0, 1681848749.0, 1681848750.0, 1681848751.0, 1681848752.0, 1681848753.0, 1681848754.0, 1681848755.0, 1681848756.0, 1681848757.0, 1681848758.0, 1681848759.0, 1681848760.0, 1681848761.0, 1681848762.0, 1681848763.0, 1681848764.0, 1681848765.0, 1681848766.0, 1681848767.0, 1681848768.0, 1681848769.0, 1681848770.0, 1681848771.0, 1681848772.0, 1681848773.0, 1681848774.0, 1681848775.0, 1681848776.0, 1681848777.0, 1681848778.0, 1681848779.0, 1681848780.0, 1681848781.0, 1681848782.0, 1681848783.0, 1681848784.0, 1681848785.0, 1681848786.0, 1681848787.0, 1681848788.0, 1681848789.0, 1681848790.0, 1681848791.0, 1681848792.0, 1681848793.0, 1681848794.0, 1681848795.0, 1681848796.0, 1681848797.0, 1681848798.0, 1681848799.0, 1681848800.0, 1681848801.0, 1681848802.0, 1681848803.0, 1681848804.0, 1681848805.0, 1681848806.0, 1681848807.0, 1681848808.0, 1681848809.0, 1681848810.0, 1681848811.0, 1681848812.0, 1681848813.0, 1681848814.0, 1681848815.0, 1681848816.0], "cpu_throttled_count": [3.601081133, 3.601081133, 3.601081133, 3.601081133, 3.601081133, 3.601081133, 3.601081133, 3.601081133, 3.601081133, 3.601081133, 3.601081133, 3.601081133, 3.601081133, 3.601081133, 3.601081133, 3.601081133, 3.601081133, 3.601081133, 3.601081133, 3.601081133, 3.601081133, 3.601081133, 3.601081133, 3.601081133, 3.601081133, 3.601081133, 3.601081133, 3.601081133, 3.601081133, 3.601081133, 4.161829159, 4.161829159, 4.161829159, 4.161829159, 4.161829159, 4.161829159, 4.161829159, 4.161829159, 4.161829159, 4.161829159, 4.161829159, 4.161829159, 4.161829159, 4.161829159, 4.161829159, 4.161829159, 4.161829159, 4.161829159, 4.161829159, 4.161829159, 4.161829159, 4.161829159, 4.161829159, 4.161829159, 4.161829159, 4.161829159, 4.161829159, 4.161829159, 4.161829159, 4.161829159, 6.350737195, 6.350737195, 6.350737195, 6.350737195, 6.350737195, 6.350737195, 6.350737195, 6.350737195, 6.350737195, 6.350737195, 6.350737195, 6.350737195, 6.350737195, 6.350737195, 6.350737195, 6.350737195, 6.350737195, 6.350737195, 6.350737195, 6.350737195, 6.350737195, 6.350737195, 6.350737195, 6.350737195, 6.350737195, 6.350737195, 6.350737195, 6.350737195, 6.350737195, 6.350737195, 8.600802359, 8.600802359, 8.600802359, 8.600802359, 8.600802359, 8.600802359, 8.600802359, 8.600802359, 8.600802359, 8.600802359, 8.600802359, 8.600802359, 8.600802359, 8.600802359, 8.600802359, 8.600802359, 8.600802359, 8.600802359, 8.600802359, 8.600802359, 8.600802359, 8.600802359, 8.600802359, 8.600802359],