{"cpu_usage_count": [108.331136896, 108.331136896, 108.331136896, 108.331136896, 108.331136896, 108.331136896, 108.331136896, 108.331136896, 108.331136896, 108.331136896, 108.331136896, 108.331136896, 108.331136896, 108.331136896, 108.331136896, 108.331136896, 108.331136896, 108.331136896, 108.331136896, 108.331136896, 108.331136896, 108.331136896, 108.331136896, 108.331136896, 108.331136896, 108.331136896, 108.331136896, 108.331136896, 108.331136896, 108.331136896, 491.967457937, 491.967457937, 491.967457937, 491.967457937, 491.967457937, 491.967457937, 491.967457937, 491.967457937, 491.967457937, 491.967457937, 491.967457937, 491.967457937, 491.967457937, 491.967457937, 491.967457937, 491.967457937, 491.967457937, 491.967457937, 491.967457937, 491.967457937, 491.967457937, 491.967457937, 491.967457937, 491.967457937, 491.967457937, 491.967457937, 491.967457937, 491.967457937, 491.967457937, 491.967457937, 1020.017236243, 1020.017236243, 1020.017236243, 1020.017236243, 1020.017236243, 1020.017236243, 1020.017236243, 1020.017236243, 1020.017236243, 1020.017236243, 1020.017236243, 1020.017236243, 1020.017236243, 1020.017236243, 1020.017236243, 1020.017236243, 1020.017236243, 1020.017236243, 1020.017236243, 1020.017236243, 1020.017236243, 1020.017236243, 1020.017236243, 1020.017236243, 1020.017236243, 1020.017236243, 1020.017236243, 1020.017236243, 1020.017236243, 1020.017236243, 1187.12444252, 1187.12444252, 1187.12444252, 1187.12444252, 1187.12444252, 1187.12444252, 1187.12444252, 1187.12444252, 1187.12444252, 1187.12444252, 1187.12444252, 1187.12444252, 1187.12444252, 1187.12444252, 1187.12444252, 1187.12444252, 1187.12444252, 1187.12444252, 1187.12444252, 1187.12444252, 1187.12444252, 1187.12444252], "time_cpu_usage_count": [1681851013.0, 1681851014.0, 1681851015.0, 1681851016.0, 1681851017.0, 1681851018.0, 1681851019.0, 1681851020.0, 1681851021.0, 1681851022.0, 1681851023.0, 1681851024.0, 1681851025.0, 1681851026.0, 1681851027.0, 1681851028.0, 1681851029.0, 1681851030.0, 1681851031.0, 1681851032.0, 1681851033.0, 1681851034.0, 1681851035.0, 1681851036.0, 1681851037.0, 1681851038.0, 1681851039.0, 1681851040.0, 1681851041.0, 1681851042.0, 1681851043.0, 1681851044.0, 1681851045.0, 1681851046.0, 1681851047.0, 1681851048.0, 1681851049.0, 1681851050.0, 1681851051.0, 1681851052.0, 1681851053.0, 1681851054.0, 1681851055.0, 1681851056.0, 1681851057.0, 1681851058.0, 1681851059.0, 1681851060.0, 1681851061.0, 1681851062.0, 1681851063.0, 1681851064.0, 1681851065.0, 1681851066.0, 1681851067.0, 1681851068.0, 1681851069.0, 1681851070.0, 1681851071.0, 1681851072.0, 1681851073.0, 1681851074.0, 1681851075.0, 1681851076.0, 1681851077.0, 1681851078.0, 1681851079.0, 1681851080.0, 1681851081.0, 1681851082.0, 1681851083.0, 1681851084.0, 1681851085.0, 1681851086.0, 1681851087.0, 1681851088.0, 1681851089.0, 1681851090.0, 1681851091.0, 1681851092.0, 1681851093.0, 1681851094.0, 1681851095.0, 1681851096.0, 1681851097.0, 1681851098.0, 1681851099.0, 1681851100.0, 1681851101.0, 1681851102.0, 1681851103.0, 1681851104.0, 1681851105.0, 1681851106.0, 1681851107.0, 1681851108.0, 1681851109.0, 1681851110.0, 1681851111.0, 1681851112.0, 1681851113.0, 1681851114.0, 1681851115.0, 1681851116.0, 1681851117.0, 1681851118.0, 1681851119.0, 1681851120.0, 1681851121.0, 1681851122.0, 1681851123.0, 1681851124.0], "cpu_usage_rate": [4.196383855915053, 4.302949500648664, 4.409515145382275, 4.516080790115885, 4.622646434849497, 4.729212079583108, 4.835777724316719, 4.94234336905033, 5.048909013783941, 5.1554746585175515, 5.262040303251164, 5.368605947984775, 5.475171592718385, 5.581737237451997, 5.688302882185608, 5.794868526919219, 5.90143417165283, 6.007999816386442, 6.114565461120052, 6.221131105853663, 6.3276967505872745, 6.434262395320885, 6.540828040054497, 6.647393684788108, 6.753959329521718, 6.86052497425533, 6.967090618988942, 7.073656263722552, 7.180221908456163, 7.2867875531897734, 8.614990759262184, 8.741613828615934, 8.868236897969686, 8.994859967323434, 9.121483036677185, 9.248106106030935, 9.374729175384685, 9.501352244738433, 9.627975314092186, 9.754598383445934, 9.881221452799684, 10.007844522153432, 10.134467591507185, 10.261090660860933, 10.387713730214683, 10.514336799568435, 10.640959868922184, 10.767582938275934, 10.894206007629684, 11.020829076983436, 11.147452146337184, 11.274075215690935, 11.400698285044683, 11.527321354398435, 11.653944423752185, 11.780567493105934, 11.907190562459682, 12.033813631813436, 12.160436701167184, 12.287059770520933, 9.983302347685273, 10.083190616724531, 10.183078885763793, 10.282967154803051, 10.38285542384231, 10.48274369288157, 10.582631961920828, 10.682520230960087, 10.782408499999349, 10.882296769038607, 10.982185038077866, 11.082073307117124, 11.181961576156384, 11.281849845195644, 11.381738114234903, 11.481626383274163, 11.581514652313421, 11.68140292135268, 11.781291190391938, 11.8811794594312, 11.981067728470459, 11.98659228471111], "time_cpu_usage_rate": [1681851043.0, 1681851044.0, 1681851045.0, 1681851046.0, 1681851047.0, 1681851048.0, 1681851049.0, 1681851050.0, 1681851051.0, 1681851052.0, 1681851053.0, 1681851054.0, 1681851055.0, 1681851056.0, 1681851057.0, 1681851058.0, 1681851059.0, 1681851060.0, 1681851061.0, 1681851062.0, 1681851063.0, 1681851064.0, 1681851065.0, 1681851066.0, 1681851067.0, 1681851068.0, 1681851069.0, 1681851070.0, 1681851071.0, 1681851072.0, 1681851073.0, 1681851074.0, 1681851075.0, 1681851076.0, 1681851077.0, 1681851078.0, 1681851079.0, 1681851080.0, 1681851081.0, 1681851082.0, 1681851083.0, 1681851084.0, 1681851085.0, 1681851086.0, 1681851087.0, 1681851088.0, 1681851089.0, 1681851090.0, 1681851091.0, 1681851092.0, 1681851093.0, 1681851094.0, 1681851095.0, 1681851096.0, 1681851097.0, 1681851098.0, 1681851099.0, 1681851100.0, 1681851101.0, 1681851102.0, 1681851103.0, 1681851104.0, 1681851105.0, 1681851106.0, 1681851107.0, 1681851108.0, 1681851109.0, 1681851110.0, 1681851111.0, 1681851112.0, 1681851113.0, 1681851114.0, 1681851115.0, 1681851116.0, 1681851117.0, 1681851118.0, 1681851119.0, 1681851120.0, 1681851121.0, 1681851122.0, 1681851123.0, 1681851124.0], "cpu_throttled_count": [9.644336858, 9.644336858, 9.644336858, 9.644336858, 9.644336858, 9.644336858, 9.644336858, 9.644336858, 9.644336858, 9.644336858, 9.644336858, 9.644336858, 9.644336858, 9.644336858, 9.644336858, 9.644336858, 9.644336858, 9.644336858, 9.644336858, 9.644336858, 9.644336858, 9.644336858, 9.644336858, 9.644336858, 9.644336858, 9.644336858, 9.644336858, 9.644336858, 9.644336858, 9.644336858, 10.012949721, 10.012949721, 10.012949721, 10.012949721, 10.012949721, 10.012949721, 10.012949721, 10.012949721, 10.012949721, 10.012949721, 10.012949721, 10.012949721, 10.012949721, 10.012949721, 10.012949721, 10.012949721, 10.012949721, 10.012949721, 10.012949721, 10.012949721, 10.012949721, 10.012949721, 10.012949721, 10.012949721, 10.012949721, 10.012949721, 10.012949721, 10.012949721, 10.012949721, 10.012949721, 10.610738149, 10.610738149, 10.610738149, 10.610738149, 10.610738149, 10.610738149, 10.610738149, 10.610738149, 10.610738149, 10.610738149, 10.610738149, 10.610738149, 10.610738149, 10.610738149, 10.610738149, 10.610738149, 10.610738149, 10.610738149, 10.610738149, 10.610738149, 10.610738149, 10.610738149, 10.610738149, 10.610738149, 10.610738149, 10.610738149, 10.610738149, 10.610738149, 10.610738149, 10.610738149, 10.754893355, 10.754893355, 10.754893355, 10.754893355, 10.754893355, 10.754893355, 10.754893355, 10.754893355, 10.754893355, 10.754893355, 10.754893355, 10.754893355, 10.754893355, 10.754893355, 10.754893355, 10.754893355, 10.754893355, 10.754893355, 10.754893355, 10.754893355, 10.754893355, 10.754893355],