{"cpu_usage_count": [15.153296709, 15.153296709, 15.153296709, 15.153296709, 15.153296709, 15.153296709, 15.153296709, 15.153296709, 15.153296709, 15.153296709, 15.153296709, 15.153296709, 15.153296709, 15.153296709, 15.153296709, 15.153296709, 15.153296709, 15.153296709, 15.153296709, 15.153296709, 15.153296709, 15.153296709, 15.153296709, 15.153296709, 15.153296709, 15.153296709, 15.153296709, 15.153296709, 15.153296709, 15.153296709, 107.869144923, 107.869144923, 107.869144923, 107.869144923, 107.869144923, 107.869144923, 107.869144923, 107.869144923, 107.869144923, 107.869144923, 107.869144923, 107.869144923, 107.869144923, 107.869144923, 107.869144923, 107.869144923, 107.869144923, 107.869144923, 107.869144923, 107.869144923, 107.869144923, 107.869144923, 107.869144923, 107.869144923, 107.869144923, 107.869144923, 107.869144923, 107.869144923, 107.869144923, 107.869144923, 140.465071508, 140.465071508, 140.465071508, 140.465071508, 140.465071508, 140.465071508, 140.465071508, 140.465071508, 140.465071508, 140.465071508, 140.465071508, 140.465071508, 140.465071508, 140.465071508, 140.465071508, 140.465071508, 140.465071508, 140.465071508, 140.465071508, 140.465071508, 140.465071508, 140.465071508, 140.465071508, 140.465071508, 140.465071508, 140.465071508, 140.465071508, 140.465071508, 140.465071508, 140.465071508, 202.801592761, 202.801592761, 202.801592761, 202.801592761, 202.801592761, 202.801592761, 202.801592761, 202.801592761, 202.801592761, 202.801592761, 202.801592761, 202.801592761, 202.801592761, 202.801592761, 202.801592761, 202.801592761, 202.801592761, 202.801592761, 202.801592761, 202.801592761, 202.801592761, 202.801592761, 202.801592761, 202.801592761, 202.801592761], "time_cpu_usage_count": [1681852573.0, 1681852574.0, 1681852575.0, 1681852576.0, 1681852577.0, 1681852578.0, 1681852579.0, 1681852580.0, 1681852581.0, 1681852582.0, 1681852583.0, 1681852584.0, 1681852585.0, 1681852586.0, 1681852587.0, 1681852588.0, 1681852589.0, 1681852590.0, 1681852591.0, 1681852592.0, 1681852593.0, 1681852594.0, 1681852595.0, 1681852596.0, 1681852597.0, 1681852598.0, 1681852599.0, 1681852600.0, 1681852601.0, 1681852602.0, 1681852603.0, 1681852604.0, 1681852605.0, 1681852606.0, 1681852607.0, 1681852608.0, 1681852609.0, 1681852610.0, 1681852611.0, 1681852612.0, 1681852613.0, 1681852614.0, 1681852615.0, 1681852616.0, 1681852617.0, 1681852618.0, 1681852619.0, 1681852620.0, 1681852621.0, 1681852622.0, 1681852623.0, 1681852624.0, 1681852625.0, 1681852626.0, 1681852627.0, 1681852628.0, 1681852629.0, 1681852630.0, 1681852631.0, 1681852632.0, 1681852633.0, 1681852634.0, 1681852635.0, 1681852636.0, 1681852637.0, 1681852638.0, 1681852639.0, 1681852640.0, 1681852641.0, 1681852642.0, 1681852643.0, 1681852644.0, 1681852645.0, 1681852646.0, 1681852647.0, 1681852648.0, 1681852649.0, 1681852650.0, 1681852651.0, 1681852652.0, 1681852653.0, 1681852654.0, 1681852655.0, 1681852656.0, 1681852657.0, 1681852658.0, 1681852659.0, 1681852660.0, 1681852661.0, 1681852662.0, 1681852663.0, 1681852664.0, 1681852665.0, 1681852666.0, 1681852667.0, 1681852668.0, 1681852669.0, 1681852670.0, 1681852671.0, 1681852672.0, 1681852673.0, 1681852674.0, 1681852675.0, 1681852676.0, 1681852677.0, 1681852678.0, 1681852679.0, 1681852680.0, 1681852681.0, 1681852682.0, 1681852683.0, 1681852684.0, 1681852685.0, 1681852686.0, 1681852687.0], "cpu_usage_rate": [0.9222687838944715, 0.9480231861761382, 0.9737775884578048, 0.9995319907394716, 1.0252863930211382, 1.051040795302805, 1.0767951975844714, 1.102549599866138, 1.1283040021478048, 1.1540584044294715, 1.1798128067111382, 1.2055672089928047, 1.2313216112744716, 1.257076013556138, 1.2828304158378048, 1.3085848181194715, 1.3343392204011382, 1.3600936226828046, 1.3858480249644716, 1.411602427246138, 1.4373568295278047, 1.4631112318094714, 1.4888656340911381, 1.5146200363728048, 1.5403744386544715, 1.5661288409361382, 1.5918832432178047, 1.6176376454994714, 1.6433920477811383, 1.6691464500628048, 1.186328065308707, 1.203732478475235, 1.2211368916417626, 1.2385413048082903, 1.2559457179748184, 1.273350131141346, 1.2907545443078736, 1.3081589574744015, 1.3255633706409293, 1.342967783807457, 1.3603721969739848, 1.3777766101405124, 1.3951810233070405, 1.4125854364735682, 1.4299898496400958, 1.4473942628066239, 1.4647986759731517, 1.4822030891396794, 1.4996075023062072, 1.517011915472735, 1.5344163286392627, 1.5518207418057905, 1.5692251549723182, 1.586629568138846, 1.604033981305374, 1.6214383944719015, 1.6388428076384292, 1.6562472208049572, 1.6736516339714849, 1.6910560471380125, 1.7057722549082561, 1.723147097135293, 1.7405219393623301, 1.757896781589367, 1.775271623816404, 1.7926464660434411, 1.8100213082704784, 1.8273961504975154, 1.8447709927245521, 1.8621458349515894, 1.8795206771786261, 1.8968955194056636, 1.9142703616327004, 1.9316452038597374, 1.9490200460867746, 1.9663948883138114, 1.9837697305408488, 2.0011445727678856, 2.0185194149949224, 2.0358942572219596, 2.0532690994489964, 2.0706439416760336, 2.084981067244444, 2.084981067244444, 2.084981067244444], "time_cpu_usage_rate": [1681852603.0, 1681852604.0, 1681852605.0, 1681852606.0, 1681852607.0, 1681852608.0, 1681852609.0, 1681852610.0, 1681852611.0, 1681852612.0, 1681852613.0, 1681852614.0, 1681852615.0, 1681852616.0, 1681852617.0, 1681852618.0, 1681852619.0, 1681852620.0, 1681852621.0, 1681852622.0, 1681852623.0, 1681852624.0, 1681852625.0, 1681852626.0, 1681852627.0, 1681852628.0, 1681852629.0, 1681852630.0, 1681852631.0, 1681852632.0, 1681852633.0, 1681852634.0, 1681852635.0, 1681852636.0, 1681852637.0, 1681852638.0, 1681852639.0, 1681852640.0, 1681852641.0, 1681852642.0, 1681852643.0, 1681852644.0, 1681852645.0, 1681852646.0, 1681852647.0, 1681852648.0, 1681852649.0, 1681852650.0, 1681852651.0, 1681852652.0, 1681852653.0, 1681852654.0, 1681852655.0, 1681852656.0, 1681852657.0, 1681852658.0, 1681852659.0, 1681852660.0, 1681852661.0, 1681852662.0, 1681852663.0, 1681852664.0, 1681852665.0, 1681852666.0, 1681852667.0, 1681852668.0, 1681852669.0, 1681852670.0, 1681852671.0, 1681852672.0, 1681852673.0, 1681852674.0, 1681852675.0, 1681852676.0, 1681852677.0, 1681852678.0, 1681852679.0, 1681852680.0, 1681852681.0, 1681852682.0, 1681852683.0, 1681852684.0, 1681852685.0, 1681852686.0, 1681852687.0], "cpu_throttled_count": [74.185456173, 74.185456173, 74.185456173, 74.185456173, 74.185456173, 74.185456173, 74.185456173, 74.185456173, 74.185456173, 74.185456173, 74.185456173, 74.185456173, 74.185456173, 74.185456173, 74.185456173, 74.185456173, 74.185456173, 74.185456173, 74.185456173, 74.185456173, 74.185456173, 74.185456173, 74.185456173, 74.185456173, 74.185456173, 74.185456173, 74.185456173, 74.185456173, 74.185456173, 74.185456173, 74.440939874, 74.440939874, 74.440939874, 74.440939874, 74.440939874, 74.440939874, 74.440939874, 74.440939874, 74.440939874, 74.440939874, 74.440939874, 74.440939874, 74.440939874, 74.440939874, 74.440939874, 74.440939874, 74.440939874, 74.440939874, 74.440939874, 74.440939874, 74.440939874, 74.440939874, 74.440939874, 74.440939874, 74.440939874, 74.440939874, 74.440939874, 74.440939874, 74.440939874, 74.440939874, 74.511484633, 74.511484633, 74.511484633, 74.511484633, 74.511484633, 74.511484633, 74.511484633, 74.511484633, 74.511484633, 74.511484633, 74.511484633, 74.511484633, 74.511484633, 74.511484633, 74.511484633, 74.511484633, 74.511484633, 74.511484633, 74.511484633, 74.511484633, 74.511484633, 74.511484633, 74.511484633, 74.511484633, 74.511484633, 74.511484633, 74.511484633, 74.511484633, 74.511484633, 74.511484633, 74.658733002, 74.658733002, 74.658733002, 74.658733002, 74.658733002, 74.658733002, 74.658733002, 74.658733002, 74.658733002, 74.658733002, 74.658733002, 74.658733002, 74.658733002, 74.658733002, 74.658733002, 74.658733002, 74.658733002, 74.658733002, 74.658733002, 74.658733002, 74.658733002, 74.658733002, 74.658733002, 74.658733002, 74.658733002],