{"cpu_usage_count": [223.814890481, 223.814890481, 223.814890481, 223.814890481, 223.814890481, 223.814890481, 223.814890481, 223.814890481, 223.814890481, 223.814890481, 223.814890481, 223.814890481, 223.814890481, 223.814890481, 223.814890481, 223.814890481, 223.814890481, 223.814890481, 223.814890481, 223.814890481, 223.814890481, 223.814890481, 223.814890481, 223.814890481, 223.814890481, 223.814890481, 223.814890481, 223.814890481, 223.814890481, 223.814890481, 711.300875527, 711.300875527, 711.300875527, 711.300875527, 711.300875527, 711.300875527, 711.300875527, 711.300875527, 711.300875527, 711.300875527, 711.300875527, 711.300875527, 711.300875527, 711.300875527, 711.300875527, 711.300875527, 711.300875527, 711.300875527, 711.300875527, 711.300875527, 711.300875527, 711.300875527, 711.300875527, 711.300875527, 711.300875527, 711.300875527, 711.300875527, 711.300875527, 711.300875527, 711.300875527, 991.678985601, 991.678985601, 991.678985601, 991.678985601, 991.678985601, 991.678985601, 991.678985601, 991.678985601, 991.678985601, 991.678985601, 991.678985601, 991.678985601, 991.678985601, 991.678985601, 991.678985601, 991.678985601, 991.678985601, 991.678985601, 991.678985601, 991.678985601, 991.678985601, 991.678985601, 991.678985601, 991.678985601, 991.678985601, 991.678985601, 991.678985601, 991.678985601, 991.678985601, 991.678985601, 1473.816183953, 1473.816183953, 1473.816183953, 1473.816183953, 1473.816183953, 1473.816183953, 1473.816183953, 1473.816183953, 1473.816183953, 1473.816183953, 1473.816183953, 1473.816183953, 1473.816183953, 1473.816183953, 1473.816183953, 1473.816183953, 1473.816183953], "time_cpu_usage_count": [1681853653.0, 1681853654.0, 1681853655.0, 1681853656.0, 1681853657.0, 1681853658.0, 1681853659.0, 1681853660.0, 1681853661.0, 1681853662.0, 1681853663.0, 1681853664.0, 1681853665.0, 1681853666.0, 1681853667.0, 1681853668.0, 1681853669.0, 1681853670.0, 1681853671.0, 1681853672.0, 1681853673.0, 1681853674.0, 1681853675.0, 1681853676.0, 1681853677.0, 1681853678.0, 1681853679.0, 1681853680.0, 1681853681.0, 1681853682.0, 1681853683.0, 1681853684.0, 1681853685.0, 1681853686.0, 1681853687.0, 1681853688.0, 1681853689.0, 1681853690.0, 1681853691.0, 1681853692.0, 1681853693.0, 1681853694.0, 1681853695.0, 1681853696.0, 1681853697.0, 1681853698.0, 1681853699.0, 1681853700.0, 1681853701.0, 1681853702.0, 1681853703.0, 1681853704.0, 1681853705.0, 1681853706.0, 1681853707.0, 1681853708.0, 1681853709.0, 1681853710.0, 1681853711.0, 1681853712.0, 1681853713.0, 1681853714.0, 1681853715.0, 1681853716.0, 1681853717.0, 1681853718.0, 1681853719.0, 1681853720.0, 1681853721.0, 1681853722.0, 1681853723.0, 1681853724.0, 1681853725.0, 1681853726.0, 1681853727.0, 1681853728.0, 1681853729.0, 1681853730.0, 1681853731.0, 1681853732.0, 1681853733.0, 1681853734.0, 1681853735.0, 1681853736.0, 1681853737.0, 1681853738.0, 1681853739.0, 1681853740.0, 1681853741.0, 1681853742.0, 1681853743.0, 1681853744.0, 1681853745.0, 1681853746.0, 1681853747.0, 1681853748.0, 1681853749.0, 1681853750.0, 1681853751.0, 1681853752.0, 1681853753.0, 1681853754.0, 1681853755.0, 1681853756.0, 1681853757.0, 1681853758.0, 1681853759.0], "cpu_usage_rate": [6.050326681735201, 6.185739455359089, 6.321152228982979, 6.456565002606867, 6.591977776230757, 6.727390549854645, 6.862803323478534, 6.998216097102423, 7.133628870726312, 7.2690416443502, 7.404454417974089, 7.539867191597978, 7.675279965221867, 7.810692738845756, 7.946105512469645, 8.081518286093534, 8.216931059717423, 8.352343833341312, 8.4877566069652, 8.623169380589088, 8.758582154212979, 8.893994927836868, 9.029407701460757, 9.164820475084644, 9.300233248708535, 9.435646022332424, 9.571058795956311, 9.7064715695802, 9.841884343204091, 9.977297116827978, 8.360721093101922, 8.46736888409081, 8.5740166750797, 8.680664466068588, 8.787312257057478, 8.893960048046365, 9.000607839035256, 9.107255630024145, 9.213903421013034, 9.320551212001922, 9.427199002990813, 9.5338467939797, 9.64049458496859, 9.747142375957477, 9.853790166946368, 9.960437957935255, 10.067085748924145, 10.173733539913032, 10.280381330901923, 10.38702912189081, 10.4936769128797, 10.600324703868587, 10.706972494857478, 10.813620285846365, 10.920268076835255, 11.026915867824146, 11.133563658813035, 11.240211449801922, 11.346859240790812, 11.4535070317797, 12.386778493421213, 12.50251935392788, 12.618260214434546, 12.734001074941213, 12.849741935447879, 12.965482795954548, 13.081223656461214, 13.19696451696788, 13.312705377474547, 13.428446237981214, 13.54418709848788, 13.659927958994547, 13.775668819501213, 13.8889032608, 13.8889032608, 13.8889032608, 13.8889032608], "time_cpu_usage_rate": [1681853683.0, 1681853684.0, 1681853685.0, 1681853686.0, 1681853687.0, 1681853688.0, 1681853689.0, 1681853690.0, 1681853691.0, 1681853692.0, 1681853693.0, 1681853694.0, 1681853695.0, 1681853696.0, 1681853697.0, 1681853698.0, 1681853699.0, 1681853700.0, 1681853701.0, 1681853702.0, 1681853703.0, 1681853704.0, 1681853705.0, 1681853706.0, 1681853707.0, 1681853708.0, 1681853709.0, 1681853710.0, 1681853711.0, 1681853712.0, 1681853713.0, 1681853714.0, 1681853715.0, 1681853716.0, 1681853717.0, 1681853718.0, 1681853719.0, 1681853720.0, 1681853721.0, 1681853722.0, 1681853723.0, 1681853724.0, 1681853725.0, 1681853726.0, 1681853727.0, 1681853728.0, 1681853729.0, 1681853730.0, 1681853731.0, 1681853732.0, 1681853733.0, 1681853734.0, 1681853735.0, 1681853736.0, 1681853737.0, 1681853738.0, 1681853739.0, 1681853740.0, 1681853741.0, 1681853742.0, 1681853743.0, 1681853744.0, 1681853745.0, 1681853746.0, 1681853747.0, 1681853748.0, 1681853749.0, 1681853750.0, 1681853751.0, 1681853752.0, 1681853753.0, 1681853754.0, 1681853755.0, 1681853756.0, 1681853757.0, 1681853758.0, 1681853759.0], "cpu_throttled_count": [9.952937304, 9.952937304, 9.952937304, 9.952937304, 9.952937304, 9.952937304, 9.952937304, 9.952937304, 9.952937304, 9.952937304, 9.952937304, 9.952937304, 9.952937304, 9.952937304, 9.952937304, 9.952937304, 9.952937304, 9.952937304, 9.952937304, 9.952937304, 9.952937304, 9.952937304, 9.952937304, 9.952937304, 9.952937304, 9.952937304, 9.952937304, 9.952937304, 9.952937304, 9.952937304, 11.590058473, 11.590058473, 11.590058473, 11.590058473, 11.590058473, 11.590058473, 11.590058473, 11.590058473, 11.590058473, 11.590058473, 11.590058473, 11.590058473, 11.590058473, 11.590058473, 11.590058473, 11.590058473, 11.590058473, 11.590058473, 11.590058473, 11.590058473, 11.590058473, 11.590058473, 11.590058473, 11.590058473, 11.590058473, 11.590058473, 11.590058473, 11.590058473, 11.590058473, 11.590058473, 12.361099393, 12.361099393, 12.361099393, 12.361099393, 12.361099393, 12.361099393, 12.361099393, 12.361099393, 12.361099393, 12.361099393, 12.361099393, 12.361099393, 12.361099393, 12.361099393, 12.361099393, 12.361099393, 12.361099393, 12.361099393, 12.361099393, 12.361099393, 12.361099393, 12.361099393, 12.361099393, 12.361099393, 12.361099393, 12.361099393, 12.361099393, 12.361099393, 12.361099393, 12.361099393, 14.314627312, 14.314627312, 14.314627312, 14.314627312, 14.314627312, 14.314627312, 14.314627312, 14.314627312, 14.314627312, 14.314627312, 14.314627312, 14.314627312, 14.314627312, 14.314627312, 14.314627312, 14.314627312, 14.314627312],