{"cpu_usage_count": [134.409486238, 134.409486238, 134.409486238, 134.409486238, 134.409486238, 134.409486238, 134.409486238, 134.409486238, 134.409486238, 134.409486238, 134.409486238, 134.409486238, 134.409486238, 134.409486238, 134.409486238, 134.409486238, 134.409486238, 134.409486238, 134.409486238, 134.409486238, 134.409486238, 134.409486238, 134.409486238, 134.409486238, 134.409486238, 134.409486238, 134.409486238, 134.409486238, 134.409486238, 134.409486238, 1150.011697529, 1150.011697529, 1150.011697529, 1150.011697529, 1150.011697529, 1150.011697529, 1150.011697529, 1150.011697529, 1150.011697529, 1150.011697529, 1150.011697529, 1150.011697529, 1150.011697529, 1150.011697529, 1150.011697529, 1150.011697529, 1150.011697529, 1150.011697529, 1150.011697529, 1150.011697529, 1150.011697529, 1150.011697529, 1150.011697529, 1150.011697529, 1150.011697529, 1150.011697529, 1150.011697529, 1150.011697529, 1150.011697529, 1150.011697529, 2089.056471579, 2089.056471579, 2089.056471579, 2089.056471579, 2089.056471579, 2089.056471579, 2089.056471579, 2089.056471579, 2089.056471579, 2089.056471579, 2089.056471579, 2089.056471579, 2089.056471579, 2089.056471579, 2089.056471579, 2089.056471579, 2089.056471579, 2089.056471579, 2089.056471579, 2089.056471579, 2089.056471579, 2089.056471579, 2089.056471579, 2089.056471579, 2089.056471579, 2089.056471579, 2089.056471579, 2089.056471579, 2089.056471579, 2089.056471579, 2944.025250132, 2944.025250132, 2944.025250132, 2944.025250132, 2944.025250132, 2944.025250132, 2944.025250132, 2944.025250132, 2944.025250132, 2944.025250132, 2944.025250132, 2944.025250132, 2944.025250132, 2944.025250132, 2944.025250132, 2944.025250132, 2944.025250132, 2944.025250132, 2944.025250132], "time_cpu_usage_count": [1681856683.0, 1681856684.0, 1681856685.0, 1681856686.0, 1681856687.0, 1681856688.0, 1681856689.0, 1681856690.0, 1681856691.0, 1681856692.0, 1681856693.0, 1681856694.0, 1681856695.0, 1681856696.0, 1681856697.0, 1681856698.0, 1681856699.0, 1681856700.0, 1681856701.0, 1681856702.0, 1681856703.0, 1681856704.0, 1681856705.0, 1681856706.0, 1681856707.0, 1681856708.0, 1681856709.0, 1681856710.0, 1681856711.0, 1681856712.0, 1681856713.0, 1681856714.0, 1681856715.0, 1681856716.0, 1681856717.0, 1681856718.0, 1681856719.0, 1681856720.0, 1681856721.0, 1681856722.0, 1681856723.0, 1681856724.0, 1681856725.0, 1681856726.0, 1681856727.0, 1681856728.0, 1681856729.0, 1681856730.0, 1681856731.0, 1681856732.0, 1681856733.0, 1681856734.0, 1681856735.0, 1681856736.0, 1681856737.0, 1681856738.0, 1681856739.0, 1681856740.0, 1681856741.0, 1681856742.0, 1681856743.0, 1681856744.0, 1681856745.0, 1681856746.0, 1681856747.0, 1681856748.0, 1681856749.0, 1681856750.0, 1681856751.0, 1681856752.0, 1681856753.0, 1681856754.0, 1681856755.0, 1681856756.0, 1681856757.0, 1681856758.0, 1681856759.0, 1681856760.0, 1681856761.0, 1681856762.0, 1681856763.0, 1681856764.0, 1681856765.0, 1681856766.0, 1681856767.0, 1681856768.0, 1681856769.0, 1681856770.0, 1681856771.0, 1681856772.0, 1681856773.0, 1681856774.0, 1681856775.0, 1681856776.0, 1681856777.0, 1681856778.0, 1681856779.0, 1681856780.0, 1681856781.0, 1681856782.0, 1681856783.0, 1681856784.0, 1681856785.0, 1681856786.0, 1681856787.0, 1681856788.0, 1681856789.0, 1681856790.0, 1681856791.0], "cpu_usage_rate": [9.839306147641928, 10.121417873000537, 10.40352959835915, 10.685641323717759, 10.967753049076371, 11.24986477443498, 11.531976499793593, 11.814088225152204, 12.096199950510815, 12.378311675869428, 12.660423401228037, 12.94253512658665, 13.224646851945261, 13.506758577303872, 13.788870302662481, 14.070982028021094, 14.353093753379705, 14.635205478738317, 14.917317204096925, 15.199428929455538, 15.481540654814149, 15.763652380172761, 16.045764105531372, 16.327875830889983, 16.609987556248594, 16.892099281607205, 17.174211006965816, 17.456322732324427, 17.738434457683034, 18.02054618304165, 17.655035154228372, 17.926513902192404, 18.19799265015643, 18.469471398120458, 18.740950146084483, 19.01242889404851, 19.283907642012544, 19.55538638997657, 19.826865137940597, 20.098343885904622, 20.36982263386865, 20.641301381832683, 20.912780129796708, 21.184258877760733, 21.455737625724762, 21.72721637368879, 21.99869512165282, 22.270173869616844, 22.541652617580876, 22.8131313655449, 23.08461011350893, 23.356088861472962, 23.627567609436987, 23.899046357401012, 24.170525105365037, 24.442003853329073, 24.713482601293098, 24.984961349257123, 25.25644009722115, 25.52791884518518, 24.769499445345545, 25.02964905311351, 25.28979866088147, 25.54994826864943, 25.810097876417395, 26.070247484185362, 26.330397091953323, 26.590546699721287, 26.850696307489248, 27.110845915257208, 27.370995523025176, 27.631145130793136, 27.8912947385611, 28.151444346329065, 28.411593954097025, 28.67174356186499, 28.931893169632954, 29.192042777400914, 29.45219238516888], "time_cpu_usage_rate": [1681856713.0, 1681856714.0, 1681856715.0, 1681856716.0, 1681856717.0, 1681856718.0, 1681856719.0, 1681856720.0, 1681856721.0, 1681856722.0, 1681856723.0, 1681856724.0, 1681856725.0, 1681856726.0, 1681856727.0, 1681856728.0, 1681856729.0, 1681856730.0, 1681856731.0, 1681856732.0, 1681856733.0, 1681856734.0, 1681856735.0, 1681856736.0, 1681856737.0, 1681856738.0, 1681856739.0, 1681856740.0, 1681856741.0, 1681856742.0, 1681856743.0, 1681856744.0, 1681856745.0, 1681856746.0, 1681856747.0, 1681856748.0, 1681856749.0, 1681856750.0, 1681856751.0, 1681856752.0, 1681856753.0, 1681856754.0, 1681856755.0, 1681856756.0, 1681856757.0, 1681856758.0, 1681856759.0, 1681856760.0, 1681856761.0, 1681856762.0, 1681856763.0, 1681856764.0, 1681856765.0, 1681856766.0, 1681856767.0, 1681856768.0, 1681856769.0, 1681856770.0, 1681856771.0, 1681856772.0, 1681856773.0, 1681856774.0, 1681856775.0, 1681856776.0, 1681856777.0, 1681856778.0, 1681856779.0, 1681856780.0, 1681856781.0, 1681856782.0, 1681856783.0, 1681856784.0, 1681856785.0, 1681856786.0, 1681856787.0, 1681856788.0, 1681856789.0, 1681856790.0, 1681856791.0], "cpu_throttled_count": [3.083350868, 3.083350868, 3.083350868, 3.083350868, 3.083350868, 3.083350868, 3.083350868, 3.083350868, 3.083350868, 3.083350868, 3.083350868, 3.083350868, 3.083350868, 3.083350868, 3.083350868, 3.083350868, 3.083350868, 3.083350868, 3.083350868, 3.083350868, 3.083350868, 3.083350868, 3.083350868, 3.083350868, 3.083350868, 3.083350868, 3.083350868, 3.083350868, 3.083350868, 3.083350868, 7.195784878, 7.195784878, 7.195784878, 7.195784878, 7.195784878, 7.195784878, 7.195784878, 7.195784878, 7.195784878, 7.195784878, 7.195784878, 7.195784878, 7.195784878, 7.195784878, 7.195784878, 7.195784878, 7.195784878, 7.195784878, 7.195784878, 7.195784878, 7.195784878, 7.195784878, 7.195784878, 7.195784878, 7.195784878, 7.195784878, 7.195784878, 7.195784878, 7.195784878, 7.195784878, 11.377212376, 11.377212376, 11.377212376, 11.377212376, 11.377212376, 11.377212376, 11.377212376, 11.377212376, 11.377212376, 11.377212376, 11.377212376, 11.377212376, 11.377212376, 11.377212376, 11.377212376, 11.377212376, 11.377212376, 11.377212376, 11.377212376, 11.377212376, 11.377212376, 11.377212376, 11.377212376, 11.377212376, 11.377212376, 11.377212376, 11.377212376, 11.377212376, 11.377212376, 11.377212376, 15.172826024, 15.172826024, 15.172826024, 15.172826024, 15.172826024, 15.172826024, 15.172826024, 15.172826024, 15.172826024, 15.172826024, 15.172826024, 15.172826024, 15.172826024, 15.172826024, 15.172826024, 15.172826024, 15.172826024, 15.172826024, 15.172826024],