{"cpu_usage_count": [38.224360596, 38.224360596, 38.224360596, 38.224360596, 38.224360596, 38.224360596, 38.224360596, 38.224360596, 38.224360596, 38.224360596, 38.224360596, 38.224360596, 38.224360596, 38.224360596, 38.224360596, 38.224360596, 38.224360596, 38.224360596, 38.224360596, 38.224360596, 38.224360596, 38.224360596, 38.224360596, 38.224360596, 38.224360596, 38.224360596, 38.224360596, 38.224360596, 38.224360596, 38.224360596, 345.600271754, 345.600271754, 345.600271754, 345.600271754, 345.600271754, 345.600271754, 345.600271754, 345.600271754, 345.600271754, 345.600271754, 345.600271754, 345.600271754, 345.600271754, 345.600271754, 345.600271754, 345.600271754, 345.600271754, 345.600271754, 345.600271754, 345.600271754, 345.600271754, 345.600271754, 345.600271754, 345.600271754, 345.600271754, 345.600271754, 345.600271754, 345.600271754, 345.600271754, 345.600271754, 529.001176897, 529.001176897, 529.001176897, 529.001176897, 529.001176897, 529.001176897, 529.001176897, 529.001176897, 529.001176897, 529.001176897, 529.001176897, 529.001176897, 529.001176897, 529.001176897, 529.001176897, 529.001176897, 529.001176897, 529.001176897, 529.001176897, 529.001176897, 529.001176897, 529.001176897, 529.001176897, 529.001176897, 529.001176897, 529.001176897, 529.001176897, 529.001176897, 529.001176897, 529.001176897, 771.860077099, 771.860077099, 771.860077099, 771.860077099, 771.860077099, 771.860077099, 771.860077099, 771.860077099, 771.860077099, 771.860077099, 771.860077099, 771.860077099, 771.860077099, 771.860077099, 771.860077099, 771.860077099, 771.860077099, 771.860077099, 771.860077099, 771.860077099], "time_cpu_usage_count": [1681858423.0, 1681858424.0, 1681858425.0, 1681858426.0, 1681858427.0, 1681858428.0, 1681858429.0, 1681858430.0, 1681858431.0, 1681858432.0, 1681858433.0, 1681858434.0, 1681858435.0, 1681858436.0, 1681858437.0, 1681858438.0, 1681858439.0, 1681858440.0, 1681858441.0, 1681858442.0, 1681858443.0, 1681858444.0, 1681858445.0, 1681858446.0, 1681858447.0, 1681858448.0, 1681858449.0, 1681858450.0, 1681858451.0, 1681858452.0, 1681858453.0, 1681858454.0, 1681858455.0, 1681858456.0, 1681858457.0, 1681858458.0, 1681858459.0, 1681858460.0, 1681858461.0, 1681858462.0, 1681858463.0, 1681858464.0, 1681858465.0, 1681858466.0, 1681858467.0, 1681858468.0, 1681858469.0, 1681858470.0, 1681858471.0, 1681858472.0, 1681858473.0, 1681858474.0, 1681858475.0, 1681858476.0, 1681858477.0, 1681858478.0, 1681858479.0, 1681858480.0, 1681858481.0, 1681858482.0, 1681858483.0, 1681858484.0, 1681858485.0, 1681858486.0, 1681858487.0, 1681858488.0, 1681858489.0, 1681858490.0, 1681858491.0, 1681858492.0, 1681858493.0, 1681858494.0, 1681858495.0, 1681858496.0, 1681858497.0, 1681858498.0, 1681858499.0, 1681858500.0, 1681858501.0, 1681858502.0, 1681858503.0, 1681858504.0, 1681858505.0, 1681858506.0, 1681858507.0, 1681858508.0, 1681858509.0, 1681858510.0, 1681858511.0, 1681858512.0, 1681858513.0, 1681858514.0, 1681858515.0, 1681858516.0, 1681858517.0, 1681858518.0, 1681858519.0, 1681858520.0, 1681858521.0, 1681858522.0, 1681858523.0, 1681858524.0, 1681858525.0, 1681858526.0, 1681858527.0, 1681858528.0, 1681858529.0, 1681858530.0, 1681858531.0, 1681858532.0], "cpu_usage_rate": [2.9574439177889738, 3.042826115332863, 3.1282083128767515, 3.2135905104206413, 3.2989727079645297, 3.3843549055084186, 3.4697371030523074, 3.5551193005961963, 3.6405014981400847, 3.725883695683974, 3.8112658932278625, 3.8966480907717522, 3.9820302883156407, 4.0674124858595295, 4.152794683403418, 4.238176880947307, 4.323559078491197, 4.408941276035085, 4.494323473578974, 4.579705671122863, 4.665087868666752, 4.7504700662106405, 4.83585226375453, 4.921234461298419, 5.006616658842307, 5.091998856386196, 5.177381053930086, 5.262763251473974, 5.348145449017863, 5.433527646561752, 4.470167386972918, 4.53833083368139, 4.606494280389863, 4.674657727098335, 4.7428211738068065, 4.8109846205152795, 4.879148067223752, 4.947311513932224, 5.015474960640696, 5.083638407349168, 5.1518018540576405, 5.2199653007661135, 5.288128747474585, 5.356292194183056, 5.424455640891529, 5.492619087600001, 5.560782534308474, 5.628945981016946, 5.697109427725419, 5.76527287443389, 5.833436321142362, 5.901599767850835, 5.969763214559308, 6.037926661267779, 6.106090107976252, 6.174253554684724, 6.242417001393196, 6.3105804481016685, 6.37874389481014, 6.446907341518613, 6.493779123497983, 6.561708356507521, 6.629637589517057, 6.697566822526594, 6.765496055536131, 6.833425288545669, 6.901354521555206, 6.969283754564742, 7.0372129875742795, 7.105142220583816, 7.173071453593354, 7.241000686602891, 7.308929919612427, 7.3768591526219645, 7.444788385631501, 7.512717618641038, 7.580646851650576, 7.648576084660113, 7.716505317669649, 7.784434550679186], "time_cpu_usage_rate": [1681858453.0, 1681858454.0, 1681858455.0, 1681858456.0, 1681858457.0, 1681858458.0, 1681858459.0, 1681858460.0, 1681858461.0, 1681858462.0, 1681858463.0, 1681858464.0, 1681858465.0, 1681858466.0, 1681858467.0, 1681858468.0, 1681858469.0, 1681858470.0, 1681858471.0, 1681858472.0, 1681858473.0, 1681858474.0, 1681858475.0, 1681858476.0, 1681858477.0, 1681858478.0, 1681858479.0, 1681858480.0, 1681858481.0, 1681858482.0, 1681858483.0, 1681858484.0, 1681858485.0, 1681858486.0, 1681858487.0, 1681858488.0, 1681858489.0, 1681858490.0, 1681858491.0, 1681858492.0, 1681858493.0, 1681858494.0, 1681858495.0, 1681858496.0, 1681858497.0, 1681858498.0, 1681858499.0, 1681858500.0, 1681858501.0, 1681858502.0, 1681858503.0, 1681858504.0, 1681858505.0, 1681858506.0, 1681858507.0, 1681858508.0, 1681858509.0, 1681858510.0, 1681858511.0, 1681858512.0, 1681858513.0, 1681858514.0, 1681858515.0, 1681858516.0, 1681858517.0, 1681858518.0, 1681858519.0, 1681858520.0, 1681858521.0, 1681858522.0, 1681858523.0, 1681858524.0, 1681858525.0, 1681858526.0, 1681858527.0, 1681858528.0, 1681858529.0, 1681858530.0, 1681858531.0, 1681858532.0], "cpu_throttled_count": [17.740319021, 17.740319021, 17.740319021, 17.740319021, 17.740319021, 17.740319021, 17.740319021, 17.740319021, 17.740319021, 17.740319021, 17.740319021, 17.740319021, 17.740319021, 17.740319021, 17.740319021, 17.740319021, 17.740319021, 17.740319021, 17.740319021, 17.740319021, 17.740319021, 17.740319021, 17.740319021, 17.740319021, 17.740319021, 17.740319021, 17.740319021, 17.740319021, 17.740319021, 17.740319021, 18.529529657, 18.529529657, 18.529529657, 18.529529657, 18.529529657, 18.529529657, 18.529529657, 18.529529657, 18.529529657, 18.529529657, 18.529529657, 18.529529657, 18.529529657, 18.529529657, 18.529529657, 18.529529657, 18.529529657, 18.529529657, 18.529529657, 18.529529657, 18.529529657, 18.529529657, 18.529529657, 18.529529657, 18.529529657, 18.529529657, 18.529529657, 18.529529657, 18.529529657, 18.529529657, 18.925596977, 18.925596977, 18.925596977, 18.925596977, 18.925596977, 18.925596977, 18.925596977, 18.925596977, 18.925596977, 18.925596977, 18.925596977, 18.925596977, 18.925596977, 18.925596977, 18.925596977, 18.925596977, 18.925596977, 18.925596977, 18.925596977, 18.925596977, 18.925596977, 18.925596977, 18.925596977, 18.925596977, 18.925596977, 18.925596977, 18.925596977, 18.925596977, 18.925596977, 18.925596977, 19.576747569, 19.576747569, 19.576747569, 19.576747569, 19.576747569, 19.576747569, 19.576747569, 19.576747569, 19.576747569, 19.576747569, 19.576747569, 19.576747569, 19.576747569, 19.576747569, 19.576747569, 19.576747569, 19.576747569, 19.576747569, 19.576747569, 19.576747569],