{"cpu_usage_count": [95.907128843, 95.907128843, 95.907128843, 95.907128843, 95.907128843, 95.907128843, 95.907128843, 95.907128843, 95.907128843, 95.907128843, 95.907128843, 95.907128843, 95.907128843, 95.907128843, 95.907128843, 95.907128843, 95.907128843, 95.907128843, 95.907128843, 95.907128843, 95.907128843, 95.907128843, 95.907128843, 95.907128843, 95.907128843, 95.907128843, 95.907128843, 95.907128843, 95.907128843, 95.907128843, 585.649747659, 585.649747659, 585.649747659, 585.649747659, 585.649747659, 585.649747659, 585.649747659, 585.649747659, 585.649747659, 585.649747659, 585.649747659, 585.649747659, 585.649747659, 585.649747659, 585.649747659, 585.649747659, 585.649747659, 585.649747659, 585.649747659, 585.649747659, 585.649747659, 585.649747659, 585.649747659, 585.649747659, 585.649747659, 585.649747659, 585.649747659, 585.649747659, 585.649747659, 585.649747659, 1029.226946829, 1029.226946829, 1029.226946829, 1029.226946829, 1029.226946829, 1029.226946829, 1029.226946829, 1029.226946829, 1029.226946829, 1029.226946829, 1029.226946829, 1029.226946829, 1029.226946829, 1029.226946829, 1029.226946829, 1029.226946829, 1029.226946829, 1029.226946829, 1029.226946829, 1029.226946829, 1029.226946829, 1029.226946829, 1029.226946829, 1029.226946829, 1029.226946829, 1029.226946829, 1029.226946829, 1029.226946829, 1029.226946829, 1029.226946829, 1428.14554262, 1428.14554262, 1428.14554262, 1428.14554262, 1428.14554262, 1428.14554262, 1428.14554262, 1428.14554262, 1428.14554262, 1428.14554262, 1428.14554262, 1428.14554262, 1428.14554262, 1428.14554262, 1428.14554262, 1428.14554262, 1428.14554262, 1428.14554262, 1428.14554262, 1428.14554262], "time_cpu_usage_count": [1681858993.0, 1681858994.0, 1681858995.0, 1681858996.0, 1681858997.0, 1681858998.0, 1681858999.0, 1681859000.0, 1681859001.0, 1681859002.0, 1681859003.0, 1681859004.0, 1681859005.0, 1681859006.0, 1681859007.0, 1681859008.0, 1681859009.0, 1681859010.0, 1681859011.0, 1681859012.0, 1681859013.0, 1681859014.0, 1681859015.0, 1681859016.0, 1681859017.0, 1681859018.0, 1681859019.0, 1681859020.0, 1681859021.0, 1681859022.0, 1681859023.0, 1681859024.0, 1681859025.0, 1681859026.0, 1681859027.0, 1681859028.0, 1681859029.0, 1681859030.0, 1681859031.0, 1681859032.0, 1681859033.0, 1681859034.0, 1681859035.0, 1681859036.0, 1681859037.0, 1681859038.0, 1681859039.0, 1681859040.0, 1681859041.0, 1681859042.0, 1681859043.0, 1681859044.0, 1681859045.0, 1681859046.0, 1681859047.0, 1681859048.0, 1681859049.0, 1681859050.0, 1681859051.0, 1681859052.0, 1681859053.0, 1681859054.0, 1681859055.0, 1681859056.0, 1681859057.0, 1681859058.0, 1681859059.0, 1681859060.0, 1681859061.0, 1681859062.0, 1681859063.0, 1681859064.0, 1681859065.0, 1681859066.0, 1681859067.0, 1681859068.0, 1681859069.0, 1681859070.0, 1681859071.0, 1681859072.0, 1681859073.0, 1681859074.0, 1681859075.0, 1681859076.0, 1681859077.0, 1681859078.0, 1681859079.0, 1681859080.0, 1681859081.0, 1681859082.0, 1681859083.0, 1681859084.0, 1681859085.0, 1681859086.0, 1681859087.0, 1681859088.0, 1681859089.0, 1681859090.0, 1681859091.0, 1681859092.0, 1681859093.0, 1681859094.0, 1681859095.0, 1681859096.0, 1681859097.0, 1681859098.0, 1681859099.0, 1681859100.0, 1681859101.0, 1681859102.0], "cpu_usage_rate": [5.003802495843365, 5.139842112181142, 5.275881728518921, 5.411921344856697, 5.547960961194476, 5.684000577532253, 5.820040193870031, 5.956079810207809, 6.092119426545588, 6.228159042883364, 6.364198659221143, 6.500238275558919, 6.636277891896698, 6.772317508234475, 6.908357124572253, 7.044396740910032, 7.180436357247809, 7.316475973585587, 7.452515589923364, 7.588555206261143, 7.724594822598919, 7.860634438936698, 7.996674055274476, 8.132713671612255, 8.268753287950032, 8.40479290428781, 8.540832520625587, 8.676872136963365, 8.812911753301142, 8.948951369638921, 8.694463595090737, 8.824091347588793, 8.95371910008685, 9.083346852584905, 9.212974605082959, 9.342602357581017, 9.472230110079071, 9.601857862577127, 9.731485615075181, 9.861113367573239, 9.990741120071295, 10.120368872569347, 10.249996625067403, 10.37962437756546, 10.509252130063516, 10.638879882561572, 10.768507635059626, 10.898135387557684, 11.027763140055738, 11.157390892553792, 11.28701864505185, 11.416646397549904, 11.54627415004796, 11.675901902546014, 11.805529655044072, 11.935157407542128, 12.06478516004018, 12.194412912538237, 12.324040665036295, 12.453668417534349, 12.013096210842198, 12.136451619525253, 12.259807028208309, 12.383162436891363, 12.506517845574418, 12.629873254257472, 12.753228662940531, 12.876584071623586, 12.99993948030664, 13.123294888989697, 13.246650297672751, 13.370005706355808, 13.493361115038864, 13.61671652372192, 13.740071932404975, 13.863427341088029, 13.986782749771086, 14.110138158454141, 14.233493567137197, 14.356848975820252], "time_cpu_usage_rate": [1681859023.0, 1681859024.0, 1681859025.0, 1681859026.0, 1681859027.0, 1681859028.0, 1681859029.0, 1681859030.0, 1681859031.0, 1681859032.0, 1681859033.0, 1681859034.0, 1681859035.0, 1681859036.0, 1681859037.0, 1681859038.0, 1681859039.0, 1681859040.0, 1681859041.0, 1681859042.0, 1681859043.0, 1681859044.0, 1681859045.0, 1681859046.0, 1681859047.0, 1681859048.0, 1681859049.0, 1681859050.0, 1681859051.0, 1681859052.0, 1681859053.0, 1681859054.0, 1681859055.0, 1681859056.0, 1681859057.0, 1681859058.0, 1681859059.0, 1681859060.0, 1681859061.0, 1681859062.0, 1681859063.0, 1681859064.0, 1681859065.0, 1681859066.0, 1681859067.0, 1681859068.0, 1681859069.0, 1681859070.0, 1681859071.0, 1681859072.0, 1681859073.0, 1681859074.0, 1681859075.0, 1681859076.0, 1681859077.0, 1681859078.0, 1681859079.0, 1681859080.0, 1681859081.0, 1681859082.0, 1681859083.0, 1681859084.0, 1681859085.0, 1681859086.0, 1681859087.0, 1681859088.0, 1681859089.0, 1681859090.0, 1681859091.0, 1681859092.0, 1681859093.0, 1681859094.0, 1681859095.0, 1681859096.0, 1681859097.0, 1681859098.0, 1681859099.0, 1681859100.0, 1681859101.0, 1681859102.0], "cpu_throttled_count": [10.412157573, 10.412157573, 10.412157573, 10.412157573, 10.412157573, 10.412157573, 10.412157573, 10.412157573, 10.412157573, 10.412157573, 10.412157573, 10.412157573, 10.412157573, 10.412157573, 10.412157573, 10.412157573, 10.412157573, 10.412157573, 10.412157573, 10.412157573, 10.412157573, 10.412157573, 10.412157573, 10.412157573, 10.412157573, 10.412157573, 10.412157573, 10.412157573, 10.412157573, 10.412157573, 11.916914819, 11.916914819, 11.916914819, 11.916914819, 11.916914819, 11.916914819, 11.916914819, 11.916914819, 11.916914819, 11.916914819, 11.916914819, 11.916914819, 11.916914819, 11.916914819, 11.916914819, 11.916914819, 11.916914819, 11.916914819, 11.916914819, 11.916914819, 11.916914819, 11.916914819, 11.916914819, 11.916914819, 11.916914819, 11.916914819, 11.916914819, 11.916914819, 11.916914819, 11.916914819, 13.1383581, 13.1383581, 13.1383581, 13.1383581, 13.1383581, 13.1383581, 13.1383581, 13.1383581, 13.1383581, 13.1383581, 13.1383581, 13.1383581, 13.1383581, 13.1383581, 13.1383581, 13.1383581, 13.1383581, 13.1383581, 13.1383581, 13.1383581, 13.1383581, 13.1383581, 13.1383581, 13.1383581, 13.1383581, 13.1383581, 13.1383581, 13.1383581, 13.1383581, 13.1383581, 14.037125882, 14.037125882, 14.037125882, 14.037125882, 14.037125882, 14.037125882, 14.037125882, 14.037125882, 14.037125882, 14.037125882, 14.037125882, 14.037125882, 14.037125882, 14.037125882, 14.037125882, 14.037125882, 14.037125882, 14.037125882, 14.037125882, 14.037125882],