{"cpu_usage_count": [15.973682121, 15.973682121, 15.973682121, 15.973682121, 15.973682121, 15.973682121, 15.973682121, 15.973682121, 15.973682121, 15.973682121, 15.973682121, 15.973682121, 15.973682121, 15.973682121, 15.973682121, 15.973682121, 15.973682121, 15.973682121, 15.973682121, 15.973682121, 15.973682121, 15.973682121, 15.973682121, 15.973682121, 15.973682121, 15.973682121, 15.973682121, 15.973682121, 15.973682121, 15.973682121, 168.483284759, 168.483284759, 168.483284759, 168.483284759, 168.483284759, 168.483284759, 168.483284759, 168.483284759, 168.483284759, 168.483284759, 168.483284759, 168.483284759, 168.483284759, 168.483284759, 168.483284759, 168.483284759, 168.483284759, 168.483284759, 168.483284759, 168.483284759, 168.483284759, 168.483284759, 168.483284759, 168.483284759, 168.483284759, 168.483284759, 168.483284759, 168.483284759, 168.483284759, 168.483284759, 265.768683453, 265.768683453, 265.768683453, 265.768683453, 265.768683453, 265.768683453, 265.768683453, 265.768683453, 265.768683453, 265.768683453, 265.768683453, 265.768683453, 265.768683453, 265.768683453, 265.768683453, 265.768683453, 265.768683453, 265.768683453, 265.768683453, 265.768683453, 265.768683453, 265.768683453, 265.768683453, 265.768683453, 265.768683453, 265.768683453, 265.768683453, 265.768683453, 265.768683453, 265.768683453, 392.848105143, 392.848105143, 392.848105143, 392.848105143, 392.848105143, 392.848105143, 392.848105143, 392.848105143, 392.848105143, 392.848105143, 392.848105143, 392.848105143, 392.848105143, 392.848105143, 392.848105143, 392.848105143, 392.848105143, 392.848105143, 392.848105143, 392.848105143, 392.848105143, 392.848105143, 392.848105143, 392.848105143, 392.848105143], "time_cpu_usage_count": [1681860733.0, 1681860734.0, 1681860735.0, 1681860736.0, 1681860737.0, 1681860738.0, 1681860739.0, 1681860740.0, 1681860741.0, 1681860742.0, 1681860743.0, 1681860744.0, 1681860745.0, 1681860746.0, 1681860747.0, 1681860748.0, 1681860749.0, 1681860750.0, 1681860751.0, 1681860752.0, 1681860753.0, 1681860754.0, 1681860755.0, 1681860756.0, 1681860757.0, 1681860758.0, 1681860759.0, 1681860760.0, 1681860761.0, 1681860762.0, 1681860763.0, 1681860764.0, 1681860765.0, 1681860766.0, 1681860767.0, 1681860768.0, 1681860769.0, 1681860770.0, 1681860771.0, 1681860772.0, 1681860773.0, 1681860774.0, 1681860775.0, 1681860776.0, 1681860777.0, 1681860778.0, 1681860779.0, 1681860780.0, 1681860781.0, 1681860782.0, 1681860783.0, 1681860784.0, 1681860785.0, 1681860786.0, 1681860787.0, 1681860788.0, 1681860789.0, 1681860790.0, 1681860791.0, 1681860792.0, 1681860793.0, 1681860794.0, 1681860795.0, 1681860796.0, 1681860797.0, 1681860798.0, 1681860799.0, 1681860800.0, 1681860801.0, 1681860802.0, 1681860803.0, 1681860804.0, 1681860805.0, 1681860806.0, 1681860807.0, 1681860808.0, 1681860809.0, 1681860810.0, 1681860811.0, 1681860812.0, 1681860813.0, 1681860814.0, 1681860815.0, 1681860816.0, 1681860817.0, 1681860818.0, 1681860819.0, 1681860820.0, 1681860821.0, 1681860822.0, 1681860823.0, 1681860824.0, 1681860825.0, 1681860826.0, 1681860827.0, 1681860828.0, 1681860829.0, 1681860830.0, 1681860831.0, 1681860832.0, 1681860833.0, 1681860834.0, 1681860835.0, 1681860836.0, 1681860837.0, 1681860838.0, 1681860839.0, 1681860840.0, 1681860841.0, 1681860842.0, 1681860843.0, 1681860844.0, 1681860845.0, 1681860846.0, 1681860847.0], "cpu_usage_rate": [1.4424513201007405, 1.4848150986112958, 1.5271788771218515, 1.569542655632407, 1.6119064341429625, 1.654270212653518, 1.6966339911640738, 1.738997769674629, 1.7813615481851848, 1.82372532669574, 1.8660891052062958, 1.9084528837168513, 1.950816662227407, 1.9931804407379623, 2.0355442192485182, 2.0779079977590738, 2.1202717762696293, 2.1626355547801848, 2.2049993332907403, 2.247363111801296, 2.2897268903118513, 2.3320906688224072, 2.3744544473329627, 2.4168182258435182, 2.4591820043540737, 2.5015457828646293, 2.5439095613751848, 2.5862733398857403, 2.628637118396296, 2.6710008969068513, 2.246206260192795, 2.2809000103777946, 2.315593760562795, 2.3502875107477954, 2.384981260932795, 2.419675011117795, 2.4543687613027947, 2.489062511487795, 2.523756261672795, 2.558450011857795, 2.5931437620427946, 2.627837512227795, 2.6625312624127946, 2.697225012597795, 2.7319187627827954, 2.766612512967795, 2.801306263152795, 2.8360000133377947, 2.870693763522795, 2.905387513707795, 2.940081263892795, 2.9747750140777947, 3.009468764262795, 3.044162514447795, 3.078856264632795, 3.113550014817795, 3.1482437650027952, 3.182937515187795, 3.2176312653727948, 3.252325015557795, 3.305384681902866, 3.3402804618123105, 3.3751762417217543, 3.4100720216311995, 3.4449678015406437, 3.4798635814500884, 3.5147593613595323, 3.549655141268977, 3.5845509211784217, 3.6194467010878664, 3.65434248099731, 3.689238260906755, 3.7241340408161987, 3.7590298207256434, 3.7939256006350885, 3.828821380544533, 3.863717160453977, 3.8986129403634213, 3.933508720272866, 3.96840450018231, 4.0033002800917545, 4.0381960600012, 4.073091839910644, 4.107987619820088, 4.1428833997295325], "time_cpu_usage_rate": [1681860763.0, 1681860764.0, 1681860765.0, 1681860766.0, 1681860767.0, 1681860768.0, 1681860769.0, 1681860770.0, 1681860771.0, 1681860772.0, 1681860773.0, 1681860774.0, 1681860775.0, 1681860776.0, 1681860777.0, 1681860778.0, 1681860779.0, 1681860780.0, 1681860781.0, 1681860782.0, 1681860783.0, 1681860784.0, 1681860785.0, 1681860786.0, 1681860787.0, 1681860788.0, 1681860789.0, 1681860790.0, 1681860791.0, 1681860792.0, 1681860793.0, 1681860794.0, 1681860795.0, 1681860796.0, 1681860797.0, 1681860798.0, 1681860799.0, 1681860800.0, 1681860801.0, 1681860802.0, 1681860803.0, 1681860804.0, 1681860805.0, 1681860806.0, 1681860807.0, 1681860808.0, 1681860809.0, 1681860810.0, 1681860811.0, 1681860812.0, 1681860813.0, 1681860814.0, 1681860815.0, 1681860816.0, 1681860817.0, 1681860818.0, 1681860819.0, 1681860820.0, 1681860821.0, 1681860822.0, 1681860823.0, 1681860824.0, 1681860825.0, 1681860826.0, 1681860827.0, 1681860828.0, 1681860829.0, 1681860830.0, 1681860831.0, 1681860832.0, 1681860833.0, 1681860834.0, 1681860835.0, 1681860836.0, 1681860837.0, 1681860838.0, 1681860839.0, 1681860840.0, 1681860841.0, 1681860842.0, 1681860843.0, 1681860844.0, 1681860845.0, 1681860846.0, 1681860847.0], "cpu_throttled_count": [33.395296847, 33.395296847, 33.395296847, 33.395296847, 33.395296847, 33.395296847, 33.395296847, 33.395296847, 33.395296847, 33.395296847, 33.395296847, 33.395296847, 33.395296847, 33.395296847, 33.395296847, 33.395296847, 33.395296847, 33.395296847, 33.395296847, 33.395296847, 33.395296847, 33.395296847, 33.395296847, 33.395296847, 33.395296847, 33.395296847, 33.395296847, 33.395296847, 33.395296847, 33.395296847, 33.819783073, 33.819783073, 33.819783073, 33.819783073, 33.819783073, 33.819783073, 33.819783073, 33.819783073, 33.819783073, 33.819783073, 33.819783073, 33.819783073, 33.819783073, 33.819783073, 33.819783073, 33.819783073, 33.819783073, 33.819783073, 33.819783073, 33.819783073, 33.819783073, 33.819783073, 33.819783073, 33.819783073, 33.819783073, 33.819783073, 33.819783073, 33.819783073, 33.819783073, 33.819783073, 34.0990805, 34.0990805, 34.0990805, 34.0990805, 34.0990805, 34.0990805, 34.0990805, 34.0990805, 34.0990805, 34.0990805, 34.0990805, 34.0990805, 34.0990805, 34.0990805, 34.0990805, 34.0990805, 34.0990805, 34.0990805, 34.0990805, 34.0990805, 34.0990805, 34.0990805, 34.0990805, 34.0990805, 34.0990805, 34.0990805, 34.0990805, 34.0990805, 34.0990805, 34.0990805, 34.395842456, 34.395842456, 34.395842456, 34.395842456, 34.395842456, 34.395842456, 34.395842456, 34.395842456, 34.395842456, 34.395842456, 34.395842456, 34.395842456, 34.395842456, 34.395842456, 34.395842456, 34.395842456, 34.395842456, 34.395842456, 34.395842456, 34.395842456, 34.395842456, 34.395842456, 34.395842456, 34.395842456, 34.395842456],