{"cpu_usage_count": [43.458237046, 43.458237046, 43.458237046, 43.458237046, 43.458237046, 43.458237046, 43.458237046, 43.458237046, 43.458237046, 43.458237046, 43.458237046, 43.458237046, 43.458237046, 43.458237046, 43.458237046, 43.458237046, 43.458237046, 43.458237046, 43.458237046, 43.458237046, 43.458237046, 43.458237046, 43.458237046, 43.458237046, 43.458237046, 43.458237046, 43.458237046, 43.458237046, 43.458237046, 43.458237046, 244.19896525, 244.19896525, 244.19896525, 244.19896525, 244.19896525, 244.19896525, 244.19896525, 244.19896525, 244.19896525, 244.19896525, 244.19896525, 244.19896525, 244.19896525, 244.19896525, 244.19896525, 244.19896525, 244.19896525, 244.19896525, 244.19896525, 244.19896525, 244.19896525, 244.19896525, 244.19896525, 244.19896525, 244.19896525, 244.19896525, 244.19896525, 244.19896525, 244.19896525, 244.19896525, 504.320098673, 504.320098673, 504.320098673, 504.320098673, 504.320098673, 504.320098673, 504.320098673, 504.320098673, 504.320098673, 504.320098673, 504.320098673, 504.320098673, 504.320098673, 504.320098673, 504.320098673, 504.320098673, 504.320098673, 504.320098673, 504.320098673, 504.320098673, 504.320098673, 504.320098673, 504.320098673, 504.320098673, 504.320098673, 504.320098673, 504.320098673, 504.320098673, 504.320098673, 504.320098673, 800.787766204, 800.787766204, 800.787766204, 800.787766204, 800.787766204, 800.787766204, 800.787766204, 800.787766204, 800.787766204, 800.787766204, 800.787766204, 800.787766204, 800.787766204, 800.787766204, 800.787766204, 800.787766204, 800.787766204, 800.787766204, 800.787766204, 800.787766204], "time_cpu_usage_count": [1681861153.0, 1681861154.0, 1681861155.0, 1681861156.0, 1681861157.0, 1681861158.0, 1681861159.0, 1681861160.0, 1681861161.0, 1681861162.0, 1681861163.0, 1681861164.0, 1681861165.0, 1681861166.0, 1681861167.0, 1681861168.0, 1681861169.0, 1681861170.0, 1681861171.0, 1681861172.0, 1681861173.0, 1681861174.0, 1681861175.0, 1681861176.0, 1681861177.0, 1681861178.0, 1681861179.0, 1681861180.0, 1681861181.0, 1681861182.0, 1681861183.0, 1681861184.0, 1681861185.0, 1681861186.0, 1681861187.0, 1681861188.0, 1681861189.0, 1681861190.0, 1681861191.0, 1681861192.0, 1681861193.0, 1681861194.0, 1681861195.0, 1681861196.0, 1681861197.0, 1681861198.0, 1681861199.0, 1681861200.0, 1681861201.0, 1681861202.0, 1681861203.0, 1681861204.0, 1681861205.0, 1681861206.0, 1681861207.0, 1681861208.0, 1681861209.0, 1681861210.0, 1681861211.0, 1681861212.0, 1681861213.0, 1681861214.0, 1681861215.0, 1681861216.0, 1681861217.0, 1681861218.0, 1681861219.0, 1681861220.0, 1681861221.0, 1681861222.0, 1681861223.0, 1681861224.0, 1681861225.0, 1681861226.0, 1681861227.0, 1681861228.0, 1681861229.0, 1681861230.0, 1681861231.0, 1681861232.0, 1681861233.0, 1681861234.0, 1681861235.0, 1681861236.0, 1681861237.0, 1681861238.0, 1681861239.0, 1681861240.0, 1681861241.0, 1681861242.0, 1681861243.0, 1681861244.0, 1681861245.0, 1681861246.0, 1681861247.0, 1681861248.0, 1681861249.0, 1681861250.0, 1681861251.0, 1681861252.0, 1681861253.0, 1681861254.0, 1681861255.0, 1681861256.0, 1681861257.0, 1681861258.0, 1681861259.0, 1681861260.0, 1681861261.0, 1681861262.0], "cpu_usage_rate": [2.085566888328063, 2.1413282017180633, 2.1970895151080634, 2.2528508284980635, 2.3086121418880636, 2.3643734552780633, 2.4201347686680634, 2.4758960820580636, 2.5316573954480637, 2.5874187088380634, 2.643180022228064, 2.6989413356180636, 2.7547026490080637, 2.8104639623980634, 2.8662252757880635, 2.921986589178063, 2.9777479025680633, 3.0335092159580634, 3.0892705293480636, 3.1450318427380637, 3.2007931561280634, 3.2565544695180635, 3.3123157829080636, 3.3680770962980637, 3.4238384096880634, 3.479599723078063, 3.5353610364680637, 3.5911223498580633, 3.6468836632480635, 3.702644976638063, 4.26072328178829, 4.324731873680929, 4.388740465573567, 4.452749057466207, 4.516757649358846, 4.580766241251484, 4.644774833144123, 4.708783425036762, 4.772792016929401, 4.83680060882204, 4.900809200714679, 4.964817792607318, 5.028826384499956, 5.092834976392595, 5.156843568285235, 5.2208521601778735, 5.284860752070512, 5.34886934396315, 5.41287793585579, 5.476886527748429, 5.540895119641068, 5.604903711533706, 5.668912303426345, 5.732920895318984, 5.7969294872116235, 5.860938079104263, 5.924946670996901, 5.988955262889539, 6.0529638547821785, 6.1169724466748185, 6.736833040861695, 6.806956145413362, 6.8770792499650275, 6.947202354516694, 7.0173254590683625, 7.087448563620029, 7.157571668171696, 7.227694772723362, 7.297817877275028, 7.3679409818266945, 7.438064086378362, 7.508187190930029, 7.578310295481695, 7.648433400033361, 7.7185565045850275, 7.788679609136694, 7.8588027136883625, 7.928925818240029, 7.999048922791696, 8.069172027343361], "time_cpu_usage_rate": [1681861183.0, 1681861184.0, 1681861185.0, 1681861186.0, 1681861187.0, 1681861188.0, 1681861189.0, 1681861190.0, 1681861191.0, 1681861192.0, 1681861193.0, 1681861194.0, 1681861195.0, 1681861196.0, 1681861197.0, 1681861198.0, 1681861199.0, 1681861200.0, 1681861201.0, 1681861202.0, 1681861203.0, 1681861204.0, 1681861205.0, 1681861206.0, 1681861207.0, 1681861208.0, 1681861209.0, 1681861210.0, 1681861211.0, 1681861212.0, 1681861213.0, 1681861214.0, 1681861215.0, 1681861216.0, 1681861217.0, 1681861218.0, 1681861219.0, 1681861220.0, 1681861221.0, 1681861222.0, 1681861223.0, 1681861224.0, 1681861225.0, 1681861226.0, 1681861227.0, 1681861228.0, 1681861229.0, 1681861230.0, 1681861231.0, 1681861232.0, 1681861233.0, 1681861234.0, 1681861235.0, 1681861236.0, 1681861237.0, 1681861238.0, 1681861239.0, 1681861240.0, 1681861241.0, 1681861242.0, 1681861243.0, 1681861244.0, 1681861245.0, 1681861246.0, 1681861247.0, 1681861248.0, 1681861249.0, 1681861250.0, 1681861251.0, 1681861252.0, 1681861253.0, 1681861254.0, 1681861255.0, 1681861256.0, 1681861257.0, 1681861258.0, 1681861259.0, 1681861260.0, 1681861261.0, 1681861262.0], "cpu_throttled_count": [18.675867445, 18.675867445, 18.675867445, 18.675867445, 18.675867445, 18.675867445, 18.675867445, 18.675867445, 18.675867445, 18.675867445, 18.675867445, 18.675867445, 18.675867445, 18.675867445, 18.675867445, 18.675867445, 18.675867445, 18.675867445, 18.675867445, 18.675867445, 18.675867445, 18.675867445, 18.675867445, 18.675867445, 18.675867445, 18.675867445, 18.675867445, 18.675867445, 18.675867445, 18.675867445, 19.257860625, 19.257860625, 19.257860625, 19.257860625, 19.257860625, 19.257860625, 19.257860625, 19.257860625, 19.257860625, 19.257860625, 19.257860625, 19.257860625, 19.257860625, 19.257860625, 19.257860625, 19.257860625, 19.257860625, 19.257860625, 19.257860625, 19.257860625, 19.257860625, 19.257860625, 19.257860625, 19.257860625, 19.257860625, 19.257860625, 19.257860625, 19.257860625, 19.257860625, 19.257860625, 19.924836229, 19.924836229, 19.924836229, 19.924836229, 19.924836229, 19.924836229, 19.924836229, 19.924836229, 19.924836229, 19.924836229, 19.924836229, 19.924836229, 19.924836229, 19.924836229, 19.924836229, 19.924836229, 19.924836229, 19.924836229, 19.924836229, 19.924836229, 19.924836229, 19.924836229, 19.924836229, 19.924836229, 19.924836229, 19.924836229, 19.924836229, 19.924836229, 19.924836229, 19.924836229, 20.525669933, 20.525669933, 20.525669933, 20.525669933, 20.525669933, 20.525669933, 20.525669933, 20.525669933, 20.525669933, 20.525669933, 20.525669933, 20.525669933, 20.525669933, 20.525669933, 20.525669933, 20.525669933, 20.525669933, 20.525669933, 20.525669933, 20.525669933],