{"cpu_usage_count": [441.277543732, 441.277543732, 441.277543732, 441.277543732, 441.277543732, 441.277543732, 441.277543732, 441.277543732, 441.277543732, 441.277543732, 441.277543732, 441.277543732, 441.277543732, 441.277543732, 441.277543732, 441.277543732, 441.277543732, 441.277543732, 441.277543732, 441.277543732, 441.277543732, 441.277543732, 441.277543732, 441.277543732, 441.277543732, 441.277543732, 441.277543732, 441.277543732, 441.277543732, 441.277543732, 1414.008708021, 1414.008708021, 1414.008708021, 1414.008708021, 1414.008708021, 1414.008708021, 1414.008708021, 1414.008708021, 1414.008708021, 1414.008708021, 1414.008708021, 1414.008708021, 1414.008708021, 1414.008708021, 1414.008708021, 1414.008708021, 1414.008708021, 1414.008708021, 1414.008708021, 1414.008708021, 1414.008708021, 1414.008708021, 1414.008708021, 1414.008708021, 1414.008708021, 1414.008708021, 1414.008708021, 1414.008708021, 1414.008708021, 1414.008708021, 2318.292826857, 2318.292826857, 2318.292826857, 2318.292826857, 2318.292826857, 2318.292826857, 2318.292826857, 2318.292826857, 2318.292826857, 2318.292826857, 2318.292826857, 2318.292826857, 2318.292826857, 2318.292826857, 2318.292826857, 2318.292826857, 2318.292826857, 2318.292826857, 2318.292826857, 2318.292826857, 2318.292826857, 2318.292826857, 2318.292826857, 2318.292826857, 2318.292826857, 2318.292826857, 2318.292826857, 2318.292826857, 2318.292826857, 2318.292826857, 3247.129316714, 3247.129316714, 3247.129316714, 3247.129316714, 3247.129316714, 3247.129316714, 3247.129316714, 3247.129316714, 3247.129316714, 3247.129316714, 3247.129316714, 3247.129316714, 3247.129316714, 3247.129316714, 3247.129316714, 3247.129316714, 3247.129316714, 3247.129316714, 3247.129316714], "time_cpu_usage_count": [1681861963.0, 1681861964.0, 1681861965.0, 1681861966.0, 1681861967.0, 1681861968.0, 1681861969.0, 1681861970.0, 1681861971.0, 1681861972.0, 1681861973.0, 1681861974.0, 1681861975.0, 1681861976.0, 1681861977.0, 1681861978.0, 1681861979.0, 1681861980.0, 1681861981.0, 1681861982.0, 1681861983.0, 1681861984.0, 1681861985.0, 1681861986.0, 1681861987.0, 1681861988.0, 1681861989.0, 1681861990.0, 1681861991.0, 1681861992.0, 1681861993.0, 1681861994.0, 1681861995.0, 1681861996.0, 1681861997.0, 1681861998.0, 1681861999.0, 1681862000.0, 1681862001.0, 1681862002.0, 1681862003.0, 1681862004.0, 1681862005.0, 1681862006.0, 1681862007.0, 1681862008.0, 1681862009.0, 1681862010.0, 1681862011.0, 1681862012.0, 1681862013.0, 1681862014.0, 1681862015.0, 1681862016.0, 1681862017.0, 1681862018.0, 1681862019.0, 1681862020.0, 1681862021.0, 1681862022.0, 1681862023.0, 1681862024.0, 1681862025.0, 1681862026.0, 1681862027.0, 1681862028.0, 1681862029.0, 1681862030.0, 1681862031.0, 1681862032.0, 1681862033.0, 1681862034.0, 1681862035.0, 1681862036.0, 1681862037.0, 1681862038.0, 1681862039.0, 1681862040.0, 1681862041.0, 1681862042.0, 1681862043.0, 1681862044.0, 1681862045.0, 1681862046.0, 1681862047.0, 1681862048.0, 1681862049.0, 1681862050.0, 1681862051.0, 1681862052.0, 1681862053.0, 1681862054.0, 1681862055.0, 1681862056.0, 1681862057.0, 1681862058.0, 1681862059.0, 1681862060.0, 1681862061.0, 1681862062.0, 1681862063.0, 1681862064.0, 1681862065.0, 1681862066.0, 1681862067.0, 1681862068.0, 1681862069.0, 1681862070.0, 1681862071.0], "cpu_usage_rate": [12.02848011295559, 12.298683214146982, 12.56888631533837, 12.839089416529758, 13.109292517721146, 13.379495618912536, 13.649698720103924, 13.919901821295314, 14.190104922486702, 14.460308023678092, 14.73051112486948, 15.000714226060868, 15.270917327252256, 15.541120428443646, 15.811323529635038, 16.081526630826424, 16.351729732017812, 16.621932833209204, 16.892135934400592, 17.16233903559198, 17.43254213678337, 17.702745237974757, 17.972948339166145, 18.24315144035754, 18.513354541548928, 18.783557642740316, 19.0537607439317, 19.323963845123092, 19.59416694631448, 19.86437004750587, 19.55555867683533, 19.81625524393602, 20.076951811036714, 20.337648378137413, 20.598344945238104, 20.8590415123388, 21.119738079439493, 21.380434646540188, 21.641131213640882, 21.901827780741577, 22.162524347842268, 22.423220914942966, 22.68391748204366, 22.944614049144352, 23.205310616245047, 23.466007183345745, 23.726703750446436, 23.98740031754713, 24.24809688464783, 24.50879345174852, 24.769490018849215, 25.03018658594991, 25.290883153050604, 25.5515797201513, 25.812276287251994, 26.07297285435268, 26.333669421453383, 26.594365988554078, 26.855062555654765, 27.11575912275546, 27.295050561329138, 27.554851651420062, 27.814652741510987, 28.074453831601918, 28.33425492169284, 28.594056011783767, 28.85385710187469, 29.113658191965616, 29.373459282056544, 29.63326037214747, 29.893061462238396, 30.152862552329324, 30.412663642420245, 30.672464732511173, 30.932265822602098, 31.17613081091111, 31.17613081091111, 31.17613081091111, 31.17613081091111], "time_cpu_usage_rate": [1681861993.0, 1681861994.0, 1681861995.0, 1681861996.0, 1681861997.0, 1681861998.0, 1681861999.0, 1681862000.0, 1681862001.0, 1681862002.0, 1681862003.0, 1681862004.0, 1681862005.0, 1681862006.0, 1681862007.0, 1681862008.0, 1681862009.0, 1681862010.0, 1681862011.0, 1681862012.0, 1681862013.0, 1681862014.0, 1681862015.0, 1681862016.0, 1681862017.0, 1681862018.0, 1681862019.0, 1681862020.0, 1681862021.0, 1681862022.0, 1681862023.0, 1681862024.0, 1681862025.0, 1681862026.0, 1681862027.0, 1681862028.0, 1681862029.0, 1681862030.0, 1681862031.0, 1681862032.0, 1681862033.0, 1681862034.0, 1681862035.0, 1681862036.0, 1681862037.0, 1681862038.0, 1681862039.0, 1681862040.0, 1681862041.0, 1681862042.0, 1681862043.0, 1681862044.0, 1681862045.0, 1681862046.0, 1681862047.0, 1681862048.0, 1681862049.0, 1681862050.0, 1681862051.0, 1681862052.0, 1681862053.0, 1681862054.0, 1681862055.0, 1681862056.0, 1681862057.0, 1681862058.0, 1681862059.0, 1681862060.0, 1681862061.0, 1681862062.0, 1681862063.0, 1681862064.0, 1681862065.0, 1681862066.0, 1681862067.0, 1681862068.0, 1681862069.0, 1681862070.0, 1681862071.0], "cpu_throttled_count": [4.351712311, 4.351712311, 4.351712311, 4.351712311, 4.351712311, 4.351712311, 4.351712311, 4.351712311, 4.351712311, 4.351712311, 4.351712311, 4.351712311, 4.351712311, 4.351712311, 4.351712311, 4.351712311, 4.351712311, 4.351712311, 4.351712311, 4.351712311, 4.351712311, 4.351712311, 4.351712311, 4.351712311, 4.351712311, 4.351712311, 4.351712311, 4.351712311, 4.351712311, 4.351712311, 8.372032359, 8.372032359, 8.372032359, 8.372032359, 8.372032359, 8.372032359, 8.372032359, 8.372032359, 8.372032359, 8.372032359, 8.372032359, 8.372032359, 8.372032359, 8.372032359, 8.372032359, 8.372032359, 8.372032359, 8.372032359, 8.372032359, 8.372032359, 8.372032359, 8.372032359, 8.372032359, 8.372032359, 8.372032359, 8.372032359, 8.372032359, 8.372032359, 8.372032359, 8.372032359, 11.418307728, 11.418307728, 11.418307728, 11.418307728, 11.418307728, 11.418307728, 11.418307728, 11.418307728, 11.418307728, 11.418307728, 11.418307728, 11.418307728, 11.418307728, 11.418307728, 11.418307728, 11.418307728, 11.418307728, 11.418307728, 11.418307728, 11.418307728, 11.418307728, 11.418307728, 11.418307728, 11.418307728, 11.418307728, 11.418307728, 11.418307728, 11.418307728, 11.418307728, 11.418307728, 14.801500322, 14.801500322, 14.801500322, 14.801500322, 14.801500322, 14.801500322, 14.801500322, 14.801500322, 14.801500322, 14.801500322, 14.801500322, 14.801500322, 14.801500322, 14.801500322, 14.801500322, 14.801500322, 14.801500322, 14.801500322, 14.801500322],