{"cpu_usage_count": [92.936889031, 92.936889031, 92.936889031, 92.936889031, 92.936889031, 92.936889031, 92.936889031, 92.936889031, 92.936889031, 92.936889031, 92.936889031, 92.936889031, 92.936889031, 92.936889031, 92.936889031, 92.936889031, 92.936889031, 92.936889031, 92.936889031, 92.936889031, 92.936889031, 92.936889031, 92.936889031, 92.936889031, 92.936889031, 92.936889031, 92.936889031, 92.936889031, 92.936889031, 92.936889031, 261.666856768, 261.666856768, 261.666856768, 261.666856768, 261.666856768, 261.666856768, 261.666856768, 261.666856768, 261.666856768, 261.666856768, 261.666856768, 261.666856768, 261.666856768, 261.666856768, 261.666856768, 261.666856768, 261.666856768, 261.666856768, 261.666856768, 261.666856768, 261.666856768, 261.666856768, 261.666856768, 261.666856768, 261.666856768, 261.666856768, 261.666856768, 261.666856768, 261.666856768, 261.666856768, 489.060736019, 489.060736019, 489.060736019, 489.060736019, 489.060736019, 489.060736019, 489.060736019, 489.060736019, 489.060736019, 489.060736019, 489.060736019, 489.060736019, 489.060736019, 489.060736019, 489.060736019, 489.060736019, 489.060736019, 489.060736019, 489.060736019, 489.060736019, 489.060736019, 489.060736019, 489.060736019, 489.060736019, 489.060736019, 489.060736019, 489.060736019, 489.060736019, 489.060736019, 489.060736019, 726.625889097, 726.625889097, 726.625889097, 726.625889097, 726.625889097, 726.625889097, 726.625889097, 726.625889097, 726.625889097, 726.625889097, 726.625889097, 726.625889097, 726.625889097, 726.625889097, 726.625889097, 726.625889097, 726.625889097, 726.625889097, 726.625889097, 726.625889097, 726.625889097, 726.625889097, 726.625889097], "time_cpu_usage_count": [1681863703.0, 1681863704.0, 1681863705.0, 1681863706.0, 1681863707.0, 1681863708.0, 1681863709.0, 1681863710.0, 1681863711.0, 1681863712.0, 1681863713.0, 1681863714.0, 1681863715.0, 1681863716.0, 1681863717.0, 1681863718.0, 1681863719.0, 1681863720.0, 1681863721.0, 1681863722.0, 1681863723.0, 1681863724.0, 1681863725.0, 1681863726.0, 1681863727.0, 1681863728.0, 1681863729.0, 1681863730.0, 1681863731.0, 1681863732.0, 1681863733.0, 1681863734.0, 1681863735.0, 1681863736.0, 1681863737.0, 1681863738.0, 1681863739.0, 1681863740.0, 1681863741.0, 1681863742.0, 1681863743.0, 1681863744.0, 1681863745.0, 1681863746.0, 1681863747.0, 1681863748.0, 1681863749.0, 1681863750.0, 1681863751.0, 1681863752.0, 1681863753.0, 1681863754.0, 1681863755.0, 1681863756.0, 1681863757.0, 1681863758.0, 1681863759.0, 1681863760.0, 1681863761.0, 1681863762.0, 1681863763.0, 1681863764.0, 1681863765.0, 1681863766.0, 1681863767.0, 1681863768.0, 1681863769.0, 1681863770.0, 1681863771.0, 1681863772.0, 1681863773.0, 1681863774.0, 1681863775.0, 1681863776.0, 1681863777.0, 1681863778.0, 1681863779.0, 1681863780.0, 1681863781.0, 1681863782.0, 1681863783.0, 1681863784.0, 1681863785.0, 1681863786.0, 1681863787.0, 1681863788.0, 1681863789.0, 1681863790.0, 1681863791.0, 1681863792.0, 1681863793.0, 1681863794.0, 1681863795.0, 1681863796.0, 1681863797.0, 1681863798.0, 1681863799.0, 1681863800.0, 1681863801.0, 1681863802.0, 1681863803.0, 1681863804.0, 1681863805.0, 1681863806.0, 1681863807.0, 1681863808.0, 1681863809.0, 1681863810.0, 1681863811.0, 1681863812.0, 1681863813.0, 1681863814.0, 1681863815.0], "cpu_usage_rate": [2.223067717715961, 2.269937153198461, 2.316806588680961, 2.363676024163461, 2.410545459645961, 2.4574148951284607, 2.5042843306109606, 2.551153766093461, 2.5980232015759612, 2.6448926370584607, 2.691762072540961, 2.738631508023461, 2.785500943505961, 2.8323703789884607, 2.879239814470961, 2.926109249953461, 2.9729786854359608, 3.019848120918461, 3.0667175564009606, 3.1135869918834604, 3.1604564273659608, 3.207325862848461, 3.254195298330961, 3.3010647338134604, 3.347934169295961, 3.3948036047784607, 3.4416730402609605, 3.4885424757434604, 3.535411911225961, 3.582281346708461, 4.1254067347719605, 4.180423935742516, 4.235441136713072, 4.290458337683627, 4.345475538654183, 4.400492739624738, 4.455509940595293, 4.5105271415658486, 4.565544342536405, 4.620561543506961, 4.675578744477516, 4.730595945448072, 4.785613146418627, 4.840630347389182, 4.8956475483597375, 4.950664749330294, 5.00568195030085, 5.060699151271405, 5.11571635224196, 5.170733553212516, 5.225750754183071, 5.280767955153626, 5.3357851561241825, 5.3908023570947385, 5.445819558065294, 5.500836759035849, 5.555853960006405, 5.61087116097696, 5.665888361947515, 5.720905562918071, 6.108433883499061, 6.16710879091258, 6.225783698326099, 6.2844586057396175, 6.343133513153136, 6.401808420566654, 6.460483327980173, 6.519158235393692, 6.5778331428072105, 6.636508050220729, 6.6951829576342465, 6.753857865047765, 6.812532772461283, 6.871207679874803, 6.929882587288321, 6.98855749470184, 7.040988889622223, 7.040988889622223, 7.040988889622223, 7.040988889622223, 7.040988889622223, 7.040988889622223, 7.040988889622223], "time_cpu_usage_rate": [1681863733.0, 1681863734.0, 1681863735.0, 1681863736.0, 1681863737.0, 1681863738.0, 1681863739.0, 1681863740.0, 1681863741.0, 1681863742.0, 1681863743.0, 1681863744.0, 1681863745.0, 1681863746.0, 1681863747.0, 1681863748.0, 1681863749.0, 1681863750.0, 1681863751.0, 1681863752.0, 1681863753.0, 1681863754.0, 1681863755.0, 1681863756.0, 1681863757.0, 1681863758.0, 1681863759.0, 1681863760.0, 1681863761.0, 1681863762.0, 1681863763.0, 1681863764.0, 1681863765.0, 1681863766.0, 1681863767.0, 1681863768.0, 1681863769.0, 1681863770.0, 1681863771.0, 1681863772.0, 1681863773.0, 1681863774.0, 1681863775.0, 1681863776.0, 1681863777.0, 1681863778.0, 1681863779.0, 1681863780.0, 1681863781.0, 1681863782.0, 1681863783.0, 1681863784.0, 1681863785.0, 1681863786.0, 1681863787.0, 1681863788.0, 1681863789.0, 1681863790.0, 1681863791.0, 1681863792.0, 1681863793.0, 1681863794.0, 1681863795.0, 1681863796.0, 1681863797.0, 1681863798.0, 1681863799.0, 1681863800.0, 1681863801.0, 1681863802.0, 1681863803.0, 1681863804.0, 1681863805.0, 1681863806.0, 1681863807.0, 1681863808.0, 1681863809.0, 1681863810.0, 1681863811.0, 1681863812.0, 1681863813.0, 1681863814.0, 1681863815.0], "cpu_throttled_count": [19.868746829, 19.868746829, 19.868746829, 19.868746829, 19.868746829, 19.868746829, 19.868746829, 19.868746829, 19.868746829, 19.868746829, 19.868746829, 19.868746829, 19.868746829, 19.868746829, 19.868746829, 19.868746829, 19.868746829, 19.868746829, 19.868746829, 19.868746829, 19.868746829, 19.868746829, 19.868746829, 19.868746829, 19.868746829, 19.868746829, 19.868746829, 19.868746829, 19.868746829, 19.868746829, 20.426160497, 20.426160497, 20.426160497, 20.426160497, 20.426160497, 20.426160497, 20.426160497, 20.426160497, 20.426160497, 20.426160497, 20.426160497, 20.426160497, 20.426160497, 20.426160497, 20.426160497, 20.426160497, 20.426160497, 20.426160497, 20.426160497, 20.426160497, 20.426160497, 20.426160497, 20.426160497, 20.426160497, 20.426160497, 20.426160497, 20.426160497, 20.426160497, 20.426160497, 20.426160497, 20.693288309, 20.693288309, 20.693288309, 20.693288309, 20.693288309, 20.693288309, 20.693288309, 20.693288309, 20.693288309, 20.693288309, 20.693288309, 20.693288309, 20.693288309, 20.693288309, 20.693288309, 20.693288309, 20.693288309, 20.693288309, 20.693288309, 20.693288309, 20.693288309, 20.693288309, 20.693288309, 20.693288309, 20.693288309, 20.693288309, 20.693288309, 20.693288309, 20.693288309, 20.693288309, 21.183088067, 21.183088067, 21.183088067, 21.183088067, 21.183088067, 21.183088067, 21.183088067, 21.183088067, 21.183088067, 21.183088067, 21.183088067, 21.183088067, 21.183088067, 21.183088067, 21.183088067, 21.183088067, 21.183088067, 21.183088067, 21.183088067, 21.183088067, 21.183088067, 21.183088067, 21.183088067],