{"cpu_usage_count": [42.185000915, 42.185000915, 42.185000915, 42.185000915, 42.185000915, 42.185000915, 42.185000915, 42.185000915, 42.185000915, 42.185000915, 42.185000915, 42.185000915, 42.185000915, 42.185000915, 42.185000915, 42.185000915, 42.185000915, 42.185000915, 42.185000915, 42.185000915, 42.185000915, 42.185000915, 42.185000915, 42.185000915, 42.185000915, 42.185000915, 42.185000915, 42.185000915, 42.185000915, 42.185000915, 272.034672603, 272.034672603, 272.034672603, 272.034672603, 272.034672603, 272.034672603, 272.034672603, 272.034672603, 272.034672603, 272.034672603, 272.034672603, 272.034672603, 272.034672603, 272.034672603, 272.034672603, 272.034672603, 272.034672603, 272.034672603, 272.034672603, 272.034672603, 272.034672603, 272.034672603, 272.034672603, 272.034672603, 272.034672603, 272.034672603, 272.034672603, 272.034672603, 272.034672603, 272.034672603, 458.252319407, 458.252319407, 458.252319407, 458.252319407, 458.252319407, 458.252319407, 458.252319407, 458.252319407, 458.252319407, 458.252319407, 458.252319407, 458.252319407, 458.252319407, 458.252319407, 458.252319407, 458.252319407, 458.252319407, 458.252319407, 458.252319407, 458.252319407, 458.252319407, 458.252319407, 458.252319407, 458.252319407, 458.252319407, 458.252319407, 458.252319407, 458.252319407, 458.252319407, 458.252319407, 705.829862301, 705.829862301, 705.829862301, 705.829862301, 705.829862301, 705.829862301, 705.829862301, 705.829862301, 705.829862301, 705.829862301, 705.829862301, 705.829862301, 705.829862301, 705.829862301, 705.829862301, 705.829862301, 705.829862301, 705.829862301, 705.829862301, 705.829862301, 705.829862301, 705.829862301], "time_cpu_usage_count": [1681866103.0, 1681866104.0, 1681866105.0, 1681866106.0, 1681866107.0, 1681866108.0, 1681866109.0, 1681866110.0, 1681866111.0, 1681866112.0, 1681866113.0, 1681866114.0, 1681866115.0, 1681866116.0, 1681866117.0, 1681866118.0, 1681866119.0, 1681866120.0, 1681866121.0, 1681866122.0, 1681866123.0, 1681866124.0, 1681866125.0, 1681866126.0, 1681866127.0, 1681866128.0, 1681866129.0, 1681866130.0, 1681866131.0, 1681866132.0, 1681866133.0, 1681866134.0, 1681866135.0, 1681866136.0, 1681866137.0, 1681866138.0, 1681866139.0, 1681866140.0, 1681866141.0, 1681866142.0, 1681866143.0, 1681866144.0, 1681866145.0, 1681866146.0, 1681866147.0, 1681866148.0, 1681866149.0, 1681866150.0, 1681866151.0, 1681866152.0, 1681866153.0, 1681866154.0, 1681866155.0, 1681866156.0, 1681866157.0, 1681866158.0, 1681866159.0, 1681866160.0, 1681866161.0, 1681866162.0, 1681866163.0, 1681866164.0, 1681866165.0, 1681866166.0, 1681866167.0, 1681866168.0, 1681866169.0, 1681866170.0, 1681866171.0, 1681866172.0, 1681866173.0, 1681866174.0, 1681866175.0, 1681866176.0, 1681866177.0, 1681866178.0, 1681866179.0, 1681866180.0, 1681866181.0, 1681866182.0, 1681866183.0, 1681866184.0, 1681866185.0, 1681866186.0, 1681866187.0, 1681866188.0, 1681866189.0, 1681866190.0, 1681866191.0, 1681866192.0, 1681866193.0, 1681866194.0, 1681866195.0, 1681866196.0, 1681866197.0, 1681866198.0, 1681866199.0, 1681866200.0, 1681866201.0, 1681866202.0, 1681866203.0, 1681866204.0, 1681866205.0, 1681866206.0, 1681866207.0, 1681866208.0, 1681866209.0, 1681866210.0, 1681866211.0, 1681866212.0, 1681866213.0, 1681866214.0], "cpu_usage_rate": [2.324864952864172, 2.3887120838886156, 2.45255921491306, 2.516406345937505, 2.5802534769619494, 2.644100607986394, 2.707947739010838, 2.7717948700352824, 2.835642001059727, 2.8994891320841716, 2.9633362631086158, 3.0271833941330604, 3.091030525157505, 3.1548776561819496, 3.2187247872063933, 3.282571918230838, 3.3464190492552826, 3.410266180279727, 3.4741133113041713, 3.537960442328616, 3.6018075733530606, 3.6656547043775047, 3.7295018354019494, 3.7933489664263935, 3.8571960974508377, 3.921043228475283, 3.9848903594997274, 4.0487374905241715, 4.112584621548615, 4.176431752573061, 3.871182253096145, 3.9289693806644785, 3.9867565082328116, 4.044543635801145, 4.102330763369478, 4.160117890937811, 4.217905018506146, 4.275692146074479, 4.333479273642812, 4.391266401211145, 4.449053528779479, 4.506840656347813, 4.564627783916146, 4.622414911484479, 4.680202039052812, 4.737989166621145, 4.795776294189479, 4.853563421757812, 4.911350549326145, 4.969137676894478, 5.026924804462811, 5.084711932031145, 5.142499059599478, 5.200286187167811, 5.258073314736145, 5.315860442304479, 5.373647569872812, 5.431434697441145, 5.489221825009478, 5.547008952577812, 5.937649397811769, 5.99909799608825, 6.060546594364732, 6.121995192641213, 6.183443790917695, 6.2448923891941766, 6.306340987470658, 6.367789585747139, 6.42923818402362, 6.490686782300103, 6.552135380576584, 6.6135839788530655, 6.675032577129547, 6.736481175406028, 6.797929773682509, 6.859378371958992, 6.920826970235472, 6.982275568511954, 7.043724166788436, 7.105172765064917, 7.1666213633414, 7.22806996161788], "time_cpu_usage_rate": [1681866133.0, 1681866134.0, 1681866135.0, 1681866136.0, 1681866137.0, 1681866138.0, 1681866139.0, 1681866140.0, 1681866141.0, 1681866142.0, 1681866143.0, 1681866144.0, 1681866145.0, 1681866146.0, 1681866147.0, 1681866148.0, 1681866149.0, 1681866150.0, 1681866151.0, 1681866152.0, 1681866153.0, 1681866154.0, 1681866155.0, 1681866156.0, 1681866157.0, 1681866158.0, 1681866159.0, 1681866160.0, 1681866161.0, 1681866162.0, 1681866163.0, 1681866164.0, 1681866165.0, 1681866166.0, 1681866167.0, 1681866168.0, 1681866169.0, 1681866170.0, 1681866171.0, 1681866172.0, 1681866173.0, 1681866174.0, 1681866175.0, 1681866176.0, 1681866177.0, 1681866178.0, 1681866179.0, 1681866180.0, 1681866181.0, 1681866182.0, 1681866183.0, 1681866184.0, 1681866185.0, 1681866186.0, 1681866187.0, 1681866188.0, 1681866189.0, 1681866190.0, 1681866191.0, 1681866192.0, 1681866193.0, 1681866194.0, 1681866195.0, 1681866196.0, 1681866197.0, 1681866198.0, 1681866199.0, 1681866200.0, 1681866201.0, 1681866202.0, 1681866203.0, 1681866204.0, 1681866205.0, 1681866206.0, 1681866207.0, 1681866208.0, 1681866209.0, 1681866210.0, 1681866211.0, 1681866212.0, 1681866213.0, 1681866214.0], "cpu_throttled_count": [15.356265764, 15.356265764, 15.356265764, 15.356265764, 15.356265764, 15.356265764, 15.356265764, 15.356265764, 15.356265764, 15.356265764, 15.356265764, 15.356265764, 15.356265764, 15.356265764, 15.356265764, 15.356265764, 15.356265764, 15.356265764, 15.356265764, 15.356265764, 15.356265764, 15.356265764, 15.356265764, 15.356265764, 15.356265764, 15.356265764, 15.356265764, 15.356265764, 15.356265764, 15.356265764, 15.653429223, 15.653429223, 15.653429223, 15.653429223, 15.653429223, 15.653429223, 15.653429223, 15.653429223, 15.653429223, 15.653429223, 15.653429223, 15.653429223, 15.653429223, 15.653429223, 15.653429223, 15.653429223, 15.653429223, 15.653429223, 15.653429223, 15.653429223, 15.653429223, 15.653429223, 15.653429223, 15.653429223, 15.653429223, 15.653429223, 15.653429223, 15.653429223, 15.653429223, 15.653429223, 16.145258741, 16.145258741, 16.145258741, 16.145258741, 16.145258741, 16.145258741, 16.145258741, 16.145258741, 16.145258741, 16.145258741, 16.145258741, 16.145258741, 16.145258741, 16.145258741, 16.145258741, 16.145258741, 16.145258741, 16.145258741, 16.145258741, 16.145258741, 16.145258741, 16.145258741, 16.145258741, 16.145258741, 16.145258741, 16.145258741, 16.145258741, 16.145258741, 16.145258741, 16.145258741, 16.546958131, 16.546958131, 16.546958131, 16.546958131, 16.546958131, 16.546958131, 16.546958131, 16.546958131, 16.546958131, 16.546958131, 16.546958131, 16.546958131, 16.546958131, 16.546958131, 16.546958131, 16.546958131, 16.546958131, 16.546958131, 16.546958131, 16.546958131, 16.546958131, 16.546958131],