{"cpu_usage_count": [93.478728786, 93.478728786, 93.478728786, 93.478728786, 93.478728786, 93.478728786, 93.478728786, 93.478728786, 93.478728786, 93.478728786, 93.478728786, 93.478728786, 93.478728786, 93.478728786, 93.478728786, 93.478728786, 93.478728786, 93.478728786, 93.478728786, 93.478728786, 93.478728786, 93.478728786, 93.478728786, 93.478728786, 93.478728786, 93.478728786, 93.478728786, 93.478728786, 93.478728786, 93.478728786, 502.006620818, 502.006620818, 502.006620818, 502.006620818, 502.006620818, 502.006620818, 502.006620818, 502.006620818, 502.006620818, 502.006620818, 502.006620818, 502.006620818, 502.006620818, 502.006620818, 502.006620818, 502.006620818, 502.006620818, 502.006620818, 502.006620818, 502.006620818, 502.006620818, 502.006620818, 502.006620818, 502.006620818, 502.006620818, 502.006620818, 502.006620818, 502.006620818, 502.006620818, 502.006620818, 907.830182764, 907.830182764, 907.830182764, 907.830182764, 907.830182764, 907.830182764, 907.830182764, 907.830182764, 907.830182764, 907.830182764, 907.830182764, 907.830182764, 907.830182764, 907.830182764, 907.830182764, 907.830182764, 907.830182764, 907.830182764, 907.830182764, 907.830182764, 907.830182764, 907.830182764, 907.830182764, 907.830182764, 907.830182764, 907.830182764, 907.830182764, 907.830182764, 907.830182764, 907.830182764, 1499.917463187, 1499.917463187, 1499.917463187, 1499.917463187, 1499.917463187, 1499.917463187, 1499.917463187, 1499.917463187, 1499.917463187, 1499.917463187, 1499.917463187, 1499.917463187, 1499.917463187, 1499.917463187, 1499.917463187, 1499.917463187, 1499.917463187, 1499.917463187, 1499.917463187, 1499.917463187, 1499.917463187], "time_cpu_usage_count": [1681866673.0, 1681866674.0, 1681866675.0, 1681866676.0, 1681866677.0, 1681866678.0, 1681866679.0, 1681866680.0, 1681866681.0, 1681866682.0, 1681866683.0, 1681866684.0, 1681866685.0, 1681866686.0, 1681866687.0, 1681866688.0, 1681866689.0, 1681866690.0, 1681866691.0, 1681866692.0, 1681866693.0, 1681866694.0, 1681866695.0, 1681866696.0, 1681866697.0, 1681866698.0, 1681866699.0, 1681866700.0, 1681866701.0, 1681866702.0, 1681866703.0, 1681866704.0, 1681866705.0, 1681866706.0, 1681866707.0, 1681866708.0, 1681866709.0, 1681866710.0, 1681866711.0, 1681866712.0, 1681866713.0, 1681866714.0, 1681866715.0, 1681866716.0, 1681866717.0, 1681866718.0, 1681866719.0, 1681866720.0, 1681866721.0, 1681866722.0, 1681866723.0, 1681866724.0, 1681866725.0, 1681866726.0, 1681866727.0, 1681866728.0, 1681866729.0, 1681866730.0, 1681866731.0, 1681866732.0, 1681866733.0, 1681866734.0, 1681866735.0, 1681866736.0, 1681866737.0, 1681866738.0, 1681866739.0, 1681866740.0, 1681866741.0, 1681866742.0, 1681866743.0, 1681866744.0, 1681866745.0, 1681866746.0, 1681866747.0, 1681866748.0, 1681866749.0, 1681866750.0, 1681866751.0, 1681866752.0, 1681866753.0, 1681866754.0, 1681866755.0, 1681866756.0, 1681866757.0, 1681866758.0, 1681866759.0, 1681866760.0, 1681866761.0, 1681866762.0, 1681866763.0, 1681866764.0, 1681866765.0, 1681866766.0, 1681866767.0, 1681866768.0, 1681866769.0, 1681866770.0, 1681866771.0, 1681866772.0, 1681866773.0, 1681866774.0, 1681866775.0, 1681866776.0, 1681866777.0, 1681866778.0, 1681866779.0, 1681866780.0, 1681866781.0, 1681866782.0, 1681866783.0], "cpu_usage_rate": [4.286314839614729, 4.399794809623617, 4.513274779632506, 4.626754749641395, 4.740234719650284, 4.8537146896591725, 4.9671946596680625, 5.080674629676951, 5.19415459968584, 5.307634569694728, 5.421114539703618, 5.534594509712506, 5.648074479721395, 5.7615544497302835, 5.8750344197391735, 5.988514389748062, 6.10199435975695, 6.215474329765839, 6.328954299774728, 6.442434269783617, 6.555914239792505, 6.669394209801395, 6.782874179810284, 6.896354149819173, 7.009834119828061, 7.12331408983695, 7.236794059845839, 7.350274029854728, 7.463753999863616, 7.5772339698725055, 7.667837185360839, 7.780941553968895, 7.894045922576949, 8.007150291185006, 8.12025465979306, 8.233359028401116, 8.346463397009172, 8.459567765617228, 8.572672134225284, 8.685776502833338, 8.798880871441394, 8.911985240049452, 9.025089608657506, 9.13819397726556, 9.251298345873616, 9.364402714481674, 9.477507083089728, 9.590611451697782, 9.703715820305838, 9.816820188913896, 9.92992455752195, 10.043028926130004, 10.156133294738062, 10.269237663346116, 10.382342031954172, 10.495446400562228, 10.608550769170284, 10.721655137778338, 10.834759506386394, 10.94786387499445, 12.617427001752937, 12.74765281049377, 12.877878619234604, 13.008104427975438, 13.13833023671627, 13.268556045457103, 13.398781854197937, 13.529007662938769, 13.659233471679606, 13.789459280420438, 13.919685089161272, 14.049910897902103, 14.180136706642937, 14.310362515383769, 14.440588324124604, 14.570814132865438, 14.70103994160627, 14.831265750347104, 14.961491559087936, 15.091717367828773, 15.221943176569605], "time_cpu_usage_rate": [1681866703.0, 1681866704.0, 1681866705.0, 1681866706.0, 1681866707.0, 1681866708.0, 1681866709.0, 1681866710.0, 1681866711.0, 1681866712.0, 1681866713.0, 1681866714.0, 1681866715.0, 1681866716.0, 1681866717.0, 1681866718.0, 1681866719.0, 1681866720.0, 1681866721.0, 1681866722.0, 1681866723.0, 1681866724.0, 1681866725.0, 1681866726.0, 1681866727.0, 1681866728.0, 1681866729.0, 1681866730.0, 1681866731.0, 1681866732.0, 1681866733.0, 1681866734.0, 1681866735.0, 1681866736.0, 1681866737.0, 1681866738.0, 1681866739.0, 1681866740.0, 1681866741.0, 1681866742.0, 1681866743.0, 1681866744.0, 1681866745.0, 1681866746.0, 1681866747.0, 1681866748.0, 1681866749.0, 1681866750.0, 1681866751.0, 1681866752.0, 1681866753.0, 1681866754.0, 1681866755.0, 1681866756.0, 1681866757.0, 1681866758.0, 1681866759.0, 1681866760.0, 1681866761.0, 1681866762.0, 1681866763.0, 1681866764.0, 1681866765.0, 1681866766.0, 1681866767.0, 1681866768.0, 1681866769.0, 1681866770.0, 1681866771.0, 1681866772.0, 1681866773.0, 1681866774.0, 1681866775.0, 1681866776.0, 1681866777.0, 1681866778.0, 1681866779.0, 1681866780.0, 1681866781.0, 1681866782.0, 1681866783.0], "cpu_throttled_count": [8.101802304, 8.101802304, 8.101802304, 8.101802304, 8.101802304, 8.101802304, 8.101802304, 8.101802304, 8.101802304, 8.101802304, 8.101802304, 8.101802304, 8.101802304, 8.101802304, 8.101802304, 8.101802304, 8.101802304, 8.101802304, 8.101802304, 8.101802304, 8.101802304, 8.101802304, 8.101802304, 8.101802304, 8.101802304, 8.101802304, 8.101802304, 8.101802304, 8.101802304, 8.101802304, 8.900894569, 8.900894569, 8.900894569, 8.900894569, 8.900894569, 8.900894569, 8.900894569, 8.900894569, 8.900894569, 8.900894569, 8.900894569, 8.900894569, 8.900894569, 8.900894569, 8.900894569, 8.900894569, 8.900894569, 8.900894569, 8.900894569, 8.900894569, 8.900894569, 8.900894569, 8.900894569, 8.900894569, 8.900894569, 8.900894569, 8.900894569, 8.900894569, 8.900894569, 8.900894569, 9.560565848, 9.560565848, 9.560565848, 9.560565848, 9.560565848, 9.560565848, 9.560565848, 9.560565848, 9.560565848, 9.560565848, 9.560565848, 9.560565848, 9.560565848, 9.560565848, 9.560565848, 9.560565848, 9.560565848, 9.560565848, 9.560565848, 9.560565848, 9.560565848, 9.560565848, 9.560565848, 9.560565848, 9.560565848, 9.560565848, 9.560565848, 9.560565848, 9.560565848, 9.560565848, 11.599841808, 11.599841808, 11.599841808, 11.599841808, 11.599841808, 11.599841808, 11.599841808, 11.599841808, 11.599841808, 11.599841808, 11.599841808, 11.599841808, 11.599841808, 11.599841808, 11.599841808, 11.599841808, 11.599841808, 11.599841808, 11.599841808, 11.599841808, 11.599841808],