{"cpu_usage_count": [225.051490367, 225.051490367, 225.051490367, 225.051490367, 225.051490367, 225.051490367, 225.051490367, 225.051490367, 225.051490367, 225.051490367, 225.051490367, 225.051490367, 225.051490367, 225.051490367, 225.051490367, 225.051490367, 225.051490367, 225.051490367, 225.051490367, 225.051490367, 225.051490367, 225.051490367, 225.051490367, 225.051490367, 225.051490367, 225.051490367, 225.051490367, 225.051490367, 225.051490367, 225.051490367, 1147.311231342, 1147.311231342, 1147.311231342, 1147.311231342, 1147.311231342, 1147.311231342, 1147.311231342, 1147.311231342, 1147.311231342, 1147.311231342, 1147.311231342, 1147.311231342, 1147.311231342, 1147.311231342, 1147.311231342, 1147.311231342, 1147.311231342, 1147.311231342, 1147.311231342, 1147.311231342, 1147.311231342, 1147.311231342, 1147.311231342, 1147.311231342, 1147.311231342, 1147.311231342, 1147.311231342, 1147.311231342, 1147.311231342, 1147.311231342, 1915.215281232, 1915.215281232, 1915.215281232, 1915.215281232, 1915.215281232, 1915.215281232, 1915.215281232, 1915.215281232, 1915.215281232, 1915.215281232, 1915.215281232, 1915.215281232, 1915.215281232, 1915.215281232, 1915.215281232, 1915.215281232, 1915.215281232, 1915.215281232, 1915.215281232, 1915.215281232, 1915.215281232, 1915.215281232, 1915.215281232, 1915.215281232, 1915.215281232, 1915.215281232, 1915.215281232, 1915.215281232, 1915.215281232, 1915.215281232, 2629.395448458, 2629.395448458, 2629.395448458, 2629.395448458, 2629.395448458, 2629.395448458, 2629.395448458, 2629.395448458, 2629.395448458, 2629.395448458, 2629.395448458, 2629.395448458, 2629.395448458, 2629.395448458, 2629.395448458, 2629.395448458, 2629.395448458, 2629.395448458, 2629.395448458, 2629.395448458, 2629.395448458, 2629.395448458, 2629.395448458], "time_cpu_usage_count": [1681867063.0, 1681867064.0, 1681867065.0, 1681867066.0, 1681867067.0, 1681867068.0, 1681867069.0, 1681867070.0, 1681867071.0, 1681867072.0, 1681867073.0, 1681867074.0, 1681867075.0, 1681867076.0, 1681867077.0, 1681867078.0, 1681867079.0, 1681867080.0, 1681867081.0, 1681867082.0, 1681867083.0, 1681867084.0, 1681867085.0, 1681867086.0, 1681867087.0, 1681867088.0, 1681867089.0, 1681867090.0, 1681867091.0, 1681867092.0, 1681867093.0, 1681867094.0, 1681867095.0, 1681867096.0, 1681867097.0, 1681867098.0, 1681867099.0, 1681867100.0, 1681867101.0, 1681867102.0, 1681867103.0, 1681867104.0, 1681867105.0, 1681867106.0, 1681867107.0, 1681867108.0, 1681867109.0, 1681867110.0, 1681867111.0, 1681867112.0, 1681867113.0, 1681867114.0, 1681867115.0, 1681867116.0, 1681867117.0, 1681867118.0, 1681867119.0, 1681867120.0, 1681867121.0, 1681867122.0, 1681867123.0, 1681867124.0, 1681867125.0, 1681867126.0, 1681867127.0, 1681867128.0, 1681867129.0, 1681867130.0, 1681867131.0, 1681867132.0, 1681867133.0, 1681867134.0, 1681867135.0, 1681867136.0, 1681867137.0, 1681867138.0, 1681867139.0, 1681867140.0, 1681867141.0, 1681867142.0, 1681867143.0, 1681867144.0, 1681867145.0, 1681867146.0, 1681867147.0, 1681867148.0, 1681867149.0, 1681867150.0, 1681867151.0, 1681867152.0, 1681867153.0, 1681867154.0, 1681867155.0, 1681867156.0, 1681867157.0, 1681867158.0, 1681867159.0, 1681867160.0, 1681867161.0, 1681867162.0, 1681867163.0, 1681867164.0, 1681867165.0, 1681867166.0, 1681867167.0, 1681867168.0, 1681867169.0, 1681867170.0, 1681867171.0, 1681867172.0, 1681867173.0, 1681867174.0, 1681867175.0], "cpu_usage_rate": [9.793285145923422, 10.049468407305366, 10.305651668687311, 10.561834930069255, 10.818018191451198, 11.074201452833142, 11.330384714215088, 11.586567975597031, 11.842751236978977, 12.09893449836092, 12.355117759742864, 12.61130102112481, 12.867484282506753, 13.123667543888699, 13.379850805270644, 13.636034066652588, 13.892217328034532, 14.148400589416477, 14.40458385079842, 14.660767112180366, 14.91695037356231, 15.173133634944255, 15.429316896326197, 15.685500157708141, 15.941683419090088, 16.197866680472032, 16.454049941853974, 16.710233203235923, 16.966416464617865, 17.22259972599981, 16.173041032254797, 16.40778600320827, 16.64253097416174, 16.877275945115215, 17.112020916068687, 17.34676588702216, 17.58151085797563, 17.816255828929105, 18.051000799882576, 18.285745770836048, 18.52049074178952, 18.755235712742994, 18.989980683696462, 19.224725654649937, 19.459470625603405, 19.694215596556884, 19.92896056751035, 20.163705538463827, 20.398450509417298, 20.63319548037077, 20.86794045132424, 21.102685422277712, 21.33743039323119, 21.57217536418466, 21.806920335138134, 22.041665306091602, 22.276410277045077, 22.51115524799855, 22.74590021895202, 22.98064518990549, 22.113549104741526, 22.33617354530551, 22.558797985869493, 22.781422426433473, 23.004046866997452, 23.226671307561435, 23.44929574812542, 23.6719201886894, 23.89454462925338, 24.11716906981736, 24.339793510381345, 24.56241795094532, 24.785042391509307, 25.00766683207329, 25.23029127263727, 25.45291571320125, 25.67554015376523, 25.898164594329213, 26.120789034893196, 26.343413475457176, 26.56603791602116, 26.714932867677774, 26.714932867677774], "time_cpu_usage_rate": [1681867093.0, 1681867094.0, 1681867095.0, 1681867096.0, 1681867097.0, 1681867098.0, 1681867099.0, 1681867100.0, 1681867101.0, 1681867102.0, 1681867103.0, 1681867104.0, 1681867105.0, 1681867106.0, 1681867107.0, 1681867108.0, 1681867109.0, 1681867110.0, 1681867111.0, 1681867112.0, 1681867113.0, 1681867114.0, 1681867115.0, 1681867116.0, 1681867117.0, 1681867118.0, 1681867119.0, 1681867120.0, 1681867121.0, 1681867122.0, 1681867123.0, 1681867124.0, 1681867125.0, 1681867126.0, 1681867127.0, 1681867128.0, 1681867129.0, 1681867130.0, 1681867131.0, 1681867132.0, 1681867133.0, 1681867134.0, 1681867135.0, 1681867136.0, 1681867137.0, 1681867138.0, 1681867139.0, 1681867140.0, 1681867141.0, 1681867142.0, 1681867143.0, 1681867144.0, 1681867145.0, 1681867146.0, 1681867147.0, 1681867148.0, 1681867149.0, 1681867150.0, 1681867151.0, 1681867152.0, 1681867153.0, 1681867154.0, 1681867155.0, 1681867156.0, 1681867157.0, 1681867158.0, 1681867159.0, 1681867160.0, 1681867161.0, 1681867162.0, 1681867163.0, 1681867164.0, 1681867165.0, 1681867166.0, 1681867167.0, 1681867168.0, 1681867169.0, 1681867170.0, 1681867171.0, 1681867172.0, 1681867173.0, 1681867174.0, 1681867175.0], "cpu_throttled_count": [1.717940307, 1.717940307, 1.717940307, 1.717940307, 1.717940307, 1.717940307, 1.717940307, 1.717940307, 1.717940307, 1.717940307, 1.717940307, 1.717940307, 1.717940307, 1.717940307, 1.717940307, 1.717940307, 1.717940307, 1.717940307, 1.717940307, 1.717940307, 1.717940307, 1.717940307, 1.717940307, 1.717940307, 1.717940307, 1.717940307, 1.717940307, 1.717940307, 1.717940307, 1.717940307, 3.725564391, 3.725564391, 3.725564391, 3.725564391, 3.725564391, 3.725564391, 3.725564391, 3.725564391, 3.725564391, 3.725564391, 3.725564391, 3.725564391, 3.725564391, 3.725564391, 3.725564391, 3.725564391, 3.725564391, 3.725564391, 3.725564391, 3.725564391, 3.725564391, 3.725564391, 3.725564391, 3.725564391, 3.725564391, 3.725564391, 3.725564391, 3.725564391, 3.725564391, 3.725564391, 5.780909965, 5.780909965, 5.780909965, 5.780909965, 5.780909965, 5.780909965, 5.780909965, 5.780909965, 5.780909965, 5.780909965, 5.780909965, 5.780909965, 5.780909965, 5.780909965, 5.780909965, 5.780909965, 5.780909965, 5.780909965, 5.780909965, 5.780909965, 5.780909965, 5.780909965, 5.780909965, 5.780909965, 5.780909965, 5.780909965, 5.780909965, 5.780909965, 5.780909965, 5.780909965, 8.002936748, 8.002936748, 8.002936748, 8.002936748, 8.002936748, 8.002936748, 8.002936748, 8.002936748, 8.002936748, 8.002936748, 8.002936748, 8.002936748, 8.002936748, 8.002936748, 8.002936748, 8.002936748, 8.002936748, 8.002936748, 8.002936748, 8.002936748, 8.002936748, 8.002936748, 8.002936748],