{"cpu_usage_count": [28.018631425, 28.018631425, 28.018631425, 28.018631425, 28.018631425, 28.018631425, 28.018631425, 28.018631425, 28.018631425, 28.018631425, 28.018631425, 28.018631425, 28.018631425, 28.018631425, 28.018631425, 28.018631425, 28.018631425, 28.018631425, 28.018631425, 28.018631425, 28.018631425, 28.018631425, 28.018631425, 28.018631425, 28.018631425, 28.018631425, 28.018631425, 28.018631425, 28.018631425, 28.018631425, 227.573224774, 227.573224774, 227.573224774, 227.573224774, 227.573224774, 227.573224774, 227.573224774, 227.573224774, 227.573224774, 227.573224774, 227.573224774, 227.573224774, 227.573224774, 227.573224774, 227.573224774, 227.573224774, 227.573224774, 227.573224774, 227.573224774, 227.573224774, 227.573224774, 227.573224774, 227.573224774, 227.573224774, 227.573224774, 227.573224774, 227.573224774, 227.573224774, 227.573224774, 227.573224774, 470.466509595, 470.466509595, 470.466509595, 470.466509595, 470.466509595, 470.466509595, 470.466509595, 470.466509595, 470.466509595, 470.466509595, 470.466509595, 470.466509595, 470.466509595, 470.466509595, 470.466509595, 470.466509595, 470.466509595, 470.466509595, 470.466509595, 470.466509595, 470.466509595, 470.466509595, 470.466509595, 470.466509595, 470.466509595, 470.466509595, 470.466509595, 470.466509595, 470.466509595, 470.466509595, 661.059309373, 661.059309373, 661.059309373, 661.059309373, 661.059309373, 661.059309373, 661.059309373, 661.059309373, 661.059309373, 661.059309373, 661.059309373, 661.059309373, 661.059309373, 661.059309373, 661.059309373, 661.059309373, 661.059309373, 661.059309373, 661.059309373, 661.059309373, 661.059309373], "time_cpu_usage_count": [1681868713.0, 1681868714.0, 1681868715.0, 1681868716.0, 1681868717.0, 1681868718.0, 1681868719.0, 1681868720.0, 1681868721.0, 1681868722.0, 1681868723.0, 1681868724.0, 1681868725.0, 1681868726.0, 1681868727.0, 1681868728.0, 1681868729.0, 1681868730.0, 1681868731.0, 1681868732.0, 1681868733.0, 1681868734.0, 1681868735.0, 1681868736.0, 1681868737.0, 1681868738.0, 1681868739.0, 1681868740.0, 1681868741.0, 1681868742.0, 1681868743.0, 1681868744.0, 1681868745.0, 1681868746.0, 1681868747.0, 1681868748.0, 1681868749.0, 1681868750.0, 1681868751.0, 1681868752.0, 1681868753.0, 1681868754.0, 1681868755.0, 1681868756.0, 1681868757.0, 1681868758.0, 1681868759.0, 1681868760.0, 1681868761.0, 1681868762.0, 1681868763.0, 1681868764.0, 1681868765.0, 1681868766.0, 1681868767.0, 1681868768.0, 1681868769.0, 1681868770.0, 1681868771.0, 1681868772.0, 1681868773.0, 1681868774.0, 1681868775.0, 1681868776.0, 1681868777.0, 1681868778.0, 1681868779.0, 1681868780.0, 1681868781.0, 1681868782.0, 1681868783.0, 1681868784.0, 1681868785.0, 1681868786.0, 1681868787.0, 1681868788.0, 1681868789.0, 1681868790.0, 1681868791.0, 1681868792.0, 1681868793.0, 1681868794.0, 1681868795.0, 1681868796.0, 1681868797.0, 1681868798.0, 1681868799.0, 1681868800.0, 1681868801.0, 1681868802.0, 1681868803.0, 1681868804.0, 1681868805.0, 1681868806.0, 1681868807.0, 1681868808.0, 1681868809.0, 1681868810.0, 1681868811.0, 1681868812.0, 1681868813.0, 1681868814.0, 1681868815.0, 1681868816.0, 1681868817.0, 1681868818.0, 1681868819.0, 1681868820.0, 1681868821.0, 1681868822.0, 1681868823.0], "cpu_usage_rate": [1.9467202109409847, 2.0021520424268178, 2.0575838739126513, 2.1130157053984844, 2.168447536884318, 2.223879368370151, 2.2793111998559845, 2.334743031341818, 2.390174862827651, 2.4456066943134847, 2.5010385257993177, 2.5564703572851513, 2.6119021887709843, 2.667334020256818, 2.722765851742651, 2.7781976832284845, 2.833629514714318, 2.8890613462001515, 2.9444931776859846, 2.999925009171818, 3.0553568406576512, 3.1107886721434848, 3.1662205036293183, 3.2216523351151514, 3.277084166600985, 3.332515998086818, 3.387947829572651, 3.443379661058485, 3.498811492544318, 3.554243324030151, 3.9762903890555816, 4.03774148324586, 4.0991925774361375, 4.160643671626414, 4.222094765816692, 4.283545860006971, 4.3449969541972475, 4.406448048387526, 4.467899142577804, 4.529350236768082, 4.590801330958359, 4.652252425148636, 4.713703519338916, 4.775154613529193, 4.83660570771947, 4.898056801909748, 4.959507896100026, 5.020958990290304, 5.082410084480582, 5.143861178670859, 5.205312272861137, 5.266763367051414, 5.328214461241692, 5.389665555431971, 5.451116649622248, 5.512567743812526, 5.574018838002803, 5.6354699321930815, 5.69692102638336, 5.758372120573637, 5.561991272080448, 5.620606149668225, 5.679221027256005, 5.737835904843782, 5.79645078243156, 5.855065660019337, 5.913680537607115, 5.972295415194893, 6.0309102927826705, 6.0895251703704485, 6.1481400479582256, 6.206754925546004, 6.2653698031337814, 6.32398468072156, 6.382599558309337, 6.441214435897114, 6.499829313484893, 6.55844419107267, 6.617059068660448, 6.675673946248226, 6.734288823836005], "time_cpu_usage_rate": [1681868743.0, 1681868744.0, 1681868745.0, 1681868746.0, 1681868747.0, 1681868748.0, 1681868749.0, 1681868750.0, 1681868751.0, 1681868752.0, 1681868753.0, 1681868754.0, 1681868755.0, 1681868756.0, 1681868757.0, 1681868758.0, 1681868759.0, 1681868760.0, 1681868761.0, 1681868762.0, 1681868763.0, 1681868764.0, 1681868765.0, 1681868766.0, 1681868767.0, 1681868768.0, 1681868769.0, 1681868770.0, 1681868771.0, 1681868772.0, 1681868773.0, 1681868774.0, 1681868775.0, 1681868776.0, 1681868777.0, 1681868778.0, 1681868779.0, 1681868780.0, 1681868781.0, 1681868782.0, 1681868783.0, 1681868784.0, 1681868785.0, 1681868786.0, 1681868787.0, 1681868788.0, 1681868789.0, 1681868790.0, 1681868791.0, 1681868792.0, 1681868793.0, 1681868794.0, 1681868795.0, 1681868796.0, 1681868797.0, 1681868798.0, 1681868799.0, 1681868800.0, 1681868801.0, 1681868802.0, 1681868803.0, 1681868804.0, 1681868805.0, 1681868806.0, 1681868807.0, 1681868808.0, 1681868809.0, 1681868810.0, 1681868811.0, 1681868812.0, 1681868813.0, 1681868814.0, 1681868815.0, 1681868816.0, 1681868817.0, 1681868818.0, 1681868819.0, 1681868820.0, 1681868821.0, 1681868822.0, 1681868823.0], "cpu_throttled_count": [6.40516408, 6.40516408, 6.40516408, 6.40516408, 6.40516408, 6.40516408, 6.40516408, 6.40516408, 6.40516408, 6.40516408, 6.40516408, 6.40516408, 6.40516408, 6.40516408, 6.40516408, 6.40516408, 6.40516408, 6.40516408, 6.40516408, 6.40516408, 6.40516408, 6.40516408, 6.40516408, 6.40516408, 6.40516408, 6.40516408, 6.40516408, 6.40516408, 6.40516408, 6.40516408, 6.6916952, 6.6916952, 6.6916952, 6.6916952, 6.6916952, 6.6916952, 6.6916952, 6.6916952, 6.6916952, 6.6916952, 6.6916952, 6.6916952, 6.6916952, 6.6916952, 6.6916952, 6.6916952, 6.6916952, 6.6916952, 6.6916952, 6.6916952, 6.6916952, 6.6916952, 6.6916952, 6.6916952, 6.6916952, 6.6916952, 6.6916952, 6.6916952, 6.6916952, 6.6916952, 7.020905596, 7.020905596, 7.020905596, 7.020905596, 7.020905596, 7.020905596, 7.020905596, 7.020905596, 7.020905596, 7.020905596, 7.020905596, 7.020905596, 7.020905596, 7.020905596, 7.020905596, 7.020905596, 7.020905596, 7.020905596, 7.020905596, 7.020905596, 7.020905596, 7.020905596, 7.020905596, 7.020905596, 7.020905596, 7.020905596, 7.020905596, 7.020905596, 7.020905596, 7.020905596, 7.310913237, 7.310913237, 7.310913237, 7.310913237, 7.310913237, 7.310913237, 7.310913237, 7.310913237, 7.310913237, 7.310913237, 7.310913237, 7.310913237, 7.310913237, 7.310913237, 7.310913237, 7.310913237, 7.310913237, 7.310913237, 7.310913237, 7.310913237, 7.310913237],