{"cpu_usage_count": [86.795866698, 86.795866698, 86.795866698, 86.795866698, 86.795866698, 86.795866698, 86.795866698, 86.795866698, 86.795866698, 86.795866698, 86.795866698, 86.795866698, 86.795866698, 86.795866698, 86.795866698, 86.795866698, 86.795866698, 86.795866698, 86.795866698, 86.795866698, 86.795866698, 86.795866698, 86.795866698, 86.795866698, 86.795866698, 86.795866698, 86.795866698, 86.795866698, 86.795866698, 86.795866698, 477.490623656, 477.490623656, 477.490623656, 477.490623656, 477.490623656, 477.490623656, 477.490623656, 477.490623656, 477.490623656, 477.490623656, 477.490623656, 477.490623656, 477.490623656, 477.490623656, 477.490623656, 477.490623656, 477.490623656, 477.490623656, 477.490623656, 477.490623656, 477.490623656, 477.490623656, 477.490623656, 477.490623656, 477.490623656, 477.490623656, 477.490623656, 477.490623656, 477.490623656, 477.490623656, 909.706752054, 909.706752054, 909.706752054, 909.706752054, 909.706752054, 909.706752054, 909.706752054, 909.706752054, 909.706752054, 909.706752054, 909.706752054, 909.706752054, 909.706752054, 909.706752054, 909.706752054, 909.706752054, 909.706752054, 909.706752054, 909.706752054, 909.706752054, 909.706752054, 909.706752054, 909.706752054, 909.706752054, 909.706752054, 909.706752054, 909.706752054, 909.706752054, 909.706752054, 909.706752054, 1411.12375404, 1411.12375404, 1411.12375404, 1411.12375404, 1411.12375404, 1411.12375404, 1411.12375404, 1411.12375404, 1411.12375404, 1411.12375404, 1411.12375404, 1411.12375404, 1411.12375404, 1411.12375404, 1411.12375404, 1411.12375404, 1411.12375404, 1411.12375404, 1411.12375404, 1411.12375404, 1411.12375404, 1411.12375404], "time_cpu_usage_count": [1681869283.0, 1681869284.0, 1681869285.0, 1681869286.0, 1681869287.0, 1681869288.0, 1681869289.0, 1681869290.0, 1681869291.0, 1681869292.0, 1681869293.0, 1681869294.0, 1681869295.0, 1681869296.0, 1681869297.0, 1681869298.0, 1681869299.0, 1681869300.0, 1681869301.0, 1681869302.0, 1681869303.0, 1681869304.0, 1681869305.0, 1681869306.0, 1681869307.0, 1681869308.0, 1681869309.0, 1681869310.0, 1681869311.0, 1681869312.0, 1681869313.0, 1681869314.0, 1681869315.0, 1681869316.0, 1681869317.0, 1681869318.0, 1681869319.0, 1681869320.0, 1681869321.0, 1681869322.0, 1681869323.0, 1681869324.0, 1681869325.0, 1681869326.0, 1681869327.0, 1681869328.0, 1681869329.0, 1681869330.0, 1681869331.0, 1681869332.0, 1681869333.0, 1681869334.0, 1681869335.0, 1681869336.0, 1681869337.0, 1681869338.0, 1681869339.0, 1681869340.0, 1681869341.0, 1681869342.0, 1681869343.0, 1681869344.0, 1681869345.0, 1681869346.0, 1681869347.0, 1681869348.0, 1681869349.0, 1681869350.0, 1681869351.0, 1681869352.0, 1681869353.0, 1681869354.0, 1681869355.0, 1681869356.0, 1681869357.0, 1681869358.0, 1681869359.0, 1681869360.0, 1681869361.0, 1681869362.0, 1681869363.0, 1681869364.0, 1681869365.0, 1681869366.0, 1681869367.0, 1681869368.0, 1681869369.0, 1681869370.0, 1681869371.0, 1681869372.0, 1681869373.0, 1681869374.0, 1681869375.0, 1681869376.0, 1681869377.0, 1681869378.0, 1681869379.0, 1681869380.0, 1681869381.0, 1681869382.0, 1681869383.0, 1681869384.0, 1681869385.0, 1681869386.0, 1681869387.0, 1681869388.0, 1681869389.0, 1681869390.0, 1681869391.0, 1681869392.0, 1681869393.0, 1681869394.0], "cpu_usage_rate": [4.077521903955807, 4.18604822533303, 4.294574546710251, 4.403100868087474, 4.511627189464695, 4.620153510841918, 4.72867983221914, 4.837206153596363, 4.9457324749735845, 5.054258796350807, 5.1627851177280295, 5.271311439105252, 5.379837760482474, 5.488364081859697, 5.596890403236919, 5.705416724614141, 5.813943045991364, 5.922469367368586, 6.030995688745808, 6.13952201012303, 6.248048331500252, 6.356574652877474, 6.465100974254696, 6.573627295631919, 6.68215361700914, 6.790679938386362, 6.899206259763584, 7.007732581140808, 7.116258902518029, 7.2247852238952515, 7.684553513369153, 7.798846691890819, 7.9131398704124845, 8.027433048934153, 8.141726227455818, 8.256019405977485, 8.370312584499153, 8.48460576302082, 8.598898941542485, 8.713192120064152, 8.82748529858582, 8.941778477107485, 9.056071655629152, 9.170364834150819, 9.284658012672486, 9.398951191194152, 9.513244369715817, 9.627537548237486, 9.741830726759153, 9.85612390528082, 9.970417083802486, 10.084710262324155, 10.19900344084582, 10.313296619367486, 10.427589797889151, 10.54188297641082, 10.656176154932487, 10.770469333454152, 10.884762511975818, 10.999055690497487, 11.870583634946222, 11.993206587477887, 12.115829540009551, 12.238452492541223, 12.361075445072888, 12.483698397604554, 12.60632135013622, 12.728944302667886, 12.851567255199557, 12.974190207731223, 13.096813160262887, 13.219436112794552, 13.34205906532622, 13.464682017857886, 13.587304970389555, 13.70992792292122, 13.832550875452887, 13.955173827984554, 14.07779678051622, 14.200419733047886, 14.323042685579555, 14.44566563811122], "time_cpu_usage_rate": [1681869313.0, 1681869314.0, 1681869315.0, 1681869316.0, 1681869317.0, 1681869318.0, 1681869319.0, 1681869320.0, 1681869321.0, 1681869322.0, 1681869323.0, 1681869324.0, 1681869325.0, 1681869326.0, 1681869327.0, 1681869328.0, 1681869329.0, 1681869330.0, 1681869331.0, 1681869332.0, 1681869333.0, 1681869334.0, 1681869335.0, 1681869336.0, 1681869337.0, 1681869338.0, 1681869339.0, 1681869340.0, 1681869341.0, 1681869342.0, 1681869343.0, 1681869344.0, 1681869345.0, 1681869346.0, 1681869347.0, 1681869348.0, 1681869349.0, 1681869350.0, 1681869351.0, 1681869352.0, 1681869353.0, 1681869354.0, 1681869355.0, 1681869356.0, 1681869357.0, 1681869358.0, 1681869359.0, 1681869360.0, 1681869361.0, 1681869362.0, 1681869363.0, 1681869364.0, 1681869365.0, 1681869366.0, 1681869367.0, 1681869368.0, 1681869369.0, 1681869370.0, 1681869371.0, 1681869372.0, 1681869373.0, 1681869374.0, 1681869375.0, 1681869376.0, 1681869377.0, 1681869378.0, 1681869379.0, 1681869380.0, 1681869381.0, 1681869382.0, 1681869383.0, 1681869384.0, 1681869385.0, 1681869386.0, 1681869387.0, 1681869388.0, 1681869389.0, 1681869390.0, 1681869391.0, 1681869392.0, 1681869393.0, 1681869394.0], "cpu_throttled_count": [9.718095635, 9.718095635, 9.718095635, 9.718095635, 9.718095635, 9.718095635, 9.718095635, 9.718095635, 9.718095635, 9.718095635, 9.718095635, 9.718095635, 9.718095635, 9.718095635, 9.718095635, 9.718095635, 9.718095635, 9.718095635, 9.718095635, 9.718095635, 9.718095635, 9.718095635, 9.718095635, 9.718095635, 9.718095635, 9.718095635, 9.718095635, 9.718095635, 9.718095635, 9.718095635, 10.008600404, 10.008600404, 10.008600404, 10.008600404, 10.008600404, 10.008600404, 10.008600404, 10.008600404, 10.008600404, 10.008600404, 10.008600404, 10.008600404, 10.008600404, 10.008600404, 10.008600404, 10.008600404, 10.008600404, 10.008600404, 10.008600404, 10.008600404, 10.008600404, 10.008600404, 10.008600404, 10.008600404, 10.008600404, 10.008600404, 10.008600404, 10.008600404, 10.008600404, 10.008600404, 11.007943843, 11.007943843, 11.007943843, 11.007943843, 11.007943843, 11.007943843, 11.007943843, 11.007943843, 11.007943843, 11.007943843, 11.007943843, 11.007943843, 11.007943843, 11.007943843, 11.007943843, 11.007943843, 11.007943843, 11.007943843, 11.007943843, 11.007943843, 11.007943843, 11.007943843, 11.007943843, 11.007943843, 11.007943843, 11.007943843, 11.007943843, 11.007943843, 11.007943843, 11.007943843, 11.935017231, 11.935017231, 11.935017231, 11.935017231, 11.935017231, 11.935017231, 11.935017231, 11.935017231, 11.935017231, 11.935017231, 11.935017231, 11.935017231, 11.935017231, 11.935017231, 11.935017231, 11.935017231, 11.935017231, 11.935017231, 11.935017231, 11.935017231, 11.935017231, 11.935017231],