{"cpu_usage_count": [141.923780013, 141.923780013, 141.923780013, 141.923780013, 141.923780013, 141.923780013, 141.923780013, 141.923780013, 141.923780013, 141.923780013, 141.923780013, 141.923780013, 141.923780013, 141.923780013, 141.923780013, 141.923780013, 141.923780013, 141.923780013, 141.923780013, 141.923780013, 141.923780013, 141.923780013, 141.923780013, 141.923780013, 141.923780013, 141.923780013, 141.923780013, 141.923780013, 141.923780013, 141.923780013, 365.278362168, 365.278362168, 365.278362168, 365.278362168, 365.278362168, 365.278362168, 365.278362168, 365.278362168, 365.278362168, 365.278362168, 365.278362168, 365.278362168, 365.278362168, 365.278362168, 365.278362168, 365.278362168, 365.278362168, 365.278362168, 365.278362168, 365.278362168, 365.278362168, 365.278362168, 365.278362168, 365.278362168, 365.278362168, 365.278362168, 365.278362168, 365.278362168, 365.278362168, 365.278362168, 574.946168962, 574.946168962, 574.946168962, 574.946168962, 574.946168962, 574.946168962, 574.946168962, 574.946168962, 574.946168962, 574.946168962, 574.946168962, 574.946168962, 574.946168962, 574.946168962, 574.946168962, 574.946168962, 574.946168962, 574.946168962, 574.946168962, 574.946168962, 574.946168962, 574.946168962, 574.946168962, 574.946168962, 574.946168962, 574.946168962, 574.946168962, 574.946168962, 574.946168962, 574.946168962, 857.21135988, 857.21135988, 857.21135988, 857.21135988, 857.21135988, 857.21135988, 857.21135988, 857.21135988, 857.21135988, 857.21135988, 857.21135988, 857.21135988, 857.21135988, 857.21135988, 857.21135988, 857.21135988, 857.21135988, 857.21135988, 857.21135988, 857.21135988, 857.21135988], "time_cpu_usage_count": [1681871683.0, 1681871684.0, 1681871685.0, 1681871686.0, 1681871687.0, 1681871688.0, 1681871689.0, 1681871690.0, 1681871691.0, 1681871692.0, 1681871693.0, 1681871694.0, 1681871695.0, 1681871696.0, 1681871697.0, 1681871698.0, 1681871699.0, 1681871700.0, 1681871701.0, 1681871702.0, 1681871703.0, 1681871704.0, 1681871705.0, 1681871706.0, 1681871707.0, 1681871708.0, 1681871709.0, 1681871710.0, 1681871711.0, 1681871712.0, 1681871713.0, 1681871714.0, 1681871715.0, 1681871716.0, 1681871717.0, 1681871718.0, 1681871719.0, 1681871720.0, 1681871721.0, 1681871722.0, 1681871723.0, 1681871724.0, 1681871725.0, 1681871726.0, 1681871727.0, 1681871728.0, 1681871729.0, 1681871730.0, 1681871731.0, 1681871732.0, 1681871733.0, 1681871734.0, 1681871735.0, 1681871736.0, 1681871737.0, 1681871738.0, 1681871739.0, 1681871740.0, 1681871741.0, 1681871742.0, 1681871743.0, 1681871744.0, 1681871745.0, 1681871746.0, 1681871747.0, 1681871748.0, 1681871749.0, 1681871750.0, 1681871751.0, 1681871752.0, 1681871753.0, 1681871754.0, 1681871755.0, 1681871756.0, 1681871757.0, 1681871758.0, 1681871759.0, 1681871760.0, 1681871761.0, 1681871762.0, 1681871763.0, 1681871764.0, 1681871765.0, 1681871766.0, 1681871767.0, 1681871768.0, 1681871769.0, 1681871770.0, 1681871771.0, 1681871772.0, 1681871773.0, 1681871774.0, 1681871775.0, 1681871776.0, 1681871777.0, 1681871778.0, 1681871779.0, 1681871780.0, 1681871781.0, 1681871782.0, 1681871783.0, 1681871784.0, 1681871785.0, 1681871786.0, 1681871787.0, 1681871788.0, 1681871789.0, 1681871790.0, 1681871791.0, 1681871792.0, 1681871793.0], "cpu_usage_rate": [3.1002592975151626, 3.1623022370026623, 3.224345176490162, 3.2863881159776627, 3.3484310554651624, 3.410473994952662, 3.4725169344401623, 3.5345598739276625, 3.596602813415162, 3.6586457529026624, 3.7206886923901625, 3.7827316318776623, 3.8447745713651624, 3.9068175108526626, 3.9688604503401623, 4.030903389827662, 4.092946329315162, 4.154989268802662, 4.217032208290163, 4.279075147777662, 4.341118087265162, 4.403161026752662, 4.465203966240162, 4.5272469057276625, 4.589289845215163, 4.651332784702662, 4.713375724190162, 4.775418663677661, 4.837461603165163, 4.899504542652663, 4.845766867291214, 4.905908865756354, 4.966050864221492, 5.026192862686631, 5.08633486115177, 5.146476859616909, 5.206618858082048, 5.266760856547186, 5.326902855012325, 5.387044853477464, 5.447186851942603, 5.507328850407743, 5.5674708488728815, 5.627612847338019, 5.687754845803158, 5.747896844268298, 5.808038842733437, 5.868180841198575, 5.928322839663713, 5.988464838128853, 6.048606836593992, 6.108748835059131, 6.168890833524269, 6.229032831989409, 6.289174830454547, 6.349316828919686, 6.409458827384825, 6.469600825849964, 6.529742824315103, 6.589884822780241, 7.2034989096425335, 7.2697292411117, 7.335959572580867, 7.402189904050034, 7.468420235519201, 7.5346505669883665, 7.600880898457533, 7.667111229926701, 7.733341561395867, 7.799571892865034, 7.8658022243342005, 7.932032555803366, 7.947639776299999, 7.947639776299999, 7.947639776299999, 7.947639776299999, 7.947639776299999, 7.947639776299999, 7.947639776299999, 7.947639776299999, 7.947639776299999], "time_cpu_usage_rate": [1681871713.0, 1681871714.0, 1681871715.0, 1681871716.0, 1681871717.0, 1681871718.0, 1681871719.0, 1681871720.0, 1681871721.0, 1681871722.0, 1681871723.0, 1681871724.0, 1681871725.0, 1681871726.0, 1681871727.0, 1681871728.0, 1681871729.0, 1681871730.0, 1681871731.0, 1681871732.0, 1681871733.0, 1681871734.0, 1681871735.0, 1681871736.0, 1681871737.0, 1681871738.0, 1681871739.0, 1681871740.0, 1681871741.0, 1681871742.0, 1681871743.0, 1681871744.0, 1681871745.0, 1681871746.0, 1681871747.0, 1681871748.0, 1681871749.0, 1681871750.0, 1681871751.0, 1681871752.0, 1681871753.0, 1681871754.0, 1681871755.0, 1681871756.0, 1681871757.0, 1681871758.0, 1681871759.0, 1681871760.0, 1681871761.0, 1681871762.0, 1681871763.0, 1681871764.0, 1681871765.0, 1681871766.0, 1681871767.0, 1681871768.0, 1681871769.0, 1681871770.0, 1681871771.0, 1681871772.0, 1681871773.0, 1681871774.0, 1681871775.0, 1681871776.0, 1681871777.0, 1681871778.0, 1681871779.0, 1681871780.0, 1681871781.0, 1681871782.0, 1681871783.0, 1681871784.0, 1681871785.0, 1681871786.0, 1681871787.0, 1681871788.0, 1681871789.0, 1681871790.0, 1681871791.0, 1681871792.0, 1681871793.0], "cpu_throttled_count": [15.417339585, 15.417339585, 15.417339585, 15.417339585, 15.417339585, 15.417339585, 15.417339585, 15.417339585, 15.417339585, 15.417339585, 15.417339585, 15.417339585, 15.417339585, 15.417339585, 15.417339585, 15.417339585, 15.417339585, 15.417339585, 15.417339585, 15.417339585, 15.417339585, 15.417339585, 15.417339585, 15.417339585, 15.417339585, 15.417339585, 15.417339585, 15.417339585, 15.417339585, 15.417339585, 15.850636853, 15.850636853, 15.850636853, 15.850636853, 15.850636853, 15.850636853, 15.850636853, 15.850636853, 15.850636853, 15.850636853, 15.850636853, 15.850636853, 15.850636853, 15.850636853, 15.850636853, 15.850636853, 15.850636853, 15.850636853, 15.850636853, 15.850636853, 15.850636853, 15.850636853, 15.850636853, 15.850636853, 15.850636853, 15.850636853, 15.850636853, 15.850636853, 15.850636853, 15.850636853, 16.33580107, 16.33580107, 16.33580107, 16.33580107, 16.33580107, 16.33580107, 16.33580107, 16.33580107, 16.33580107, 16.33580107, 16.33580107, 16.33580107, 16.33580107, 16.33580107, 16.33580107, 16.33580107, 16.33580107, 16.33580107, 16.33580107, 16.33580107, 16.33580107, 16.33580107, 16.33580107, 16.33580107, 16.33580107, 16.33580107, 16.33580107, 16.33580107, 16.33580107, 16.33580107, 16.915195894, 16.915195894, 16.915195894, 16.915195894, 16.915195894, 16.915195894, 16.915195894, 16.915195894, 16.915195894, 16.915195894, 16.915195894, 16.915195894, 16.915195894, 16.915195894, 16.915195894, 16.915195894, 16.915195894, 16.915195894, 16.915195894, 16.915195894, 16.915195894],