{"cpu_usage_count": [48.694140225, 48.694140225, 48.694140225, 48.694140225, 48.694140225, 48.694140225, 48.694140225, 48.694140225, 48.694140225, 48.694140225, 48.694140225, 48.694140225, 48.694140225, 48.694140225, 48.694140225, 48.694140225, 48.694140225, 48.694140225, 48.694140225, 48.694140225, 48.694140225, 48.694140225, 48.694140225, 48.694140225, 48.694140225, 48.694140225, 48.694140225, 48.694140225, 48.694140225, 48.694140225, 243.881562065, 243.881562065, 243.881562065, 243.881562065, 243.881562065, 243.881562065, 243.881562065, 243.881562065, 243.881562065, 243.881562065, 243.881562065, 243.881562065, 243.881562065, 243.881562065, 243.881562065, 243.881562065, 243.881562065, 243.881562065, 243.881562065, 243.881562065, 243.881562065, 243.881562065, 243.881562065, 243.881562065, 243.881562065, 243.881562065, 243.881562065, 243.881562065, 243.881562065, 243.881562065, 527.101626411, 527.101626411, 527.101626411, 527.101626411, 527.101626411, 527.101626411, 527.101626411, 527.101626411, 527.101626411, 527.101626411, 527.101626411, 527.101626411, 527.101626411, 527.101626411, 527.101626411, 527.101626411, 527.101626411, 527.101626411, 527.101626411, 527.101626411, 527.101626411, 527.101626411, 527.101626411, 527.101626411, 527.101626411, 527.101626411, 527.101626411, 527.101626411, 527.101626411, 527.101626411, 671.631908581, 671.631908581, 671.631908581, 671.631908581, 671.631908581, 671.631908581, 671.631908581, 671.631908581, 671.631908581, 671.631908581, 671.631908581, 671.631908581, 671.631908581, 671.631908581, 671.631908581, 671.631908581, 671.631908581, 671.631908581, 671.631908581, 671.631908581, 671.631908581, 671.631908581, 671.631908581, 671.631908581], "time_cpu_usage_count": [1681882633.0, 1681882634.0, 1681882635.0, 1681882636.0, 1681882637.0, 1681882638.0, 1681882639.0, 1681882640.0, 1681882641.0, 1681882642.0, 1681882643.0, 1681882644.0, 1681882645.0, 1681882646.0, 1681882647.0, 1681882648.0, 1681882649.0, 1681882650.0, 1681882651.0, 1681882652.0, 1681882653.0, 1681882654.0, 1681882655.0, 1681882656.0, 1681882657.0, 1681882658.0, 1681882659.0, 1681882660.0, 1681882661.0, 1681882662.0, 1681882663.0, 1681882664.0, 1681882665.0, 1681882666.0, 1681882667.0, 1681882668.0, 1681882669.0, 1681882670.0, 1681882671.0, 1681882672.0, 1681882673.0, 1681882674.0, 1681882675.0, 1681882676.0, 1681882677.0, 1681882678.0, 1681882679.0, 1681882680.0, 1681882681.0, 1681882682.0, 1681882683.0, 1681882684.0, 1681882685.0, 1681882686.0, 1681882687.0, 1681882688.0, 1681882689.0, 1681882690.0, 1681882691.0, 1681882692.0, 1681882693.0, 1681882694.0, 1681882695.0, 1681882696.0, 1681882697.0, 1681882698.0, 1681882699.0, 1681882700.0, 1681882701.0, 1681882702.0, 1681882703.0, 1681882704.0, 1681882705.0, 1681882706.0, 1681882707.0, 1681882708.0, 1681882709.0, 1681882710.0, 1681882711.0, 1681882712.0, 1681882713.0, 1681882714.0, 1681882715.0, 1681882716.0, 1681882717.0, 1681882718.0, 1681882719.0, 1681882720.0, 1681882721.0, 1681882722.0, 1681882723.0, 1681882724.0, 1681882725.0, 1681882726.0, 1681882727.0, 1681882728.0, 1681882729.0, 1681882730.0, 1681882731.0, 1681882732.0, 1681882733.0, 1681882734.0, 1681882735.0, 1681882736.0, 1681882737.0, 1681882738.0, 1681882739.0, 1681882740.0, 1681882741.0, 1681882742.0, 1681882743.0, 1681882744.0, 1681882745.0, 1681882746.0], "cpu_usage_rate": [2.0815227370996885, 2.135741465388578, 2.189960193677466, 2.244178921966356, 2.2983976502552443, 2.352616378544133, 2.406835106833022, 2.461053835121911, 2.5152725634107997, 2.569491291699689, 2.6237100199885774, 2.6779287482774667, 2.732147476566355, 2.786366204855244, 2.8405849331441337, 2.894803661433022, 2.949022389721911, 3.0032411180108, 3.0574598462996887, 3.111678574588578, 3.165897302877467, 3.2201160311663553, 3.274334759455244, 3.3285534877441334, 3.3827722160330223, 3.436990944321911, 3.4912096726107995, 3.545428400899689, 3.5996471291885777, 3.653865857477466, 4.452779607587597, 4.519225091780097, 4.585670575972597, 4.652116060165097, 4.718561544357597, 4.785007028550097, 4.851452512742597, 4.917897996935096, 4.984343481127596, 5.050788965320096, 5.117234449512597, 5.183679933705096, 5.250125417897596, 5.3165709020900955, 5.383016386282597, 5.449461870475096, 5.515907354667596, 5.582352838860097, 5.648798323052597, 5.715243807245097, 5.781689291437597, 5.848134775630097, 5.914580259822597, 5.9810257440150965, 6.047471228207597, 6.113916712400097, 6.180362196592596, 6.246807680785096, 6.313253164977596, 6.379698649170097, 5.649247808165637, 5.706927231161563, 5.76460665415749, 5.822286077153415, 5.879965500149341, 5.937644923145267, 5.995324346141193, 6.05300376913712, 6.1106831921330445, 6.168362615128971, 6.226042038124897, 6.283721461120822, 6.341400884116749, 6.3990803071126745, 6.4567597301086, 6.514439153104527, 6.5721185761004515, 6.629797999096379, 6.687477422092305, 6.74515684508823, 6.802836268084156, 6.8605156910800815, 6.918195114076008, 6.921530759511111], "time_cpu_usage_rate": [1681882663.0, 1681882664.0, 1681882665.0, 1681882666.0, 1681882667.0, 1681882668.0, 1681882669.0, 1681882670.0, 1681882671.0, 1681882672.0, 1681882673.0, 1681882674.0, 1681882675.0, 1681882676.0, 1681882677.0, 1681882678.0, 1681882679.0, 1681882680.0, 1681882681.0, 1681882682.0, 1681882683.0, 1681882684.0, 1681882685.0, 1681882686.0, 1681882687.0, 1681882688.0, 1681882689.0, 1681882690.0, 1681882691.0, 1681882692.0, 1681882693.0, 1681882694.0, 1681882695.0, 1681882696.0, 1681882697.0, 1681882698.0, 1681882699.0, 1681882700.0, 1681882701.0, 1681882702.0, 1681882703.0, 1681882704.0, 1681882705.0, 1681882706.0, 1681882707.0, 1681882708.0, 1681882709.0, 1681882710.0, 1681882711.0, 1681882712.0, 1681882713.0, 1681882714.0, 1681882715.0, 1681882716.0, 1681882717.0, 1681882718.0, 1681882719.0, 1681882720.0, 1681882721.0, 1681882722.0, 1681882723.0, 1681882724.0, 1681882725.0, 1681882726.0, 1681882727.0, 1681882728.0, 1681882729.0, 1681882730.0, 1681882731.0, 1681882732.0, 1681882733.0, 1681882734.0, 1681882735.0, 1681882736.0, 1681882737.0, 1681882738.0, 1681882739.0, 1681882740.0, 1681882741.0, 1681882742.0, 1681882743.0, 1681882744.0, 1681882745.0, 1681882746.0], "cpu_throttled_count": [22.762935994, 22.762935994, 22.762935994, 22.762935994, 22.762935994, 22.762935994, 22.762935994, 22.762935994, 22.762935994, 22.762935994, 22.762935994, 22.762935994, 22.762935994, 22.762935994, 22.762935994, 22.762935994, 22.762935994, 22.762935994, 22.762935994, 22.762935994, 22.762935994, 22.762935994, 22.762935994, 22.762935994, 22.762935994, 22.762935994, 22.762935994, 22.762935994, 22.762935994, 22.762935994, 23.091430279, 23.091430279, 23.091430279, 23.091430279, 23.091430279, 23.091430279, 23.091430279, 23.091430279, 23.091430279, 23.091430279, 23.091430279, 23.091430279, 23.091430279, 23.091430279, 23.091430279, 23.091430279, 23.091430279, 23.091430279, 23.091430279, 23.091430279, 23.091430279, 23.091430279, 23.091430279, 23.091430279, 23.091430279, 23.091430279, 23.091430279, 23.091430279, 23.091430279, 23.091430279, 23.794192627, 23.794192627, 23.794192627, 23.794192627, 23.794192627, 23.794192627, 23.794192627, 23.794192627, 23.794192627, 23.794192627, 23.794192627, 23.794192627, 23.794192627, 23.794192627, 23.794192627, 23.794192627, 23.794192627, 23.794192627, 23.794192627, 23.794192627, 23.794192627, 23.794192627, 23.794192627, 23.794192627, 23.794192627, 23.794192627, 23.794192627, 23.794192627, 23.794192627, 23.794192627, 24.209013377, 24.209013377, 24.209013377, 24.209013377, 24.209013377, 24.209013377, 24.209013377, 24.209013377, 24.209013377, 24.209013377, 24.209013377, 24.209013377, 24.209013377, 24.209013377, 24.209013377, 24.209013377, 24.209013377, 24.209013377, 24.209013377, 24.209013377, 24.209013377, 24.209013377, 24.209013377, 24.209013377],