{"cpu_usage_count": [93.776605225, 93.776605225, 93.776605225, 93.776605225, 93.776605225, 93.776605225, 93.776605225, 93.776605225, 93.776605225, 93.776605225, 93.776605225, 93.776605225, 93.776605225, 93.776605225, 93.776605225, 93.776605225, 93.776605225, 93.776605225, 93.776605225, 93.776605225, 93.776605225, 93.776605225, 93.776605225, 93.776605225, 93.776605225, 93.776605225, 93.776605225, 93.776605225, 93.776605225, 93.776605225, 331.642659714, 331.642659714, 331.642659714, 331.642659714, 331.642659714, 331.642659714, 331.642659714, 331.642659714, 331.642659714, 331.642659714, 331.642659714, 331.642659714, 331.642659714, 331.642659714, 331.642659714, 331.642659714, 331.642659714, 331.642659714, 331.642659714, 331.642659714, 331.642659714, 331.642659714, 331.642659714, 331.642659714, 331.642659714, 331.642659714, 331.642659714, 331.642659714, 331.642659714, 331.642659714, 581.936269896, 581.936269896, 581.936269896, 581.936269896, 581.936269896, 581.936269896, 581.936269896, 581.936269896, 581.936269896, 581.936269896, 581.936269896, 581.936269896, 581.936269896, 581.936269896, 581.936269896, 581.936269896, 581.936269896, 581.936269896, 581.936269896, 581.936269896, 581.936269896, 581.936269896, 581.936269896, 581.936269896, 581.936269896, 581.936269896, 581.936269896, 581.936269896, 581.936269896, 581.936269896, 710.669965359, 710.669965359, 710.669965359, 710.669965359, 710.669965359, 710.669965359, 710.669965359, 710.669965359, 710.669965359, 710.669965359, 710.669965359, 710.669965359, 710.669965359, 710.669965359, 710.669965359, 710.669965359, 710.669965359, 710.669965359, 710.669965359, 710.669965359], "time_cpu_usage_count": [1681885393.0, 1681885394.0, 1681885395.0, 1681885396.0, 1681885397.0, 1681885398.0, 1681885399.0, 1681885400.0, 1681885401.0, 1681885402.0, 1681885403.0, 1681885404.0, 1681885405.0, 1681885406.0, 1681885407.0, 1681885408.0, 1681885409.0, 1681885410.0, 1681885411.0, 1681885412.0, 1681885413.0, 1681885414.0, 1681885415.0, 1681885416.0, 1681885417.0, 1681885418.0, 1681885419.0, 1681885420.0, 1681885421.0, 1681885422.0, 1681885423.0, 1681885424.0, 1681885425.0, 1681885426.0, 1681885427.0, 1681885428.0, 1681885429.0, 1681885430.0, 1681885431.0, 1681885432.0, 1681885433.0, 1681885434.0, 1681885435.0, 1681885436.0, 1681885437.0, 1681885438.0, 1681885439.0, 1681885440.0, 1681885441.0, 1681885442.0, 1681885443.0, 1681885444.0, 1681885445.0, 1681885446.0, 1681885447.0, 1681885448.0, 1681885449.0, 1681885450.0, 1681885451.0, 1681885452.0, 1681885453.0, 1681885454.0, 1681885455.0, 1681885456.0, 1681885457.0, 1681885458.0, 1681885459.0, 1681885460.0, 1681885461.0, 1681885462.0, 1681885463.0, 1681885464.0, 1681885465.0, 1681885466.0, 1681885467.0, 1681885468.0, 1681885469.0, 1681885470.0, 1681885471.0, 1681885472.0, 1681885473.0, 1681885474.0, 1681885475.0, 1681885476.0, 1681885477.0, 1681885478.0, 1681885479.0, 1681885480.0, 1681885481.0, 1681885482.0, 1681885483.0, 1681885484.0, 1681885485.0, 1681885486.0, 1681885487.0, 1681885488.0, 1681885489.0, 1681885490.0, 1681885491.0, 1681885492.0, 1681885493.0, 1681885494.0, 1681885495.0, 1681885496.0, 1681885497.0, 1681885498.0, 1681885499.0, 1681885500.0, 1681885501.0, 1681885502.0], "cpu_usage_rate": [2.8236178619004226, 2.8896917659251447, 2.955765669949867, 3.021839573974589, 3.087913477999311, 3.1539873820240336, 3.2200612860487556, 3.2861351900734785, 3.3522090940982, 3.418282998122923, 3.484356902147645, 3.550430806172367, 3.6165047101970895, 3.6825786142218115, 3.748652518246534, 3.814726422271256, 3.880800326295978, 3.9468742303207005, 4.0129481343454225, 4.0790220383701445, 4.1450959423948674, 4.2111698464195895, 4.2772437504443115, 4.343317654469034, 4.4093915584937555, 4.4754654625184775, 4.5415393665432005, 4.607613270567923, 4.6736871745926445, 4.7397610786173665, 4.91096347355786, 4.978763426984388, 5.046563380410915, 5.114363333837444, 5.182163287263972, 5.2499632406905, 5.317763194117027, 5.385563147543555, 5.4533631009700825, 5.52116305439661, 5.588963007823138, 5.656762961249666, 5.724562914676194, 5.79236286810272, 5.860162821529249, 5.927962774955777, 5.995762728382305, 6.063562681808832, 6.1313626352353605, 6.199162588661888, 6.266962542088416, 6.334762495514943, 6.402562448941471, 6.470362402367999, 6.538162355794527, 6.605962309221055, 6.673762262647583, 6.741562216074111, 6.809362169500637, 6.8771621229271656, 5.974057329625142, 6.031177085193105, 6.0882968407610685, 6.1454165963290315, 6.2025363518969945, 6.2596561074649575, 6.31677586303292, 6.373895618600883, 6.4310153741688465, 6.488135129736809, 6.545254885304772, 6.602374640872735, 6.659494396440697, 6.716614152008661, 6.7737339075766245, 6.830853663144587, 6.854370668155555, 6.854370668155555, 6.854370668155555, 6.854370668155555], "time_cpu_usage_rate": [1681885423.0, 1681885424.0, 1681885425.0, 1681885426.0, 1681885427.0, 1681885428.0, 1681885429.0, 1681885430.0, 1681885431.0, 1681885432.0, 1681885433.0, 1681885434.0, 1681885435.0, 1681885436.0, 1681885437.0, 1681885438.0, 1681885439.0, 1681885440.0, 1681885441.0, 1681885442.0, 1681885443.0, 1681885444.0, 1681885445.0, 1681885446.0, 1681885447.0, 1681885448.0, 1681885449.0, 1681885450.0, 1681885451.0, 1681885452.0, 1681885453.0, 1681885454.0, 1681885455.0, 1681885456.0, 1681885457.0, 1681885458.0, 1681885459.0, 1681885460.0, 1681885461.0, 1681885462.0, 1681885463.0, 1681885464.0, 1681885465.0, 1681885466.0, 1681885467.0, 1681885468.0, 1681885469.0, 1681885470.0, 1681885471.0, 1681885472.0, 1681885473.0, 1681885474.0, 1681885475.0, 1681885476.0, 1681885477.0, 1681885478.0, 1681885479.0, 1681885480.0, 1681885481.0, 1681885482.0, 1681885483.0, 1681885484.0, 1681885485.0, 1681885486.0, 1681885487.0, 1681885488.0, 1681885489.0, 1681885490.0, 1681885491.0, 1681885492.0, 1681885493.0, 1681885494.0, 1681885495.0, 1681885496.0, 1681885497.0, 1681885498.0, 1681885499.0, 1681885500.0, 1681885501.0, 1681885502.0], "cpu_throttled_count": [19.894145022, 19.894145022, 19.894145022, 19.894145022, 19.894145022, 19.894145022, 19.894145022, 19.894145022, 19.894145022, 19.894145022, 19.894145022, 19.894145022, 19.894145022, 19.894145022, 19.894145022, 19.894145022, 19.894145022, 19.894145022, 19.894145022, 19.894145022, 19.894145022, 19.894145022, 19.894145022, 19.894145022, 19.894145022, 19.894145022, 19.894145022, 19.894145022, 19.894145022, 19.894145022, 20.394212815, 20.394212815, 20.394212815, 20.394212815, 20.394212815, 20.394212815, 20.394212815, 20.394212815, 20.394212815, 20.394212815, 20.394212815, 20.394212815, 20.394212815, 20.394212815, 20.394212815, 20.394212815, 20.394212815, 20.394212815, 20.394212815, 20.394212815, 20.394212815, 20.394212815, 20.394212815, 20.394212815, 20.394212815, 20.394212815, 20.394212815, 20.394212815, 20.394212815, 20.394212815, 21.037553092, 21.037553092, 21.037553092, 21.037553092, 21.037553092, 21.037553092, 21.037553092, 21.037553092, 21.037553092, 21.037553092, 21.037553092, 21.037553092, 21.037553092, 21.037553092, 21.037553092, 21.037553092, 21.037553092, 21.037553092, 21.037553092, 21.037553092, 21.037553092, 21.037553092, 21.037553092, 21.037553092, 21.037553092, 21.037553092, 21.037553092, 21.037553092, 21.037553092, 21.037553092, 21.341593284, 21.341593284, 21.341593284, 21.341593284, 21.341593284, 21.341593284, 21.341593284, 21.341593284, 21.341593284, 21.341593284, 21.341593284, 21.341593284, 21.341593284, 21.341593284, 21.341593284, 21.341593284, 21.341593284, 21.341593284, 21.341593284, 21.341593284],