{"cpu_usage_count": [104.613584922, 104.613584922, 104.613584922, 104.613584922, 104.613584922, 104.613584922, 104.613584922, 104.613584922, 104.613584922, 104.613584922, 104.613584922, 104.613584922, 104.613584922, 104.613584922, 104.613584922, 104.613584922, 104.613584922, 104.613584922, 104.613584922, 104.613584922, 104.613584922, 104.613584922, 104.613584922, 104.613584922, 104.613584922, 104.613584922, 104.613584922, 104.613584922, 104.613584922, 104.613584922, 867.530874473, 867.530874473, 867.530874473, 867.530874473, 867.530874473, 867.530874473, 867.530874473, 867.530874473, 867.530874473, 867.530874473, 867.530874473, 867.530874473, 867.530874473, 867.530874473, 867.530874473, 867.530874473, 867.530874473, 867.530874473, 867.530874473, 867.530874473, 867.530874473, 867.530874473, 867.530874473, 867.530874473, 867.530874473, 867.530874473, 867.530874473, 867.530874473, 867.530874473, 867.530874473, 1936.610705477, 1936.610705477, 1936.610705477, 1936.610705477, 1936.610705477, 1936.610705477, 1936.610705477, 1936.610705477, 1936.610705477, 1936.610705477, 1936.610705477, 1936.610705477, 1936.610705477, 1936.610705477, 1936.610705477, 1936.610705477, 1936.610705477, 1936.610705477, 1936.610705477, 1936.610705477, 1936.610705477, 1936.610705477, 1936.610705477, 1936.610705477, 1936.610705477, 1936.610705477, 1936.610705477, 1936.610705477, 1936.610705477, 1936.610705477, 2824.219984066, 2824.219984066, 2824.219984066, 2824.219984066, 2824.219984066, 2824.219984066, 2824.219984066, 2824.219984066, 2824.219984066, 2824.219984066, 2824.219984066, 2824.219984066, 2824.219984066, 2824.219984066, 2824.219984066, 2824.219984066, 2824.219984066, 2824.219984066, 2824.219984066, 2824.219984066, 2824.219984066, 2824.219984066, 2824.219984066], "time_cpu_usage_count": [1681886233.0, 1681886234.0, 1681886235.0, 1681886236.0, 1681886237.0, 1681886238.0, 1681886239.0, 1681886240.0, 1681886241.0, 1681886242.0, 1681886243.0, 1681886244.0, 1681886245.0, 1681886246.0, 1681886247.0, 1681886248.0, 1681886249.0, 1681886250.0, 1681886251.0, 1681886252.0, 1681886253.0, 1681886254.0, 1681886255.0, 1681886256.0, 1681886257.0, 1681886258.0, 1681886259.0, 1681886260.0, 1681886261.0, 1681886262.0, 1681886263.0, 1681886264.0, 1681886265.0, 1681886266.0, 1681886267.0, 1681886268.0, 1681886269.0, 1681886270.0, 1681886271.0, 1681886272.0, 1681886273.0, 1681886274.0, 1681886275.0, 1681886276.0, 1681886277.0, 1681886278.0, 1681886279.0, 1681886280.0, 1681886281.0, 1681886282.0, 1681886283.0, 1681886284.0, 1681886285.0, 1681886286.0, 1681886287.0, 1681886288.0, 1681886289.0, 1681886290.0, 1681886291.0, 1681886292.0, 1681886293.0, 1681886294.0, 1681886295.0, 1681886296.0, 1681886297.0, 1681886298.0, 1681886299.0, 1681886300.0, 1681886301.0, 1681886302.0, 1681886303.0, 1681886304.0, 1681886305.0, 1681886306.0, 1681886307.0, 1681886308.0, 1681886309.0, 1681886310.0, 1681886311.0, 1681886312.0, 1681886313.0, 1681886314.0, 1681886315.0, 1681886316.0, 1681886317.0, 1681886318.0, 1681886319.0, 1681886320.0, 1681886321.0, 1681886322.0, 1681886323.0, 1681886324.0, 1681886325.0, 1681886326.0, 1681886327.0, 1681886328.0, 1681886329.0, 1681886330.0, 1681886331.0, 1681886332.0, 1681886333.0, 1681886334.0, 1681886335.0, 1681886336.0, 1681886337.0, 1681886338.0, 1681886339.0, 1681886340.0, 1681886341.0, 1681886342.0, 1681886343.0, 1681886344.0, 1681886345.0], "cpu_usage_rate": [7.421636726614654, 7.633558195934378, 7.845479665254099, 8.057401134573821, 8.269322603893544, 8.481244073213267, 8.693165542532988, 8.90508701185271, 9.117008481172432, 9.328929950492155, 9.540851419811876, 9.752772889131599, 9.964694358451322, 10.176615827771043, 10.388537297090767, 10.600458766410489, 10.812380235730211, 11.024301705049933, 11.236223174369655, 11.448144643689377, 11.6600661130091, 11.87198758232882, 12.083909051648543, 12.295830520968265, 12.50775199028799, 12.719673459607712, 12.931594928927433, 13.143516398247154, 13.355437867566879, 13.5673593368866, 16.369203294022693, 16.62364733854422, 16.87809138306575, 17.13253542758728, 17.386979472108802, 17.641423516630333, 17.89586756115186, 18.150311605673387, 18.40475565019491, 18.659199694716445, 18.91364373923797, 19.1680877837595, 19.422531828281024, 19.676975872802554, 19.93141991732408, 20.18586396184561, 20.440308006367136, 20.694752050888667, 20.94919609541019, 21.20364013993172, 21.45808418445325, 21.71252822897478, 21.966972273496303, 22.22141631801783, 22.47586036253936, 22.73030440706089, 22.984748451582412, 23.239192496103943, 23.49363654062547, 23.748080585147, 23.763563108329965, 24.01537851565811, 24.267193922986262, 24.519009330314407, 24.770824737642556, 25.02264014497071, 25.274455552298853, 25.526270959627002, 25.77808636695515, 26.029901774283296, 26.281717181611445, 26.533532588939597, 26.785347996267742, 27.03716340359589, 27.28897881092404, 27.540794218252184, 27.792609625580337, 28.044425032908485, 28.296240440236634, 28.54805584756478, 28.799871254892928, 29.051686662221073, 29.303502069549225], "time_cpu_usage_rate": [1681886263.0, 1681886264.0, 1681886265.0, 1681886266.0, 1681886267.0, 1681886268.0, 1681886269.0, 1681886270.0, 1681886271.0, 1681886272.0, 1681886273.0, 1681886274.0, 1681886275.0, 1681886276.0, 1681886277.0, 1681886278.0, 1681886279.0, 1681886280.0, 1681886281.0, 1681886282.0, 1681886283.0, 1681886284.0, 1681886285.0, 1681886286.0, 1681886287.0, 1681886288.0, 1681886289.0, 1681886290.0, 1681886291.0, 1681886292.0, 1681886293.0, 1681886294.0, 1681886295.0, 1681886296.0, 1681886297.0, 1681886298.0, 1681886299.0, 1681886300.0, 1681886301.0, 1681886302.0, 1681886303.0, 1681886304.0, 1681886305.0, 1681886306.0, 1681886307.0, 1681886308.0, 1681886309.0, 1681886310.0, 1681886311.0, 1681886312.0, 1681886313.0, 1681886314.0, 1681886315.0, 1681886316.0, 1681886317.0, 1681886318.0, 1681886319.0, 1681886320.0, 1681886321.0, 1681886322.0, 1681886323.0, 1681886324.0, 1681886325.0, 1681886326.0, 1681886327.0, 1681886328.0, 1681886329.0, 1681886330.0, 1681886331.0, 1681886332.0, 1681886333.0, 1681886334.0, 1681886335.0, 1681886336.0, 1681886337.0, 1681886338.0, 1681886339.0, 1681886340.0, 1681886341.0, 1681886342.0, 1681886343.0, 1681886344.0, 1681886345.0], "cpu_throttled_count": [3.415170068, 3.415170068, 3.415170068, 3.415170068, 3.415170068, 3.415170068, 3.415170068, 3.415170068, 3.415170068, 3.415170068, 3.415170068, 3.415170068, 3.415170068, 3.415170068, 3.415170068, 3.415170068, 3.415170068, 3.415170068, 3.415170068, 3.415170068, 3.415170068, 3.415170068, 3.415170068, 3.415170068, 3.415170068, 3.415170068, 3.415170068, 3.415170068, 3.415170068, 3.415170068, 4.562480441, 4.562480441, 4.562480441, 4.562480441, 4.562480441, 4.562480441, 4.562480441, 4.562480441, 4.562480441, 4.562480441, 4.562480441, 4.562480441, 4.562480441, 4.562480441, 4.562480441, 4.562480441, 4.562480441, 4.562480441, 4.562480441, 4.562480441, 4.562480441, 4.562480441, 4.562480441, 4.562480441, 4.562480441, 4.562480441, 4.562480441, 4.562480441, 4.562480441, 4.562480441, 7.279838348, 7.279838348, 7.279838348, 7.279838348, 7.279838348, 7.279838348, 7.279838348, 7.279838348, 7.279838348, 7.279838348, 7.279838348, 7.279838348, 7.279838348, 7.279838348, 7.279838348, 7.279838348, 7.279838348, 7.279838348, 7.279838348, 7.279838348, 7.279838348, 7.279838348, 7.279838348, 7.279838348, 7.279838348, 7.279838348, 7.279838348, 7.279838348, 7.279838348, 7.279838348, 9.263109454, 9.263109454, 9.263109454, 9.263109454, 9.263109454, 9.263109454, 9.263109454, 9.263109454, 9.263109454, 9.263109454, 9.263109454, 9.263109454, 9.263109454, 9.263109454, 9.263109454, 9.263109454, 9.263109454, 9.263109454, 9.263109454, 9.263109454, 9.263109454, 9.263109454, 9.263109454],