{"cpu_usage_count": [34.128878966, 34.128878966, 34.128878966, 34.128878966, 34.128878966, 34.128878966, 34.128878966, 34.128878966, 34.128878966, 34.128878966, 34.128878966, 34.128878966, 34.128878966, 34.128878966, 34.128878966, 34.128878966, 34.128878966, 34.128878966, 34.128878966, 34.128878966, 34.128878966, 34.128878966, 34.128878966, 34.128878966, 34.128878966, 34.128878966, 34.128878966, 34.128878966, 34.128878966, 34.128878966, 270.236844457, 270.236844457, 270.236844457, 270.236844457, 270.236844457, 270.236844457, 270.236844457, 270.236844457, 270.236844457, 270.236844457, 270.236844457, 270.236844457, 270.236844457, 270.236844457, 270.236844457, 270.236844457, 270.236844457, 270.236844457, 270.236844457, 270.236844457, 270.236844457, 270.236844457, 270.236844457, 270.236844457, 270.236844457, 270.236844457, 270.236844457, 270.236844457, 270.236844457, 270.236844457, 499.216744391, 499.216744391, 499.216744391, 499.216744391, 499.216744391, 499.216744391, 499.216744391, 499.216744391, 499.216744391, 499.216744391, 499.216744391, 499.216744391, 499.216744391, 499.216744391, 499.216744391, 499.216744391, 499.216744391, 499.216744391, 499.216744391, 499.216744391, 499.216744391, 499.216744391, 499.216744391, 499.216744391, 499.216744391, 499.216744391, 499.216744391, 499.216744391, 499.216744391, 499.216744391], "time_cpu_usage_count": [1681888153.0, 1681888154.0, 1681888155.0, 1681888156.0, 1681888157.0, 1681888158.0, 1681888159.0, 1681888160.0, 1681888161.0, 1681888162.0, 1681888163.0, 1681888164.0, 1681888165.0, 1681888166.0, 1681888167.0, 1681888168.0, 1681888169.0, 1681888170.0, 1681888171.0, 1681888172.0, 1681888173.0, 1681888174.0, 1681888175.0, 1681888176.0, 1681888177.0, 1681888178.0, 1681888179.0, 1681888180.0, 1681888181.0, 1681888182.0, 1681888183.0, 1681888184.0, 1681888185.0, 1681888186.0, 1681888187.0, 1681888188.0, 1681888189.0, 1681888190.0, 1681888191.0, 1681888192.0, 1681888193.0, 1681888194.0, 1681888195.0, 1681888196.0, 1681888197.0, 1681888198.0, 1681888199.0, 1681888200.0, 1681888201.0, 1681888202.0, 1681888203.0, 1681888204.0, 1681888205.0, 1681888206.0, 1681888207.0, 1681888208.0, 1681888209.0, 1681888210.0, 1681888211.0, 1681888212.0, 1681888213.0, 1681888214.0, 1681888215.0, 1681888216.0, 1681888217.0, 1681888218.0, 1681888219.0, 1681888220.0, 1681888221.0, 1681888222.0, 1681888223.0, 1681888224.0, 1681888225.0, 1681888226.0, 1681888227.0, 1681888228.0, 1681888229.0, 1681888230.0, 1681888231.0, 1681888232.0, 1681888233.0, 1681888234.0, 1681888235.0, 1681888236.0, 1681888237.0, 1681888238.0, 1681888239.0, 1681888240.0, 1681888241.0, 1681888242.0], "cpu_usage_rate": [2.3114597940028716, 2.3770453399725935, 2.442630885942316, 2.5082164319120386, 2.57380197788176, 2.639387523851483, 2.704973069821205, 2.770558615790927, 2.8361441617606493, 2.901729707730372, 2.9673152537000935, 3.0329007996698163, 3.0984863456395377, 3.1640718916092605, 3.229657437578983, 3.2952429835487047, 3.360828529518427, 3.4264140754881494, 3.4919996214578717, 3.557585167427594, 3.623170713397316, 3.688756259367038, 3.7543418053367605, 3.8199273513064824, 3.885512897276205, 3.951098443245927, 4.0166839892156485, 4.082269535185372, 4.147855081155094, 4.2134406271248155, 4.218727688527843, 4.283323225392427, 4.34791876225701, 4.412514299121594, 4.477109835986176, 4.54170537285076, 4.606300909715344, 4.670896446579927, 4.7354919834445095, 4.800087520309094, 4.864683057173677, 4.92927859403826, 4.993874130902844, 5.058469667767427, 5.12306520463201, 5.187660741496594, 5.252256278361177, 5.3168518152257604, 5.381447352090344, 5.446042888954926, 5.5106384258195105, 5.575233962684094, 5.639829499548677, 5.70442503641326, 5.769020573277844, 5.833616110142427, 5.8982116470070105, 5.962807183871594, 6.027402720736177, 6.0919982576007605, 6.156593794465343, 6.221189331329927, 6.2857848681945105, 5.129072589560417, 5.129072589560417, 5.129072589560417, 5.129072589560417, 5.129072589560417, 5.129072589560417, 5.129072589560417, 5.129072589560417, 5.129072589560417, 5.129072589560417, 5.129072589560417, 5.129072589560417, 5.129072589560417, 5.129072589560417, 5.129072589560417, 5.129072589560417, 5.129072589560417, 5.129072589560417, 5.129072589560417, 5.129072589560417, 5.129072589560417, 5.129072589560417, 5.10905479723049, 5.044459260365906, 4.979863723501324, 4.91526818663674, 4.850672649772156, 4.712724368280518], "time_cpu_usage_rate": [1681888183.0, 1681888184.0, 1681888185.0, 1681888186.0, 1681888187.0, 1681888188.0, 1681888189.0, 1681888190.0, 1681888191.0, 1681888192.0, 1681888193.0, 1681888194.0, 1681888195.0, 1681888196.0, 1681888197.0, 1681888198.0, 1681888199.0, 1681888200.0, 1681888201.0, 1681888202.0, 1681888203.0, 1681888204.0, 1681888205.0, 1681888206.0, 1681888207.0, 1681888208.0, 1681888209.0, 1681888210.0, 1681888211.0, 1681888212.0, 1681888213.0, 1681888214.0, 1681888215.0, 1681888216.0, 1681888217.0, 1681888218.0, 1681888219.0, 1681888220.0, 1681888221.0, 1681888222.0, 1681888223.0, 1681888224.0, 1681888225.0, 1681888226.0, 1681888227.0, 1681888228.0, 1681888229.0, 1681888230.0, 1681888231.0, 1681888232.0, 1681888233.0, 1681888234.0, 1681888235.0, 1681888236.0, 1681888237.0, 1681888238.0, 1681888239.0, 1681888240.0, 1681888241.0, 1681888242.0, 1681888243.0, 1681888244.0, 1681888245.0, 1681888246.0, 1681888247.0, 1681888248.0, 1681888249.0, 1681888250.0, 1681888251.0, 1681888252.0, 1681888253.0, 1681888254.0, 1681888255.0, 1681888256.0, 1681888257.0, 1681888258.0, 1681888259.0, 1681888260.0, 1681888261.0, 1681888262.0, 1681888263.0, 1681888264.0, 1681888265.0, 1681888266.0, 1681888267.0, 1681888268.0, 1681888269.0, 1681888270.0, 1681888271.0, 1681888272.0, 1681888273.0], "cpu_throttled_count": [20.458820016, 20.458820016, 20.458820016, 20.458820016, 20.458820016, 20.458820016, 20.458820016, 20.458820016, 20.458820016, 20.458820016, 20.458820016, 20.458820016, 20.458820016, 20.458820016, 20.458820016, 20.458820016, 20.458820016, 20.458820016, 20.458820016, 20.458820016, 20.458820016, 20.458820016, 20.458820016, 20.458820016, 20.458820016, 20.458820016, 20.458820016, 20.458820016, 20.458820016, 20.458820016, 20.919396434, 20.919396434, 20.919396434, 20.919396434, 20.919396434, 20.919396434, 20.919396434, 20.919396434, 20.919396434, 20.919396434, 20.919396434, 20.919396434, 20.919396434, 20.919396434, 20.919396434, 20.919396434, 20.919396434, 20.919396434, 20.919396434, 20.919396434, 20.919396434, 20.919396434, 20.919396434, 20.919396434, 20.919396434, 20.919396434, 20.919396434, 20.919396434, 20.919396434, 20.919396434, 21.677518463, 21.677518463, 21.677518463, 21.677518463, 21.677518463, 21.677518463, 21.677518463, 21.677518463, 21.677518463, 21.677518463, 21.677518463, 21.677518463, 21.677518463, 21.677518463, 21.677518463, 21.677518463, 21.677518463, 21.677518463, 21.677518463, 21.677518463, 21.677518463, 21.677518463, 21.677518463, 21.677518463, 21.677518463, 21.677518463, 21.677518463, 21.677518463, 21.677518463, 21.677518463],