{"cpu_usage_count": [0.07335519, 0.07335519, 0.07335519, 0.07335519, 0.07335519, 0.07335519, 0.07335519, 0.07335519, 0.07335519, 0.07335519, 0.07335519, 0.07335519, 0.07335519, 0.07335519, 0.07335519, 0.07335519, 0.07335519, 0.07335519, 0.07335519, 0.07335519, 0.07335519, 0.07335519, 0.07335519, 0.07335519, 0.07335519, 0.07335519, 0.07335519, 0.07335519, 0.07335519, 0.07335519, 12.257739608, 12.257739608, 12.257739608, 12.257739608, 12.257739608, 12.257739608, 12.257739608, 12.257739608, 12.257739608, 12.257739608, 12.257739608], "time_cpu_usage_count": [1681888393.0, 1681888394.0, 1681888395.0, 1681888396.0, 1681888397.0, 1681888398.0, 1681888399.0, 1681888400.0, 1681888401.0, 1681888402.0, 1681888403.0, 1681888404.0, 1681888405.0, 1681888406.0, 1681888407.0, 1681888408.0, 1681888409.0, 1681888410.0, 1681888411.0, 1681888412.0, 1681888413.0, 1681888414.0, 1681888415.0, 1681888416.0, 1681888417.0, 1681888418.0, 1681888419.0, 1681888420.0, 1681888421.0, 1681888422.0, 1681888423.0, 1681888424.0, 1681888425.0, 1681888426.0, 1681888427.0, 1681888428.0, 1681888429.0, 1681888430.0, 1681888431.0, 1681888432.0, 1681888433.0], "cpu_usage_rate": [0.10521761802975722, 0.10860216925697945, 0.11198672048420165, 0.11537127171142389, 0.1187558229386461, 0.12214037416586834, 0.12552492539309054, 0.12890947662031277, 0.132294027847535, 0.13567857907475725, 0.13906313030197948], "time_cpu_usage_rate": [1681888423.0, 1681888424.0, 1681888425.0, 1681888426.0, 1681888427.0, 1681888428.0, 1681888429.0, 1681888430.0, 1681888431.0, 1681888432.0, 1681888433.0], "cpu_throttled_count": [0.0, 0.0, 0.0, 0.0, 0.0, 0.0, 0.0, 0.0, 0.0, 0.0, 0.0, 0.0, 0.0, 0.0, 0.0, 0.0, 0.0, 0.0, 0.0, 0.0, 0.0, 0.0, 0.0, 0.0, 0.0, 0.0, 0.0, 0.0, 0.0, 0.0, 20.422724662, 20.422724662, 20.422724662, 20.422724662, 20.422724662, 20.422724662, 20.422724662, 20.422724662, 20.422724662, 20.422724662, 20.422724662], "time_cpu_throttled_count": [1681888393.0, 1681888394.0, 1681888395.0, 1681888396.0, 1681888397.0, 1681888398.0, 1681888399.0, 1681888400.0, 1681888401.0, 1681888402.0, 1681888403.0, 1681888404.0, 1681888405.0, 1681888406.0, 1681888407.0, 1681888408.0, 1681888409.0, 1681888410.0, 1681888411.0, 1681888412.0, 1681888413.0, 1681888414.0, 1681888415.0, 1681888416.0, 1681888417.0, 1681888418.0, 1681888419.0, 1681888420.0, 1681888421.0, 1681888422.0, 1681888423.0, 1681888424.0, 1681888425.0, 1681888426.0, 1681888427.0, 1681888428.0, 1681888429.0, 1681888430.0, 1681888431.0, 1681888432.0, 1681888433.0], "cpu_throttled_rate": [0.17533476420234276, 0.1810077432751206, 0.18668072234789834, 0.1923537014206761, 0.1980266804934539, 0.20369965956623165, 0.20937263863900943, 0.21504561771178718, 0.22071859678456499, 0.22639157585734274, 0.23206455493012054], "time_cpu_throttled_rate": [1681888423.0, 1681888424.0, 1681888425.0, 1681888426.0, 1681888427.0, 1681888428.0, 1681888429.0, 1681888430.0, 1681888431.0, 1681888432.0, 1681888433.0], "memory_usage": [9547776.0, 9547776.0, 9547776.0, 9547776.0, 9547776.0, 9547776.0, 9547776.0, 9547776.0, 9547776.0, 9547776.0, 9547776.0, 9547776.0, 9547776.0, 9547776.0, 9547776.0, 9547776.0, 9547776.0, 9547776.0, 9547776.0, 9547776.0, 9547776.0, 9547776.0, 9547776.0, 9547776.0, 9547776.0, 9547776.0, 9547776.0, 9547776.0, 9547776.0, 9547776.0, 2329587712.0, 2329587712.0, 2329587712.0, 2329587712.0, 2329587712.0, 2329587712.0, 2329587712.0, 2329587712.0, 2329587712.0, 2329587712.0, 2329587712.0], "time_memory_usage": [1681888393.0, 1681888394.0, 1681888395.0, 1681888396.0, 1681888397.0, 1681888398.0, 1681888399.0, 1681888400.0, 1681888401.0, 1681888402.0, 1681888403.0, 1681888404.0, 1681888405.0, 1681888406.0, 1681888407.0, 1681888408.0, 1681888409.0, 1681888410.0, 1681888411.0, 1681888412.0, 1681888413.0, 1681888414.0, 1681888415.0, 1681888416.0, 1681888417.0, 1681888418.0, 1681888419.0, 1681888420.0, 1681888421.0, 1681888422.0, 1681888423.0, 1681888424.0, 1681888425.0, 1681888426.0, 1681888427.0, 1681888428.0, 1681888429.0, 1681888430.0, 1681888431.0, 1681888432.0, 1681888433.0], "throughput": [0.0134, 0.010866666666666667, 0.010416666666666666, 0.028799999999999996, 0.02804, 0.028125, 0.04528571428571428, 0.04483333333333334, 0.04513888888888888, 0.07071999999999999, 0.07035151515151515, 0.07083333333333333, 0.09595384615384615, 0.09564761904761904, 0.09625, 0.09625, 0.09625, 0.09625, 0.09625, 0.09625, 0.09625, 0.2654003453603563, 0.277139567996607, 0.2700757575757576, 0.2700757575757576, 0.2700757575757576, 0.2700757575757576, 0.2700757575757576, 0.2700757575757576, 0.2700757575757576, 0.2700757575757576, 0.2700757575757576, 0.2700757575757576, 0.2700757575757576, 0.2700757575757576, 0.2700757575757576, 0.2700757575757576, 0.2700757575757576, 0.2700757575757576, 0.2700757575757576, 0.2700757575757576, 0.2700757575757576, 0.2700757575757576, 0.2700757575757576, 0.2700757575757576, 0.2700757575757576, 0.2700757575757576, 0.2700757575757576, 0.2700757575757576, 0.2700757575757576, 0.2700757575757576, 0.2700757575757576, 0.2700757575757576, 0.2700757575757576, 0.2700757575757576, 0.2700757575757576, 0.2700757575757576, 0.2700757575757576, 0.2700757575757576, 0.2700757575757576, 0.2700757575757576, 0.2700757575757576, 0.2700757575757576, 0.2700757575757576, 0.2700757575757576, 1.050578158674399, 1.0663507109004737, 1.0821232631265487, 1.0978958153526237, 1.113668367578699, 1.1294409198047737, 1.0850694444444442, 1.0850694444444442, 1.0850694444444442, 1.0850694444444442, 1.0850694444444442, 1.0850694444444442, 1.0850694444444442, 1.0850694444444442, 1.0850694444444442, 1.0850694444444442, 1.0850694444444442, 1.0850694444444442, 1.0850694444444442, 1.0850694444444442, 1.0850694444444442, 1.0850694444444442, 1.0850694444444442, 1.0850694444444442, 1.0850694444444442, 1.0850694444444442, 1.0850694444444442, 1.0850694444444442, 1.0850694444444442, 1.0850694444444442, 1.0850694444444442, 1.0850694444444442, 1.0850694444444442, 1.0850694444444442, 1.0850694444444442, 1.0850694444444442, 1.0850694444444442, 1.0850694444444442, 1.0850694444444442, 1.0850694444444442, 1.0850694444444442, 1.0850694444444442, 1.0850694444444442, 1.0850694444444442, 1.0850694444444442, 1.0850694444444442, 1.0850694444444442, 1.0850694444444442, 1.0850694444444442, 1.0850694444444442, 1.0850694444444442, 1.0850694444444442, 1.0850694444444442, 1.0850694444444442, 1.08653070532827, 1.0913249171129813, 1.0959581347703293, 1.0795716501279577, 1.0867370644463739, 1.0950046092315284, 1.0780678004650364, 1.0900869470335215, 1.0967171189979126, 1.079319763395964, 1.1038186622277129, 1.1332640499217617, 1.1153540523726033],