{"cpu_usage_count": [90.41527081, 90.41527081, 90.41527081, 90.41527081, 90.41527081, 90.41527081, 90.41527081, 90.41527081, 90.41527081, 90.41527081, 90.41527081, 90.41527081, 90.41527081, 90.41527081, 90.41527081, 90.41527081, 90.41527081, 90.41527081, 90.41527081, 90.41527081, 90.41527081, 90.41527081, 90.41527081, 90.41527081, 90.41527081, 90.41527081, 90.41527081, 90.41527081, 90.41527081, 90.41527081, 381.392683791, 381.392683791, 381.392683791, 381.392683791, 381.392683791, 381.392683791, 381.392683791, 381.392683791, 381.392683791, 381.392683791, 381.392683791, 381.392683791, 381.392683791, 381.392683791, 381.392683791, 381.392683791, 381.392683791, 381.392683791, 381.392683791, 381.392683791, 381.392683791, 381.392683791, 381.392683791, 381.392683791, 381.392683791, 381.392683791, 381.392683791, 381.392683791, 381.392683791, 381.392683791], "time_cpu_usage_count": [1681888573.0, 1681888574.0, 1681888575.0, 1681888576.0, 1681888577.0, 1681888578.0, 1681888579.0, 1681888580.0, 1681888581.0, 1681888582.0, 1681888583.0, 1681888584.0, 1681888585.0, 1681888586.0, 1681888587.0, 1681888588.0, 1681888589.0, 1681888590.0, 1681888591.0, 1681888592.0, 1681888593.0, 1681888594.0, 1681888595.0, 1681888596.0, 1681888597.0, 1681888598.0, 1681888599.0, 1681888600.0, 1681888601.0, 1681888602.0, 1681888603.0, 1681888604.0, 1681888605.0, 1681888606.0, 1681888607.0, 1681888608.0, 1681888609.0, 1681888610.0, 1681888611.0, 1681888612.0, 1681888613.0, 1681888614.0, 1681888615.0, 1681888616.0, 1681888617.0, 1681888618.0, 1681888619.0, 1681888620.0, 1681888621.0, 1681888622.0, 1681888623.0, 1681888624.0, 1681888625.0, 1681888626.0, 1681888627.0, 1681888628.0, 1681888629.0, 1681888630.0, 1681888631.0, 1681888632.0], "cpu_usage_rate": [3.2515825075843807, 3.332409566745769, 3.4132366259071585, 3.494063685068547, 3.574890744229936, 3.6557178033913247, 3.736544862552714, 3.817371921714103, 3.8981989808754918, 3.97902604003688, 4.0598530991982695, 4.140680158359658, 4.221507217521047, 4.302334276682436, 4.383161335843825, 4.463988395005214, 4.544815454166602, 4.625642513327992, 4.706469572489381, 4.78729663165077, 4.868123690812158, 4.948950749973547, 5.029777809134936, 5.110604868296324, 5.191431927457715, 5.272258986619104, 5.353086045780492, 5.433913104941881, 5.51474016410327, 5.595567223264658, 5.676394282426047, 5.757221341587437, 5.838048400748826, 4.390678252345834, 4.390678252345834, 4.390678252345834, 4.390678252345834, 4.390678252345834, 4.390678252345834, 4.390678252345834, 4.390678252345834, 4.390678252345834, 4.390678252345834, 4.390678252345834, 4.390678252345834, 4.390678252345834, 4.390678252345834, 4.390678252345834, 4.390678252345834, 4.390678252345834, 4.390678252345834, 4.390678252345834, 4.390678252345834, 4.390678252345834, 4.390678252345834, 4.390678252345834, 4.390678252345834, 4.390678252345834, 4.390678252345834, 4.390678252345834, 4.390678252345834, 4.390678252345834, 4.390678252345834, 4.390678252345834, 4.390678252345834, 4.390678252345834, 4.390678252345834, 4.390678252345834, 4.390678252345834, 4.390678252345834, 4.390678252345834, 4.390678252345834, 4.390678252345834, 4.390678252345834, 4.390678252345834, 4.390678252345834, 4.390678252345834, 4.390678252345834, 4.390678252345834, 4.390678252345834, 4.372178111217011, 4.291351052055621, 4.210523992894233, 4.129696933732843, 4.048869874571455, 3.9680428154100653, 3.887215756248677, 3.8063886970872876, 3.725561637925899, 3.6447345787645102], "time_cpu_usage_rate": [1681888603.0, 1681888604.0, 1681888605.0, 1681888606.0, 1681888607.0, 1681888608.0, 1681888609.0, 1681888610.0, 1681888611.0, 1681888612.0, 1681888613.0, 1681888614.0, 1681888615.0, 1681888616.0, 1681888617.0, 1681888618.0, 1681888619.0, 1681888620.0, 1681888621.0, 1681888622.0, 1681888623.0, 1681888624.0, 1681888625.0, 1681888626.0, 1681888627.0, 1681888628.0, 1681888629.0, 1681888630.0, 1681888631.0, 1681888632.0, 1681888633.0, 1681888634.0, 1681888635.0, 1681888636.0, 1681888637.0, 1681888638.0, 1681888639.0, 1681888640.0, 1681888641.0, 1681888642.0, 1681888643.0, 1681888644.0, 1681888645.0, 1681888646.0, 1681888647.0, 1681888648.0, 1681888649.0, 1681888650.0, 1681888651.0, 1681888652.0, 1681888653.0, 1681888654.0, 1681888655.0, 1681888656.0, 1681888657.0, 1681888658.0, 1681888659.0, 1681888660.0, 1681888661.0, 1681888662.0, 1681888663.0, 1681888664.0, 1681888665.0, 1681888666.0, 1681888667.0, 1681888668.0, 1681888669.0, 1681888670.0, 1681888671.0, 1681888672.0, 1681888673.0, 1681888674.0, 1681888675.0, 1681888676.0, 1681888677.0, 1681888678.0, 1681888679.0, 1681888680.0, 1681888681.0, 1681888682.0, 1681888683.0, 1681888684.0, 1681888685.0, 1681888686.0, 1681888687.0, 1681888688.0, 1681888689.0, 1681888690.0, 1681888691.0, 1681888692.0], "cpu_throttled_count": [13.736986726, 13.736986726, 13.736986726, 13.736986726, 13.736986726, 13.736986726, 13.736986726, 13.736986726, 13.736986726, 13.736986726, 13.736986726, 13.736986726, 13.736986726, 13.736986726, 13.736986726, 13.736986726, 13.736986726, 13.736986726, 13.736986726, 13.736986726, 13.736986726, 13.736986726, 13.736986726, 13.736986726, 13.736986726, 13.736986726, 13.736986726, 13.736986726, 13.736986726, 13.736986726, 14.100756683, 14.100756683, 14.100756683, 14.100756683, 14.100756683, 14.100756683, 14.100756683, 14.100756683, 14.100756683, 14.100756683, 14.100756683, 14.100756683, 14.100756683, 14.100756683, 14.100756683, 14.100756683, 14.100756683, 14.100756683, 14.100756683, 14.100756683, 14.100756683, 14.100756683, 14.100756683, 14.100756683, 14.100756683, 14.100756683, 14.100756683, 14.100756683, 14.100756683, 14.100756683], "time_cpu_throttled_count": [1681888573.0, 1681888574.0, 1681888575.0, 1681888576.0, 1681888577.0, 1681888578.0, 1681888579.0, 1681888580.0, 1681888581.0, 1681888582.0, 1681888583.0, 1681888584.0, 1681888585.0, 1681888586.0, 1681888587.0, 1681888588.0, 1681888589.0, 1681888590.0, 1681888591.0, 1681888592.0, 1681888593.0, 1681888594.0, 1681888595.0, 1681888596.0, 1681888597.0, 1681888598.0, 1681888599.0, 1681888600.0, 1681888601.0, 1681888602.0, 1681888603.0, 1681888604.0, 1681888605.0, 1681888606.0, 1681888607.0, 1681888608.0, 1681888609.0, 1681888610.0, 1681888611.0, 1681888612.0, 1681888613.0, 1681888614.0, 1681888615.0, 1681888616.0, 1681888617.0, 1681888618.0, 1681888619.0, 1681888620.0, 1681888621.0, 1681888622.0, 1681888623.0, 1681888624.0, 1681888625.0, 1681888626.0, 1681888627.0, 1681888628.0, 1681888629.0, 1681888630.0, 1681888631.0, 1681888632.0],