{"cpu_usage_count": [184.089439013, 184.089439013, 184.089439013, 184.089439013, 184.089439013, 184.089439013, 184.089439013, 184.089439013, 184.089439013, 184.089439013, 184.089439013, 184.089439013, 184.089439013, 184.089439013, 184.089439013, 184.089439013, 184.089439013, 184.089439013, 184.089439013, 184.089439013, 184.089439013, 184.089439013, 184.089439013, 184.089439013, 184.089439013, 184.089439013, 184.089439013, 184.089439013, 184.089439013, 184.089439013], "time_cpu_usage_count": [1681888783.0, 1681888784.0, 1681888785.0, 1681888786.0, 1681888787.0, 1681888788.0, 1681888789.0, 1681888790.0, 1681888791.0, 1681888792.0, 1681888793.0, 1681888794.0, 1681888795.0, 1681888796.0, 1681888797.0, 1681888798.0, 1681888799.0, 1681888800.0, 1681888801.0, 1681888802.0, 1681888803.0, 1681888804.0, 1681888805.0, 1681888806.0, 1681888807.0, 1681888808.0, 1681888809.0, 1681888810.0, 1681888811.0, 1681888812.0], "cpu_usage_rate": [0.10339107133765833, 0.10671540731265833, 0.11003974328765832, 0.11336407926265833, 0.11668841523765833, 0.12001275121265834, 0.12333708718765832, 0.12666142316265833, 0.12998575913765834, 0.13331009511265834, 0.13663443108765833, 0.13995876706265833, 0.14328310303765832], "time_cpu_usage_rate": [1681888843.0, 1681888844.0, 1681888845.0, 1681888846.0, 1681888847.0, 1681888848.0, 1681888849.0, 1681888850.0, 1681888851.0, 1681888852.0, 1681888853.0, 1681888854.0, 1681888855.0], "cpu_throttled_count": [8.934171412, 8.934171412, 8.934171412, 8.934171412, 8.934171412, 8.934171412, 8.934171412, 8.934171412, 8.934171412, 8.934171412, 8.934171412, 8.934171412, 8.934171412, 8.934171412, 8.934171412, 8.934171412, 8.934171412, 8.934171412, 8.934171412, 8.934171412, 8.934171412, 8.934171412, 8.934171412, 8.934171412, 8.934171412, 8.934171412, 8.934171412, 8.934171412, 8.934171412, 8.934171412], "time_cpu_throttled_count": [1681888783.0, 1681888784.0, 1681888785.0, 1681888786.0, 1681888787.0, 1681888788.0, 1681888789.0, 1681888790.0, 1681888791.0, 1681888792.0, 1681888793.0, 1681888794.0, 1681888795.0, 1681888796.0, 1681888797.0, 1681888798.0, 1681888799.0, 1681888800.0, 1681888801.0, 1681888802.0, 1681888803.0, 1681888804.0, 1681888805.0, 1681888806.0, 1681888807.0, 1681888808.0, 1681888809.0, 1681888810.0, 1681888811.0, 1681888812.0], "cpu_throttled_rate": [0.09785029290706834, 0.10101625184540168, 0.10418221078373499, 0.10734816972206833, 0.11051412866040167, 0.11368008759873498, 0.11684604653706833, 0.12001200547540165, 0.12317796441373499, 0.12634392335206832, 0.12950988229040167, 0.13267584122873496, 0.13584180016706832], "time_cpu_throttled_rate": [1681888843.0, 1681888844.0, 1681888845.0, 1681888846.0, 1681888847.0, 1681888848.0, 1681888849.0, 1681888850.0, 1681888851.0, 1681888852.0, 1681888853.0, 1681888854.0, 1681888855.0], "memory_usage": [10562658304.0, 10562658304.0, 10562658304.0, 10562658304.0, 10562658304.0, 10562658304.0, 10562658304.0, 10562658304.0, 10562658304.0, 10562658304.0, 10562658304.0, 10562658304.0, 10562658304.0, 10562658304.0, 10562658304.0, 10562658304.0, 10562658304.0, 10562658304.0, 10562658304.0, 10562658304.0, 10562658304.0, 10562658304.0, 10562658304.0, 10562658304.0, 10562658304.0, 10562658304.0, 10562658304.0, 10562658304.0, 10562658304.0, 10562658304.0], "time_memory_usage": [1681888783.0, 1681888784.0, 1681888785.0, 1681888786.0, 1681888787.0, 1681888788.0, 1681888789.0, 1681888790.0, 1681888791.0, 1681888792.0, 1681888793.0, 1681888794.0, 1681888795.0, 1681888796.0, 1681888797.0, 1681888798.0, 1681888799.0, 1681888800.0, 1681888801.0, 1681888802.0, 1681888803.0, 1681888804.0, 1681888805.0, 1681888806.0, 1681888807.0, 1681888808.0, 1681888809.0, 1681888810.0, 1681888811.0, 1681888812.0], "throughput": [0.008566666666666667, 0.008450000000000001, 0.025233333333333337, 0.025175, 0.041899999999999986, 0.04186111111111111, 0.05856666666666667, 0.058537500000000006, 0.07523333333333332, 0.07521000000000001, 0.08271, 0.09188055555555555, 0.09186410256410256, 0.09891538461538461, 0.0954861111111111, 0.0954861111111111, 0.0954861111111111, 0.2586633342590021, 0.27301120059242806, 0.2682692307692307, 0.2682692307692307, 0.2682692307692307, 0.2682692307692307, 0.2682692307692307, 0.2682692307692307, 0.2682692307692307, 0.2682692307692307, 0.2682692307692307, 0.2682692307692307, 0.2682692307692307, 0.2682692307692307, 0.2682692307692307, 0.2682692307692307, 0.2682692307692307, 0.2682692307692307, 0.2682692307692307, 0.2682692307692307, 0.2682692307692307, 0.2682692307692307, 0.2682692307692307, 0.2682692307692307, 0.2682692307692307, 0.2682692307692307, 0.2682692307692307, 0.2682692307692307, 0.2682692307692307, 0.2682692307692307, 0.2682692307692307, 0.2682692307692307, 0.2682692307692307, 0.2682692307692307, 0.2682692307692307, 0.2682692307692307, 0.2682692307692307, 0.2682692307692307, 0.2682692307692307, 0.2682692307692307, 0.2682692307692307, 0.2682692307692307, 0.2682692307692307, 0.2682692307692307, 0.2682692307692307, 0.2682692307692307, 0.2682692307692307, 0.2682692307692307, 0.2682692307692307, 0.2682692307692307, 0.2682692307692307, 0.2682692307692307, 0.2682692307692307, 0.2682692307692307, 0.2682692307692307, 0.2682692307692307, 0.2682692307692307, 0.2682692307692307, 0.2682692307692307, 0.2682692307692307, 0.2682692307692307, 0.2682692307692307, 0.2682692307692307, 0.2682692307692307, 0.2682692307692307, 0.2682692307692307, 0.2682692307692307, 0.2682692307692307, 0.2682692307692307, 0.2682692307692307, 0.2682692307692307, 0.2682692307692307, 0.2682692307692307, 0.2682692307692307, 0.2682692307692307, 0.2682692307692307, 0.2682692307692307, 0.2682692307692307, 0.2682692307692307, 0.2682692307692307, 0.2682692307692307, 0.2682692307692307, 0.2682692307692307, 0.2682692307692307, 0.2682692307692307, 0.2682692307692307, 0.2682692307692307, 0.2682692307692307, 0.2682692307692307, 0.2682692307692307, 0.2682692307692307, 0.2682692307692307, 0.2682692307692307, 0.2682692307692307, 0.2682692307692307, 0.2682692307692307, 0.2682692307692307, 0.2682692307692307, 0.2682692307692307, 0.2682692307692307, 0.2682692307692307, 0.2682692307692307, 0.26874999999999993, 0.2696969696969697, 0.26011496167944015, 0.26249051264759937, 0.2464021049596309, 0.24968554768846313, 0.23433136453127368, 0.2394302848575712, 0.22603900610771793, 0.2361499757096259, 0.26306550097141274, 0.23531085206772137, 0.2823676323676324],