{"cpu_usage_count": [0.075380228, 0.075380228, 0.075380228, 0.075380228, 0.075380228, 0.075380228, 0.075380228, 0.075380228, 0.075380228, 0.075380228, 0.075380228, 0.075380228, 0.075380228, 0.075380228, 0.075380228, 0.075380228, 0.075380228, 0.075380228, 0.075380228, 0.075380228, 0.075380228, 0.075380228, 0.075380228, 0.075380228, 0.075380228, 0.075380228, 0.075380228, 0.075380228, 0.075380228, 0.075380228, 443.234963744, 443.234963744, 443.234963744, 443.234963744, 443.234963744, 443.234963744, 443.234963744, 443.234963744, 443.234963744, 443.234963744, 443.234963744, 443.234963744, 443.234963744, 443.234963744, 443.234963744, 443.234963744, 443.234963744, 443.234963744, 443.234963744, 443.234963744, 443.234963744, 443.234963744, 443.234963744, 443.234963744, 443.234963744, 443.234963744, 443.234963744, 443.234963744, 443.234963744, 443.234963744, 443.456135266, 443.456135266, 443.456135266], "time_cpu_usage_count": [1681889053.0, 1681889054.0, 1681889055.0, 1681889056.0, 1681889057.0, 1681889058.0, 1681889059.0, 1681889060.0, 1681889061.0, 1681889062.0, 1681889063.0, 1681889064.0, 1681889065.0, 1681889066.0, 1681889067.0, 1681889068.0, 1681889069.0, 1681889070.0, 1681889071.0, 1681889072.0, 1681889073.0, 1681889074.0, 1681889075.0, 1681889076.0, 1681889077.0, 1681889078.0, 1681889079.0, 1681889080.0, 1681889081.0, 1681889082.0, 1681889083.0, 1681889084.0, 1681889085.0, 1681889086.0, 1681889087.0, 1681889088.0, 1681889089.0, 1681889090.0, 1681889091.0, 1681889092.0, 1681889093.0, 1681889094.0, 1681889095.0, 1681889096.0, 1681889097.0, 1681889098.0, 1681889099.0, 1681889100.0, 1681889101.0, 1681889102.0, 1681889103.0, 1681889104.0, 1681889105.0, 1681889106.0, 1681889107.0, 1681889108.0, 1681889109.0, 1681889110.0, 1681889111.0, 1681889112.0, 1681889113.0, 1681889114.0, 1681889115.0], "cpu_usage_rate": [3.8052762929358375, 3.928376177245837, 4.051476061555837, 4.174575945865837, 4.297675830175836, 4.4207757144858375, 4.543875598795838, 4.666975483105836, 4.790075367415837, 4.9131752517258365, 5.0362751360358375, 5.159375020345837, 5.282474904655838, 5.405574788965837, 5.5286746732758365, 5.651774557585837, 5.774874441895837, 5.897974326205837, 6.021074210515837, 6.144174094825837, 6.267273979135838, 6.390373863445837, 6.513473747755837, 6.636573632065837, 6.7596735163758375, 6.882773400685838, 7.005873284995838, 7.128973169305837, 7.252073053615836, 7.3751729379258375, 3.751321452886038, 3.8129021133079823, 3.874482773729926], "time_cpu_usage_rate": [1681889083.0, 1681889084.0, 1681889085.0, 1681889086.0, 1681889087.0, 1681889088.0, 1681889089.0, 1681889090.0, 1681889091.0, 1681889092.0, 1681889093.0, 1681889094.0, 1681889095.0, 1681889096.0, 1681889097.0, 1681889098.0, 1681889099.0, 1681889100.0, 1681889101.0, 1681889102.0, 1681889103.0, 1681889104.0, 1681889105.0, 1681889106.0, 1681889107.0, 1681889108.0, 1681889109.0, 1681889110.0, 1681889111.0, 1681889112.0, 1681889113.0, 1681889114.0, 1681889115.0], "cpu_throttled_count": [0.0, 0.0, 0.0, 0.0, 0.0, 0.0, 0.0, 0.0, 0.0, 0.0, 0.0, 0.0, 0.0, 0.0, 0.0, 0.0, 0.0, 0.0, 0.0, 0.0, 0.0, 0.0, 0.0, 0.0, 0.0, 0.0, 0.0, 0.0, 0.0, 0.0, 3.255773414, 3.255773414, 3.255773414, 3.255773414, 3.255773414, 3.255773414, 3.255773414, 3.255773414, 3.255773414, 3.255773414, 3.255773414, 3.255773414, 3.255773414, 3.255773414, 3.255773414, 3.255773414, 3.255773414, 3.255773414, 3.255773414, 3.255773414, 3.255773414, 3.255773414, 3.255773414, 3.255773414, 3.255773414, 3.255773414, 3.255773414, 3.255773414, 3.255773414, 3.255773414, 3.255773414, 3.255773414, 3.255773414], "time_cpu_throttled_count": [1681889053.0, 1681889054.0, 1681889055.0, 1681889056.0, 1681889057.0, 1681889058.0, 1681889059.0, 1681889060.0, 1681889061.0, 1681889062.0, 1681889063.0, 1681889064.0, 1681889065.0, 1681889066.0, 1681889067.0, 1681889068.0, 1681889069.0, 1681889070.0, 1681889071.0, 1681889072.0, 1681889073.0, 1681889074.0, 1681889075.0, 1681889076.0, 1681889077.0, 1681889078.0, 1681889079.0, 1681889080.0, 1681889081.0, 1681889082.0, 1681889083.0, 1681889084.0, 1681889085.0, 1681889086.0, 1681889087.0, 1681889088.0, 1681889089.0, 1681889090.0, 1681889091.0, 1681889092.0, 1681889093.0, 1681889094.0, 1681889095.0, 1681889096.0, 1681889097.0, 1681889098.0, 1681889099.0, 1681889100.0, 1681889101.0, 1681889102.0, 1681889103.0, 1681889104.0, 1681889105.0, 1681889106.0, 1681889107.0, 1681889108.0, 1681889109.0, 1681889110.0, 1681889111.0, 1681889112.0, 1681889113.0, 1681889114.0, 1681889115.0], "cpu_throttled_rate": [0.02795171914069389, 0.028856100644582782, 0.029760482148471667, 0.03066486365236055, 0.03156924515624945, 0.03247362666013833, 0.03337800816402722, 0.03428238966791611, 0.035186771171805, 0.036091152675693884, 0.036995534179582776, 0.03789991568347166, 0.03880429718736055, 0.03970867869124944, 0.04061306019513833, 0.04151744169902722, 0.042421823202916105, 0.043326204706805004, 0.04423058621069389, 0.04513496771458278, 0.046039349218471665, 0.046943730722360556, 0.04784811222624944, 0.04875249373013833, 0.04965687523402722, 0.05056125673791611, 0.051465638241804994, 0.052370019745693885, 0.05327440124958278, 0.05417878275347166, 0.02754158212868028, 0.02799377288062472, 0.028445963632569165], "time_cpu_throttled_rate": [1681889083.0, 1681889084.0, 1681889085.0, 1681889086.0, 1681889087.0, 1681889088.0, 1681889089.0, 1681889090.0, 1681889091.0, 1681889092.0, 1681889093.0, 1681889094.0, 1681889095.0, 1681889096.0, 1681889097.0, 1681889098.0, 1681889099.0, 1681889100.0, 1681889101.0, 1681889102.0, 1681889103.0, 1681889104.0, 1681889105.0, 1681889106.0, 1681889107.0, 1681889108.0, 1681889109.0, 1681889110.0, 1681889111.0, 1681889112.0, 1681889113.0, 1681889114.0, 1681889115.0], "memory_usage": [8609792.0, 8609792.0, 8609792.0, 8609792.0, 8609792.0, 8609792.0, 8609792.0, 8609792.0, 8609792.0, 8609792.0, 8609792.0, 8609792.0, 8609792.0, 8609792.0, 8609792.0, 8609792.0, 8609792.0, 8609792.0, 8609792.0, 8609792.0, 8609792.0, 8609792.0, 8609792.0, 8609792.0, 8609792.0, 8609792.0, 8609792.0, 8609792.0, 8609792.0, 8609792.0, 3332558848.0, 3332558848.0, 3332558848.0, 3332558848.0, 3332558848.0, 3332558848.0, 3332558848.0, 3332558848.0, 3332558848.0, 3332558848.0, 3332558848.0, 3332558848.0, 3332558848.0, 3332558848.0, 3332558848.0, 3332558848.0, 3332558848.0, 3332558848.0, 3332558848.0, 3332558848.0, 3332558848.0, 3332558848.0, 3332558848.0, 3332558848.0, 3332558848.0, 3332558848.0, 3332558848.0, 3332558848.0, 3332558848.0, 3332558848.0, 3331624960.0, 3331624960.0, 3331624960.0], "time_memory_usage": [1681889053.0, 1681889054.0, 1681889055.0, 1681889056.0, 1681889057.0, 1681889058.0, 1681889059.0, 1681889060.0, 1681889061.0, 1681889062.0, 1681889063.0, 1681889064.0, 1681889065.0, 1681889066.0, 1681889067.0, 1681889068.0, 1681889069.0, 1681889070.0, 1681889071.0, 1681889072.0, 1681889073.0, 1681889074.0, 1681889075.0, 1681889076.0, 1681889077.0, 1681889078.0, 1681889079.0, 1681889080.0, 1681889081.0, 1681889082.0, 1681889083.0, 1681889084.0, 1681889085.0, 1681889086.0, 1681889087.0, 1681889088.0, 1681889089.0, 1681889090.0, 1681889091.0, 1681889092.0, 1681889093.0, 1681889094.0, 1681889095.0, 1681889096.0, 1681889097.0, 1681889098.0, 1681889099.0, 1681889100.0, 1681889101.0, 1681889102.0, 1681889103.0, 1681889104.0, 1681889105.0, 1681889106.0, 1681889107.0, 1681889108.0, 1681889109.0, 1681889110.0, 1681889111.0, 1681889112.0, 1681889113.0, 1681889114.0, 1681889115.0],