{"cpu_usage_count": [0.162513493, 0.162513493, 0.162513493, 0.162513493, 0.162513493, 0.162513493, 0.162513493, 0.162513493, 0.162513493, 0.162513493, 0.162513493, 0.162513493, 0.162513493, 0.162513493, 0.162513493, 0.162513493, 0.162513493, 0.162513493, 0.162513493, 0.162513493, 0.162513493, 0.162513493, 0.162513493, 0.162513493, 0.162513493, 0.162513493, 0.162513493, 0.162513493, 0.162513493, 0.162513493, 437.858250894, 437.858250894, 437.858250894, 437.858250894, 437.858250894, 437.858250894, 437.858250894, 437.858250894, 437.858250894, 437.858250894, 437.858250894, 437.858250894, 437.858250894, 437.858250894, 437.858250894, 437.858250894, 437.858250894, 437.858250894, 437.858250894, 437.858250894, 437.858250894, 437.858250894, 437.858250894, 437.858250894, 437.858250894, 437.858250894, 437.858250894, 437.858250894, 437.858250894, 437.858250894], "time_cpu_usage_count": [1681889143.0, 1681889144.0, 1681889145.0, 1681889146.0, 1681889147.0, 1681889148.0, 1681889149.0, 1681889150.0, 1681889151.0, 1681889152.0, 1681889153.0, 1681889154.0, 1681889155.0, 1681889156.0, 1681889157.0, 1681889158.0, 1681889159.0, 1681889160.0, 1681889161.0, 1681889162.0, 1681889163.0, 1681889164.0, 1681889165.0, 1681889166.0, 1681889167.0, 1681889168.0, 1681889169.0, 1681889170.0, 1681889171.0, 1681889172.0, 1681889173.0, 1681889174.0, 1681889175.0, 1681889176.0, 1681889177.0, 1681889178.0, 1681889179.0, 1681889180.0, 1681889181.0, 1681889182.0, 1681889183.0, 1681889184.0, 1681889185.0, 1681889186.0, 1681889187.0, 1681889188.0, 1681889189.0, 1681889190.0, 1681889191.0, 1681889192.0, 1681889193.0, 1681889194.0, 1681889195.0, 1681889196.0, 1681889197.0, 1681889198.0, 1681889199.0, 1681889200.0, 1681889201.0, 1681889202.0], "cpu_usage_rate": [3.7590937668451967, 3.8806759161232516, 4.002258065401308, 4.123840214679363, 4.2454223639574185, 4.367004513235473, 4.488586662513529, 4.610168811791585, 4.731750961069641, 4.853333110347696, 4.974915259625751, 5.096497408903807, 5.218079558181862, 5.3396617074599195, 5.461243856737974, 5.58282600601603, 5.704408155294085, 5.825990304572141, 5.947572453850196, 6.069154603128252, 6.190736752406307, 6.312318901684363, 6.433901050962418, 6.555483200240474, 6.6770653495185295, 6.798647498796585, 6.920229648074641, 7.041811797352696, 7.163393946630752, 7.284976095908807, 7.406558245186862, 7.528140394464918, 7.649722543742973, 5.472550996620834, 5.472550996620834, 5.472550996620834, 5.472550996620834, 5.472550996620834, 5.472550996620834, 5.472550996620834, 5.472550996620834, 5.472550996620834, 5.472550996620834, 5.472550996620834, 5.472550996620834, 5.472550996620834, 5.472550996620834, 5.472550996620834, 5.472550996620834, 5.472550996620834, 5.472550996620834, 5.472550996620834, 5.472550996620834, 5.472550996620834, 5.472550996620834, 5.472550996620834, 5.472550996620834, 5.472550996620834, 5.472550996620834, 5.472550996620834, 5.472550996620834, 5.472550996620834, 5.472550996620834, 5.472550996620834, 5.472550996620834, 5.472550996620834, 5.472550996620834, 5.472550996620834, 5.472550996620834, 5.472550996620834, 5.472550996620834, 5.472550996620834, 5.472550996620834, 5.472550996620834, 5.472550996620834, 5.472550996620834, 5.472550996620834, 5.472550996620834, 5.472550996620834, 5.472550996620834, 5.472550996620834, 5.472550996620834, 5.472550996620834, 5.472550996620834, 5.472550996620834, 5.472550996620834, 5.472550996620834, 5.472550996620834, 5.472550996620834, 5.472550996620834], "time_cpu_usage_rate": [1681889173.0, 1681889174.0, 1681889175.0, 1681889176.0, 1681889177.0, 1681889178.0, 1681889179.0, 1681889180.0, 1681889181.0, 1681889182.0, 1681889183.0, 1681889184.0, 1681889185.0, 1681889186.0, 1681889187.0, 1681889188.0, 1681889189.0, 1681889190.0, 1681889191.0, 1681889192.0, 1681889193.0, 1681889194.0, 1681889195.0, 1681889196.0, 1681889197.0, 1681889198.0, 1681889199.0, 1681889200.0, 1681889201.0, 1681889202.0, 1681889203.0, 1681889204.0, 1681889205.0, 1681889206.0, 1681889207.0, 1681889208.0, 1681889209.0, 1681889210.0, 1681889211.0, 1681889212.0, 1681889213.0, 1681889214.0, 1681889215.0, 1681889216.0, 1681889217.0, 1681889218.0, 1681889219.0, 1681889220.0, 1681889221.0, 1681889222.0, 1681889223.0, 1681889224.0, 1681889225.0, 1681889226.0, 1681889227.0, 1681889228.0, 1681889229.0, 1681889230.0, 1681889231.0, 1681889232.0, 1681889233.0, 1681889234.0, 1681889235.0, 1681889236.0, 1681889237.0, 1681889238.0, 1681889239.0, 1681889240.0, 1681889241.0, 1681889242.0, 1681889243.0, 1681889244.0, 1681889245.0, 1681889246.0, 1681889247.0, 1681889248.0, 1681889249.0, 1681889250.0, 1681889251.0, 1681889252.0, 1681889253.0, 1681889254.0, 1681889255.0, 1681889256.0, 1681889257.0, 1681889258.0, 1681889259.0, 1681889260.0, 1681889261.0, 1681889262.0], "cpu_throttled_count": [0.0, 0.0, 0.0, 0.0, 0.0, 0.0, 0.0, 0.0, 0.0, 0.0, 0.0, 0.0, 0.0, 0.0, 0.0, 0.0, 0.0, 0.0, 0.0, 0.0, 0.0, 0.0, 0.0, 0.0, 0.0, 0.0, 0.0, 0.0, 0.0, 0.0, 1.847958014, 1.847958014, 1.847958014, 1.847958014, 1.847958014, 1.847958014, 1.847958014, 1.847958014, 1.847958014, 1.847958014, 1.847958014, 1.847958014, 1.847958014, 1.847958014, 1.847958014, 1.847958014, 1.847958014, 1.847958014, 1.847958014, 1.847958014, 1.847958014, 1.847958014, 1.847958014, 1.847958014, 1.847958014, 1.847958014, 1.847958014, 1.847958014, 1.847958014, 1.847958014], "time_cpu_throttled_count": [1681889143.0, 1681889144.0, 1681889145.0, 1681889146.0, 1681889147.0, 1681889148.0, 1681889149.0, 1681889150.0, 1681889151.0, 1681889152.0, 1681889153.0, 1681889154.0, 1681889155.0, 1681889156.0, 1681889157.0, 1681889158.0, 1681889159.0, 1681889160.0, 1681889161.0, 1681889162.0, 1681889163.0, 1681889164.0, 1681889165.0, 1681889166.0, 1681889167.0, 1681889168.0, 1681889169.0, 1681889170.0, 1681889171.0, 1681889172.0, 1681889173.0, 1681889174.0, 1681889175.0, 1681889176.0, 1681889177.0, 1681889178.0, 1681889179.0, 1681889180.0, 1681889181.0, 1681889182.0, 1681889183.0, 1681889184.0, 1681889185.0, 1681889186.0, 1681889187.0, 1681889188.0, 1681889189.0, 1681889190.0, 1681889191.0, 1681889192.0, 1681889193.0, 1681889194.0, 1681889195.0, 1681889196.0, 1681889197.0, 1681889198.0, 1681889199.0, 1681889200.0, 1681889201.0, 1681889202.0],