{"cpu_usage_count": [486.67972489, 486.67972489, 486.67972489, 486.67972489, 486.67972489, 486.67972489, 486.67972489, 486.67972489, 486.67972489, 486.67972489, 486.67972489, 486.67972489, 486.67972489, 486.67972489, 486.67972489, 486.67972489, 486.67972489, 486.67972489, 486.67972489, 486.67972489, 486.67972489, 486.67972489, 486.67972489, 486.67972489, 486.67972489, 486.67972489, 486.67972489, 486.67972489, 486.67972489, 486.67972489, 630.104827979, 630.104827979, 630.104827979, 630.104827979, 630.104827979, 630.104827979, 630.104827979, 630.104827979, 630.104827979, 630.104827979, 630.104827979, 630.104827979, 630.104827979, 630.104827979, 630.104827979, 630.104827979, 630.104827979, 630.104827979, 630.104827979, 630.104827979, 630.104827979, 630.104827979, 630.104827979, 630.104827979, 630.104827979, 630.104827979, 630.104827979, 630.104827979, 630.104827979, 630.104827979, 861.155440157, 861.155440157, 861.155440157, 861.155440157, 861.155440157, 861.155440157, 861.155440157, 861.155440157, 861.155440157, 861.155440157, 861.155440157, 861.155440157, 861.155440157, 861.155440157, 861.155440157, 861.155440157, 861.155440157, 861.155440157, 861.155440157, 861.155440157, 861.155440157, 861.155440157, 861.155440157, 861.155440157, 861.155440157, 861.155440157], "time_cpu_usage_count": [1681891693.0, 1681891694.0, 1681891695.0, 1681891696.0, 1681891697.0, 1681891698.0, 1681891699.0, 1681891700.0, 1681891701.0, 1681891702.0, 1681891703.0, 1681891704.0, 1681891705.0, 1681891706.0, 1681891707.0, 1681891708.0, 1681891709.0, 1681891710.0, 1681891711.0, 1681891712.0, 1681891713.0, 1681891714.0, 1681891715.0, 1681891716.0, 1681891717.0, 1681891718.0, 1681891719.0, 1681891720.0, 1681891721.0, 1681891722.0, 1681891723.0, 1681891724.0, 1681891725.0, 1681891726.0, 1681891727.0, 1681891728.0, 1681891729.0, 1681891730.0, 1681891731.0, 1681891732.0, 1681891733.0, 1681891734.0, 1681891735.0, 1681891736.0, 1681891737.0, 1681891738.0, 1681891739.0, 1681891740.0, 1681891741.0, 1681891742.0, 1681891743.0, 1681891744.0, 1681891745.0, 1681891746.0, 1681891747.0, 1681891748.0, 1681891749.0, 1681891750.0, 1681891751.0, 1681891752.0, 1681891753.0, 1681891754.0, 1681891755.0, 1681891756.0, 1681891757.0, 1681891758.0, 1681891759.0, 1681891760.0, 1681891761.0, 1681891762.0, 1681891763.0, 1681891764.0, 1681891765.0, 1681891766.0, 1681891767.0, 1681891768.0, 1681891769.0, 1681891770.0, 1681891771.0, 1681891772.0, 1681891773.0, 1681891774.0, 1681891775.0, 1681891776.0, 1681891777.0, 1681891778.0], "cpu_usage_rate": [1.8289489465296451, 1.8687892529432562, 1.9086295593568676, 1.9484698657704784, 1.9883101721840897, 2.0281504785977007, 2.067990785011312, 2.1078310914249228, 2.1476713978385344, 2.1875117042521453, 2.227352010665756, 2.2671923170793673, 2.3070326234929786, 2.3468729299065894, 2.3867132363202006, 2.4265535427338123, 2.466393849147423, 2.506234155561034, 2.5460744619746456, 2.5859147683882564, 2.625755074801867, 2.665595381215478, 2.70543568762909, 2.745275994042701, 2.7851163004563118, 2.824956606869923, 2.8647969132835343, 2.904637219697145, 2.9444775261107563, 2.984317832524367, 3.947962238718357, 3.999972754727663, 4.051983270736968, 4.103993786746274, 4.15600430275558, 4.208014818764885, 4.26002533477419, 4.312035850783497, 4.3640463667928024, 4.416056882802107, 4.468067398811413, 4.520077914820718, 4.572088430830024, 4.624098946839329, 4.676109462848634, 4.728119978857941, 4.7801304948672465, 4.832141010876552, 4.884151526885858, 4.936162042895163, 4.988172558904468, 5.040183074913774, 5.092193590923079, 5.144204106932386, 5.196214622941691, 5.248225138950996], "time_cpu_usage_rate": [1681891723.0, 1681891724.0, 1681891725.0, 1681891726.0, 1681891727.0, 1681891728.0, 1681891729.0, 1681891730.0, 1681891731.0, 1681891732.0, 1681891733.0, 1681891734.0, 1681891735.0, 1681891736.0, 1681891737.0, 1681891738.0, 1681891739.0, 1681891740.0, 1681891741.0, 1681891742.0, 1681891743.0, 1681891744.0, 1681891745.0, 1681891746.0, 1681891747.0, 1681891748.0, 1681891749.0, 1681891750.0, 1681891751.0, 1681891752.0, 1681891753.0, 1681891754.0, 1681891755.0, 1681891756.0, 1681891757.0, 1681891758.0, 1681891759.0, 1681891760.0, 1681891761.0, 1681891762.0, 1681891763.0, 1681891764.0, 1681891765.0, 1681891766.0, 1681891767.0, 1681891768.0, 1681891769.0, 1681891770.0, 1681891771.0, 1681891772.0, 1681891773.0, 1681891774.0, 1681891775.0, 1681891776.0, 1681891777.0, 1681891778.0], "cpu_throttled_count": [20.80753162, 20.80753162, 20.80753162, 20.80753162, 20.80753162, 20.80753162, 20.80753162, 20.80753162, 20.80753162, 20.80753162, 20.80753162, 20.80753162, 20.80753162, 20.80753162, 20.80753162, 20.80753162, 20.80753162, 20.80753162, 20.80753162, 20.80753162, 20.80753162, 20.80753162, 20.80753162, 20.80753162, 20.80753162, 20.80753162, 20.80753162, 20.80753162, 20.80753162, 20.80753162, 21.432689677, 21.432689677, 21.432689677, 21.432689677, 21.432689677, 21.432689677, 21.432689677, 21.432689677, 21.432689677, 21.432689677, 21.432689677, 21.432689677, 21.432689677, 21.432689677, 21.432689677, 21.432689677, 21.432689677, 21.432689677, 21.432689677, 21.432689677, 21.432689677, 21.432689677, 21.432689677, 21.432689677, 21.432689677, 21.432689677, 21.432689677, 21.432689677, 21.432689677, 21.432689677, 22.354556637, 22.354556637, 22.354556637, 22.354556637, 22.354556637, 22.354556637, 22.354556637, 22.354556637, 22.354556637, 22.354556637, 22.354556637, 22.354556637, 22.354556637, 22.354556637, 22.354556637, 22.354556637, 22.354556637, 22.354556637, 22.354556637, 22.354556637, 22.354556637, 22.354556637, 22.354556637, 22.354556637, 22.354556637, 22.354556637], "time_cpu_throttled_count": [1681891693.0, 1681891694.0, 1681891695.0, 1681891696.0, 1681891697.0, 1681891698.0, 1681891699.0, 1681891700.0, 1681891701.0, 1681891702.0, 1681891703.0, 1681891704.0, 1681891705.0, 1681891706.0, 1681891707.0, 1681891708.0, 1681891709.0, 1681891710.0, 1681891711.0, 1681891712.0, 1681891713.0, 1681891714.0, 1681891715.0, 1681891716.0, 1681891717.0, 1681891718.0, 1681891719.0, 1681891720.0, 1681891721.0, 1681891722.0, 1681891723.0, 1681891724.0, 1681891725.0, 1681891726.0, 1681891727.0, 1681891728.0, 1681891729.0, 1681891730.0, 1681891731.0, 1681891732.0, 1681891733.0, 1681891734.0, 1681891735.0, 1681891736.0, 1681891737.0, 1681891738.0, 1681891739.0, 1681891740.0, 1681891741.0, 1681891742.0, 1681891743.0, 1681891744.0, 1681891745.0, 1681891746.0, 1681891747.0, 1681891748.0, 1681891749.0, 1681891750.0, 1681891751.0, 1681891752.0, 1681891753.0, 1681891754.0, 1681891755.0, 1681891756.0, 1681891757.0, 1681891758.0, 1681891759.0, 1681891760.0, 1681891761.0, 1681891762.0, 1681891763.0, 1681891764.0, 1681891765.0, 1681891766.0, 1681891767.0, 1681891768.0, 1681891769.0, 1681891770.0, 1681891771.0, 1681891772.0, 1681891773.0, 1681891774.0, 1681891775.0, 1681891776.0, 1681891777.0, 1681891778.0],