{"cpu_usage_count": [13.091818664, 13.091818664, 13.091818664, 13.091818664, 13.091818664, 13.091818664, 13.091818664, 13.091818664, 13.091818664, 13.091818664, 13.091818664, 13.091818664, 13.091818664, 13.091818664, 13.091818664, 13.091818664, 13.091818664, 13.091818664, 13.091818664, 13.091818664, 13.091818664, 13.091818664, 13.091818664, 13.091818664, 13.091818664, 13.091818664, 13.091818664, 13.091818664, 13.091818664, 13.091818664, 13.20725888, 13.20725888, 13.20725888, 13.20725888, 13.20725888, 13.20725888, 13.20725888, 13.20725888, 13.20725888, 13.20725888, 13.20725888, 13.20725888], "time_cpu_usage_count": [1681907953.0, 1681907954.0, 1681907955.0, 1681907956.0, 1681907957.0, 1681907958.0, 1681907959.0, 1681907960.0, 1681907961.0, 1681907962.0, 1681907963.0, 1681907964.0, 1681907965.0, 1681907966.0, 1681907967.0, 1681907968.0, 1681907969.0, 1681907970.0, 1681907971.0, 1681907972.0, 1681907973.0, 1681907974.0, 1681907975.0, 1681907976.0, 1681907977.0, 1681907978.0, 1681907979.0, 1681907980.0, 1681907981.0, 1681907982.0, 1681907983.0, 1681907984.0, 1681907985.0, 1681907986.0, 1681907987.0, 1681907988.0, 1681907989.0, 1681907990.0, 1681907991.0, 1681907992.0, 1681907993.0, 1681907994.0], "cpu_usage_rate": [0.0014720872210866622, 0.0015041539477533286, 0.0015362206744199954, 0.0015682874010866617, 0.0016003541277533283, 0.001632420854419995, 0.0016644875810866615, 0.001696554307753328, 0.0017286210344199947, 0.0017606877610866613, 0.0017927544877533279, 0.0018248212144199943], "time_cpu_usage_rate": [1681907983.0, 1681907984.0, 1681907985.0, 1681907986.0, 1681907987.0, 1681907988.0, 1681907989.0, 1681907990.0, 1681907991.0, 1681907992.0, 1681907993.0, 1681907994.0], "cpu_throttled_count": [52.529101348, 52.529101348, 52.529101348, 52.529101348, 52.529101348, 52.529101348, 52.529101348, 52.529101348, 52.529101348, 52.529101348, 52.529101348, 52.529101348, 52.529101348, 52.529101348, 52.529101348, 52.529101348, 52.529101348, 52.529101348, 52.529101348, 52.529101348, 52.529101348, 52.529101348, 52.529101348, 52.529101348, 52.529101348, 52.529101348, 52.529101348, 52.529101348, 52.529101348, 52.529101348, 52.529101348, 52.529101348, 52.529101348, 52.529101348, 52.529101348, 52.529101348, 52.529101348, 52.529101348, 52.529101348, 52.529101348, 52.529101348, 52.529101348], "time_cpu_throttled_count": [1681907953.0, 1681907954.0, 1681907955.0, 1681907956.0, 1681907957.0, 1681907958.0, 1681907959.0, 1681907960.0, 1681907961.0, 1681907962.0, 1681907963.0, 1681907964.0, 1681907965.0, 1681907966.0, 1681907967.0, 1681907968.0, 1681907969.0, 1681907970.0, 1681907971.0, 1681907972.0, 1681907973.0, 1681907974.0, 1681907975.0, 1681907976.0, 1681907977.0, 1681907978.0, 1681907979.0, 1681907980.0, 1681907981.0, 1681907982.0, 1681907983.0, 1681907984.0, 1681907985.0, 1681907986.0, 1681907987.0, 1681907988.0, 1681907989.0, 1681907990.0, 1681907991.0, 1681907992.0, 1681907993.0, 1681907994.0], "cpu_throttled_rate": [0.0, 0.0, 0.0, 0.0, 0.0, 0.0, 0.0, 0.0, 0.0, 0.0, 0.0, 0.0], "time_cpu_throttled_rate": [1681907983.0, 1681907984.0, 1681907985.0, 1681907986.0, 1681907987.0, 1681907988.0, 1681907989.0, 1681907990.0, 1681907991.0, 1681907992.0, 1681907993.0, 1681907994.0], "memory_usage": [3735326720.0, 3735326720.0, 3735326720.0, 3735326720.0, 3735326720.0, 3735326720.0, 3735326720.0, 3735326720.0, 3735326720.0, 3735326720.0, 3735326720.0, 3735326720.0, 3735326720.0, 3735326720.0, 3735326720.0, 3735326720.0, 3735326720.0, 3735326720.0, 3735326720.0, 3735326720.0, 3735326720.0, 3735326720.0, 3735326720.0, 3735326720.0, 3735326720.0, 3735326720.0, 3735326720.0, 3735326720.0, 3735326720.0, 3735326720.0, 3735330816.0, 3735330816.0, 3735330816.0, 3735330816.0, 3735330816.0, 3735330816.0, 3735330816.0, 3735330816.0, 3735330816.0, 3735330816.0, 3735330816.0, 3735330816.0], "time_memory_usage": [1681907953.0, 1681907954.0, 1681907955.0, 1681907956.0, 1681907957.0, 1681907958.0, 1681907959.0, 1681907960.0, 1681907961.0, 1681907962.0, 1681907963.0, 1681907964.0, 1681907965.0, 1681907966.0, 1681907967.0, 1681907968.0, 1681907969.0, 1681907970.0, 1681907971.0, 1681907972.0, 1681907973.0, 1681907974.0, 1681907975.0, 1681907976.0, 1681907977.0, 1681907978.0, 1681907979.0, 1681907980.0, 1681907981.0, 1681907982.0, 1681907983.0, 1681907984.0, 1681907985.0, 1681907986.0, 1681907987.0, 1681907988.0, 1681907989.0, 1681907990.0, 1681907991.0, 1681907992.0, 1681907993.0, 1681907994.0], "throughput": [0.00937239713476595, 0.009168333333333334, 0.010835, 0.012501666666666666, 0.010416666666666666, 0.010416666666666666, 0.010416666666666666, 0.010416666666666666, 0.026032902957101204, 0.025963461538461532, 0.027886538461538466, 0.029809615384615386, 0.03173269230769231, 0.028125, 0.028125, 0.028125, 0.028125, 0.028125, 0.028125, 0.028125, 0.028125, 0.028125, 0.08490318198710801, 0.08487962962962964, 0.08796604938271606, 0.09105246913580248, 0.0931975, 0.0931481182795699, 0.0961051075268817, 0.09906209677419354, 0.10201908602150538, 0.09739583333333333, 0.09739583333333333, 0.09739583333333333, 0.09739583333333333, 0.09739583333333333, 0.09739583333333333, 0.09739583333333333, 0.09739583333333333, 0.09739583333333333, 0.09739583333333333, 0.09739583333333333, 0.09739583333333333, 0.17681275790190157, 0.1805350533883524, 0.18425734887480327, 0.18797964436125408, 0.19170193984770495, 0.1954242353341558, 0.18472222222222223, 0.18472222222222223, 0.18472222222222223, 0.18472222222222223, 0.18472222222222223, 0.18472222222222223, 0.18472222222222223, 0.18472222222222223, 0.18472222222222223, 0.18472222222222223, 0.18472222222222223, 0.18472222222222223, 0.18472222222222223, 0.18472222222222223, 0.18472222222222223, 0.18472222222222223, 0.18472222222222223, 0.18472222222222223, 0.18472222222222223, 0.18472222222222223, 0.18472222222222223, 0.18472222222222223, 0.18472222222222223, 0.18472222222222223, 0.18472222222222223, 0.18472222222222223, 0.18472222222222223, 0.18472222222222223, 0.18472222222222223, 0.18472222222222223, 0.18472222222222223, 0.18472222222222223, 0.18472222222222223, 0.18472222222222223, 0.18472222222222223, 0.18472222222222223, 0.18472222222222223, 0.18472222222222223, 0.18472222222222223, 0.18472222222222223, 0.18472222222222223, 0.18472222222222223, 0.18472222222222223, 0.18472222222222223, 0.18472222222222223, 0.18472222222222223, 0.18472222222222223, 0.18472222222222223, 0.18472222222222223, 0.18472222222222223, 0.18472222222222223, 0.18472222222222223, 0.18472222222222223, 0.18472222222222223, 0.18472222222222223, 0.18472222222222223, 0.18472222222222223, 0.18472222222222223, 0.18472222222222223, 0.18472222222222223, 0.18472222222222223, 0.18472222222222223, 0.18472222222222223, 0.18472222222222223, 0.18472222222222223, 0.18472222222222223, 0.18472222222222223, 0.18541666666666665, 0.18541666666666665, 0.1828995396633498, 0.179024652035091, 0.18055092746862156, 0.1875, 0.1860825073552515, 0.18179789482704448, 0.17751328229883742, 0.17322866977063042, 0.16894405724242337, 0.16465944471421634, 0.16720056447345213, 0.11458333333333331, 0.11458333333333331, 0.11458333333333331, 0.11458333333333331, 0.11458333333333331, 0.11458333333333331, 0.11458333333333331, 0.1271731518513228, 0.12280869597993936, 0.1184442401085559, 0.11407978423717245, 0.10971532836578902, 0.10535087249440558, 0.10922992793933137, 0.11640658673249481, 0.11150865953528465, 0.10661073233807451, 0.12759668623287954],