{"cpu_usage_count": [12.217963872, 12.217963872, 12.217963872, 12.217963872, 12.217963872, 12.217963872, 12.217963872, 12.217963872, 12.217963872, 12.217963872, 12.217963872, 12.217963872, 12.217963872, 12.217963872, 12.217963872, 12.217963872, 12.217963872, 12.217963872, 12.217963872, 12.217963872, 12.217963872, 12.217963872, 12.217963872, 12.217963872, 12.217963872, 12.217963872, 12.217963872, 12.217963872, 12.217963872, 12.217963872, 195.063204146, 195.063204146, 195.063204146, 195.063204146, 195.063204146, 195.063204146, 195.063204146, 195.063204146, 195.063204146, 195.063204146, 195.063204146, 195.063204146, 195.063204146, 195.063204146, 195.063204146, 195.063204146, 195.063204146, 195.063204146, 195.063204146, 195.063204146, 195.063204146, 195.063204146, 195.063204146, 195.063204146, 195.063204146, 195.063204146, 195.063204146, 195.063204146, 195.063204146, 195.063204146], "time_cpu_usage_count": [1681908343.0, 1681908344.0, 1681908345.0, 1681908346.0, 1681908347.0, 1681908348.0, 1681908349.0, 1681908350.0, 1681908351.0, 1681908352.0, 1681908353.0, 1681908354.0, 1681908355.0, 1681908356.0, 1681908357.0, 1681908358.0, 1681908359.0, 1681908360.0, 1681908361.0, 1681908362.0, 1681908363.0, 1681908364.0, 1681908365.0, 1681908366.0, 1681908367.0, 1681908368.0, 1681908369.0, 1681908370.0, 1681908371.0, 1681908372.0, 1681908373.0, 1681908374.0, 1681908375.0, 1681908376.0, 1681908377.0, 1681908378.0, 1681908379.0, 1681908380.0, 1681908381.0, 1681908382.0, 1681908383.0, 1681908384.0, 1681908385.0, 1681908386.0, 1681908387.0, 1681908388.0, 1681908389.0, 1681908390.0, 1681908391.0, 1681908392.0, 1681908393.0, 1681908394.0, 1681908395.0, 1681908396.0, 1681908397.0, 1681908398.0, 1681908399.0, 1681908400.0, 1681908401.0, 1681908402.0], "cpu_usage_rate": [1.6715935436968103, 1.7223838882173654, 1.7731742327379214, 1.823964577258477, 1.8747549217790325, 1.925545266299588, 1.9763356108201435, 2.0271259553406993, 2.0779162998612546, 2.1287066443818103, 2.1794969889023657, 2.2302873334229214, 2.2810776779434767, 2.331868022464032, 2.3826583669845878, 2.4334487115051435, 2.484239056025699, 2.5350294005462546, 2.58581974506681, 2.6366100895873656, 2.6874004341079214, 2.7381907786284767, 2.7889811231490325, 2.8397714676695878, 2.8905618121901435, 2.941352156710699, 2.9921425012312546, 3.04293284575181, 3.0937231902723656, 3.144513534792921, 3.1953038793134767, 3.2460942238340325, 3.2968845683545878, 2.3873818690249995, 2.3873818690249995, 2.3873818690249995, 2.3873818690249995, 2.3873818690249995, 2.3873818690249995, 2.3873818690249995, 2.3873818690249995, 2.3873818690249995, 2.3873818690249995, 2.3873818690249995, 2.3873818690249995, 2.3873818690249995, 2.3873818690249995, 2.3873818690249995, 2.3873818690249995, 2.3873818690249995, 2.3873818690249995, 2.3873818690249995, 2.3873818690249995, 2.3873818690249995, 2.3873818690249995, 2.3873818690249995, 2.3873818690249995, 2.3873818690249995, 2.3873818690249995, 2.3873818690249995, 2.3873818690249995, 2.3873818690249995, 2.3873818690249995, 2.3873818690249995, 2.3873818690249995, 2.3873818690249995, 2.3873818690249995, 2.3873818690249995, 2.3873818690249995, 2.3873818690249995, 2.3873818690249995, 2.3873818690249995, 2.3873818690249995, 2.3873818690249995, 2.3873818690249995, 2.3873818690249995, 2.3873818690249995, 2.3873818690249995, 2.3873818690249995, 2.3873818690249995, 2.3873818690249995, 2.3873818690249995, 2.3873818690249995, 2.3873818690249995, 2.3873818690249995, 2.3873818690249995, 2.3873818690249995, 2.3873818690249995, 2.3410793499859675, 2.2902890054654117], "time_cpu_usage_rate": [1681908373.0, 1681908374.0, 1681908375.0, 1681908376.0, 1681908377.0, 1681908378.0, 1681908379.0, 1681908380.0, 1681908381.0, 1681908382.0, 1681908383.0, 1681908384.0, 1681908385.0, 1681908386.0, 1681908387.0, 1681908388.0, 1681908389.0, 1681908390.0, 1681908391.0, 1681908392.0, 1681908393.0, 1681908394.0, 1681908395.0, 1681908396.0, 1681908397.0, 1681908398.0, 1681908399.0, 1681908400.0, 1681908401.0, 1681908402.0, 1681908403.0, 1681908404.0, 1681908405.0, 1681908406.0, 1681908407.0, 1681908408.0, 1681908409.0, 1681908410.0, 1681908411.0, 1681908412.0, 1681908413.0, 1681908414.0, 1681908415.0, 1681908416.0, 1681908417.0, 1681908418.0, 1681908419.0, 1681908420.0, 1681908421.0, 1681908422.0, 1681908423.0, 1681908424.0, 1681908425.0, 1681908426.0, 1681908427.0, 1681908428.0, 1681908429.0, 1681908430.0, 1681908431.0, 1681908432.0, 1681908433.0, 1681908434.0, 1681908435.0, 1681908436.0, 1681908437.0, 1681908438.0, 1681908439.0, 1681908440.0, 1681908441.0, 1681908442.0, 1681908443.0, 1681908444.0, 1681908445.0, 1681908446.0, 1681908447.0, 1681908448.0, 1681908449.0, 1681908450.0, 1681908451.0, 1681908452.0, 1681908453.0, 1681908454.0, 1681908455.0, 1681908456.0, 1681908457.0, 1681908458.0, 1681908459.0, 1681908460.0, 1681908461.0, 1681908462.0], "cpu_throttled_count": [19.362601609, 19.362601609, 19.362601609, 19.362601609, 19.362601609, 19.362601609, 19.362601609, 19.362601609, 19.362601609, 19.362601609, 19.362601609, 19.362601609, 19.362601609, 19.362601609, 19.362601609, 19.362601609, 19.362601609, 19.362601609, 19.362601609, 19.362601609, 19.362601609, 19.362601609, 19.362601609, 19.362601609, 19.362601609, 19.362601609, 19.362601609, 19.362601609, 19.362601609, 19.362601609, 19.716188238, 19.716188238, 19.716188238, 19.716188238, 19.716188238, 19.716188238, 19.716188238, 19.716188238, 19.716188238, 19.716188238, 19.716188238, 19.716188238, 19.716188238, 19.716188238, 19.716188238, 19.716188238, 19.716188238, 19.716188238, 19.716188238, 19.716188238, 19.716188238, 19.716188238, 19.716188238, 19.716188238, 19.716188238, 19.716188238, 19.716188238, 19.716188238, 19.716188238, 19.716188238], "time_cpu_throttled_count": [1681908343.0, 1681908344.0, 1681908345.0, 1681908346.0, 1681908347.0, 1681908348.0, 1681908349.0, 1681908350.0, 1681908351.0, 1681908352.0, 1681908353.0, 1681908354.0, 1681908355.0, 1681908356.0, 1681908357.0, 1681908358.0, 1681908359.0, 1681908360.0, 1681908361.0, 1681908362.0, 1681908363.0, 1681908364.0, 1681908365.0, 1681908366.0, 1681908367.0, 1681908368.0, 1681908369.0, 1681908370.0, 1681908371.0, 1681908372.0, 1681908373.0, 1681908374.0, 1681908375.0, 1681908376.0, 1681908377.0, 1681908378.0, 1681908379.0, 1681908380.0, 1681908381.0, 1681908382.0, 1681908383.0, 1681908384.0, 1681908385.0, 1681908386.0, 1681908387.0, 1681908388.0, 1681908389.0, 1681908390.0, 1681908391.0, 1681908392.0, 1681908393.0, 1681908394.0, 1681908395.0, 1681908396.0, 1681908397.0, 1681908398.0, 1681908399.0, 1681908400.0, 1681908401.0, 1681908402.0],