{"cpu_usage_count": [60.357927323, 60.357927323, 60.357927323, 60.357927323, 60.357927323, 60.357927323, 60.357927323, 60.357927323, 60.357927323, 60.357927323, 60.357927323, 60.357927323, 60.357927323, 60.357927323, 60.357927323, 60.357927323, 60.357927323, 60.357927323, 60.357927323, 60.357927323, 60.357927323, 60.357927323, 60.357927323, 60.357927323, 60.357927323, 60.357927323, 60.357927323, 60.357927323, 60.357927323, 60.357927323, 305.517243398, 305.517243398, 305.517243398, 305.517243398, 305.517243398, 305.517243398, 305.517243398, 305.517243398, 305.517243398], "time_cpu_usage_count": [1681908613.0, 1681908614.0, 1681908615.0, 1681908616.0, 1681908617.0, 1681908618.0, 1681908619.0, 1681908620.0, 1681908621.0, 1681908622.0, 1681908623.0, 1681908624.0, 1681908625.0, 1681908626.0, 1681908627.0, 1681908628.0, 1681908629.0, 1681908630.0, 1681908631.0, 1681908632.0, 1681908633.0, 1681908634.0, 1681908635.0, 1681908636.0, 1681908637.0, 1681908638.0, 1681908639.0, 1681908640.0, 1681908641.0, 1681908642.0, 1681908643.0, 1681908644.0, 1681908645.0, 1681908646.0, 1681908647.0, 1681908648.0, 1681908649.0, 1681908650.0, 1681908651.0], "cpu_usage_rate": [2.607743556005563, 2.6758433660263963, 2.7439431760472295, 2.812042986068063, 2.880142796088896, 2.9482426061097295, 3.0163424161305628, 3.084442226151396, 3.152542036172229], "time_cpu_usage_rate": [1681908643.0, 1681908644.0, 1681908645.0, 1681908646.0, 1681908647.0, 1681908648.0, 1681908649.0, 1681908650.0, 1681908651.0], "cpu_throttled_count": [19.21350079, 19.21350079, 19.21350079, 19.21350079, 19.21350079, 19.21350079, 19.21350079, 19.21350079, 19.21350079, 19.21350079, 19.21350079, 19.21350079, 19.21350079, 19.21350079, 19.21350079, 19.21350079, 19.21350079, 19.21350079, 19.21350079, 19.21350079, 19.21350079, 19.21350079, 19.21350079, 19.21350079, 19.21350079, 19.21350079, 19.21350079, 19.21350079, 19.21350079, 19.21350079, 19.728338549, 19.728338549, 19.728338549, 19.728338549, 19.728338549, 19.728338549, 19.728338549, 19.728338549, 19.728338549], "time_cpu_throttled_count": [1681908613.0, 1681908614.0, 1681908615.0, 1681908616.0, 1681908617.0, 1681908618.0, 1681908619.0, 1681908620.0, 1681908621.0, 1681908622.0, 1681908623.0, 1681908624.0, 1681908625.0, 1681908626.0, 1681908627.0, 1681908628.0, 1681908629.0, 1681908630.0, 1681908631.0, 1681908632.0, 1681908633.0, 1681908634.0, 1681908635.0, 1681908636.0, 1681908637.0, 1681908638.0, 1681908639.0, 1681908640.0, 1681908641.0, 1681908642.0, 1681908643.0, 1681908644.0, 1681908645.0, 1681908646.0, 1681908647.0, 1681908648.0, 1681908649.0, 1681908650.0, 1681908651.0], "cpu_throttled_rate": [0.0065651825006702615, 0.006708192989281373, 0.006851203477892484, 0.006994213966503595, 0.0071372244551147065, 0.007280234943725816, 0.007423245432336928, 0.0075662559209480375, 0.007709266409559149], "time_cpu_throttled_rate": [1681908643.0, 1681908644.0, 1681908645.0, 1681908646.0, 1681908647.0, 1681908648.0, 1681908649.0, 1681908650.0, 1681908651.0], "memory_usage": [4112699392.0, 4112699392.0, 4112699392.0, 4112699392.0, 4112699392.0, 4112699392.0, 4112699392.0, 4112699392.0, 4112699392.0, 4112699392.0, 4112699392.0, 4112699392.0, 4112699392.0, 4112699392.0, 4112699392.0, 4112699392.0, 4112699392.0, 4112699392.0, 4112699392.0, 4112699392.0, 4112699392.0, 4112699392.0, 4112699392.0, 4112699392.0, 4112699392.0, 4112699392.0, 4112699392.0, 4112699392.0, 4112699392.0, 4112699392.0, 3251191808.0, 3251191808.0, 3251191808.0, 3251191808.0, 3251191808.0, 3251191808.0, 3251191808.0, 3251191808.0, 3251191808.0], "time_memory_usage": [1681908613.0, 1681908614.0, 1681908615.0, 1681908616.0, 1681908617.0, 1681908618.0, 1681908619.0, 1681908620.0, 1681908621.0, 1681908622.0, 1681908623.0, 1681908624.0, 1681908625.0, 1681908626.0, 1681908627.0, 1681908628.0, 1681908629.0, 1681908630.0, 1681908631.0, 1681908632.0, 1681908633.0, 1681908634.0, 1681908635.0, 1681908636.0, 1681908637.0, 1681908638.0, 1681908639.0, 1681908640.0, 1681908641.0, 1681908642.0, 1681908643.0, 1681908644.0, 1681908645.0, 1681908646.0, 1681908647.0, 1681908648.0, 1681908649.0, 1681908650.0, 1681908651.0], "throughput": [0.010416666666666666, 0.009895833333333333, 0.011979166666666667, 0.010416666666666666, 0.010416666666666666, 0.02733349993752343, 0.027083333333333334, 0.02986111111111111, 0.028125, 0.028125, 0.028125, 0.028125, 0.0699720111955218, 0.06979166666666667, 0.07395833333333333, 0.078125, 0.07222222222222222, 0.07222222222222222, 0.09491787669602476, 0.09479166666666666, 0.09895833333333333, 0.103125, 0.09739583333333333, 0.09739583333333333, 0.09739583333333333, 0.09739583333333333, 0.09739583333333333, 0.09739583333333333, 0.09739583333333333, 0.09739583333333333, 0.09739583333333333, 0.09739583333333333, 0.09739583333333333, 0.09739583333333333, 0.09739583333333333, 0.09739583333333333, 0.09739583333333333, 0.09739583333333333, 0.09739583333333333, 0.2628212755830556, 0.2689691416785657, 0.27511700777407583, 0.2812648738695859, 0.287412739965096, 0.2726851851851852, 0.2726851851851852, 0.2726851851851852, 0.2726851851851852, 0.2726851851851852, 0.2726851851851852, 0.2726851851851852, 0.2726851851851852, 0.2726851851851852, 0.2726851851851852, 0.2726851851851852, 0.2726851851851852, 0.2726851851851852, 0.2726851851851852, 0.2726851851851852, 0.2726851851851852, 0.2726851851851852, 0.2726851851851852, 0.2726851851851852, 0.2726851851851852, 0.2726851851851852, 0.2726851851851852, 0.2726851851851852, 0.2726851851851852, 0.2726851851851852, 0.2726851851851852, 0.2726851851851852, 0.2726851851851852, 0.2726851851851852, 0.2726851851851852, 0.2726851851851852, 0.2726851851851852, 0.2726851851851852, 0.2726851851851852, 0.2726851851851852, 0.2726851851851852, 0.2726851851851852, 0.2726851851851852, 0.2726851851851852, 0.2726851851851852, 0.2726851851851852, 0.2726851851851852, 0.2726851851851852, 0.2726851851851852, 0.2726851851851852, 0.2726851851851852, 0.2726851851851852, 0.2726851851851852, 0.2726851851851852, 0.2726851851851852, 0.2726851851851852, 0.2726851851851852, 0.2726851851851852, 0.2726851851851852, 0.2726851851851852, 0.2726851851851852, 0.2726851851851852, 0.2726851851851852, 0.2726851851851852, 0.2726851851851852, 0.2726851851851852, 0.2726851851851852, 0.2726851851851852, 0.2726851851851852, 0.2726851851851852, 0.2726851851851852, 0.2726851851851852, 0.2726851851851852, 0.2726851851851852, 0.2726851851851852, 0.2726851851851852, 0.2726851851851852, 0.2726851851851852, 0.27395833333333336, 0.2736337134802665, 0.2672267426960533, 0.26950101450364466, 0.2750911309051356, 0.2682318154648166, 0.2613725000244976, 0.2545131845841785, 0.2584332727639814, 0.25291677463537426, 0.24582168813701535, 0.23872660163865647, 0.2316315151402976, 0.22453642864193876, 0.21744134214357985, 0.22545264326586384, 0.24207907050519467, 0.23414822745657862, 0.22621738440796257, 0.2182865413593465, 0.21035569831073042],