{"cpu_usage_count": [0.074181112, 0.074181112, 0.074181112, 0.074181112, 0.074181112, 0.074181112, 0.074181112, 0.074181112, 0.074181112, 0.074181112, 0.074181112, 0.074181112, 0.074181112, 0.074181112, 0.074181112, 0.074181112, 0.074181112, 0.074181112, 0.074181112, 0.074181112, 0.074181112, 0.074181112, 0.074181112, 0.074181112, 0.074181112, 0.074181112, 0.074181112, 0.074181112, 0.074181112, 0.074181112, 285.572811269, 285.572811269, 285.572811269, 285.572811269, 285.572811269, 285.572811269, 285.572811269, 285.572811269, 285.572811269, 285.572811269, 285.572811269, 285.572811269, 285.572811269, 285.572811269, 285.572811269, 285.572811269, 285.572811269, 285.572811269, 285.572811269, 285.572811269, 285.572811269, 285.572811269, 285.572811269, 285.572811269, 285.572811269, 285.572811269, 285.572811269, 285.572811269, 285.572811269, 285.572811269], "time_cpu_usage_count": [1681908853.0, 1681908854.0, 1681908855.0, 1681908856.0, 1681908857.0, 1681908858.0, 1681908859.0, 1681908860.0, 1681908861.0, 1681908862.0, 1681908863.0, 1681908864.0, 1681908865.0, 1681908866.0, 1681908867.0, 1681908868.0, 1681908869.0, 1681908870.0, 1681908871.0, 1681908872.0, 1681908873.0, 1681908874.0, 1681908875.0, 1681908876.0, 1681908877.0, 1681908878.0, 1681908879.0, 1681908880.0, 1681908881.0, 1681908882.0, 1681908883.0, 1681908884.0, 1681908885.0, 1681908886.0, 1681908887.0, 1681908888.0, 1681908889.0, 1681908890.0, 1681908891.0, 1681908892.0, 1681908893.0, 1681908894.0, 1681908895.0, 1681908896.0, 1681908897.0, 1681908898.0, 1681908899.0, 1681908900.0, 1681908901.0, 1681908902.0, 1681908903.0, 1681908904.0, 1681908905.0, 1681908906.0, 1681908907.0, 1681908908.0, 1681908909.0, 1681908910.0, 1681908911.0, 1681908912.0], "cpu_usage_rate": [2.451703221006222, 2.531008396049833, 2.610313571093444, 2.6896187461370555, 2.768923921180666, 2.848229096224278, 2.927534271267889, 3.0068394463115, 3.086144621355111, 3.1654497963987223, 3.244754971442333, 3.324060146485944, 3.4033653215295554, 3.4826704965731663, 3.5619756716167776, 3.6412808466603885, 3.720586021704, 3.7998911967476108, 3.879196371791222, 3.9585015468348326, 4.037806721878444, 4.117111896922056, 4.196417071965667, 4.275722247009278, 4.355027422052888, 4.4343325970965, 4.513637772140111, 4.5929429471837215, 4.672248122227333, 4.751553297270944, 4.830858472314556, 4.910163647358166, 4.989468822401777, 3.569351052895833, 3.569351052895833, 3.569351052895833, 3.569351052895833, 3.569351052895833, 3.569351052895833, 3.569351052895833, 3.569351052895833, 3.569351052895833, 3.569351052895833, 3.569351052895833, 3.569351052895833, 3.569351052895833, 3.569351052895833, 3.569351052895833, 3.569351052895833, 3.569351052895833, 3.569351052895833, 3.569351052895833, 3.569351052895833, 3.569351052895833, 3.569351052895833, 3.569351052895833, 3.569351052895833], "time_cpu_usage_rate": [1681908883.0, 1681908884.0, 1681908885.0, 1681908886.0, 1681908887.0, 1681908888.0, 1681908889.0, 1681908890.0, 1681908891.0, 1681908892.0, 1681908893.0, 1681908894.0, 1681908895.0, 1681908896.0, 1681908897.0, 1681908898.0, 1681908899.0, 1681908900.0, 1681908901.0, 1681908902.0, 1681908903.0, 1681908904.0, 1681908905.0, 1681908906.0, 1681908907.0, 1681908908.0, 1681908909.0, 1681908910.0, 1681908911.0, 1681908912.0, 1681908913.0, 1681908914.0, 1681908915.0, 1681908916.0, 1681908917.0, 1681908918.0, 1681908919.0, 1681908920.0, 1681908921.0, 1681908922.0, 1681908923.0, 1681908924.0, 1681908925.0, 1681908926.0, 1681908927.0, 1681908928.0, 1681908929.0, 1681908930.0, 1681908931.0, 1681908932.0, 1681908933.0, 1681908934.0, 1681908935.0, 1681908936.0, 1681908937.0, 1681908938.0, 1681908939.0], "cpu_throttled_count": [0.0, 0.0, 0.0, 0.0, 0.0, 0.0, 0.0, 0.0, 0.0, 0.0, 0.0, 0.0, 0.0, 0.0, 0.0, 0.0, 0.0, 0.0, 0.0, 0.0, 0.0, 0.0, 0.0, 0.0, 0.0, 0.0, 0.0, 0.0, 0.0, 0.0, 7.664741113, 7.664741113, 7.664741113, 7.664741113, 7.664741113, 7.664741113, 7.664741113, 7.664741113, 7.664741113, 7.664741113, 7.664741113, 7.664741113, 7.664741113, 7.664741113, 7.664741113, 7.664741113, 7.664741113, 7.664741113, 7.664741113, 7.664741113, 7.664741113, 7.664741113, 7.664741113, 7.664741113, 7.664741113, 7.664741113, 7.664741113, 7.664741113, 7.664741113, 7.664741113], "time_cpu_throttled_count": [1681908853.0, 1681908854.0, 1681908855.0, 1681908856.0, 1681908857.0, 1681908858.0, 1681908859.0, 1681908860.0, 1681908861.0, 1681908862.0, 1681908863.0, 1681908864.0, 1681908865.0, 1681908866.0, 1681908867.0, 1681908868.0, 1681908869.0, 1681908870.0, 1681908871.0, 1681908872.0, 1681908873.0, 1681908874.0, 1681908875.0, 1681908876.0, 1681908877.0, 1681908878.0, 1681908879.0, 1681908880.0, 1681908881.0, 1681908882.0, 1681908883.0, 1681908884.0, 1681908885.0, 1681908886.0, 1681908887.0, 1681908888.0, 1681908889.0, 1681908890.0, 1681908891.0, 1681908892.0, 1681908893.0, 1681908894.0, 1681908895.0, 1681908896.0, 1681908897.0, 1681908898.0, 1681908899.0, 1681908900.0, 1681908901.0, 1681908902.0, 1681908903.0, 1681908904.0, 1681908905.0, 1681908906.0, 1681908907.0, 1681908908.0, 1681908909.0, 1681908910.0, 1681908911.0, 1681908912.0], "cpu_throttled_rate": [0.06580393154985861, 0.06793302630346973, 0.07006212105708083, 0.07219121581069193, 0.07432031056430305, 0.07644940531791415, 0.07857850007152528, 0.08070759482513637, 0.0828366895787475, 0.0849657843323586, 0.08709487908596972, 0.08922397383958082, 0.09135306859319195, 0.09348216334680304, 0.09561125810041417, 0.09774035285402526, 0.09986944760763637, 0.1019985423612475, 0.10412763711485859, 0.10625673186846972, 0.10838582662208082, 0.11051492137569194, 0.11264401612930304, 0.11477311088291416, 0.11690220563652526, 0.11903130039013639, 0.12116039514374748, 0.1232894898973586, 0.12541858465096972, 0.1275476794045808, 0.12967677415819195, 0.13180586891180304, 0.13393496366541416, 0.09580926391250001, 0.09580926391250001, 0.09580926391250001, 0.09580926391250001, 0.09580926391250001, 0.09580926391250001, 0.09580926391250001, 0.09580926391250001, 0.09580926391250001, 0.09580926391250001, 0.09580926391250001, 0.09580926391250001, 0.09580926391250001, 0.09580926391250001, 0.09580926391250001, 0.09580926391250001, 0.09580926391250001, 0.09580926391250001, 0.09580926391250001, 0.09580926391250001, 0.09580926391250001, 0.09580926391250001, 0.09580926391250001, 0.09580926391250001], "time_cpu_throttled_rate": [1681908883.0, 1681908884.0, 1681908885.0, 1681908886.0, 1681908887.0, 1681908888.0, 1681908889.0, 1681908890.0, 1681908891.0, 1681908892.0, 1681908893.0, 1681908894.0, 1681908895.0, 1681908896.0, 1681908897.0, 1681908898.0, 1681908899.0, 1681908900.0, 1681908901.0, 1681908902.0, 1681908903.0, 1681908904.0, 1681908905.0, 1681908906.0, 1681908907.0, 1681908908.0, 1681908909.0, 1681908910.0, 1681908911.0, 1681908912.0, 1681908913.0, 1681908914.0, 1681908915.0, 1681908916.0, 1681908917.0, 1681908918.0, 1681908919.0, 1681908920.0, 1681908921.0, 1681908922.0, 1681908923.0, 1681908924.0, 1681908925.0, 1681908926.0, 1681908927.0, 1681908928.0, 1681908929.0, 1681908930.0, 1681908931.0, 1681908932.0, 1681908933.0, 1681908934.0, 1681908935.0, 1681908936.0, 1681908937.0, 1681908938.0, 1681908939.0], "memory_usage": [9064448.0, 9064448.0, 9064448.0, 9064448.0, 9064448.0, 9064448.0, 9064448.0, 9064448.0, 9064448.0, 9064448.0, 9064448.0, 9064448.0, 9064448.0, 9064448.0, 9064448.0, 9064448.0, 9064448.0, 9064448.0, 9064448.0, 9064448.0, 9064448.0, 9064448.0, 9064448.0, 9064448.0, 9064448.0, 9064448.0, 9064448.0, 9064448.0, 9064448.0, 9064448.0, 10216542208.0, 10216542208.0, 10216542208.0, 10216542208.0, 10216542208.0, 10216542208.0, 10216542208.0, 10216542208.0, 10216542208.0, 10216542208.0, 10216542208.0, 10216542208.0, 10216542208.0, 10216542208.0, 10216542208.0, 10216542208.0, 10216542208.0, 10216542208.0, 10216542208.0, 10216542208.0, 10216542208.0, 10216542208.0, 10216542208.0, 10216542208.0, 10216542208.0, 10216542208.0, 10216542208.0, 10216542208.0, 10216542208.0, 10216542208.0],