{"cpu_usage_count": [0.142661955, 0.142661955, 0.142661955, 0.142661955, 0.142661955, 0.142661955, 0.142661955, 0.142661955, 0.142661955, 0.142661955, 0.142661955, 0.142661955, 0.142661955, 0.142661955, 0.142661955, 0.142661955, 0.142661955, 0.142661955, 0.142661955, 0.142661955, 0.142661955, 0.142661955, 0.142661955, 0.142661955, 0.142661955, 0.142661955, 0.142661955, 0.142661955, 0.142661955, 0.142661955, 287.730610404, 287.730610404, 287.730610404, 287.730610404, 287.730610404, 287.730610404, 287.730610404, 287.730610404, 287.730610404, 287.730610404, 287.730610404, 287.730610404, 287.730610404, 287.730610404, 287.730610404, 287.730610404, 287.730610404, 287.730610404, 287.730610404, 287.730610404, 287.730610404, 287.730610404, 287.730610404, 287.730610404, 287.730610404, 287.730610404, 287.730610404, 287.730610404, 287.730610404, 287.730610404], "time_cpu_usage_count": [1681908973.0, 1681908974.0, 1681908975.0, 1681908976.0, 1681908977.0, 1681908978.0, 1681908979.0, 1681908980.0, 1681908981.0, 1681908982.0, 1681908983.0, 1681908984.0, 1681908985.0, 1681908986.0, 1681908987.0, 1681908988.0, 1681908989.0, 1681908990.0, 1681908991.0, 1681908992.0, 1681908993.0, 1681908994.0, 1681908995.0, 1681908996.0, 1681908997.0, 1681908998.0, 1681908999.0, 1681909000.0, 1681909001.0, 1681909002.0, 1681909003.0, 1681909004.0, 1681909005.0, 1681909006.0, 1681909007.0, 1681909008.0, 1681909009.0, 1681909010.0, 1681909011.0, 1681909012.0, 1681909013.0, 1681909014.0, 1681909015.0, 1681909016.0, 1681909017.0, 1681909018.0, 1681909019.0, 1681909020.0, 1681909021.0, 1681909022.0, 1681909023.0, 1681909024.0, 1681909025.0, 1681909026.0, 1681909027.0, 1681909028.0, 1681909029.0, 1681909030.0, 1681909031.0, 1681909032.0], "cpu_usage_rate": [2.470211272600901, 2.550096813836734, 2.6299823550725674, 2.709867896308401, 2.789753437544234, 2.8696389787800674, 2.9495245200159004, 3.029410061251734, 3.1092956024875673, 3.189181143723401, 3.269066684959234, 3.3489522261950673, 3.4288377674309003, 3.5087233086667338, 3.5886088499025672, 3.6684943911384007, 3.748379932374234, 3.828265473610067, 3.9081510148459007, 3.9880365560817337, 4.067922097317568, 4.147807638553401, 4.227693179789234, 4.307578721025068, 4.3874642622609015, 4.467349803496734, 4.5472353447325675, 4.6271208859684, 4.7070064272042345, 4.7868919684400675, 4.8667775096759005, 4.9466630509117335, 5.026548592147567, 3.5960382052375, 3.5960382052375, 3.5960382052375, 3.5960382052375, 3.5960382052375, 3.5960382052375, 3.5960382052375, 3.5960382052375, 3.5960382052375, 3.5960382052375, 3.5960382052375, 3.5960382052375, 3.5960382052375, 3.5960382052375, 3.5960382052375, 3.5960382052375, 3.5960382052375, 3.5960382052375, 3.5960382052375, 3.5960382052375, 3.5960382052375, 3.5960382052375, 3.5960382052375, 3.5960382052375, 3.5960382052375, 3.5960382052375, 3.5960382052375, 3.5960382052375, 3.5960382052375, 3.5960382052375, 3.5960382052375, 3.5960382052375, 3.5960382052375, 3.5960382052375, 3.5960382052375, 3.5960382052375, 3.5960382052375, 3.5960382052375, 3.5960382052375, 3.5960382052375, 3.5960382052375, 3.5960382052375, 3.5960382052375, 3.5960382052375, 3.5960382052375, 3.5960382052375, 3.5960382052375, 3.5960382052375, 3.5960382052375, 3.5960382052375, 3.5960382052375, 3.5960382052375, 3.5960382052375, 3.5960382052375, 3.5960382052375, 3.5960382052375, 3.5960382052375], "time_cpu_usage_rate": [1681909003.0, 1681909004.0, 1681909005.0, 1681909006.0, 1681909007.0, 1681909008.0, 1681909009.0, 1681909010.0, 1681909011.0, 1681909012.0, 1681909013.0, 1681909014.0, 1681909015.0, 1681909016.0, 1681909017.0, 1681909018.0, 1681909019.0, 1681909020.0, 1681909021.0, 1681909022.0, 1681909023.0, 1681909024.0, 1681909025.0, 1681909026.0, 1681909027.0, 1681909028.0, 1681909029.0, 1681909030.0, 1681909031.0, 1681909032.0, 1681909033.0, 1681909034.0, 1681909035.0, 1681909036.0, 1681909037.0, 1681909038.0, 1681909039.0, 1681909040.0, 1681909041.0, 1681909042.0, 1681909043.0, 1681909044.0, 1681909045.0, 1681909046.0, 1681909047.0, 1681909048.0, 1681909049.0, 1681909050.0, 1681909051.0, 1681909052.0, 1681909053.0, 1681909054.0, 1681909055.0, 1681909056.0, 1681909057.0, 1681909058.0, 1681909059.0, 1681909060.0, 1681909061.0, 1681909062.0, 1681909063.0, 1681909064.0, 1681909065.0, 1681909066.0, 1681909067.0, 1681909068.0, 1681909069.0, 1681909070.0, 1681909071.0, 1681909072.0, 1681909073.0, 1681909074.0, 1681909075.0, 1681909076.0, 1681909077.0, 1681909078.0, 1681909079.0, 1681909080.0, 1681909081.0, 1681909082.0, 1681909083.0, 1681909084.0, 1681909085.0, 1681909086.0, 1681909087.0, 1681909088.0, 1681909089.0, 1681909090.0, 1681909091.0, 1681909092.0], "cpu_throttled_count": [0.0, 0.0, 0.0, 0.0, 0.0, 0.0, 0.0, 0.0, 0.0, 0.0, 0.0, 0.0, 0.0, 0.0, 0.0, 0.0, 0.0, 0.0, 0.0, 0.0, 0.0, 0.0, 0.0, 0.0, 0.0, 0.0, 0.0, 0.0, 0.0, 0.0, 13.428556037, 13.428556037, 13.428556037, 13.428556037, 13.428556037, 13.428556037, 13.428556037, 13.428556037, 13.428556037, 13.428556037, 13.428556037, 13.428556037, 13.428556037, 13.428556037, 13.428556037, 13.428556037, 13.428556037, 13.428556037, 13.428556037, 13.428556037, 13.428556037, 13.428556037, 13.428556037, 13.428556037, 13.428556037, 13.428556037, 13.428556037, 13.428556037, 13.428556037, 13.428556037], "time_cpu_throttled_count": [1681908973.0, 1681908974.0, 1681908975.0, 1681908976.0, 1681908977.0, 1681908978.0, 1681908979.0, 1681908980.0, 1681908981.0, 1681908982.0, 1681908983.0, 1681908984.0, 1681908985.0, 1681908986.0, 1681908987.0, 1681908988.0, 1681908989.0, 1681908990.0, 1681908991.0, 1681908992.0, 1681908993.0, 1681908994.0, 1681908995.0, 1681908996.0, 1681908997.0, 1681908998.0, 1681908999.0, 1681909000.0, 1681909001.0, 1681909002.0, 1681909003.0, 1681909004.0, 1681909005.0, 1681909006.0, 1681909007.0, 1681909008.0, 1681909009.0, 1681909010.0, 1681909011.0, 1681909012.0, 1681909013.0, 1681909014.0, 1681909015.0, 1681909016.0, 1681909017.0, 1681909018.0, 1681909019.0, 1681909020.0, 1681909021.0, 1681909022.0, 1681909023.0, 1681909024.0, 1681909025.0, 1681909026.0, 1681909027.0, 1681909028.0, 1681909029.0, 1681909030.0, 1681909031.0, 1681909032.0], "cpu_throttled_rate": [0.11528788373209972, 0.11901803818682195, 0.12274819264154416, 0.12647834709626637, 0.1302085015509886, 0.1339386560057108, 0.13766881046043306, 0.14139896491515527, 0.1451291193698775, 0.1488592738245997, 0.15258942827932195, 0.15631958273404414, 0.1600497371887664, 0.1637798916434886, 0.1675100460982108, 0.17124020055293301, 0.17497035500765526, 0.1787005094623775, 0.1824306639170997, 0.18616081837182194, 0.18989097282654416, 0.19362112728126638, 0.1973512817359886, 0.20108143619071084, 0.20481159064543303, 0.20854174510015527, 0.2122718995548775, 0.21600205400959974, 0.21973220846432193, 0.22346236291904414, 0.2271925173737664, 0.23092267182848858, 0.2346528262832108, 0.1678569504625, 0.1678569504625, 0.1678569504625, 0.1678569504625, 0.1678569504625, 0.1678569504625, 0.1678569504625, 0.1678569504625, 0.1678569504625, 0.1678569504625, 0.1678569504625, 0.1678569504625, 0.1678569504625, 0.1678569504625, 0.1678569504625, 0.1678569504625, 0.1678569504625, 0.1678569504625, 0.1678569504625, 0.1678569504625, 0.1678569504625, 0.1678569504625, 0.1678569504625, 0.1678569504625, 0.1678569504625, 0.1678569504625, 0.1678569504625, 0.1678569504625, 0.1678569504625, 0.1678569504625, 0.1678569504625, 0.1678569504625, 0.1678569504625, 0.1678569504625, 0.1678569504625, 0.1678569504625, 0.1678569504625, 0.1678569504625, 0.1678569504625, 0.1678569504625, 0.1678569504625, 0.1678569504625, 0.1678569504625, 0.1678569504625, 0.1678569504625, 0.1678569504625, 0.1678569504625, 0.1678569504625, 0.1678569504625, 0.1678569504625, 0.1678569504625, 0.1678569504625, 0.1678569504625, 0.1678569504625, 0.1678569504625, 0.1678569504625, 0.1678569504625],