{"cpu_usage_count": [0.072004028, 0.072004028, 0.072004028, 0.072004028, 0.072004028, 0.072004028, 0.072004028, 0.072004028, 0.072004028, 0.072004028, 0.072004028, 0.072004028, 0.072004028, 0.072004028, 0.072004028, 0.072004028, 0.072004028, 0.072004028, 0.072004028, 0.072004028, 0.072004028, 0.072004028, 0.072004028, 0.072004028, 0.072004028, 0.072004028, 0.072004028, 0.072004028, 0.072004028, 0.072004028, 39.39366882, 39.39366882, 39.39366882, 39.39366882, 39.39366882, 39.39366882, 39.39366882], "time_cpu_usage_count": [1681909363.0, 1681909364.0, 1681909365.0, 1681909366.0, 1681909367.0, 1681909368.0, 1681909369.0, 1681909370.0, 1681909371.0, 1681909372.0, 1681909373.0, 1681909374.0, 1681909375.0, 1681909376.0, 1681909377.0, 1681909378.0, 1681909379.0, 1681909380.0, 1681909381.0, 1681909382.0, 1681909383.0, 1681909384.0, 1681909385.0, 1681909386.0, 1681909387.0, 1681909388.0, 1681909389.0, 1681909390.0, 1681909391.0, 1681909392.0, 1681909393.0, 1681909394.0, 1681909395.0, 1681909396.0, 1681909397.0, 1681909398.0, 1681909399.0], "cpu_usage_rate": [0.33818744849065113, 0.34911013315509554, 0.36003281781954005, 0.3709555024839844, 0.38187818714842886, 0.3928008718128733, 0.4037235564773178], "time_cpu_usage_rate": [1681909393.0, 1681909394.0, 1681909395.0, 1681909396.0, 1681909397.0, 1681909398.0, 1681909399.0], "cpu_throttled_count": [0.0, 0.0, 0.0, 0.0, 0.0, 0.0, 0.0, 0.0, 0.0, 0.0, 0.0, 0.0, 0.0, 0.0, 0.0, 0.0, 0.0, 0.0, 0.0, 0.0, 0.0, 0.0, 0.0, 0.0, 0.0, 0.0, 0.0, 0.0, 0.0, 0.0, 2.755643433, 2.755643433, 2.755643433, 2.755643433, 2.755643433, 2.755643433, 2.755643433], "time_cpu_throttled_count": [1681909363.0, 1681909364.0, 1681909365.0, 1681909366.0, 1681909367.0, 1681909368.0, 1681909369.0, 1681909370.0, 1681909371.0, 1681909372.0, 1681909373.0, 1681909374.0, 1681909375.0, 1681909376.0, 1681909377.0, 1681909378.0, 1681909379.0, 1681909380.0, 1681909381.0, 1681909382.0, 1681909383.0, 1681909384.0, 1681909385.0, 1681909386.0, 1681909387.0, 1681909388.0, 1681909389.0, 1681909390.0, 1681909391.0, 1681909392.0, 1681909393.0, 1681909394.0, 1681909395.0, 1681909396.0, 1681909397.0, 1681909398.0, 1681909399.0], "cpu_throttled_rate": [0.023657964328814167, 0.024423420837980835, 0.025188877347147497, 0.025954333856314165, 0.026719790365480833, 0.027485246874647495, 0.028250703383814166], "time_cpu_throttled_rate": [1681909393.0, 1681909394.0, 1681909395.0, 1681909396.0, 1681909397.0, 1681909398.0, 1681909399.0], "memory_usage": [7757824.0, 7757824.0, 7757824.0, 7757824.0, 7757824.0, 7757824.0, 7757824.0, 7757824.0, 7757824.0, 7757824.0, 7757824.0, 7757824.0, 7757824.0, 7757824.0, 7757824.0, 7757824.0, 7757824.0, 7757824.0, 7757824.0, 7757824.0, 7757824.0, 7757824.0, 7757824.0, 7757824.0, 7757824.0, 7757824.0, 7757824.0, 7757824.0, 7757824.0, 7757824.0, 3738632192.0, 3738632192.0, 3738632192.0, 3738632192.0, 3738632192.0, 3738632192.0, 3738632192.0], "time_memory_usage": [1681909363.0, 1681909364.0, 1681909365.0, 1681909366.0, 1681909367.0, 1681909368.0, 1681909369.0, 1681909370.0, 1681909371.0, 1681909372.0, 1681909373.0, 1681909374.0, 1681909375.0, 1681909376.0, 1681909377.0, 1681909378.0, 1681909379.0, 1681909380.0, 1681909381.0, 1681909382.0, 1681909383.0, 1681909384.0, 1681909385.0, 1681909386.0, 1681909387.0, 1681909388.0, 1681909389.0, 1681909390.0, 1681909391.0, 1681909392.0, 1681909393.0, 1681909394.0, 1681909395.0, 1681909396.0, 1681909397.0, 1681909398.0, 1681909399.0], "throughput": [0.008450000000000001, 0.008411111111111112, 0.01118888888888889, 0.016753298680527787, 0.016744444444444444, 0.019522222222222222, 0.01875, 0.01875, 0.05012496251124663, 0.05012727272727273, 0.054672727272727276, 0.05416666666666667, 0.08348211097621938, 0.08348888888888889, 0.08904444444444444, 0.09181764705882352, 0.09180925925925926, 0.09690185185185185, 0.09624999999999997, 0.09624999999999997, 0.09624999999999997, 0.17518257694314035, 0.18278994957398714, 0.19039732220483394, 0.18295454545454548, 0.18295454545454548, 0.18295454545454548, 0.18295454545454548, 0.18295454545454548, 0.18295454545454548, 0.18295454545454548, 0.18295454545454548, 0.18295454545454548, 0.18295454545454548, 0.18295454545454548, 0.18295454545454548, 0.18295454545454548, 0.18295454545454548, 0.18295454545454548, 0.18295454545454548, 0.18295454545454548, 0.18295454545454548, 0.18295454545454548, 0.18295454545454548, 0.18295454545454548, 0.18295454545454548, 0.18295454545454548, 0.18295454545454548, 0.18295454545454548, 0.18295454545454548, 0.18295454545454548, 0.18295454545454548, 0.18295454545454548, 0.18295454545454548, 0.18295454545454548, 0.18295454545454548, 0.18295454545454548, 0.18295454545454548, 0.18295454545454548, 0.18295454545454548, 0.18295454545454548, 0.18295454545454548, 0.18295454545454548, 0.18295454545454548, 0.18295454545454548, 0.18295454545454548, 0.18295454545454548, 0.18295454545454548, 0.18295454545454548, 0.18295454545454548, 0.18295454545454548, 0.18295454545454548, 0.18295454545454548, 0.18295454545454548, 0.18295454545454548, 0.18295454545454548, 0.18295454545454548, 0.18295454545454548, 0.18295454545454548, 0.18295454545454548, 0.18295454545454548, 0.18295454545454548, 0.18295454545454548, 0.18295454545454548, 0.18295454545454548, 0.18295454545454548, 0.18295454545454548, 0.18295454545454548, 0.18295454545454548, 0.18295454545454548, 0.18295454545454548, 0.18295454545454548, 0.18295454545454548, 0.18295454545454548, 0.18295454545454548, 0.18295454545454548, 0.18295454545454548, 0.18295454545454548, 0.18295454545454548, 0.18295454545454548, 0.18295454545454548, 0.18295454545454548, 0.18295454545454548, 0.18295454545454548, 0.18295454545454548, 0.18295454545454548, 0.18295454545454548, 0.18295454545454548, 0.18295454545454548, 0.18295454545454548, 0.18295454545454548, 0.18295454545454548, 0.18295454545454548, 0.18295454545454548, 0.18295454545454548, 0.18295454545454548, 0.18295454545454548, 0.18295454545454548, 0.18333333333333332, 0.1827128166063607, 0.18402430624986113, 0.18489583333333337, 0.17679580741028775, 0.1786936687166045, 0.14583333333333334, 0.14583333333333334, 0.15440559059559522, 0.14479094556828961, 0.14762162612462512, 0.11458333333333334, 0.1232385059067511, 0.11305445228307966, 0.11807637847742794, 0.131537308461026, 0.11765767266266931, 0.1411870503597122],