{"cpu_usage_count": [0.077210883, 0.077210883, 0.077210883, 0.077210883, 0.077210883, 0.077210883, 0.077210883, 0.077210883, 0.077210883, 0.077210883, 0.077210883, 0.077210883, 0.077210883, 0.077210883, 0.077210883, 0.077210883, 0.077210883, 0.077210883, 0.077210883, 0.077210883, 0.077210883, 0.077210883, 0.077210883, 0.077210883, 0.077210883, 0.077210883, 0.077210883, 0.077210883, 0.077210883, 0.077210883], "time_cpu_usage_count": [1681909483.0, 1681909484.0, 1681909485.0, 1681909486.0, 1681909487.0, 1681909488.0, 1681909489.0, 1681909490.0, 1681909491.0, 1681909492.0, 1681909493.0, 1681909494.0, 1681909495.0, 1681909496.0, 1681909497.0, 1681909498.0, 1681909499.0, 1681909500.0, 1681909501.0, 1681909502.0, 1681909503.0, 1681909504.0, 1681909505.0, 1681909506.0, 1681909507.0, 1681909508.0, 1681909509.0, 1681909510.0, 1681909511.0, 1681909512.0], "cpu_usage_rate": [1.194016362174671, 1.2326121530324488, 1.2712079438902264, 1.3098037347480043, 1.3483995256057821, 1.3869953164635602, 1.4255911073213376, 1.4641868981791155, 1.5027826890368934, 1.541378479894671, 1.5799742707524487, 1.6185700616102268, 1.6571658524680042, 1.695761643325782, 1.73435743418356, 1.7729532250413378, 1.8115490158991152, 1.8501448067568933, 1.888740597614671, 1.9273363884724486, 1.9659321793302267, 2.0045279701880045, 2.043123761045782, 2.08171955190356, 2.1203153427613377, 2.158911133619115, 2.197506924476893, 2.236102715334671, 2.2746985061924487, 2.3132942970502266, 2.3518900879080045, 2.390485878765782, 2.4290816696235593, 1.737946842733333, 1.737946842733333, 1.737946842733333, 1.737946842733333, 1.737946842733333, 1.737946842733333, 1.737946842733333, 1.737946842733333, 1.737946842733333, 1.737946842733333, 1.737946842733333, 1.737946842733333, 1.737946842733333, 1.737946842733333, 1.737946842733333, 1.737946842733333, 1.737946842733333, 1.737946842733333, 1.737946842733333, 1.737946842733333, 1.737946842733333, 1.737946842733333, 1.737946842733333, 1.737946842733333, 1.737946842733333, 1.737946842733333, 1.737946842733333, 1.737946842733333, 1.737946842733333, 1.737946842733333, 1.737946842733333, 1.737946842733333, 1.737946842733333, 1.737946842733333, 1.737946842733333, 1.737946842733333, 1.737946842733333, 1.737946842733333, 1.737946842733333, 1.737946842733333, 1.737946842733333, 1.737946842733333, 1.737946842733333, 1.737946842733333, 1.737946842733333, 1.737946842733333, 1.737946842733333, 1.737946842733333, 1.737946842733333, 1.737946842733333, 1.737946842733333, 1.737946842733333, 1.737946842733333, 1.737946842733333, 1.737946842733333, 1.737946842733333, 1.737946842733333], "time_cpu_usage_rate": [1681909453.0, 1681909454.0, 1681909455.0, 1681909456.0, 1681909457.0, 1681909458.0, 1681909459.0, 1681909460.0, 1681909461.0, 1681909462.0, 1681909463.0, 1681909464.0, 1681909465.0, 1681909466.0, 1681909467.0, 1681909468.0, 1681909469.0, 1681909470.0, 1681909471.0, 1681909472.0, 1681909473.0, 1681909474.0, 1681909475.0, 1681909476.0, 1681909477.0, 1681909478.0, 1681909479.0, 1681909480.0, 1681909481.0, 1681909482.0, 1681909483.0, 1681909484.0, 1681909485.0, 1681909486.0, 1681909487.0, 1681909488.0, 1681909489.0, 1681909490.0, 1681909491.0, 1681909492.0, 1681909493.0, 1681909494.0, 1681909495.0, 1681909496.0, 1681909497.0, 1681909498.0, 1681909499.0, 1681909500.0, 1681909501.0, 1681909502.0, 1681909503.0, 1681909504.0, 1681909505.0, 1681909506.0, 1681909507.0, 1681909508.0, 1681909509.0, 1681909510.0, 1681909511.0, 1681909512.0, 1681909513.0, 1681909514.0, 1681909515.0, 1681909516.0, 1681909517.0, 1681909518.0, 1681909519.0, 1681909520.0, 1681909521.0, 1681909522.0, 1681909523.0, 1681909524.0, 1681909525.0, 1681909526.0, 1681909527.0, 1681909528.0, 1681909529.0, 1681909530.0, 1681909531.0, 1681909532.0, 1681909533.0, 1681909534.0, 1681909535.0, 1681909536.0, 1681909537.0, 1681909538.0, 1681909539.0, 1681909540.0, 1681909541.0, 1681909542.0], "cpu_throttled_count": [0.0, 0.0, 0.0, 0.0, 0.0, 0.0, 0.0, 0.0, 0.0, 0.0, 0.0, 0.0, 0.0, 0.0, 0.0, 0.0, 0.0, 0.0, 0.0, 0.0, 0.0, 0.0, 0.0, 0.0, 0.0, 0.0, 0.0, 0.0, 0.0, 0.0], "time_cpu_throttled_count": [1681909483.0, 1681909484.0, 1681909485.0, 1681909486.0, 1681909487.0, 1681909488.0, 1681909489.0, 1681909490.0, 1681909491.0, 1681909492.0, 1681909493.0, 1681909494.0, 1681909495.0, 1681909496.0, 1681909497.0, 1681909498.0, 1681909499.0, 1681909500.0, 1681909501.0, 1681909502.0, 1681909503.0, 1681909504.0, 1681909505.0, 1681909506.0, 1681909507.0, 1681909508.0, 1681909509.0, 1681909510.0, 1681909511.0, 1681909512.0], "cpu_throttled_rate": [0.0283135933981975, 0.0292296833906975, 0.030145773383197502, 0.031061863375697496, 0.0319779533681975, 0.0328940433606975, 0.0338101333531975, 0.0347262233456975, 0.03564231333819749, 0.03655840333069749, 0.0374744933231975, 0.038390583315697495, 0.039306673308197496, 0.040222763300697496, 0.041138853293197504, 0.04205494328569749, 0.0429710332781975, 0.043887123270697506, 0.04480321326319749, 0.0457193032556975, 0.0466353932481975, 0.047551483240697495, 0.048467573233197496, 0.049383663225697504, 0.0502997532181975, 0.0512158432106975, 0.0521319332031975, 0.05304802319569749, 0.05396411318819749, 0.0548802031806975, 0.055796293173197495, 0.056712383165697496, 0.057628473158197496, 0.041224049662500005, 0.041224049662500005, 0.041224049662500005, 0.041224049662500005, 0.041224049662500005, 0.041224049662500005, 0.041224049662500005, 0.041224049662500005, 0.041224049662500005, 0.041224049662500005, 0.041224049662500005, 0.041224049662500005, 0.041224049662500005, 0.041224049662500005, 0.041224049662500005, 0.041224049662500005, 0.041224049662500005, 0.041224049662500005, 0.041224049662500005, 0.041224049662500005, 0.041224049662500005, 0.041224049662500005, 0.041224049662500005, 0.041224049662500005, 0.041224049662500005, 0.041224049662500005, 0.041224049662500005, 0.041224049662500005, 0.041224049662500005, 0.041224049662500005, 0.041224049662500005, 0.041224049662500005, 0.041224049662500005, 0.041224049662500005, 0.041224049662500005, 0.041224049662500005, 0.041224049662500005, 0.041224049662500005, 0.041224049662500005, 0.041224049662500005, 0.041224049662500005, 0.041224049662500005, 0.041224049662500005, 0.041224049662500005, 0.041224049662500005, 0.041224049662500005, 0.041224049662500005, 0.041224049662500005, 0.041224049662500005, 0.041224049662500005, 0.041224049662500005, 0.041224049662500005, 0.041224049662500005, 0.041224049662500005, 0.041224049662500005, 0.041224049662500005, 0.041224049662500005], "time_cpu_throttled_rate": [1681909453.0, 1681909454.0, 1681909455.0, 1681909456.0, 1681909457.0, 1681909458.0, 1681909459.0, 1681909460.0, 1681909461.0, 1681909462.0, 1681909463.0, 1681909464.0, 1681909465.0, 1681909466.0, 1681909467.0, 1681909468.0, 1681909469.0, 1681909470.0, 1681909471.0, 1681909472.0, 1681909473.0, 1681909474.0, 1681909475.0, 1681909476.0, 1681909477.0, 1681909478.0, 1681909479.0, 1681909480.0, 1681909481.0, 1681909482.0, 1681909483.0, 1681909484.0, 1681909485.0, 1681909486.0, 1681909487.0, 1681909488.0, 1681909489.0, 1681909490.0, 1681909491.0, 1681909492.0, 1681909493.0, 1681909494.0, 1681909495.0, 1681909496.0, 1681909497.0, 1681909498.0, 1681909499.0, 1681909500.0, 1681909501.0, 1681909502.0, 1681909503.0, 1681909504.0, 1681909505.0, 1681909506.0, 1681909507.0, 1681909508.0, 1681909509.0, 1681909510.0, 1681909511.0, 1681909512.0, 1681909513.0, 1681909514.0, 1681909515.0, 1681909516.0, 1681909517.0, 1681909518.0, 1681909519.0, 1681909520.0, 1681909521.0, 1681909522.0, 1681909523.0, 1681909524.0, 1681909525.0, 1681909526.0, 1681909527.0, 1681909528.0, 1681909529.0, 1681909530.0, 1681909531.0, 1681909532.0, 1681909533.0, 1681909534.0, 1681909535.0, 1681909536.0, 1681909537.0, 1681909538.0, 1681909539.0, 1681909540.0, 1681909541.0, 1681909542.0],