{"cpu_usage_count": [0.07692911, 0.07692911, 0.07692911, 0.07692911, 0.07692911, 0.07692911, 0.07692911, 0.07692911, 0.07692911, 0.07692911, 0.07692911, 0.07692911, 0.07692911, 0.07692911, 0.07692911, 0.07692911, 0.07692911, 0.07692911, 0.07692911, 0.07692911, 0.07692911, 0.07692911, 0.07692911, 0.07692911, 0.07692911, 0.07692911, 0.07692911, 0.07692911, 0.07692911, 0.07692911, 12.597161284, 12.597161284, 12.597161284, 12.597161284, 12.597161284, 12.597161284], "time_cpu_usage_count": [1681910683.0, 1681910684.0, 1681910685.0, 1681910686.0, 1681910687.0, 1681910688.0, 1681910689.0, 1681910690.0, 1681910691.0, 1681910692.0, 1681910693.0, 1681910694.0, 1681910695.0, 1681910696.0, 1681910697.0, 1681910698.0, 1681910699.0, 1681910700.0, 1681910701.0, 1681910702.0, 1681910703.0, 1681910704.0, 1681910705.0, 1681910706.0, 1681910707.0, 1681910708.0, 1681910709.0, 1681910710.0, 1681910711.0, 1681910712.0, 1681910713.0, 1681910714.0, 1681910715.0, 1681910716.0, 1681910717.0, 1681910718.0], "cpu_usage_rate": [0.10813074697272723, 0.11160858924328279, 0.11508643151383834, 0.11856427378439391, 0.12204211605494945, 0.12551995832550503], "time_cpu_usage_rate": [1681910713.0, 1681910714.0, 1681910715.0, 1681910716.0, 1681910717.0, 1681910718.0], "cpu_throttled_count": [0.0, 0.0, 0.0, 0.0, 0.0, 0.0, 0.0, 0.0, 0.0, 0.0, 0.0, 0.0, 0.0, 0.0, 0.0, 0.0, 0.0, 0.0, 0.0, 0.0, 0.0, 0.0, 0.0, 0.0, 0.0, 0.0, 0.0, 0.0, 0.0, 0.0, 58.035844549, 58.035844549, 58.035844549, 58.035844549, 58.035844549, 58.035844549], "time_cpu_throttled_count": [1681910683.0, 1681910684.0, 1681910685.0, 1681910686.0, 1681910687.0, 1681910688.0, 1681910689.0, 1681910690.0, 1681910691.0, 1681910692.0, 1681910693.0, 1681910694.0, 1681910695.0, 1681910696.0, 1681910697.0, 1681910698.0, 1681910699.0, 1681910700.0, 1681910701.0, 1681910702.0, 1681910703.0, 1681910704.0, 1681910705.0, 1681910706.0, 1681910707.0, 1681910708.0, 1681910709.0, 1681910710.0, 1681910711.0, 1681910712.0, 1681910713.0, 1681910714.0, 1681910715.0, 1681910716.0, 1681910717.0, 1681910718.0], "cpu_throttled_rate": [0.4982538465210952, 0.5143749144513731, 0.5304959823816507, 0.5466170503119285, 0.5627381182422063, 0.578859186172484], "time_cpu_throttled_rate": [1681910713.0, 1681910714.0, 1681910715.0, 1681910716.0, 1681910717.0, 1681910718.0], "memory_usage": [9875456.0, 9875456.0, 9875456.0, 9875456.0, 9875456.0, 9875456.0, 9875456.0, 9875456.0, 9875456.0, 9875456.0, 9875456.0, 9875456.0, 9875456.0, 9875456.0, 9875456.0, 9875456.0, 9875456.0, 9875456.0, 9875456.0, 9875456.0, 9875456.0, 9875456.0, 9875456.0, 9875456.0, 9875456.0, 9875456.0, 9875456.0, 9875456.0, 9875456.0, 9875456.0, 3735502848.0, 3735502848.0, 3735502848.0, 3735502848.0, 3735502848.0, 3735502848.0], "time_memory_usage": [1681910683.0, 1681910684.0, 1681910685.0, 1681910686.0, 1681910687.0, 1681910688.0, 1681910689.0, 1681910690.0, 1681910691.0, 1681910692.0, 1681910693.0, 1681910694.0, 1681910695.0, 1681910696.0, 1681910697.0, 1681910698.0, 1681910699.0, 1681910700.0, 1681910701.0, 1681910702.0, 1681910703.0, 1681910704.0, 1681910705.0, 1681910706.0, 1681910707.0, 1681910708.0, 1681910709.0, 1681910710.0, 1681910711.0, 1681910712.0, 1681910713.0, 1681910714.0, 1681910715.0, 1681910716.0, 1681910717.0, 1681910718.0], "throughput": [0.009451582203188199, 0.009317708333333334, 0.010359375, 0.011401041666666667, 0.012442708333333333, 0.010416666666666666, 0.010416666666666666, 0.010416666666666666, 0.010416666666666666, 0.010416666666666666, 0.010416666666666666, 0.010416666666666666, 0.010416666666666666, 0.010416666666666666, 0.010416666666666666, 0.026064385677935297, 0.02602717391304348, 0.027114130434782606, 0.028201086956521737, 0.02928804347826087, 0.030375000000000003, 0.03146195652173913, 0.028125, 0.028125, 0.028125, 0.028125, 0.028125, 0.028125, 0.028125, 0.028125, 0.028125, 0.028125, 0.028125, 0.028125, 0.028125, 0.028125, 0.028125, 0.028125, 0.028125, 0.09351119465148455, 0.09350975177304964, 0.09546010638297873, 0.0974104609929078, 0.09936081560283688, 0.10131117021276596, 0.10326152482269504, 0.1052118794326241, 0.10716223404255319, 0.09930555555555555, 0.09930555555555555, 0.09930555555555555, 0.09930555555555555, 0.09930555555555555, 0.09930555555555555, 0.09930555555555555, 0.09930555555555555, 0.09930555555555555, 0.09930555555555555, 0.09930555555555555, 0.09930555555555555, 0.09930555555555555, 0.09930555555555555, 0.09930555555555555, 0.09930555555555555, 0.09930555555555555, 0.09930555555555555, 0.17721443146492105, 0.17961100231440275, 0.18200757316388438, 0.18440414401336605, 0.1868007148628477, 0.18919728571232933, 0.191593856561811, 0.19399042741129263, 0.1963869982607743, 0.19878356911025594, 0.2011801399597376, 0.1875, 0.1875, 0.1875, 0.1875, 0.1875, 0.1875, 0.1875, 0.1875, 0.1875, 0.1875, 0.1875, 0.1875, 0.1875, 0.1875, 0.1875, 0.1875, 0.1875, 0.1875, 0.1875, 0.1875, 0.1875, 0.1875, 0.1875, 0.1875, 0.1875, 0.1875, 0.1875, 0.1875, 0.1875, 0.1875, 0.1875, 0.1875, 0.1875, 0.1875, 0.1875, 0.1875, 0.18888888888888886, 0.18888888888888886, 0.18888888888888886, 0.18828095545860937, 0.18575631496741532, 0.18323167447622127, 0.18070703398502722, 0.18347431342694415, 0.19375, 0.19375, 0.19375, 0.19375, 0.19375, 0.19245866249779467, 0.1895182355478015, 0.1865778085978084, 0.18363738164781526, 0.18069695469782213, 0.177756527747829, 0.17481610079783583, 0.17187567384784272, 0.16893524689784958, 0.17516493072909378, 0.125, 0.125, 0.125, 0.125, 0.125, 0.125, 0.125, 0.125, 0.14760172086018322, 0.14451552971384837, 0.14142933856751352, 0.13834314742117867, 0.13525695627484385, 0.132170765128509, 0.12908457398217416, 0.12599838283583936, 0.12291219168950449, 0.11982600054316966, 0.11673980939683481, 0.11365361825049998, 0.11056742710416514, 0.10748123595783031, 0.10439504481149546],