{"cpu_usage_count": [14.523796887, 14.523796887, 14.523796887, 14.523796887, 14.523796887, 14.523796887, 14.523796887, 14.523796887, 14.523796887, 14.523796887, 14.523796887, 14.523796887, 14.523796887, 14.523796887, 14.523796887, 14.523796887, 14.523796887, 14.523796887, 14.523796887, 14.523796887, 14.523796887, 14.523796887, 14.523796887, 14.523796887, 14.523796887, 14.523796887, 14.523796887, 14.523796887, 14.523796887, 14.523796887], "time_cpu_usage_count": [1681911223.0, 1681911224.0, 1681911225.0, 1681911226.0, 1681911227.0, 1681911228.0, 1681911229.0, 1681911230.0, 1681911231.0, 1681911232.0, 1681911233.0, 1681911234.0, 1681911235.0, 1681911236.0, 1681911237.0, 1681911238.0, 1681911239.0, 1681911240.0, 1681911241.0, 1681911242.0, 1681911243.0, 1681911244.0, 1681911245.0, 1681911246.0, 1681911247.0, 1681911248.0, 1681911249.0, 1681911250.0, 1681911251.0, 1681911252.0], "cpu_usage_rate": [0.9268580965072634, 0.9517552321639299, 0.9766523678205967, 1.0015495034772632, 1.02644663913393, 1.0513437747905965, 1.0762409104472634, 1.10113804610393, 1.1260351817605967, 1.1509323174172634, 1.17582945307393, 1.2007265887305967, 1.2256237243872632, 1.2505208600439301, 1.2754179957005967, 1.3003151313572634, 1.3252122670139301, 1.3501094026705966, 1.3750065383272632, 1.39990367398393, 1.4248008096405966, 1.4496979452972634, 1.4745950809539299, 1.4994922166105968, 1.5243893522672634, 1.54928648792393, 1.5741836235805968, 1.5990807592372633, 1.6239778948939299, 1.6488750305505968, 2.0666593807729847, 2.098007124973263, 2.129354869173541, 2.1607026133738185, 2.192050357574096, 2.2233981017743734, 2.254745845974652, 2.2860935901749295, 2.3174413343752067, 2.3487890785754852, 2.380136822775763, 2.4114845669760405, 2.442832311176318, 2.4741800553765967, 2.505527799576874, 2.5368755437771515, 2.5682232879774296, 2.5995710321777072, 2.630918776377985, 2.6622665205782625, 2.69361426477854, 2.7249620089788187, 2.756309753179096, 2.7876574973793735, 2.819005241579652, 2.8503529857799292, 2.8817007299802073, 2.913048474180485, 2.9443962183807626, 2.9757439625810407, 3.0070917067813183, 3.038439450981596, 3.069787195181874, 2.5084431397875, 2.5084431397875, 2.5084431397875, 2.5084431397875, 2.5084431397875, 2.5084431397875, 2.5084431397875, 2.5084431397875, 2.5084431397875, 2.5084431397875, 2.5084431397875, 2.5084431397875, 2.5084431397875, 2.5084431397875, 2.5084431397875, 2.5084431397875, 2.5084431397875, 2.5084431397875, 2.5084431397875, 2.5084431397875, 2.5084431397875, 2.5084431397875, 2.4793871320325707, 2.4480393878322926, 2.4166916436320145, 2.3853438994317373, 2.353996155231459, 2.605202267941667, 2.605202267941667, 2.605202267941667, 2.605202267941667, 2.605202267941667, 2.605202267941667, 2.573803233389626, 2.536004880645737, 2.498206527901848, 2.4604081751579594, 2.422609822414071, 2.3848114696701814, 2.3470131169262927, 2.3092147641824043, 2.271416411438515, 2.233618058694626, 2.195819705950737, 2.1580213532068484], "time_cpu_usage_rate": [1681911163.0, 1681911164.0, 1681911165.0, 1681911166.0, 1681911167.0, 1681911168.0, 1681911169.0, 1681911170.0, 1681911171.0, 1681911172.0, 1681911173.0, 1681911174.0, 1681911175.0, 1681911176.0, 1681911177.0, 1681911178.0, 1681911179.0, 1681911180.0, 1681911181.0, 1681911182.0, 1681911183.0, 1681911184.0, 1681911185.0, 1681911186.0, 1681911187.0, 1681911188.0, 1681911189.0, 1681911190.0, 1681911191.0, 1681911192.0, 1681911193.0, 1681911194.0, 1681911195.0, 1681911196.0, 1681911197.0, 1681911198.0, 1681911199.0, 1681911200.0, 1681911201.0, 1681911202.0, 1681911203.0, 1681911204.0, 1681911205.0, 1681911206.0, 1681911207.0, 1681911208.0, 1681911209.0, 1681911210.0, 1681911211.0, 1681911212.0, 1681911213.0, 1681911214.0, 1681911215.0, 1681911216.0, 1681911217.0, 1681911218.0, 1681911219.0, 1681911220.0, 1681911221.0, 1681911222.0, 1681911223.0, 1681911224.0, 1681911225.0, 1681911226.0, 1681911227.0, 1681911228.0, 1681911229.0, 1681911230.0, 1681911231.0, 1681911232.0, 1681911233.0, 1681911234.0, 1681911235.0, 1681911236.0, 1681911237.0, 1681911238.0, 1681911239.0, 1681911240.0, 1681911241.0, 1681911242.0, 1681911243.0, 1681911244.0, 1681911245.0, 1681911246.0, 1681911247.0, 1681911248.0, 1681911249.0, 1681911250.0, 1681911251.0, 1681911252.0, 1681911253.0, 1681911254.0, 1681911255.0, 1681911256.0, 1681911257.0, 1681911258.0, 1681911259.0, 1681911260.0, 1681911261.0, 1681911262.0, 1681911263.0, 1681911264.0, 1681911265.0, 1681911266.0, 1681911267.0, 1681911268.0, 1681911269.0, 1681911270.0], "cpu_throttled_count": [44.110642251, 44.110642251, 44.110642251, 44.110642251, 44.110642251, 44.110642251, 44.110642251, 44.110642251, 44.110642251, 44.110642251, 44.110642251, 44.110642251, 44.110642251, 44.110642251, 44.110642251, 44.110642251, 44.110642251, 44.110642251, 44.110642251, 44.110642251, 44.110642251, 44.110642251, 44.110642251, 44.110642251, 44.110642251, 44.110642251, 44.110642251, 44.110642251, 44.110642251, 44.110642251], "time_cpu_throttled_count": [1681911223.0, 1681911224.0, 1681911225.0, 1681911226.0, 1681911227.0, 1681911228.0, 1681911229.0, 1681911230.0, 1681911231.0, 1681911232.0, 1681911233.0, 1681911234.0, 1681911235.0, 1681911236.0, 1681911237.0, 1681911238.0, 1681911239.0, 1681911240.0, 1681911241.0, 1681911242.0, 1681911243.0, 1681911244.0, 1681911245.0, 1681911246.0, 1681911247.0, 1681911248.0, 1681911249.0, 1681911250.0, 1681911251.0, 1681911252.0], "cpu_throttled_rate": [0.003133580794519192, 0.0032018401186858594, 0.003270099442852527, 0.003338358767019194, 0.003406618091185862, 0.0034748774153525288, 0.003543136739519196, 0.0036113960636858632, 0.0036796553878525305, 0.0037479147120191977, 0.003816174036185865, 0.0038844333603525317, 0.0039526926845192, 0.004020952008685867, 0.004089211332852534, 0.004157470657019201, 0.004225729981185868, 0.004293989305352535, 0.004362248629519203, 0.00443050795368587, 0.004498767277852537, 0.004567026602019204, 0.004635285926185871, 0.004703545250352539, 0.004771804574519206, 0.004840063898685873, 0.00490832322285254, 0.004976582547019207, 0.005044841871185876, 0.005113101195352542, 0.006108227697749279, 0.006188697584554834, 0.006269167471360389, 0.006349637358165946, 0.0064301072449715006, 0.006510577131777055, 0.00659104701858261, 0.006671516905388166, 0.006751986792193721, 0.006832456678999276, 0.006912926565804831, 0.006993396452610387, 0.007073866339415941, 0.007154336226221497, 0.007234806113027052, 0.007315275999832607, 0.007395745886638163, 0.0074762157734437175, 0.007556685660249274, 0.007637155547054828, 0.007717625433860383, 0.007798095320665939, 0.007878565207471494, 0.00795903509427705, 0.008039504981082603, 0.00811997486788816, 0.008200444754693715, 0.009656386416666626, 0.009656386416666626, 0.009656386416666626, 0.009656386416666626, 0.009656386416666626, 0.009656386416666626, 0.008134942266833993, 0.008054472380028438, 0.007974002493222884, 0.007893532606417328, 0.007813062719611772, 0.007732592832806217, 0.007652122946000662, 0.007571653059195107, 0.007491183172389551, 0.007410713285583997, 0.007330243398778441, 0.007249773511972886, 0.007169303625167331, 0.0070888337383617755, 0.007008363851556221, 0.006927893964750664, 0.00684742407794511, 0.006766954191139555, 0.006686484304333999, 0.0066060144175284444, 0.006525544530722889, 0.006445074643917334, 0.00636460475711178, 0.006284134870306223, 0.006203664983500668, 0.0061231950966951125, 0.0060427252098895585, 0.0068669725406871295, 0.0067742920912426865, 0.0066816116417982435, 0.0065889311923538, 0.006496250742909357, 0.006403570293464914, 0.006310889844020471, 0.006218209394576027, 0.006125528945131584, 0.006032848495687141, 0.005940168046242698, 0.005847487596798253, 0.005754807147353811, 0.005662126697909368, 0.005569446248464925, 0.005476765799020482, 0.005384085349576039, 0.005291404900131595],