{"cpu_usage_count": [0.074912955, 0.074912955, 0.074912955, 0.074912955, 0.074912955, 0.074912955, 0.074912955, 0.074912955, 0.074912955, 0.074912955, 0.074912955, 0.074912955, 0.074912955, 0.074912955, 0.074912955, 0.074912955, 0.074912955, 0.074912955, 0.074912955, 0.074912955], "time_cpu_usage_count": [1681911733.0, 1681911734.0, 1681911735.0, 1681911736.0, 1681911737.0, 1681911738.0, 1681911739.0, 1681911740.0, 1681911741.0, 1681911742.0, 1681911743.0, 1681911744.0, 1681911745.0, 1681911746.0, 1681911747.0, 1681911748.0, 1681911749.0, 1681911750.0, 1681911751.0, 1681911752.0], "cpu_usage_rate": [1.0704979945494928, 1.1050950927389374, 1.1396921909283817, 1.174289289117826, 1.2088863873072706, 1.243483485496715, 1.2780805836861595, 1.3126776818756036, 1.3472747800650484, 1.3818718782544928, 1.4164689764439373, 1.4510660746333817, 1.485663172822826, 1.5202602710122703, 1.5548573692017151, 1.5894544673911595, 1.6240515655806038, 1.6586486637700482, 1.6932457619594927, 1.7278428601489373, 1.7624399583383819, 1.7970370565278262, 1.8316341547172705, 1.866231252906715, 1.9008283510961594, 1.935425449285604, 1.9700225474750481, 2.004619645664493, 2.0392167438539373, 2.0738138420433816, 2.108410940232826, 2.1430080384222707, 2.1776051366117155, 1.5580748993333335, 1.5580748993333335, 1.5580748993333335, 1.5580748993333335, 1.5580748993333335, 1.5580748993333335, 1.5580748993333335, 1.5580748993333335, 1.5580748993333335, 1.5580748993333335, 1.5580748993333335, 1.5580748993333335, 1.5580748993333335, 1.5580748993333335, 1.5580748993333335, 1.5580748993333335, 1.5580748993333335, 1.5580748993333335, 1.5580748993333335, 1.5580748993333335, 1.5580748993333335, 1.5580748993333335, 1.5580748993333335, 1.5580748993333335, 1.5580748993333335, 1.5580748993333335, 1.5580748993333335, 1.5580748993333335, 1.5580748993333335, 1.5580748993333335, 1.5580748993333335, 1.5580748993333335, 1.5580748993333335, 1.5580748993333335, 1.5580748993333335, 1.5580748993333335, 1.5580748993333335, 1.5580748993333335, 1.5580748993333335, 1.5580748993333335, 1.5580748993333335, 1.5580748993333335, 1.5580748993333335, 1.5580748993333335, 1.5580748993333335, 1.5580748993333335, 1.5580748993333335, 1.5580748993333335, 1.5580748993333335, 1.5580748993333335, 1.5580748993333335, 1.5580748993333335, 1.5580748993333335, 1.5580748993333335, 1.5580748993333335, 1.5580748993333335, 1.5580748993333335], "time_cpu_usage_rate": [1681911643.0, 1681911644.0, 1681911645.0, 1681911646.0, 1681911647.0, 1681911648.0, 1681911649.0, 1681911650.0, 1681911651.0, 1681911652.0, 1681911653.0, 1681911654.0, 1681911655.0, 1681911656.0, 1681911657.0, 1681911658.0, 1681911659.0, 1681911660.0, 1681911661.0, 1681911662.0, 1681911663.0, 1681911664.0, 1681911665.0, 1681911666.0, 1681911667.0, 1681911668.0, 1681911669.0, 1681911670.0, 1681911671.0, 1681911672.0, 1681911673.0, 1681911674.0, 1681911675.0, 1681911676.0, 1681911677.0, 1681911678.0, 1681911679.0, 1681911680.0, 1681911681.0, 1681911682.0, 1681911683.0, 1681911684.0, 1681911685.0, 1681911686.0, 1681911687.0, 1681911688.0, 1681911689.0, 1681911690.0, 1681911691.0, 1681911692.0, 1681911693.0, 1681911694.0, 1681911695.0, 1681911696.0, 1681911697.0, 1681911698.0, 1681911699.0, 1681911700.0, 1681911701.0, 1681911702.0, 1681911703.0, 1681911704.0, 1681911705.0, 1681911706.0, 1681911707.0, 1681911708.0, 1681911709.0, 1681911710.0, 1681911711.0, 1681911712.0, 1681911713.0, 1681911714.0, 1681911715.0, 1681911716.0, 1681911717.0, 1681911718.0, 1681911719.0, 1681911720.0, 1681911721.0, 1681911722.0, 1681911723.0, 1681911724.0, 1681911725.0, 1681911726.0, 1681911727.0, 1681911728.0, 1681911729.0, 1681911730.0, 1681911731.0, 1681911732.0], "cpu_throttled_count": [0.0, 0.0, 0.0, 0.0, 0.0, 0.0, 0.0, 0.0, 0.0, 0.0, 0.0, 0.0, 0.0, 0.0, 0.0, 0.0, 0.0, 0.0, 0.0, 0.0], "time_cpu_throttled_count": [1681911733.0, 1681911734.0, 1681911735.0, 1681911736.0, 1681911737.0, 1681911738.0, 1681911739.0, 1681911740.0, 1681911741.0, 1681911742.0, 1681911743.0, 1681911744.0, 1681911745.0, 1681911746.0, 1681911747.0, 1681911748.0, 1681911749.0, 1681911750.0, 1681911751.0, 1681911752.0], "cpu_throttled_rate": [0.19070893057797808, 0.19687934280103364, 0.20304975502408917, 0.2092201672471447, 0.2153905794702003, 0.22156099169325583, 0.2277314039163114, 0.23390181613936695, 0.2400722283624225, 0.24624264058547804, 0.2524130528085336, 0.25858346503158913, 0.2647538772546447, 0.27092428947770025, 0.27709470170075584, 0.2832651139238113, 0.2894355261468669, 0.2956059383699225, 0.301776350592978, 0.3079467628160336, 0.3141171750390892, 0.32028758726214474, 0.32645799948520027, 0.33262841170825586, 0.3387988239313114, 0.344969236154367, 0.3511396483774225, 0.3573100606004781, 0.3634804728235336, 0.36965088504658916, 0.37582129726964475, 0.3819917094927003, 0.3881621217157558, 0.2776685500375, 0.2776685500375, 0.2776685500375, 0.2776685500375, 0.2776685500375, 0.2776685500375, 0.2776685500375, 0.2776685500375, 0.2776685500375, 0.2776685500375, 0.2776685500375, 0.2776685500375, 0.2776685500375, 0.2776685500375, 0.2776685500375, 0.2776685500375, 0.2776685500375, 0.2776685500375, 0.2776685500375, 0.2776685500375, 0.2776685500375, 0.2776685500375, 0.2776685500375, 0.2776685500375, 0.2776685500375, 0.2776685500375, 0.2776685500375, 0.2776685500375, 0.2776685500375, 0.2776685500375, 0.2776685500375, 0.2776685500375, 0.2776685500375, 0.2776685500375, 0.2776685500375, 0.2776685500375, 0.2776685500375, 0.2776685500375, 0.2776685500375, 0.2776685500375, 0.2776685500375, 0.2776685500375, 0.2776685500375, 0.2776685500375, 0.2776685500375, 0.2776685500375, 0.2776685500375, 0.2776685500375, 0.2776685500375, 0.2776685500375, 0.2776685500375, 0.2776685500375, 0.2776685500375, 0.2776685500375, 0.2776685500375, 0.2776685500375, 0.2776685500375], "time_cpu_throttled_rate": [1681911643.0, 1681911644.0, 1681911645.0, 1681911646.0, 1681911647.0, 1681911648.0, 1681911649.0, 1681911650.0, 1681911651.0, 1681911652.0, 1681911653.0, 1681911654.0, 1681911655.0, 1681911656.0, 1681911657.0, 1681911658.0, 1681911659.0, 1681911660.0, 1681911661.0, 1681911662.0, 1681911663.0, 1681911664.0, 1681911665.0, 1681911666.0, 1681911667.0, 1681911668.0, 1681911669.0, 1681911670.0, 1681911671.0, 1681911672.0, 1681911673.0, 1681911674.0, 1681911675.0, 1681911676.0, 1681911677.0, 1681911678.0, 1681911679.0, 1681911680.0, 1681911681.0, 1681911682.0, 1681911683.0, 1681911684.0, 1681911685.0, 1681911686.0, 1681911687.0, 1681911688.0, 1681911689.0, 1681911690.0, 1681911691.0, 1681911692.0, 1681911693.0, 1681911694.0, 1681911695.0, 1681911696.0, 1681911697.0, 1681911698.0, 1681911699.0, 1681911700.0, 1681911701.0, 1681911702.0, 1681911703.0, 1681911704.0, 1681911705.0, 1681911706.0, 1681911707.0, 1681911708.0, 1681911709.0, 1681911710.0, 1681911711.0, 1681911712.0, 1681911713.0, 1681911714.0, 1681911715.0, 1681911716.0, 1681911717.0, 1681911718.0, 1681911719.0, 1681911720.0, 1681911721.0, 1681911722.0, 1681911723.0, 1681911724.0, 1681911725.0, 1681911726.0, 1681911727.0, 1681911728.0, 1681911729.0, 1681911730.0, 1681911731.0, 1681911732.0], "memory_usage": [8425472.0, 8425472.0, 8425472.0, 8425472.0, 8425472.0, 8425472.0, 8425472.0, 8425472.0, 8425472.0, 8425472.0, 8425472.0, 8425472.0, 8425472.0, 8425472.0, 8425472.0, 8425472.0, 8425472.0, 8425472.0, 8425472.0, 8425472.0], "time_memory_usage": [1681911733.0, 1681911734.0, 1681911735.0, 1681911736.0, 1681911737.0, 1681911738.0, 1681911739.0, 1681911740.0, 1681911741.0, 1681911742.0, 1681911743.0, 1681911744.0, 1681911745.0, 1681911746.0, 1681911747.0, 1681911748.0, 1681911749.0, 1681911750.0, 1681911751.0, 1681911752.0],