{"cpu_usage_count": [30.155733975, 30.155733975, 30.155733975, 30.155733975, 30.155733975, 30.155733975, 30.155733975, 30.155733975, 30.155733975, 30.155733975, 30.155733975, 30.155733975, 30.155733975, 30.155733975, 30.155733975, 30.155733975, 30.155733975, 30.155733975, 30.155733975, 30.155733975, 30.155733975, 30.155733975, 30.155733975, 30.155733975, 30.155733975, 30.155733975, 30.155733975, 30.155733975, 30.155733975, 30.155733975, 147.534832964, 147.534832964, 147.534832964, 147.534832964, 147.534832964, 147.534832964, 147.534832964, 147.534832964, 147.534832964, 147.534832964, 147.534832964, 147.534832964, 147.534832964, 147.534832964, 147.534832964, 147.534832964, 147.534832964, 147.534832964, 147.534832964, 147.534832964, 147.534832964, 147.534832964, 147.534832964, 147.534832964, 147.534832964, 147.534832964, 147.534832964, 147.534832964, 147.534832964, 147.534832964], "time_cpu_usage_count": [1681911793.0, 1681911794.0, 1681911795.0, 1681911796.0, 1681911797.0, 1681911798.0, 1681911799.0, 1681911800.0, 1681911801.0, 1681911802.0, 1681911803.0, 1681911804.0, 1681911805.0, 1681911806.0, 1681911807.0, 1681911808.0, 1681911809.0, 1681911810.0, 1681911811.0, 1681911812.0, 1681911813.0, 1681911814.0, 1681911815.0, 1681911816.0, 1681911817.0, 1681911818.0, 1681911819.0, 1681911820.0, 1681911821.0, 1681911822.0, 1681911823.0, 1681911824.0, 1681911825.0, 1681911826.0, 1681911827.0, 1681911828.0, 1681911829.0, 1681911830.0, 1681911831.0, 1681911832.0, 1681911833.0, 1681911834.0, 1681911835.0, 1681911836.0, 1681911837.0, 1681911838.0, 1681911839.0, 1681911840.0, 1681911841.0, 1681911842.0, 1681911843.0, 1681911844.0, 1681911845.0, 1681911846.0, 1681911847.0, 1681911848.0, 1681911849.0, 1681911850.0, 1681911851.0, 1681911852.0], "cpu_usage_rate": [1.2590299532508396, 1.291635258525562, 1.324240563800284, 1.3568458690750063, 1.3894511743497284, 1.4220564796244508, 1.454661784899173, 1.4872670901738951, 1.5198723954486175, 1.5524777007233397, 1.5850830059980618, 1.617688311272784, 1.6502936165475064, 1.6828989218222286, 1.7155042270969507, 1.7481095323716729, 1.7807148376463953, 1.8133201429211174, 1.8459254481958396, 1.8785307534705618, 1.9111360587452841, 1.9437413640200063, 1.9763466692947282, 2.008951974569451, 2.041557279844173, 2.0741625851188954, 2.106767890393617, 2.1393731956683397, 2.171978500943062, 2.204583806217784, 2.237189111492506, 2.2697944167672284, 2.3023997220419505, 1.7185365204875, 1.7185365204875, 1.7185365204875, 1.7185365204875, 1.7185365204875, 1.7185365204875, 1.7185365204875, 1.7185365204875, 1.7185365204875, 1.7185365204875, 1.7185365204875, 1.7185365204875, 1.7185365204875, 1.7185365204875, 1.7185365204875, 1.7185365204875, 1.7185365204875, 1.7185365204875, 1.7185365204875, 1.7185365204875, 1.7185365204875, 1.7185365204875, 1.7185365204875, 1.7185365204875, 1.7185365204875, 1.7185365204875, 1.7185365204875, 1.7185365204875, 1.7185365204875, 1.7185365204875, 1.7185365204875, 1.7185365204875, 1.7185365204875, 1.7185365204875, 1.7185365204875, 1.7185365204875, 1.7185365204875, 1.7185365204875, 1.7185365204875, 1.7185365204875, 1.7185365204875, 1.7185365204875, 1.7185365204875, 1.7185365204875, 1.7185365204875, 1.7185365204875, 1.7185365204875, 1.7185365204875, 1.7185365204875, 1.698508167676105, 1.6659028624013825, 1.6332975571266604, 1.6006922518519382, 1.568086946577216, 1.5354816413024936, 1.5028763360277715, 1.4702710307530493], "time_cpu_usage_rate": [1681911823.0, 1681911824.0, 1681911825.0, 1681911826.0, 1681911827.0, 1681911828.0, 1681911829.0, 1681911830.0, 1681911831.0, 1681911832.0, 1681911833.0, 1681911834.0, 1681911835.0, 1681911836.0, 1681911837.0, 1681911838.0, 1681911839.0, 1681911840.0, 1681911841.0, 1681911842.0, 1681911843.0, 1681911844.0, 1681911845.0, 1681911846.0, 1681911847.0, 1681911848.0, 1681911849.0, 1681911850.0, 1681911851.0, 1681911852.0, 1681911853.0, 1681911854.0, 1681911855.0, 1681911856.0, 1681911857.0, 1681911858.0, 1681911859.0, 1681911860.0, 1681911861.0, 1681911862.0, 1681911863.0, 1681911864.0, 1681911865.0, 1681911866.0, 1681911867.0, 1681911868.0, 1681911869.0, 1681911870.0, 1681911871.0, 1681911872.0, 1681911873.0, 1681911874.0, 1681911875.0, 1681911876.0, 1681911877.0, 1681911878.0, 1681911879.0, 1681911880.0, 1681911881.0, 1681911882.0, 1681911883.0, 1681911884.0, 1681911885.0, 1681911886.0, 1681911887.0, 1681911888.0, 1681911889.0, 1681911890.0, 1681911891.0, 1681911892.0, 1681911893.0, 1681911894.0, 1681911895.0, 1681911896.0, 1681911897.0, 1681911898.0, 1681911899.0, 1681911900.0, 1681911901.0, 1681911902.0, 1681911903.0, 1681911904.0, 1681911905.0, 1681911906.0, 1681911907.0, 1681911908.0, 1681911909.0, 1681911910.0, 1681911911.0, 1681911912.0], "cpu_throttled_count": [26.060907229, 26.060907229, 26.060907229, 26.060907229, 26.060907229, 26.060907229, 26.060907229, 26.060907229, 26.060907229, 26.060907229, 26.060907229, 26.060907229, 26.060907229, 26.060907229, 26.060907229, 26.060907229, 26.060907229, 26.060907229, 26.060907229, 26.060907229, 26.060907229, 26.060907229, 26.060907229, 26.060907229, 26.060907229, 26.060907229, 26.060907229, 26.060907229, 26.060907229, 26.060907229, 26.248498254, 26.248498254, 26.248498254, 26.248498254, 26.248498254, 26.248498254, 26.248498254, 26.248498254, 26.248498254, 26.248498254, 26.248498254, 26.248498254, 26.248498254, 26.248498254, 26.248498254, 26.248498254, 26.248498254, 26.248498254, 26.248498254, 26.248498254, 26.248498254, 26.248498254, 26.248498254, 26.248498254, 26.248498254, 26.248498254, 26.248498254, 26.248498254, 26.248498254, 26.248498254], "time_cpu_throttled_count": [1681911793.0, 1681911794.0, 1681911795.0, 1681911796.0, 1681911797.0, 1681911798.0, 1681911799.0, 1681911800.0, 1681911801.0, 1681911802.0, 1681911803.0, 1681911804.0, 1681911805.0, 1681911806.0, 1681911807.0, 1681911808.0, 1681911809.0, 1681911810.0, 1681911811.0, 1681911812.0, 1681911813.0, 1681911814.0, 1681911815.0, 1681911816.0, 1681911817.0, 1681911818.0, 1681911819.0, 1681911820.0, 1681911821.0, 1681911822.0, 1681911823.0, 1681911824.0, 1681911825.0, 1681911826.0, 1681911827.0, 1681911828.0, 1681911829.0, 1681911830.0, 1681911831.0, 1681911832.0, 1681911833.0, 1681911834.0, 1681911835.0, 1681911836.0, 1681911837.0, 1681911838.0, 1681911839.0, 1681911840.0, 1681911841.0, 1681911842.0, 1681911843.0, 1681911844.0, 1681911845.0, 1681911846.0, 1681911847.0, 1681911848.0, 1681911849.0, 1681911850.0, 1681911851.0, 1681911852.0],