{"cpu_usage_count": [0.071208306, 0.071208306, 0.071208306, 0.071208306, 0.071208306, 0.071208306, 0.071208306, 0.071208306, 0.071208306, 0.071208306, 0.071208306, 0.071208306, 0.071208306, 0.071208306, 0.071208306, 0.071208306, 0.071208306, 0.071208306, 0.071208306, 0.071208306, 0.071208306, 0.071208306, 0.071208306, 0.071208306, 0.071208306, 0.071208306, 0.071208306, 0.071208306, 0.071208306, 0.071208306], "time_cpu_usage_count": [1681912123.0, 1681912124.0, 1681912125.0, 1681912126.0, 1681912127.0, 1681912128.0, 1681912129.0, 1681912130.0, 1681912131.0, 1681912132.0, 1681912133.0, 1681912134.0, 1681912135.0, 1681912136.0, 1681912137.0, 1681912138.0, 1681912139.0, 1681912140.0, 1681912141.0, 1681912142.0, 1681912143.0, 1681912144.0, 1681912145.0, 1681912146.0, 1681912147.0, 1681912148.0, 1681912149.0, 1681912150.0, 1681912151.0, 1681912152.0], "cpu_usage_rate": [0.0017205697742510976, 0.0017580492386955417], "time_cpu_usage_rate": [1681912213.0, 1681912214.0], "cpu_throttled_count": [0.0, 0.0, 0.0, 0.0, 0.0, 0.0, 0.0, 0.0, 0.0, 0.0, 0.0, 0.0, 0.0, 0.0, 0.0, 0.0, 0.0, 0.0, 0.0, 0.0, 0.0, 0.0, 0.0, 0.0, 0.0, 0.0, 0.0, 0.0, 0.0, 0.0], "time_cpu_throttled_count": [1681912123.0, 1681912124.0, 1681912125.0, 1681912126.0, 1681912127.0, 1681912128.0, 1681912129.0, 1681912130.0, 1681912131.0, 1681912132.0, 1681912133.0, 1681912134.0, 1681912135.0, 1681912136.0, 1681912137.0, 1681912138.0, 1681912139.0, 1681912140.0, 1681912141.0, 1681912142.0, 1681912143.0, 1681912144.0, 1681912145.0, 1681912146.0, 1681912147.0, 1681912148.0, 1681912149.0, 1681912150.0, 1681912151.0, 1681912152.0], "cpu_throttled_rate": [0.0, 0.0], "time_cpu_throttled_rate": [1681912213.0, 1681912214.0], "memory_usage": [8622080.0, 8622080.0, 8622080.0, 8622080.0, 8622080.0, 8622080.0, 8622080.0, 8622080.0, 8622080.0, 8622080.0, 8622080.0, 8622080.0, 8622080.0, 8622080.0, 8622080.0, 8622080.0, 8622080.0, 8622080.0, 8622080.0, 8622080.0, 8622080.0, 8622080.0, 8622080.0, 8622080.0, 8622080.0, 8622080.0, 8622080.0, 8622080.0, 8622080.0, 8622080.0], "time_memory_usage": [1681912123.0, 1681912124.0, 1681912125.0, 1681912126.0, 1681912127.0, 1681912128.0, 1681912129.0, 1681912130.0, 1681912131.0, 1681912132.0, 1681912133.0, 1681912134.0, 1681912135.0, 1681912136.0, 1681912137.0, 1681912138.0, 1681912139.0, 1681912140.0, 1681912141.0, 1681912142.0, 1681912143.0, 1681912144.0, 1681912145.0, 1681912146.0, 1681912147.0, 1681912148.0, 1681912149.0, 1681912150.0, 1681912151.0, 1681912152.0], "throughput": [0.009756909756909758, 0.009270348192503882, 0.012042581503659349, 0.017813333333333334, 0.017622222222222223, 0.020399999999999998, 0.01875, 0.043249648226320075, 0.0431, 0.04726666666666666, 0.0451388888888889, 0.0451388888888889, 0.08536875684426035, 0.08524444444444444, 0.0908, 0.093521568627451, 0.09341851851851851, 0.09851111111111112, 0.09624999999999997, 0.09624999999999997, 0.09624999999999997, 0.09624999999999997, 0.17747136013330553, 0.18476150801916266, 0.19205165590501977, 0.18295454545454545, 0.18295454545454545, 0.18295454545454545, 0.18295454545454545, 0.18295454545454545, 0.18295454545454545, 0.18295454545454545, 0.18295454545454545, 0.18295454545454545, 0.18295454545454545, 0.18295454545454545, 0.18295454545454545, 0.18295454545454545, 0.18295454545454545, 0.18295454545454545, 0.18295454545454545, 0.18295454545454545, 0.18295454545454545, 0.18295454545454545, 0.18295454545454545, 0.18295454545454545, 0.18295454545454545, 0.18295454545454545, 0.18295454545454545, 0.18295454545454545, 0.18295454545454545, 0.18295454545454545, 0.18295454545454545, 0.18295454545454545, 0.18295454545454545, 0.18295454545454545, 0.18295454545454545, 0.18295454545454545, 0.18295454545454545, 0.18295454545454545, 0.18295454545454545, 0.18295454545454545, 0.18295454545454545, 0.18295454545454545, 0.18295454545454545, 0.18295454545454545, 0.18295454545454545, 0.18295454545454545, 0.18295454545454545, 0.18295454545454545, 0.18295454545454545, 0.18295454545454545, 0.18295454545454545, 0.18295454545454545, 0.18295454545454545, 0.18295454545454545, 0.18295454545454545, 0.18295454545454545, 0.18295454545454545, 0.18295454545454545, 0.18295454545454545, 0.18295454545454545, 0.18295454545454545, 0.18295454545454545, 0.18295454545454545, 0.18295454545454545, 0.18295454545454545, 0.18295454545454545, 0.18295454545454545, 0.18295454545454545, 0.18295454545454545, 0.18295454545454545, 0.18295454545454545, 0.18295454545454545, 0.18295454545454545, 0.18295454545454545, 0.18295454545454545, 0.18295454545454545, 0.18295454545454545, 0.18295454545454545, 0.18295454545454545, 0.18295454545454545, 0.18295454545454545, 0.18295454545454545, 0.18295454545454545, 0.18295454545454545, 0.18295454545454545, 0.18295454545454545, 0.18295454545454545, 0.18295454545454545, 0.18295454545454545, 0.18295454545454545, 0.18295454545454545, 0.18295454545454545, 0.18295454545454545, 0.18295454545454545, 0.18295454545454545, 0.18295454545454545, 0.1833333333333333, 0.1799841688254632, 0.18118014438077298, 0.18202553604314656, 0.17369439511532053, 0.17541162507769004, 0.16806638672265548, 0.15917927525605993, 0.15029216378946433, 0.15291205521837442, 0.11458333333333333, 0.12748269269219234, 0.11831877520077308, 0.10915485770935383, 0.11362221605281016, 0.12386688079942898, 0.11197061622650487, 0.13410352484041074], "time_throughput": [1681912079.0, 1681912080.0, 1681912081.0, 1681912082.0, 1681912083.0, 1681912084.0, 1681912085.0, 1681912086.0, 1681912087.0, 1681912088.0, 1681912089.0, 1681912090.0, 1681912091.0, 1681912092.0, 1681912093.0, 1681912094.0, 1681912095.0, 1681912096.0, 1681912097.0, 1681912098.0, 1681912099.0, 1681912100.0, 1681912101.0, 1681912102.0, 1681912103.0, 1681912104.0, 1681912105.0, 1681912106.0, 1681912107.0, 1681912108.0, 1681912109.0, 1681912110.0, 1681912111.0, 1681912112.0, 1681912113.0, 1681912114.0, 1681912115.0, 1681912116.0, 1681912117.0, 1681912118.0, 1681912119.0, 1681912120.0, 1681912121.0, 1681912122.0, 1681912123.0, 1681912124.0, 1681912125.0, 1681912126.0, 1681912127.0, 1681912128.0, 1681912129.0, 1681912130.0, 1681912131.0, 1681912132.0, 1681912133.0, 1681912134.0, 1681912135.0, 1681912136.0, 1681912137.0, 1681912138.0, 1681912139.0, 1681912140.0, 1681912141.0, 1681912142.0, 1681912143.0, 1681912144.0, 1681912145.0, 1681912146.0, 1681912147.0, 1681912148.0, 1681912149.0, 1681912150.0, 1681912151.0, 1681912152.0, 1681912153.0, 1681912154.0, 1681912155.0, 1681912156.0, 1681912157.0, 1681912158.0, 1681912159.0, 1681912160.0, 1681912161.0, 1681912162.0, 1681912163.0, 1681912164.0, 1681912165.0, 1681912166.0, 1681912167.0, 1681912168.0, 1681912169.0, 1681912170.0, 1681912171.0, 1681912172.0, 1681912173.0, 1681912174.0, 1681912175.0, 1681912176.0, 1681912177.0, 1681912178.0, 1681912179.0, 1681912180.0, 1681912181.0, 1681912182.0, 1681912183.0, 1681912184.0, 1681912185.0, 1681912186.0, 1681912187.0, 1681912188.0, 1681912189.0, 1681912190.0, 1681912191.0, 1681912192.0, 1681912193.0, 1681912194.0, 1681912195.0, 1681912196.0, 1681912197.0, 1681912198.0, 1681912199.0, 1681912200.0, 1681912201.0, 1681912202.0, 1681912203.0, 1681912204.0, 1681912205.0, 1681912206.0, 1681912207.0, 1681912208.0, 1681912209.0, 1681912210.0, 1681912211.0, 1681912212.0, 1681912213.0, 1681912214.0], "responses": [], "start_time_experiment": 1681912093.9438586, "end_time_experiment": 1681912214.0826883}