{"cpu_usage_count": [0.072917174, 0.072917174, 0.072917174, 0.072917174, 0.072917174, 0.072917174, 0.072917174, 0.072917174, 0.072917174, 0.072917174, 0.072917174, 0.072917174, 0.072917174, 0.072917174, 0.072917174, 0.072917174, 0.072917174, 0.072917174, 0.072917174, 0.072917174, 0.072917174, 0.072917174, 0.072917174, 0.072917174, 0.072917174, 0.072917174, 0.072917174, 0.072917174, 0.072917174, 0.072917174], "time_cpu_usage_count": [1681912303.0, 1681912304.0, 1681912305.0, 1681912306.0, 1681912307.0, 1681912308.0, 1681912309.0, 1681912310.0, 1681912311.0, 1681912312.0, 1681912313.0, 1681912314.0, 1681912315.0, 1681912316.0, 1681912317.0, 1681912318.0, 1681912319.0, 1681912320.0, 1681912321.0, 1681912322.0, 1681912323.0, 1681912324.0, 1681912325.0, 1681912326.0, 1681912327.0, 1681912328.0, 1681912329.0, 1681912330.0, 1681912331.0, 1681912332.0], "cpu_usage_rate": [0.8325299040428308, 0.8594286049353308, 0.8863273058278307, 0.9132260067203308, 0.9401247076128308, 0.9670234085053309, 0.9939221093978308, 1.020820810290331, 1.0477195111828308, 1.074618212075331, 1.1015169129678308, 1.1284156138603307, 1.1553143147528309, 1.1822130156453308, 1.2091117165378307, 1.2360104174303308, 1.2629091183228307, 1.2898078192153306, 1.316706520107831, 1.3436052210003309, 1.3705039218928308, 1.397402622785331, 1.4243013236778308, 1.4512000245703307, 1.4780987254628308, 1.5049974263553307, 1.5318961272478306, 1.5587948281403308, 1.5856935290328307, 1.6125922299253306, 1.6394909308178307, 1.6663896317103308, 1.6932883326028303, 1.2116132957208332, 1.2116132957208332, 1.2116132957208332, 1.2116132957208332, 1.2116132957208332, 1.2116132957208332, 1.2116132957208332, 1.2116132957208332, 1.2116132957208332, 1.2116132957208332, 1.2116132957208332, 1.2116132957208332, 1.2116132957208332, 1.2116132957208332, 1.2116132957208332, 1.2116132957208332, 1.2116132957208332, 1.2116132957208332, 1.2116132957208332, 1.2116132957208332, 1.2116132957208332, 1.2116132957208332, 1.2116132957208332, 1.2116132957208332, 1.2116132957208332, 1.2116132957208332, 1.2116132957208332, 1.2116132957208332, 1.2116132957208332, 1.2116132957208332, 1.2116132957208332, 1.2116132957208332, 1.2116132957208332, 1.2116132957208332, 1.2116132957208332, 1.2116132957208332, 1.2116132957208332, 1.2116132957208332, 1.2116132957208332, 1.2116132957208332, 1.2116132957208332, 1.2116132957208332, 1.2116132957208332, 1.2116132957208332, 1.2116132957208332, 1.2116132957208332, 1.2116132957208332, 1.2116132957208332, 1.2116132957208332, 1.2116132957208332, 1.2116132957208332, 1.2116132957208332, 1.2116132957208332, 1.2116132957208332, 1.2116132957208332, 1.2116132957208332, 1.2116132957208332], "time_cpu_usage_rate": [1681912273.0, 1681912274.0, 1681912275.0, 1681912276.0, 1681912277.0, 1681912278.0, 1681912279.0, 1681912280.0, 1681912281.0, 1681912282.0, 1681912283.0, 1681912284.0, 1681912285.0, 1681912286.0, 1681912287.0, 1681912288.0, 1681912289.0, 1681912290.0, 1681912291.0, 1681912292.0, 1681912293.0, 1681912294.0, 1681912295.0, 1681912296.0, 1681912297.0, 1681912298.0, 1681912299.0, 1681912300.0, 1681912301.0, 1681912302.0, 1681912303.0, 1681912304.0, 1681912305.0, 1681912306.0, 1681912307.0, 1681912308.0, 1681912309.0, 1681912310.0, 1681912311.0, 1681912312.0, 1681912313.0, 1681912314.0, 1681912315.0, 1681912316.0, 1681912317.0, 1681912318.0, 1681912319.0, 1681912320.0, 1681912321.0, 1681912322.0, 1681912323.0, 1681912324.0, 1681912325.0, 1681912326.0, 1681912327.0, 1681912328.0, 1681912329.0, 1681912330.0, 1681912331.0, 1681912332.0, 1681912333.0, 1681912334.0, 1681912335.0, 1681912336.0, 1681912337.0, 1681912338.0, 1681912339.0, 1681912340.0, 1681912341.0, 1681912342.0, 1681912343.0, 1681912344.0, 1681912345.0, 1681912346.0, 1681912347.0, 1681912348.0, 1681912349.0, 1681912350.0, 1681912351.0, 1681912352.0, 1681912353.0, 1681912354.0, 1681912355.0, 1681912356.0, 1681912357.0, 1681912358.0, 1681912359.0, 1681912360.0, 1681912361.0, 1681912362.0], "cpu_throttled_count": [0.0, 0.0, 0.0, 0.0, 0.0, 0.0, 0.0, 0.0, 0.0, 0.0, 0.0, 0.0, 0.0, 0.0, 0.0, 0.0, 0.0, 0.0, 0.0, 0.0, 0.0, 0.0, 0.0, 0.0, 0.0, 0.0, 0.0, 0.0, 0.0, 0.0], "time_cpu_throttled_count": [1681912303.0, 1681912304.0, 1681912305.0, 1681912306.0, 1681912307.0, 1681912308.0, 1681912309.0, 1681912310.0, 1681912311.0, 1681912312.0, 1681912313.0, 1681912314.0, 1681912315.0, 1681912316.0, 1681912317.0, 1681912318.0, 1681912319.0, 1681912320.0, 1681912321.0, 1681912322.0, 1681912323.0, 1681912324.0, 1681912325.0, 1681912326.0, 1681912327.0, 1681912328.0, 1681912329.0, 1681912330.0, 1681912331.0, 1681912332.0], "cpu_throttled_rate": [0.055701346920875555, 0.057503571236431114, 0.059305795551986666, 0.06110801986754221, 0.06291024418309778, 0.06471246849865332, 0.06651469281420888, 0.06831691712976443, 0.07011914144531999, 0.07192136576087554, 0.0737235900764311, 0.07552581439198665, 0.07732803870754221, 0.07913026302309775, 0.08093248733865331, 0.08273471165420888, 0.08453693596976444, 0.08633916028532, 0.08814138460087555, 0.0899436089164311, 0.09174583323198665, 0.09354805754754221, 0.09535028186309777, 0.09715250617865333, 0.09895473049420887, 0.10075695480976443, 0.10255917912531998, 0.10436140344087554, 0.1061636277564311, 0.10796585207198665, 0.10976807638754221, 0.11157030070309776, 0.1133725250186533, 0.0811000942, 0.0811000942, 0.0811000942, 0.0811000942, 0.0811000942, 0.0811000942, 0.0811000942, 0.0811000942, 0.0811000942, 0.0811000942, 0.0811000942, 0.0811000942, 0.0811000942, 0.0811000942, 0.0811000942, 0.0811000942, 0.0811000942, 0.0811000942, 0.0811000942, 0.0811000942, 0.0811000942, 0.0811000942, 0.0811000942, 0.0811000942, 0.0811000942, 0.0811000942, 0.0811000942, 0.0811000942, 0.0811000942, 0.0811000942, 0.0811000942, 0.0811000942, 0.0811000942, 0.0811000942, 0.0811000942, 0.0811000942, 0.0811000942, 0.0811000942, 0.0811000942, 0.0811000942, 0.0811000942, 0.0811000942, 0.0811000942, 0.0811000942, 0.0811000942, 0.0811000942, 0.0811000942, 0.0811000942, 0.0811000942, 0.0811000942, 0.0811000942, 0.0811000942, 0.0811000942, 0.0811000942, 0.0811000942, 0.0811000942, 0.0811000942], "time_cpu_throttled_rate": [1681912273.0, 1681912274.0, 1681912275.0, 1681912276.0, 1681912277.0, 1681912278.0, 1681912279.0, 1681912280.0, 1681912281.0, 1681912282.0, 1681912283.0, 1681912284.0, 1681912285.0, 1681912286.0, 1681912287.0, 1681912288.0, 1681912289.0, 1681912290.0, 1681912291.0, 1681912292.0, 1681912293.0, 1681912294.0, 1681912295.0, 1681912296.0, 1681912297.0, 1681912298.0, 1681912299.0, 1681912300.0, 1681912301.0, 1681912302.0, 1681912303.0, 1681912304.0, 1681912305.0, 1681912306.0, 1681912307.0, 1681912308.0, 1681912309.0, 1681912310.0, 1681912311.0, 1681912312.0, 1681912313.0, 1681912314.0, 1681912315.0, 1681912316.0, 1681912317.0, 1681912318.0, 1681912319.0, 1681912320.0, 1681912321.0, 1681912322.0, 1681912323.0, 1681912324.0, 1681912325.0, 1681912326.0, 1681912327.0, 1681912328.0, 1681912329.0, 1681912330.0, 1681912331.0, 1681912332.0, 1681912333.0, 1681912334.0, 1681912335.0, 1681912336.0, 1681912337.0, 1681912338.0, 1681912339.0, 1681912340.0, 1681912341.0, 1681912342.0, 1681912343.0, 1681912344.0, 1681912345.0, 1681912346.0, 1681912347.0, 1681912348.0, 1681912349.0, 1681912350.0, 1681912351.0, 1681912352.0, 1681912353.0, 1681912354.0, 1681912355.0, 1681912356.0, 1681912357.0, 1681912358.0, 1681912359.0, 1681912360.0, 1681912361.0, 1681912362.0], "memory_usage": [8990720.0, 8990720.0, 8990720.0, 8990720.0, 8990720.0, 8990720.0, 8990720.0, 8990720.0, 8990720.0, 8990720.0, 8990720.0, 8990720.0, 8990720.0, 8990720.0, 8990720.0, 8990720.0, 8990720.0, 8990720.0, 8990720.0, 8990720.0, 8990720.0, 8990720.0, 8990720.0, 8990720.0, 8990720.0, 8990720.0, 8990720.0, 8990720.0, 8990720.0, 8990720.0],