{"cpu_usage_count": [25.553361156, 25.553361156, 25.553361156, 25.553361156, 25.553361156, 25.553361156, 25.553361156, 25.553361156, 25.553361156, 25.553361156, 25.553361156, 25.553361156, 25.553361156, 25.553361156, 25.553361156, 25.553361156, 25.553361156, 25.553361156, 25.553361156, 25.553361156, 25.553361156, 25.553361156, 25.553361156, 25.553361156, 25.553361156, 25.553361156, 25.553361156, 25.553361156, 25.553361156, 25.553361156], "time_cpu_usage_count": [1681912543.0, 1681912544.0, 1681912545.0, 1681912546.0, 1681912547.0, 1681912548.0, 1681912549.0, 1681912550.0, 1681912551.0, 1681912552.0, 1681912553.0, 1681912554.0, 1681912555.0, 1681912556.0, 1681912557.0, 1681912558.0, 1681912559.0, 1681912560.0, 1681912561.0, 1681912562.0, 1681912563.0, 1681912564.0, 1681912565.0, 1681912566.0, 1681912567.0, 1681912568.0, 1681912569.0, 1681912570.0, 1681912571.0, 1681912572.0], "cpu_usage_rate": [0.002642075420452189, 0.002699628199341077, 0.002757180978229966, 0.0028147337571188535, 0.002872286536007742, 0.00292983931489663], "time_cpu_usage_rate": [1681912663.0, 1681912664.0, 1681912665.0, 1681912666.0, 1681912667.0, 1681912668.0], "cpu_throttled_count": [3.046329312, 3.046329312, 3.046329312, 3.046329312, 3.046329312, 3.046329312, 3.046329312, 3.046329312, 3.046329312, 3.046329312, 3.046329312, 3.046329312, 3.046329312, 3.046329312, 3.046329312, 3.046329312, 3.046329312, 3.046329312, 3.046329312, 3.046329312, 3.046329312, 3.046329312, 3.046329312, 3.046329312, 3.046329312, 3.046329312, 3.046329312, 3.046329312, 3.046329312, 3.046329312], "time_cpu_throttled_count": [1681912543.0, 1681912544.0, 1681912545.0, 1681912546.0, 1681912547.0, 1681912548.0, 1681912549.0, 1681912550.0, 1681912551.0, 1681912552.0, 1681912553.0, 1681912554.0, 1681912555.0, 1681912556.0, 1681912557.0, 1681912558.0, 1681912559.0, 1681912560.0, 1681912561.0, 1681912562.0, 1681912563.0, 1681912564.0, 1681912565.0, 1681912566.0, 1681912567.0, 1681912568.0, 1681912569.0, 1681912570.0, 1681912571.0, 1681912572.0], "cpu_throttled_rate": [0.0, 0.0, 0.0, 0.0, 0.0, 0.0], "time_cpu_throttled_rate": [1681912663.0, 1681912664.0, 1681912665.0, 1681912666.0, 1681912667.0, 1681912668.0], "memory_usage": [5794230272.0, 5794230272.0, 5794230272.0, 5794230272.0, 5794230272.0, 5794230272.0, 5794230272.0, 5794230272.0, 5794230272.0, 5794230272.0, 5794230272.0, 5794230272.0, 5794230272.0, 5794230272.0, 5794230272.0, 5794230272.0, 5794230272.0, 5794230272.0, 5794230272.0, 5794230272.0, 5794230272.0, 5794230272.0, 5794230272.0, 5794230272.0, 5794230272.0, 5794230272.0, 5794230272.0, 5794230272.0, 5794230272.0, 5794230272.0], "time_memory_usage": [1681912543.0, 1681912544.0, 1681912545.0, 1681912546.0, 1681912547.0, 1681912548.0, 1681912549.0, 1681912550.0, 1681912551.0, 1681912552.0, 1681912553.0, 1681912554.0, 1681912555.0, 1681912556.0, 1681912557.0, 1681912558.0, 1681912559.0, 1681912560.0, 1681912561.0, 1681912562.0, 1681912563.0, 1681912564.0, 1681912565.0, 1681912566.0, 1681912567.0, 1681912568.0, 1681912569.0, 1681912570.0, 1681912571.0, 1681912572.0], "throughput": [0.008558108558108558, 0.008488888888888888, 0.011266666666666668, 0.010416666666666666, 0.02522072297184741, 0.0252, 0.028771428571428573, 0.050311111111111105, 0.05027999999999999, 0.05528000000000001, 0.054166666666666675, 0.08367299853879874, 0.08366666666666665, 0.08961904761904763, 0.09198750000000001, 0.09196862745098039, 0.0973607843137255, 0.09625, 0.09625, 0.09625, 0.17541356117069626, 0.18336666060716234, 0.19131976004362844, 0.18295454545454545, 0.18295454545454545, 0.18295454545454545, 0.18295454545454545, 0.18295454545454545, 0.18295454545454545, 0.18295454545454545, 0.18295454545454545, 0.18295454545454545, 0.18295454545454545, 0.18295454545454545, 0.18295454545454545, 0.18295454545454545, 0.18295454545454545, 0.18295454545454545, 0.18295454545454545, 0.18295454545454545, 0.18295454545454545, 0.18295454545454545, 0.18295454545454545, 0.18295454545454545, 0.18295454545454545, 0.18295454545454545, 0.18295454545454545, 0.18295454545454545, 0.18295454545454545, 0.18295454545454545, 0.18295454545454545, 0.18295454545454545, 0.18295454545454545, 0.18295454545454545, 0.18295454545454545, 0.18295454545454545, 0.18295454545454545, 0.18295454545454545, 0.18295454545454545, 0.18295454545454545, 0.18295454545454545, 0.18295454545454545, 0.18295454545454545, 0.18295454545454545, 0.18295454545454545, 0.18295454545454545, 0.18295454545454545, 0.18295454545454545, 0.18295454545454545, 0.18295454545454545, 0.18295454545454545, 0.18295454545454545, 0.18295454545454545, 0.18295454545454545, 0.18295454545454545, 0.18295454545454545, 0.18295454545454545, 0.18295454545454545, 0.18295454545454545, 0.18295454545454545, 0.18295454545454545, 0.18295454545454545, 0.18295454545454545, 0.17511529411764706, 0.17717411764705882, 0.17923294117647057, 0.18129176470588235, 0.20845505070933143, 0.208462962962963, 0.2084615384615385, 0.20846014492753623, 0.20845878136200716, 0.20845744680851067, 0.20845614035087717, 0.2084548611111111, 0.20845360824742268, 0.20845238095238094, 0.20845117845117841, 0.20844999999999997, 0.20844884488448845, 0.20844771241830065, 0.20844660194174755, 0.20844551282051285, 0.20844444444444443, 0.2084433962264151, 0.2084423676012461, 0.20844135802469138, 0.20844036697247706, 0.2084393939393939, 0.20843843843843843, 0.2084375, 0.20843657817109146, 0.20843567251461986, 0.20843478260869566, 0.20843390804597703, 0.20843304843304847, 0.2084322033898305, 0.20843137254901958, 0.20339327785216696, 0.201684061917007, 0.20168067226890757, 0.18550441820445535, 0.1864454181038501, 0.18487861038513576, 0.18487394957983191, 0.16101694915254236, 0.15966386554621848, 0.15966386554621848, 0.1263896178279894, 0.1271218759798978, 0.1260535979898653, 0.12605042016806722, 0.11864406779661016, 0.11764705882352941, 0.11764705882352941], "time_throughput": [1681912534.0, 1681912535.0, 1681912536.0, 1681912537.0, 1681912538.0, 1681912539.0, 1681912540.0, 1681912541.0, 1681912542.0, 1681912543.0, 1681912544.0, 1681912545.0, 1681912546.0, 1681912547.0, 1681912548.0, 1681912549.0, 1681912550.0, 1681912551.0, 1681912552.0, 1681912553.0, 1681912554.0, 1681912555.0, 1681912556.0, 1681912557.0, 1681912558.0, 1681912559.0, 1681912560.0, 1681912561.0, 1681912562.0, 1681912563.0, 1681912564.0, 1681912565.0, 1681912566.0, 1681912567.0, 1681912568.0, 1681912569.0, 1681912570.0, 1681912571.0, 1681912572.0, 1681912573.0, 1681912574.0, 1681912575.0, 1681912576.0, 1681912577.0, 1681912578.0, 1681912579.0, 1681912580.0, 1681912581.0, 1681912582.0, 1681912583.0, 1681912584.0, 1681912585.0, 1681912586.0, 1681912587.0, 1681912588.0, 1681912589.0, 1681912590.0, 1681912591.0, 1681912592.0, 1681912593.0, 1681912594.0, 1681912595.0, 1681912596.0, 1681912597.0, 1681912598.0, 1681912599.0, 1681912600.0, 1681912601.0, 1681912602.0, 1681912603.0, 1681912604.0, 1681912605.0, 1681912606.0, 1681912607.0, 1681912608.0, 1681912609.0, 1681912610.0, 1681912611.0, 1681912612.0, 1681912613.0, 1681912614.0, 1681912615.0, 1681912616.0, 1681912617.0, 1681912618.0, 1681912619.0, 1681912620.0, 1681912621.0, 1681912622.0, 1681912623.0, 1681912624.0, 1681912625.0, 1681912626.0, 1681912627.0, 1681912628.0, 1681912629.0, 1681912630.0, 1681912631.0, 1681912632.0, 1681912633.0, 1681912634.0, 1681912635.0, 1681912636.0, 1681912637.0, 1681912638.0, 1681912639.0, 1681912640.0, 1681912641.0, 1681912642.0, 1681912643.0, 1681912644.0, 1681912645.0, 1681912646.0, 1681912647.0, 1681912648.0, 1681912649.0, 1681912650.0, 1681912651.0, 1681912652.0, 1681912653.0, 1681912654.0, 1681912655.0, 1681912656.0, 1681912657.0, 1681912658.0, 1681912659.0, 1681912660.0, 1681912661.0, 1681912662.0, 1681912663.0, 1681912664.0, 1681912665.0, 1681912666.0, 1681912667.0, 1681912668.0], "responses": [], "start_time_experiment": 1681912548.1214855, "end_time_experiment": 1681912668.254025}