{"cpu_usage_count": [0.075159687, 0.075159687, 0.075159687, 0.075159687, 0.075159687, 0.075159687, 0.075159687, 0.075159687, 0.075159687, 0.075159687, 0.075159687, 0.075159687, 0.075159687, 0.075159687, 0.075159687, 0.075159687, 0.075159687, 0.075159687, 0.075159687, 0.075159687, 0.075159687, 0.075159687, 0.075159687, 0.075159687, 0.075159687, 0.075159687, 0.075159687, 0.075159687, 0.075159687, 0.075159687, 48.743697768, 48.743697768, 48.743697768, 48.743697768, 48.743697768, 48.743697768, 48.743697768, 48.743697768, 48.743697768, 48.743697768, 48.743697768, 48.743697768, 48.743697768, 48.743697768, 48.743697768, 48.743697768, 48.743697768, 48.743697768, 48.743697768, 48.743697768, 48.743697768, 48.743697768, 48.743697768, 48.743697768, 48.743697768, 48.743697768], "time_cpu_usage_count": [1681912783.0, 1681912784.0, 1681912785.0, 1681912786.0, 1681912787.0, 1681912788.0, 1681912789.0, 1681912790.0, 1681912791.0, 1681912792.0, 1681912793.0, 1681912794.0, 1681912795.0, 1681912796.0, 1681912797.0, 1681912798.0, 1681912799.0, 1681912800.0, 1681912801.0, 1681912802.0, 1681912803.0, 1681912804.0, 1681912805.0, 1681912806.0, 1681912807.0, 1681912808.0, 1681912809.0, 1681912810.0, 1681912811.0, 1681912812.0, 1681912813.0, 1681912814.0, 1681912815.0, 1681912816.0, 1681912817.0, 1681912818.0, 1681912819.0, 1681912820.0, 1681912821.0, 1681912822.0, 1681912823.0, 1681912824.0, 1681912825.0, 1681912826.0, 1681912827.0, 1681912828.0, 1681912829.0, 1681912830.0, 1681912831.0, 1681912832.0, 1681912833.0, 1681912834.0, 1681912835.0, 1681912836.0, 1681912837.0, 1681912838.0], "cpu_usage_rate": [0.41845924918874083, 0.4319782875445741, 0.4454973259004074, 0.45901636425624076, 0.47253540261207405, 0.48605444096790745, 0.4995734793237407, 0.5130925176795741, 0.5266115560354074, 0.5401305943912408, 0.553649632747074, 0.5671686711029074, 0.5806877094587406, 0.594206747814574, 0.6077257861704074, 0.6212448245262406, 0.6347638628820741, 0.6482829012379074, 0.6618019395937407, 0.6753209779495741, 0.6888400163054075, 0.7023590546612407, 0.7158780930170742, 0.7293971313729074, 0.7429161697287407, 0.756435208084574], "time_cpu_usage_rate": [1681912813.0, 1681912814.0, 1681912815.0, 1681912816.0, 1681912817.0, 1681912818.0, 1681912819.0, 1681912820.0, 1681912821.0, 1681912822.0, 1681912823.0, 1681912824.0, 1681912825.0, 1681912826.0, 1681912827.0, 1681912828.0, 1681912829.0, 1681912830.0, 1681912831.0, 1681912832.0, 1681912833.0, 1681912834.0, 1681912835.0, 1681912836.0, 1681912837.0, 1681912838.0], "cpu_throttled_count": [0.0, 0.0, 0.0, 0.0, 0.0, 0.0, 0.0, 0.0, 0.0, 0.0, 0.0, 0.0, 0.0, 0.0, 0.0, 0.0, 0.0, 0.0, 0.0, 0.0, 0.0, 0.0, 0.0, 0.0, 0.0, 0.0, 0.0, 0.0, 0.0, 0.0, 3.171632971, 3.171632971, 3.171632971, 3.171632971, 3.171632971, 3.171632971, 3.171632971, 3.171632971, 3.171632971, 3.171632971, 3.171632971, 3.171632971, 3.171632971, 3.171632971, 3.171632971, 3.171632971, 3.171632971, 3.171632971, 3.171632971, 3.171632971, 3.171632971, 3.171632971, 3.171632971, 3.171632971, 3.171632971, 3.171632971], "time_cpu_throttled_count": [1681912783.0, 1681912784.0, 1681912785.0, 1681912786.0, 1681912787.0, 1681912788.0, 1681912789.0, 1681912790.0, 1681912791.0, 1681912792.0, 1681912793.0, 1681912794.0, 1681912795.0, 1681912796.0, 1681912797.0, 1681912798.0, 1681912799.0, 1681912800.0, 1681912801.0, 1681912802.0, 1681912803.0, 1681912804.0, 1681912805.0, 1681912806.0, 1681912807.0, 1681912808.0, 1681912809.0, 1681912810.0, 1681912811.0, 1681912812.0, 1681912813.0, 1681912814.0, 1681912815.0, 1681912816.0, 1681912817.0, 1681912818.0, 1681912819.0, 1681912820.0, 1681912821.0, 1681912822.0, 1681912823.0, 1681912824.0, 1681912825.0, 1681912826.0, 1681912827.0, 1681912828.0, 1681912829.0, 1681912830.0, 1681912831.0, 1681912832.0, 1681912833.0, 1681912834.0, 1681912835.0, 1681912836.0, 1681912837.0, 1681912838.0], "cpu_throttled_rate": [0.027229350065193614, 0.028110359223804726, 0.028991368382415835, 0.029872377541026944, 0.030753386699638056, 0.03163439585824916, 0.032515405016860274, 0.03339641417547139, 0.0342774233340825, 0.035158432492693605, 0.03603944165130472, 0.03692045080991583, 0.03780145996852694, 0.03868246912713805, 0.039563478285749167, 0.04044448744436027, 0.041325496602971384, 0.0422065057615825, 0.04308751492019361, 0.04396852407880472, 0.044849533237415834, 0.045730542396026946, 0.04661155155463805, 0.047492560713249164, 0.04837356987186028, 0.04925457903047139], "time_cpu_throttled_rate": [1681912813.0, 1681912814.0, 1681912815.0, 1681912816.0, 1681912817.0, 1681912818.0, 1681912819.0, 1681912820.0, 1681912821.0, 1681912822.0, 1681912823.0, 1681912824.0, 1681912825.0, 1681912826.0, 1681912827.0, 1681912828.0, 1681912829.0, 1681912830.0, 1681912831.0, 1681912832.0, 1681912833.0, 1681912834.0, 1681912835.0, 1681912836.0, 1681912837.0, 1681912838.0], "memory_usage": [7819264.0, 7819264.0, 7819264.0, 7819264.0, 7819264.0, 7819264.0, 7819264.0, 7819264.0, 7819264.0, 7819264.0, 7819264.0, 7819264.0, 7819264.0, 7819264.0, 7819264.0, 7819264.0, 7819264.0, 7819264.0, 7819264.0, 7819264.0, 7819264.0, 7819264.0, 7819264.0, 7819264.0, 7819264.0, 7819264.0, 7819264.0, 7819264.0, 7819264.0, 7819264.0, 3738681344.0, 3738681344.0, 3738681344.0, 3738681344.0, 3738681344.0, 3738681344.0, 3738681344.0, 3738681344.0, 3738681344.0, 3738681344.0, 3738681344.0, 3738681344.0, 3738681344.0, 3738681344.0, 3738681344.0, 3738681344.0, 3738681344.0, 3738681344.0, 3738681344.0, 3738681344.0, 3738681344.0, 3738681344.0, 3738681344.0, 3738681344.0, 3738681344.0, 3738681344.0], "time_memory_usage": [1681912783.0, 1681912784.0, 1681912785.0, 1681912786.0, 1681912787.0, 1681912788.0, 1681912789.0, 1681912790.0, 1681912791.0, 1681912792.0, 1681912793.0, 1681912794.0, 1681912795.0, 1681912796.0, 1681912797.0, 1681912798.0, 1681912799.0, 1681912800.0, 1681912801.0, 1681912802.0, 1681912803.0, 1681912804.0, 1681912805.0, 1681912806.0, 1681912807.0, 1681912808.0, 1681912809.0, 1681912810.0, 1681912811.0, 1681912812.0, 1681912813.0, 1681912814.0, 1681912815.0, 1681912816.0, 1681912817.0, 1681912818.0, 1681912819.0, 1681912820.0, 1681912821.0, 1681912822.0, 1681912823.0, 1681912824.0, 1681912825.0, 1681912826.0, 1681912827.0, 1681912828.0, 1681912829.0, 1681912830.0, 1681912831.0, 1681912832.0, 1681912833.0, 1681912834.0, 1681912835.0, 1681912836.0, 1681912837.0, 1681912838.0],