{"cpu_usage_count": [0.077286619, 0.077286619, 0.077286619, 0.077286619, 0.077286619, 0.077286619, 0.077286619, 0.077286619, 0.077286619, 0.077286619, 0.077286619, 0.077286619, 0.077286619, 0.077286619, 0.077286619, 0.077286619, 0.077286619, 0.077286619, 0.077286619, 0.077286619, 0.077286619, 0.077286619, 0.077286619, 0.077286619, 0.077286619, 0.077286619, 0.077286619, 0.077286619, 0.077286619, 0.077286619, 10.296590156, 10.296590156, 10.296590156, 10.296590156, 10.296590156, 10.296590156, 10.296590156, 10.296590156, 10.296590156, 10.296590156, 10.296590156, 10.296590156, 10.296590156, 10.296590156, 10.296590156, 10.296590156, 10.296590156, 10.296590156, 10.296590156, 10.296590156, 10.296590156, 10.296590156, 10.296590156], "time_cpu_usage_count": [1681935763.0, 1681935764.0, 1681935765.0, 1681935766.0, 1681935767.0, 1681935768.0, 1681935769.0, 1681935770.0, 1681935771.0, 1681935772.0, 1681935773.0, 1681935774.0, 1681935775.0, 1681935776.0, 1681935777.0, 1681935778.0, 1681935779.0, 1681935780.0, 1681935781.0, 1681935782.0, 1681935783.0, 1681935784.0, 1681935785.0, 1681935786.0, 1681935787.0, 1681935788.0, 1681935789.0, 1681935790.0, 1681935791.0, 1681935792.0, 1681935793.0, 1681935794.0, 1681935795.0, 1681935796.0, 1681935797.0, 1681935798.0, 1681935799.0, 1681935800.0, 1681935801.0, 1681935802.0, 1681935803.0, 1681935804.0, 1681935805.0, 1681935806.0, 1681935807.0, 1681935808.0, 1681935809.0, 1681935810.0, 1681935811.0, 1681935812.0, 1681935813.0, 1681935814.0, 1681935815.0], "cpu_usage_rate": [0.08837961471890529, 0.09121831014584972, 0.09405700557279419, 0.09689570099973861, 0.09973439642668307, 0.1025730918536275, 0.10541178728057195, 0.10825048270751639, 0.11108917813446083, 0.11392787356140528, 0.11676656898834972, 0.11960526441529415, 0.12244395984223862, 0.12528265526918306, 0.1281213506961275, 0.13096004612307194, 0.1337987415500164, 0.13663743697696085, 0.13947613240390527, 0.14231482783084975, 0.14515352325779415, 0.1479922186847386, 0.15083091411168306], "time_cpu_usage_rate": [1681935793.0, 1681935794.0, 1681935795.0, 1681935796.0, 1681935797.0, 1681935798.0, 1681935799.0, 1681935800.0, 1681935801.0, 1681935802.0, 1681935803.0, 1681935804.0, 1681935805.0, 1681935806.0, 1681935807.0, 1681935808.0, 1681935809.0, 1681935810.0, 1681935811.0, 1681935812.0, 1681935813.0, 1681935814.0, 1681935815.0], "cpu_throttled_count": [0.0, 0.0, 0.0, 0.0, 0.0, 0.0, 0.0, 0.0, 0.0, 0.0, 0.0, 0.0, 0.0, 0.0, 0.0, 0.0, 0.0, 0.0, 0.0, 0.0, 0.0, 0.0, 0.0, 0.0, 0.0, 0.0, 0.0, 0.0, 0.0, 0.0, 47.902781825, 47.902781825, 47.902781825, 47.902781825, 47.902781825, 47.902781825, 47.902781825, 47.902781825, 47.902781825, 47.902781825, 47.902781825, 47.902781825, 47.902781825, 47.902781825, 47.902781825, 47.902781825, 47.902781825, 47.902781825, 47.902781825, 47.902781825, 47.902781825, 47.902781825, 47.902781825], "time_cpu_throttled_count": [1681935763.0, 1681935764.0, 1681935765.0, 1681935766.0, 1681935767.0, 1681935768.0, 1681935769.0, 1681935770.0, 1681935771.0, 1681935772.0, 1681935773.0, 1681935774.0, 1681935775.0, 1681935776.0, 1681935777.0, 1681935778.0, 1681935779.0, 1681935780.0, 1681935781.0, 1681935782.0, 1681935783.0, 1681935784.0, 1681935785.0, 1681935786.0, 1681935787.0, 1681935788.0, 1681935789.0, 1681935790.0, 1681935791.0, 1681935792.0, 1681935793.0, 1681935794.0, 1681935795.0, 1681935796.0, 1681935797.0, 1681935798.0, 1681935799.0, 1681935800.0, 1681935801.0, 1681935802.0, 1681935803.0, 1681935804.0, 1681935805.0, 1681935806.0, 1681935807.0, 1681935808.0, 1681935809.0, 1681935810.0, 1681935811.0, 1681935812.0, 1681935813.0, 1681935814.0, 1681935815.0], "cpu_throttled_rate": [0.41125868829590967, 0.424565016580632, 0.4378713448653542, 0.45117767315007634, 0.46448400143479857, 0.47779032971952073, 0.491096658004243, 0.5044029862889652, 0.5177093145736874, 0.5310156428584096, 0.544321971143132, 0.5576282994278541, 0.5709346277125763, 0.5842409559972985, 0.5975472842820208, 0.610853612566743, 0.6241599408514652, 0.6374662691361874, 0.6507725974209096, 0.6640789257056319, 0.677385253990354, 0.6906915822750764, 0.7039979105597985], "time_cpu_throttled_rate": [1681935793.0, 1681935794.0, 1681935795.0, 1681935796.0, 1681935797.0, 1681935798.0, 1681935799.0, 1681935800.0, 1681935801.0, 1681935802.0, 1681935803.0, 1681935804.0, 1681935805.0, 1681935806.0, 1681935807.0, 1681935808.0, 1681935809.0, 1681935810.0, 1681935811.0, 1681935812.0, 1681935813.0, 1681935814.0, 1681935815.0], "memory_usage": [10108928.0, 10108928.0, 10108928.0, 10108928.0, 10108928.0, 10108928.0, 10108928.0, 10108928.0, 10108928.0, 10108928.0, 10108928.0, 10108928.0, 10108928.0, 10108928.0, 10108928.0, 10108928.0, 10108928.0, 10108928.0, 10108928.0, 10108928.0, 10108928.0, 10108928.0, 10108928.0, 10108928.0, 10108928.0, 10108928.0, 10108928.0, 10108928.0, 10108928.0, 10108928.0, 3441172480.0, 3441172480.0, 3441172480.0, 3441172480.0, 3441172480.0, 3441172480.0, 3441172480.0, 3441172480.0, 3441172480.0, 3441172480.0, 3441172480.0, 3441172480.0, 3441172480.0, 3441172480.0, 3441172480.0, 3441172480.0, 3441172480.0, 3441172480.0, 3441172480.0, 3441172480.0, 3441172480.0, 3441172480.0, 3441172480.0], "time_memory_usage": [1681935763.0, 1681935764.0, 1681935765.0, 1681935766.0, 1681935767.0, 1681935768.0, 1681935769.0, 1681935770.0, 1681935771.0, 1681935772.0, 1681935773.0, 1681935774.0, 1681935775.0, 1681935776.0, 1681935777.0, 1681935778.0, 1681935779.0, 1681935780.0, 1681935781.0, 1681935782.0, 1681935783.0, 1681935784.0, 1681935785.0, 1681935786.0, 1681935787.0, 1681935788.0, 1681935789.0, 1681935790.0, 1681935791.0, 1681935792.0, 1681935793.0, 1681935794.0, 1681935795.0, 1681935796.0, 1681935797.0, 1681935798.0, 1681935799.0, 1681935800.0, 1681935801.0, 1681935802.0, 1681935803.0, 1681935804.0, 1681935805.0, 1681935806.0, 1681935807.0, 1681935808.0, 1681935809.0, 1681935810.0, 1681935811.0, 1681935812.0, 1681935813.0, 1681935814.0, 1681935815.0],