{"cpu_usage_count": [60.847237043, 60.847237043, 60.847237043, 60.847237043, 60.847237043, 60.847237043, 60.847237043, 60.847237043, 60.847237043, 60.847237043, 60.847237043, 60.847237043, 60.847237043, 60.847237043, 60.847237043, 60.847237043, 60.847237043, 60.847237043, 60.847237043, 60.847237043, 60.847237043, 60.847237043, 60.847237043, 60.847237043, 60.847237043, 60.847237043, 60.847237043, 60.847237043, 60.847237043, 60.847237043, 220.699880027, 220.699880027, 220.699880027, 220.699880027, 220.699880027, 220.699880027, 220.699880027, 220.699880027, 220.699880027, 220.699880027, 220.699880027, 220.699880027, 220.699880027, 220.699880027, 220.699880027, 220.699880027, 220.699880027, 220.699880027, 220.699880027, 220.699880027, 220.699880027, 220.699880027, 220.699880027, 220.699880027, 220.699880027, 220.699880027, 220.699880027, 220.699880027, 220.699880027, 220.699880027], "time_cpu_usage_count": [1681936183.0, 1681936184.0, 1681936185.0, 1681936186.0, 1681936187.0, 1681936188.0, 1681936189.0, 1681936190.0, 1681936191.0, 1681936192.0, 1681936193.0, 1681936194.0, 1681936195.0, 1681936196.0, 1681936197.0, 1681936198.0, 1681936199.0, 1681936200.0, 1681936201.0, 1681936202.0, 1681936203.0, 1681936204.0, 1681936205.0, 1681936206.0, 1681936207.0, 1681936208.0, 1681936209.0, 1681936210.0, 1681936211.0, 1681936212.0, 1681936213.0, 1681936214.0, 1681936215.0, 1681936216.0, 1681936217.0, 1681936218.0, 1681936219.0, 1681936220.0, 1681936221.0, 1681936222.0, 1681936223.0, 1681936224.0, 1681936225.0, 1681936226.0, 1681936227.0, 1681936228.0, 1681936229.0, 1681936230.0, 1681936231.0, 1681936232.0, 1681936233.0, 1681936234.0, 1681936235.0, 1681936236.0, 1681936237.0, 1681936238.0, 1681936239.0, 1681936240.0, 1681936241.0, 1681936242.0], "cpu_usage_rate": [1.8794396522212466, 1.9238431641612468, 1.9682466761012465, 2.012650188041247, 2.0570536999812465, 2.1014572119212467, 2.1458607238612464, 2.1902642358012465, 2.2346677477412467, 2.2790712596812464, 2.323474771621247, 2.3678782835612466, 2.4122817955012463, 2.4566853074412465, 2.5010888193812466, 2.5454923313212467, 2.5898958432612464, 2.634299355201246, 2.6787028671412463, 2.723106379081247, 2.7675098910212466, 2.8119134029612463, 2.8563169149012464, 2.900720426841247, 2.9451239387812462, 2.9895274507212464, 3.033930962661247, 3.0783344746012467, 3.1227379865412463, 3.167141498481246, 3.211545010421247, 3.2559485223612463, 3.3003520343012465, 2.5052183459916666, 2.5052183459916666, 2.5052183459916666, 2.5052183459916666, 2.5052183459916666, 2.5052183459916666, 2.5052183459916666, 2.5052183459916666, 2.5052183459916666, 2.5052183459916666, 2.5052183459916666, 2.5052183459916666, 2.5052183459916666, 2.5052183459916666, 2.5052183459916666, 2.5052183459916666, 2.5052183459916666, 2.5052183459916666, 2.5052183459916666, 2.5052183459916666, 2.5052183459916666, 2.5052183459916666, 2.5052183459916666, 2.5052183459916666, 2.5052183459916666, 2.5052183459916666, 2.5052183459916666, 2.5052183459916666, 2.5052183459916666, 2.5052183459916666, 2.5052183459916666, 2.5052183459916666, 2.5052183459916666, 2.5052183459916666, 2.5052183459916666, 2.5052183459916666, 2.5052183459916666, 2.5052183459916666, 2.5052183459916666, 2.5052183459916666, 2.5052183459916666, 2.5052183459916666, 2.5052183459916666, 2.5052183459916666, 2.5052183459916666, 2.49072619525042, 2.44632268331042, 2.4019191713704204, 2.35751565943042, 2.31311214749042, 2.26870863555042, 2.2243051236104203, 2.1799016116704197, 2.13549809973042, 2.0910945877904203, 2.04669107585042, 2.00228756391042], "time_cpu_usage_rate": [1681936213.0, 1681936214.0, 1681936215.0, 1681936216.0, 1681936217.0, 1681936218.0, 1681936219.0, 1681936220.0, 1681936221.0, 1681936222.0, 1681936223.0, 1681936224.0, 1681936225.0, 1681936226.0, 1681936227.0, 1681936228.0, 1681936229.0, 1681936230.0, 1681936231.0, 1681936232.0, 1681936233.0, 1681936234.0, 1681936235.0, 1681936236.0, 1681936237.0, 1681936238.0, 1681936239.0, 1681936240.0, 1681936241.0, 1681936242.0, 1681936243.0, 1681936244.0, 1681936245.0, 1681936246.0, 1681936247.0, 1681936248.0, 1681936249.0, 1681936250.0, 1681936251.0, 1681936252.0, 1681936253.0, 1681936254.0, 1681936255.0, 1681936256.0, 1681936257.0, 1681936258.0, 1681936259.0, 1681936260.0, 1681936261.0, 1681936262.0, 1681936263.0, 1681936264.0, 1681936265.0, 1681936266.0, 1681936267.0, 1681936268.0, 1681936269.0, 1681936270.0, 1681936271.0, 1681936272.0, 1681936273.0, 1681936274.0, 1681936275.0, 1681936276.0, 1681936277.0, 1681936278.0, 1681936279.0, 1681936280.0, 1681936281.0, 1681936282.0, 1681936283.0, 1681936284.0, 1681936285.0, 1681936286.0, 1681936287.0, 1681936288.0, 1681936289.0, 1681936290.0, 1681936291.0, 1681936292.0, 1681936293.0, 1681936294.0, 1681936295.0, 1681936296.0, 1681936297.0, 1681936298.0, 1681936299.0, 1681936300.0, 1681936301.0, 1681936302.0], "cpu_throttled_count": [14.217320895, 14.217320895, 14.217320895, 14.217320895, 14.217320895, 14.217320895, 14.217320895, 14.217320895, 14.217320895, 14.217320895, 14.217320895, 14.217320895, 14.217320895, 14.217320895, 14.217320895, 14.217320895, 14.217320895, 14.217320895, 14.217320895, 14.217320895, 14.217320895, 14.217320895, 14.217320895, 14.217320895, 14.217320895, 14.217320895, 14.217320895, 14.217320895, 14.217320895, 14.217320895, 14.663118204, 14.663118204, 14.663118204, 14.663118204, 14.663118204, 14.663118204, 14.663118204, 14.663118204, 14.663118204, 14.663118204, 14.663118204, 14.663118204, 14.663118204, 14.663118204, 14.663118204, 14.663118204, 14.663118204, 14.663118204, 14.663118204, 14.663118204, 14.663118204, 14.663118204, 14.663118204, 14.663118204, 14.663118204, 14.663118204, 14.663118204, 14.663118204, 14.663118204, 14.663118204], "time_cpu_throttled_count": [1681936183.0, 1681936184.0, 1681936185.0, 1681936186.0, 1681936187.0, 1681936188.0, 1681936189.0, 1681936190.0, 1681936191.0, 1681936192.0, 1681936193.0, 1681936194.0, 1681936195.0, 1681936196.0, 1681936197.0, 1681936198.0, 1681936199.0, 1681936200.0, 1681936201.0, 1681936202.0, 1681936203.0, 1681936204.0, 1681936205.0, 1681936206.0, 1681936207.0, 1681936208.0, 1681936209.0, 1681936210.0, 1681936211.0, 1681936212.0, 1681936213.0, 1681936214.0, 1681936215.0, 1681936216.0, 1681936217.0, 1681936218.0, 1681936219.0, 1681936220.0, 1681936221.0, 1681936222.0, 1681936223.0, 1681936224.0, 1681936225.0, 1681936226.0, 1681936227.0, 1681936228.0, 1681936229.0, 1681936230.0, 1681936231.0, 1681936232.0, 1681936233.0, 1681936234.0, 1681936235.0, 1681936236.0, 1681936237.0, 1681936238.0, 1681936239.0, 1681936240.0, 1681936241.0, 1681936242.0],