{"cpu_usage_count": [52.53669338, 52.53669338, 52.53669338, 52.53669338, 52.53669338, 52.53669338, 52.53669338, 52.53669338, 52.53669338, 52.53669338, 52.53669338, 52.53669338, 52.53669338, 52.53669338, 52.53669338, 52.53669338, 52.53669338, 52.53669338, 52.53669338, 52.53669338, 52.53669338, 52.53669338, 52.53669338, 52.53669338, 52.53669338, 52.53669338, 52.53669338, 52.53669338, 52.53669338, 52.53669338], "time_cpu_usage_count": [1681936423.0, 1681936424.0, 1681936425.0, 1681936426.0, 1681936427.0, 1681936428.0, 1681936429.0, 1681936430.0, 1681936431.0, 1681936432.0, 1681936433.0, 1681936434.0, 1681936435.0, 1681936436.0, 1681936437.0, 1681936438.0, 1681936439.0, 1681936440.0, 1681936441.0, 1681936442.0, 1681936443.0, 1681936444.0, 1681936445.0, 1681936446.0, 1681936447.0, 1681936448.0, 1681936449.0, 1681936450.0, 1681936451.0, 1681936452.0], "cpu_usage_rate": [0.13095931735478947, 0.1351762249675672, 0.139393132580345, 0.14361004019312276, 0.14782694780590055, 0.15204385541867832, 0.1562607630314561], "time_cpu_usage_rate": [1681936483.0, 1681936484.0, 1681936485.0, 1681936486.0, 1681936487.0, 1681936488.0, 1681936489.0], "cpu_throttled_count": [16.093651708, 16.093651708, 16.093651708, 16.093651708, 16.093651708, 16.093651708, 16.093651708, 16.093651708, 16.093651708, 16.093651708, 16.093651708, 16.093651708, 16.093651708, 16.093651708, 16.093651708, 16.093651708, 16.093651708, 16.093651708, 16.093651708, 16.093651708, 16.093651708, 16.093651708, 16.093651708, 16.093651708, 16.093651708, 16.093651708, 16.093651708, 16.093651708, 16.093651708, 16.093651708], "time_cpu_throttled_count": [1681936423.0, 1681936424.0, 1681936425.0, 1681936426.0, 1681936427.0, 1681936428.0, 1681936429.0, 1681936430.0, 1681936431.0, 1681936432.0, 1681936433.0, 1681936434.0, 1681936435.0, 1681936436.0, 1681936437.0, 1681936438.0, 1681936439.0, 1681936440.0, 1681936441.0, 1681936442.0, 1681936443.0, 1681936444.0, 1681936445.0, 1681936446.0, 1681936447.0, 1681936448.0, 1681936449.0, 1681936450.0, 1681936451.0, 1681936452.0], "cpu_throttled_rate": [0.13117715255718168, 0.13542140636884833, 0.139665660180515, 0.14390991399218164, 0.14815416780384832, 0.15239842161551495, 0.15664267542718163], "time_cpu_throttled_rate": [1681936483.0, 1681936484.0, 1681936485.0, 1681936486.0, 1681936487.0, 1681936488.0, 1681936489.0], "memory_usage": [4638240768.0, 4638240768.0, 4638240768.0, 4638240768.0, 4638240768.0, 4638240768.0, 4638240768.0, 4638240768.0, 4638240768.0, 4638240768.0, 4638240768.0, 4638240768.0, 4638240768.0, 4638240768.0, 4638240768.0, 4638240768.0, 4638240768.0, 4638240768.0, 4638240768.0, 4638240768.0, 4638240768.0, 4638240768.0, 4638240768.0, 4638240768.0, 4638240768.0, 4638240768.0, 4638240768.0, 4638240768.0, 4638240768.0, 4638240768.0], "time_memory_usage": [1681936423.0, 1681936424.0, 1681936425.0, 1681936426.0, 1681936427.0, 1681936428.0, 1681936429.0, 1681936430.0, 1681936431.0, 1681936432.0, 1681936433.0, 1681936434.0, 1681936435.0, 1681936436.0, 1681936437.0, 1681936438.0, 1681936439.0, 1681936440.0, 1681936441.0, 1681936442.0, 1681936443.0, 1681936444.0, 1681936445.0, 1681936446.0, 1681936447.0, 1681936448.0, 1681936449.0, 1681936450.0, 1681936451.0, 1681936452.0], "throughput": [0.008825, 0.008702083333333333, 0.010785416666666665, 0.01286875, 0.010416666666666666, 0.010416666666666666, 0.025477512493059414, 0.0254425, 0.027942499999999995, 0.0304425, 0.028125, 0.028125, 0.028125, 0.028125, 0.028125, 0.0672997889592358, 0.0672877192982456, 0.07079649122807016, 0.07430526315789474, 0.0778140350877193, 0.07222222222222222, 0.09232347427619245, 0.09231566666666667, 0.09598233333333334, 0.09964900000000002, 0.10331566666666667, 0.09739583333333333, 0.09739583333333333, 0.09739583333333333, 0.09739583333333333, 0.09739583333333333, 0.09739583333333333, 0.09739583333333333, 0.09739583333333333, 0.09739583333333333, 0.09739583333333333, 0.09739583333333333, 0.09739583333333333, 0.09739583333333333, 0.09739583333333333, 0.09739583333333333, 0.09739583333333333, 0.2592227133401448, 0.2649606488679609, 0.2706985843957769, 0.2764365199235929, 0.2821744554514089, 0.287912390979225, 0.2726851851851852, 0.2726851851851852, 0.2726851851851852, 0.2726851851851852, 0.2726851851851852, 0.2726851851851852, 0.2726851851851852, 0.2726851851851852, 0.2726851851851852, 0.2726851851851852, 0.2726851851851852, 0.2726851851851852, 0.2726851851851852, 0.2726851851851852, 0.2726851851851852, 0.2726851851851852, 0.2726851851851852, 0.2726851851851852, 0.2726851851851852, 0.2726851851851852, 0.2726851851851852, 0.2726851851851852, 0.2726851851851852, 0.2726851851851852, 0.2726851851851852, 0.2726851851851852, 0.2726851851851852, 0.2726851851851852, 0.2726851851851852, 0.2726851851851852, 0.2726851851851852, 0.2726851851851852, 0.2726851851851852, 0.2726851851851852, 0.2726851851851852, 0.2726851851851852, 0.2726851851851852, 0.2726851851851852, 0.2726851851851852, 0.2726851851851852, 0.2726851851851852, 0.2726851851851852, 0.2726851851851852, 0.2726851851851852, 0.2726851851851852, 0.2726851851851852, 0.2726851851851852, 0.2726851851851852, 0.2726851851851852, 0.2726851851851852, 0.2726851851851852, 0.2726851851851852, 0.2726851851851852, 0.2726851851851852, 0.2726851851851852, 0.2726851851851852, 0.2726851851851852, 0.2726851851851852, 0.2726851851851852, 0.2726851851851852, 0.2726851851851852, 0.2726851851851852, 0.2726851851851852, 0.2726851851851852, 0.2726851851851852, 0.2726851851851852, 0.2726851851851852, 0.2726851851851852, 0.2726851851851852, 0.27395833333333336, 0.27395833333333336, 0.27052124482413975, 0.2728727442417657, 0.2777777777777778, 0.2775771780609774, 0.2710987558344362, 0.26462033360789505, 0.2581419113813539, 0.26214988673786005, 0.23958333333333334, 0.26407375876024086, 0.25697919751258513, 0.24988463626492943, 0.24279007501727373, 0.23569551376961803, 0.2286009525219623, 0.22150639127430657, 0.2296729690262086, 0.2466197998445703, 0.23868971150338616, 0.23075962316220203, 0.22282953482101792, 0.21489944647983378, 0.2568507974561316],