{"cpu_usage_count": [0.07046292, 0.07046292, 0.07046292, 0.07046292, 0.07046292, 0.07046292, 0.07046292, 0.07046292, 0.07046292, 0.07046292, 0.07046292, 0.07046292, 0.07046292, 0.07046292, 0.07046292, 0.07046292, 0.07046292, 0.07046292, 0.07046292, 0.07046292, 0.07046292, 0.07046292, 0.07046292, 0.07046292, 0.07046292, 0.07046292, 0.07046292, 0.07046292, 0.07046292, 0.07046292], "time_cpu_usage_count": [1681936693.0, 1681936694.0, 1681936695.0, 1681936696.0, 1681936697.0, 1681936698.0, 1681936699.0, 1681936700.0, 1681936701.0, 1681936702.0, 1681936703.0, 1681936704.0, 1681936705.0, 1681936706.0, 1681936707.0, 1681936708.0, 1681936709.0, 1681936710.0, 1681936711.0, 1681936712.0, 1681936713.0, 1681936714.0, 1681936715.0, 1681936716.0, 1681936717.0, 1681936718.0, 1681936719.0, 1681936720.0, 1681936721.0, 1681936722.0], "cpu_usage_rate": [0.1436284786550325, 0.14825603421919917, 0.15288358978336586, 0.15751114534753252, 0.16213870091169919, 0.16676625647586585, 0.17139381204003254, 0.17602136760419917, 0.18064892316836587, 0.18527647873253253, 0.1899040342966992, 0.19453158986086586, 0.19915914542503252, 0.2037867009891992, 0.20841425655336587, 0.21304181211753254, 0.2176693676816992, 0.2222969232458659, 0.2269244788100325, 0.2315520343741992, 0.23617958993836582, 0.24080714550253252, 0.24543470106669918, 0.25006225663086584, 0.2546898121950325, 0.25931736775919917, 0.26394492332336583, 0.2685724788875325], "time_cpu_usage_rate": [1681936753.0, 1681936754.0, 1681936755.0, 1681936756.0, 1681936757.0, 1681936758.0, 1681936759.0, 1681936760.0, 1681936761.0, 1681936762.0, 1681936763.0, 1681936764.0, 1681936765.0, 1681936766.0, 1681936767.0, 1681936768.0, 1681936769.0, 1681936770.0, 1681936771.0, 1681936772.0, 1681936773.0, 1681936774.0, 1681936775.0, 1681936776.0, 1681936777.0, 1681936778.0, 1681936779.0, 1681936780.0], "cpu_throttled_count": [0.0, 0.0, 0.0, 0.0, 0.0, 0.0, 0.0, 0.0, 0.0, 0.0, 0.0, 0.0, 0.0, 0.0, 0.0, 0.0, 0.0, 0.0, 0.0, 0.0, 0.0, 0.0, 0.0, 0.0, 0.0, 0.0, 0.0, 0.0, 0.0, 0.0], "time_cpu_throttled_count": [1681936693.0, 1681936694.0, 1681936695.0, 1681936696.0, 1681936697.0, 1681936698.0, 1681936699.0, 1681936700.0, 1681936701.0, 1681936702.0, 1681936703.0, 1681936704.0, 1681936705.0, 1681936706.0, 1681936707.0, 1681936708.0, 1681936709.0, 1681936710.0, 1681936711.0, 1681936712.0, 1681936713.0, 1681936714.0, 1681936715.0, 1681936716.0, 1681936717.0, 1681936718.0, 1681936719.0, 1681936720.0, 1681936721.0, 1681936722.0], "cpu_throttled_rate": [0.07926753991019111, 0.08183225146130223, 0.08439696301241333, 0.08696167456352444, 0.08952638611463555, 0.09209109766574666, 0.09465580921685776, 0.09722052076796887, 0.09978523231908, 0.1023499438701911, 0.10491465542130222, 0.10747936697241331, 0.11004407852352444, 0.11260879007463553, 0.11517350162574666, 0.11773821317685776, 0.12030292472796887, 0.12286763627908, 0.1254323478301911, 0.1279970593813022, 0.1305617709324133, 0.13312648248352443, 0.13569119403463553, 0.13825590558574669, 0.14082061713685776, 0.14338532868796888, 0.14595004023907998, 0.1485147517901911], "time_cpu_throttled_rate": [1681936753.0, 1681936754.0, 1681936755.0, 1681936756.0, 1681936757.0, 1681936758.0, 1681936759.0, 1681936760.0, 1681936761.0, 1681936762.0, 1681936763.0, 1681936764.0, 1681936765.0, 1681936766.0, 1681936767.0, 1681936768.0, 1681936769.0, 1681936770.0, 1681936771.0, 1681936772.0, 1681936773.0, 1681936774.0, 1681936775.0, 1681936776.0, 1681936777.0, 1681936778.0, 1681936779.0, 1681936780.0], "memory_usage": [8269824.0, 8269824.0, 8269824.0, 8269824.0, 8269824.0, 8269824.0, 8269824.0, 8269824.0, 8269824.0, 8269824.0, 8269824.0, 8269824.0, 8269824.0, 8269824.0, 8269824.0, 8269824.0, 8269824.0, 8269824.0, 8269824.0, 8269824.0, 8269824.0, 8269824.0, 8269824.0, 8269824.0, 8269824.0, 8269824.0, 8269824.0, 8269824.0, 8269824.0, 8269824.0], "time_memory_usage": [1681936693.0, 1681936694.0, 1681936695.0, 1681936696.0, 1681936697.0, 1681936698.0, 1681936699.0, 1681936700.0, 1681936701.0, 1681936702.0, 1681936703.0, 1681936704.0, 1681936705.0, 1681936706.0, 1681936707.0, 1681936708.0, 1681936709.0, 1681936710.0, 1681936711.0, 1681936712.0, 1681936713.0, 1681936714.0, 1681936715.0, 1681936716.0, 1681936717.0, 1681936718.0, 1681936719.0, 1681936720.0, 1681936721.0, 1681936722.0], "throughput": [0.009445833333333332, 0.009075, 0.011852777777777776, 0.010416666666666666, 0.010416666666666666, 0.025942453234328144, 0.025834375, 0.028959375, 0.028125, 0.028125, 0.028125, 0.028125, 0.05942461025824111, 0.05937166666666667, 0.06326055555555556, 0.06714944444444444, 0.06319444444444444, 0.06319444444444444, 0.09287184229820704, 0.09283214285714285, 0.09719722222222223, 0.10156230158730159, 0.09739583333333333, 0.09739583333333333, 0.09739583333333333, 0.09739583333333333, 0.09739583333333333, 0.1765625, 0.18259531853281855, 0.18862813706563708, 0.1946609555984556, 0.18472222222222223, 0.18472222222222223, 0.18472222222222223, 0.18472222222222223, 0.18472222222222223, 0.18472222222222223, 0.18472222222222223, 0.18472222222222223, 0.18472222222222223, 0.18472222222222223, 0.18472222222222223, 0.18472222222222223, 0.18472222222222223, 0.18472222222222223, 0.18472222222222223, 0.18472222222222223, 0.18472222222222223, 0.18472222222222223, 0.18472222222222223, 0.18472222222222223, 0.18472222222222223, 0.18472222222222223, 0.18472222222222223, 0.18472222222222223, 0.18472222222222223, 0.18472222222222223, 0.18472222222222223, 0.18472222222222223, 0.18472222222222223, 0.18472222222222223, 0.18472222222222223, 0.18472222222222223, 0.18472222222222223, 0.18472222222222223, 0.18472222222222223, 0.18472222222222223, 0.18472222222222223, 0.18472222222222223, 0.18472222222222223, 0.18472222222222223, 0.18472222222222223, 0.18472222222222223, 0.18472222222222223, 0.18472222222222223, 0.18472222222222223, 0.18472222222222223, 0.18472222222222223, 0.18472222222222223, 0.18472222222222223, 0.18472222222222223, 0.18472222222222223, 0.18472222222222223, 0.18472222222222223, 0.18472222222222223, 0.18472222222222223, 0.18472222222222223, 0.18472222222222223, 0.18472222222222223, 0.18472222222222223, 0.18472222222222223, 0.18472222222222223, 0.18472222222222223, 0.18472222222222223, 0.18472222222222223, 0.18472222222222223, 0.18472222222222223, 0.18472222222222223, 0.18472222222222223, 0.18472222222222223, 0.18472222222222223, 0.18472222222222223, 0.18472222222222223, 0.18472222222222223, 0.18472222222222223, 0.18472222222222223, 0.18472222222222223, 0.18472222222222223, 0.18472222222222223, 0.18472222222222223, 0.18472222222222223, 0.18472222222222223, 0.18472222222222223, 0.18472222222222223, 0.18472222222222223, 0.18472222222222223, 0.18472222222222223, 0.18472222222222223, 0.18541666666666667, 0.18160668443917855, 0.18326870120548994, 0.1875, 0.18115030674846627, 0.17433367416496248, 0.16751704158145878, 0.17023372048743338, 0.14583333333333331, 0.14583333333333331, 0.16031751982936746, 0.15254129729609633, 0.14476507476282519, 0.13698885222955406, 0.1422159559616727, 0.14800829261069154, 0.13875314674959277, 0.129498000888494, 0.12024285502739523, 0.11098770916629647, 0.13262778887778887],