{"cpu_usage_count": [0.078317263, 0.078317263, 0.078317263, 0.078317263, 0.078317263, 0.078317263, 0.078317263, 0.078317263, 0.078317263, 0.078317263, 0.078317263, 0.078317263, 0.078317263, 0.078317263, 0.078317263, 0.078317263, 0.078317263, 0.078317263, 0.078317263, 0.078317263, 0.078317263, 0.078317263, 0.078317263, 0.078317263, 0.078317263, 0.078317263, 0.078317263, 0.078317263, 0.078317263, 0.078317263, 15.21381657, 15.21381657, 15.21381657, 15.21381657, 15.21381657, 15.21381657, 15.21381657, 15.21381657, 15.21381657, 15.21381657, 15.21381657, 15.21381657, 15.21381657, 15.21381657, 15.21381657, 15.21381657, 15.21381657, 15.21381657, 15.21381657], "time_cpu_usage_count": [1681936903.0, 1681936904.0, 1681936905.0, 1681936906.0, 1681936907.0, 1681936908.0, 1681936909.0, 1681936910.0, 1681936911.0, 1681936912.0, 1681936913.0, 1681936914.0, 1681936915.0, 1681936916.0, 1681936917.0, 1681936918.0, 1681936919.0, 1681936920.0, 1681936921.0, 1681936922.0, 1681936923.0, 1681936924.0, 1681936925.0, 1681936926.0, 1681936927.0, 1681936928.0, 1681936929.0, 1681936930.0, 1681936931.0, 1681936932.0, 1681936933.0, 1681936934.0, 1681936935.0, 1681936936.0, 1681936937.0, 1681936938.0, 1681936939.0, 1681936940.0, 1681936941.0, 1681936942.0, 1681936943.0, 1681936944.0, 1681936945.0, 1681936946.0, 1681936947.0, 1681936948.0, 1681936949.0, 1681936950.0, 1681936951.0], "cpu_usage_rate": [0.1305951097142914, 0.13479941507734694, 0.13900372044040252, 0.14320802580345804, 0.1474123311665136, 0.15161663652956917, 0.15582094189262471, 0.1600252472556803, 0.16422955261873584, 0.1684338579817914, 0.17263816334484694, 0.1768424687079025, 0.18104677407095807, 0.18525107943401362, 0.18945538479706914, 0.19365969016012474, 0.19786399552318026, 0.2020683008862358, 0.2062726062492914], "time_cpu_usage_rate": [1681936933.0, 1681936934.0, 1681936935.0, 1681936936.0, 1681936937.0, 1681936938.0, 1681936939.0, 1681936940.0, 1681936941.0, 1681936942.0, 1681936943.0, 1681936944.0, 1681936945.0, 1681936946.0, 1681936947.0, 1681936948.0, 1681936949.0, 1681936950.0, 1681936951.0], "cpu_throttled_count": [0.0, 0.0, 0.0, 0.0, 0.0, 0.0, 0.0, 0.0, 0.0, 0.0, 0.0, 0.0, 0.0, 0.0, 0.0, 0.0, 0.0, 0.0, 0.0, 0.0, 0.0, 0.0, 0.0, 0.0, 0.0, 0.0, 0.0, 0.0, 0.0, 0.0, 9.594037442, 9.594037442, 9.594037442, 9.594037442, 9.594037442, 9.594037442, 9.594037442, 9.594037442, 9.594037442, 9.594037442, 9.594037442, 9.594037442, 9.594037442, 9.594037442, 9.594037442, 9.594037442, 9.594037442, 9.594037442, 9.594037442], "time_cpu_throttled_count": [1681936903.0, 1681936904.0, 1681936905.0, 1681936906.0, 1681936907.0, 1681936908.0, 1681936909.0, 1681936910.0, 1681936911.0, 1681936912.0, 1681936913.0, 1681936914.0, 1681936915.0, 1681936916.0, 1681936917.0, 1681936918.0, 1681936919.0, 1681936920.0, 1681936921.0, 1681936922.0, 1681936923.0, 1681936924.0, 1681936925.0, 1681936926.0, 1681936927.0, 1681936928.0, 1681936929.0, 1681936930.0, 1681936931.0, 1681936932.0, 1681936933.0, 1681936934.0, 1681936935.0, 1681936936.0, 1681936937.0, 1681936938.0, 1681936939.0, 1681936940.0, 1681936941.0, 1681936942.0, 1681936943.0, 1681936944.0, 1681936945.0, 1681936946.0, 1681936947.0, 1681936948.0, 1681936949.0, 1681936950.0, 1681936951.0], "cpu_throttled_rate": [0.08236747644997054, 0.08503248685052611, 0.08769749725108165, 0.09036250765163721, 0.09302751805219277, 0.09569252845274832, 0.09835753885330388, 0.10102254925385942, 0.10368755965441498, 0.10635257005497054, 0.10901758045552609, 0.11168259085608165, 0.1143476012566372, 0.11701261165719276, 0.11967762205774832, 0.12234263245830386, 0.12500764285885943, 0.127672653259415, 0.13033766365997054, 0.1330026740605261], "time_cpu_throttled_rate": [1681936933.0, 1681936934.0, 1681936935.0, 1681936936.0, 1681936937.0, 1681936938.0, 1681936939.0, 1681936940.0, 1681936941.0, 1681936942.0, 1681936943.0, 1681936944.0, 1681936945.0, 1681936946.0, 1681936947.0, 1681936948.0, 1681936949.0, 1681936950.0, 1681936951.0, 1681936952.0], "memory_usage": [9977856.0, 9977856.0, 9977856.0, 9977856.0, 9977856.0, 9977856.0, 9977856.0, 9977856.0, 9977856.0, 9977856.0, 9977856.0, 9977856.0, 9977856.0, 9977856.0, 9977856.0, 9977856.0, 9977856.0, 9977856.0, 9977856.0, 9977856.0, 9977856.0, 9977856.0, 9977856.0, 9977856.0, 9977856.0, 9977856.0, 9977856.0, 9977856.0, 9977856.0, 9977856.0, 3441885184.0, 3441885184.0, 3441885184.0, 3441885184.0, 3441885184.0, 3441885184.0, 3441885184.0, 3441885184.0, 3441885184.0, 3441885184.0, 3441885184.0, 3441885184.0, 3441885184.0, 3441885184.0, 3441885184.0, 3441885184.0, 3441885184.0, 3441885184.0, 3441885184.0, 3441885184.0], "time_memory_usage": [1681936903.0, 1681936904.0, 1681936905.0, 1681936906.0, 1681936907.0, 1681936908.0, 1681936909.0, 1681936910.0, 1681936911.0, 1681936912.0, 1681936913.0, 1681936914.0, 1681936915.0, 1681936916.0, 1681936917.0, 1681936918.0, 1681936919.0, 1681936920.0, 1681936921.0, 1681936922.0, 1681936923.0, 1681936924.0, 1681936925.0, 1681936926.0, 1681936927.0, 1681936928.0, 1681936929.0, 1681936930.0, 1681936931.0, 1681936932.0, 1681936933.0, 1681936934.0, 1681936935.0, 1681936936.0, 1681936937.0, 1681936938.0, 1681936939.0, 1681936940.0, 1681936941.0, 1681936942.0, 1681936943.0, 1681936944.0, 1681936945.0, 1681936946.0, 1681936947.0, 1681936948.0, 1681936949.0, 1681936950.0, 1681936951.0, 1681936952.0],