{"cpu_usage_count": [71.186759333, 71.186759333, 71.186759333, 71.186759333, 71.186759333, 71.186759333, 71.186759333, 71.186759333, 71.186759333, 71.186759333, 71.186759333, 71.186759333, 71.186759333, 71.186759333, 71.186759333, 71.186759333, 71.186759333, 71.186759333, 71.186759333, 71.186759333, 71.186759333, 71.186759333, 71.186759333, 71.186759333, 71.186759333, 71.186759333, 71.186759333, 71.186759333, 71.186759333, 71.186759333], "time_cpu_usage_count": [1681937113.0, 1681937114.0, 1681937115.0, 1681937116.0, 1681937117.0, 1681937118.0, 1681937119.0, 1681937120.0, 1681937121.0, 1681937122.0, 1681937123.0, 1681937124.0, 1681937125.0, 1681937126.0, 1681937127.0, 1681937128.0, 1681937129.0, 1681937130.0, 1681937131.0, 1681937132.0, 1681937133.0, 1681937134.0, 1681937135.0, 1681937136.0, 1681937137.0, 1681937138.0, 1681937139.0, 1681937140.0, 1681937141.0, 1681937142.0], "cpu_usage_rate": [0.0018306402740421992, 0.0018705174229310876, 0.0019103945718199763, 0.0019502717207088645, 0.001990148869597753, 0.0020300260184866414, 0.0020699031673755298, 0.0021097803162644178], "time_cpu_usage_rate": [1681937233.0, 1681937234.0, 1681937235.0, 1681937236.0, 1681937237.0, 1681937238.0, 1681937239.0, 1681937240.0], "cpu_throttled_count": [3.170691633, 3.170691633, 3.170691633, 3.170691633, 3.170691633, 3.170691633, 3.170691633, 3.170691633, 3.170691633, 3.170691633, 3.170691633, 3.170691633, 3.170691633, 3.170691633, 3.170691633, 3.170691633, 3.170691633, 3.170691633, 3.170691633, 3.170691633, 3.170691633, 3.170691633, 3.170691633, 3.170691633, 3.170691633, 3.170691633, 3.170691633, 3.170691633, 3.170691633, 3.170691633], "time_cpu_throttled_count": [1681937113.0, 1681937114.0, 1681937115.0, 1681937116.0, 1681937117.0, 1681937118.0, 1681937119.0, 1681937120.0, 1681937121.0, 1681937122.0, 1681937123.0, 1681937124.0, 1681937125.0, 1681937126.0, 1681937127.0, 1681937128.0, 1681937129.0, 1681937130.0, 1681937131.0, 1681937132.0, 1681937133.0, 1681937134.0, 1681937135.0, 1681937136.0, 1681937137.0, 1681937138.0, 1681937139.0, 1681937140.0, 1681937141.0, 1681937142.0], "cpu_throttled_rate": [0.0, 0.0, 0.0, 0.0, 0.0, 0.0, 0.0, 0.0], "time_cpu_throttled_rate": [1681937233.0, 1681937234.0, 1681937235.0, 1681937236.0, 1681937237.0, 1681937238.0, 1681937239.0, 1681937240.0], "memory_usage": [3791953920.0, 3791953920.0, 3791953920.0, 3791953920.0, 3791953920.0, 3791953920.0, 3791953920.0, 3791953920.0, 3791953920.0, 3791953920.0, 3791953920.0, 3791953920.0, 3791953920.0, 3791953920.0, 3791953920.0, 3791953920.0, 3791953920.0, 3791953920.0, 3791953920.0, 3791953920.0, 3791953920.0, 3791953920.0, 3791953920.0, 3791953920.0, 3791953920.0, 3791953920.0, 3791953920.0, 3791953920.0, 3791953920.0, 3791953920.0], "time_memory_usage": [1681937113.0, 1681937114.0, 1681937115.0, 1681937116.0, 1681937117.0, 1681937118.0, 1681937119.0, 1681937120.0, 1681937121.0, 1681937122.0, 1681937123.0, 1681937124.0, 1681937125.0, 1681937126.0, 1681937127.0, 1681937128.0, 1681937129.0, 1681937130.0, 1681937131.0, 1681937132.0, 1681937133.0, 1681937134.0, 1681937135.0, 1681937136.0, 1681937137.0, 1681937138.0, 1681937139.0, 1681937140.0, 1681937141.0, 1681937142.0], "throughput": [0.009895659895659896, 0.0095125, 0.011595833333333333, 0.010416666666666666, 0.010416666666666666, 0.026752029981261707, 0.02987507807620237, 0.03299812617114303, 0.029166666666666667, 0.029166666666666667, 0.060849673202614384, 0.06069166666666667, 0.06485833333333334, 0.06902499999999999, 0.06416666666666668, 0.09452806783677702, 0.09439736842105262, 0.0992219298245614, 0.10404649122807016, 0.09821428571428571, 0.09821428571428571, 0.09821428571428571, 0.09821428571428571, 0.09821428571428571, 0.17861559537914692, 0.18509515699052134, 0.19157471860189573, 0.19805428021327015, 0.1859375, 0.1859375, 0.1859375, 0.1859375, 0.1859375, 0.1859375, 0.1859375, 0.1859375, 0.1859375, 0.1859375, 0.1859375, 0.1859375, 0.1859375, 0.1859375, 0.1859375, 0.1859375, 0.1859375, 0.1859375, 0.1859375, 0.1859375, 0.1859375, 0.1859375, 0.1859375, 0.1859375, 0.1859375, 0.1859375, 0.1859375, 0.1859375, 0.1859375, 0.1859375, 0.1859375, 0.1859375, 0.1859375, 0.1859375, 0.1859375, 0.1859375, 0.1859375, 0.1859375, 0.1859375, 0.1859375, 0.1859375, 0.1859375, 0.1859375, 0.1859375, 0.1859375, 0.1859375, 0.1859375, 0.1859375, 0.1859375, 0.1859375, 0.1859375, 0.1859375, 0.1859375, 0.1859375, 0.1859375, 0.1859375, 0.1859375, 0.1859375, 0.1859375, 0.1859375, 0.1859375, 0.1859375, 0.1859375, 0.1859375, 0.1859375, 0.1859375, 0.1859375, 0.1859375, 0.1859375, 0.1859375, 0.1859375, 0.1859375, 0.1859375, 0.1859375, 0.1859375, 0.1859375, 0.1859375, 0.1859375, 0.1859375, 0.1859375, 0.1859375, 0.1859375, 0.1859375, 0.1859375, 0.1859375, 0.1859375, 0.1859375, 0.1859375, 0.1859375, 0.18690476190476193, 0.18690476190476193, 0.18160551869154243, 0.18369938958429918, 0.19000000000000003, 0.18425222333315794, 0.17635873283165815, 0.16846524233015842, 0.14583333333333334, 0.1599021935775667, 0.151570645575948, 0.1432390975743293, 0.1349075495727106, 0.14000358753587533, 0.13598585813712424, 0.12673071227602548, 0.11747556641492671, 0.10822042055382794, 0.12951631701631702], "time_throughput": [1681937105.0, 1681937106.0, 1681937107.0, 1681937108.0, 1681937109.0, 1681937110.0, 1681937111.0, 1681937112.0, 1681937113.0, 1681937114.0, 1681937115.0, 1681937116.0, 1681937117.0, 1681937118.0, 1681937119.0, 1681937120.0, 1681937121.0, 1681937122.0, 1681937123.0, 1681937124.0, 1681937125.0, 1681937126.0, 1681937127.0, 1681937128.0, 1681937129.0, 1681937130.0, 1681937131.0, 1681937132.0, 1681937133.0, 1681937134.0, 1681937135.0, 1681937136.0, 1681937137.0, 1681937138.0, 1681937139.0, 1681937140.0, 1681937141.0, 1681937142.0, 1681937143.0, 1681937144.0, 1681937145.0, 1681937146.0, 1681937147.0, 1681937148.0, 1681937149.0, 1681937150.0, 1681937151.0, 1681937152.0, 1681937153.0, 1681937154.0, 1681937155.0, 1681937156.0, 1681937157.0, 1681937158.0, 1681937159.0, 1681937160.0, 1681937161.0, 1681937162.0, 1681937163.0, 1681937164.0, 1681937165.0, 1681937166.0, 1681937167.0, 1681937168.0, 1681937169.0, 1681937170.0, 1681937171.0, 1681937172.0, 1681937173.0, 1681937174.0, 1681937175.0, 1681937176.0, 1681937177.0, 1681937178.0, 1681937179.0, 1681937180.0, 1681937181.0, 1681937182.0, 1681937183.0, 1681937184.0, 1681937185.0, 1681937186.0, 1681937187.0, 1681937188.0, 1681937189.0, 1681937190.0, 1681937191.0, 1681937192.0, 1681937193.0, 1681937194.0, 1681937195.0, 1681937196.0, 1681937197.0, 1681937198.0, 1681937199.0, 1681937200.0, 1681937201.0, 1681937202.0, 1681937203.0, 1681937204.0, 1681937205.0, 1681937206.0, 1681937207.0, 1681937208.0, 1681937209.0, 1681937210.0, 1681937211.0, 1681937212.0, 1681937213.0, 1681937214.0, 1681937215.0, 1681937216.0, 1681937217.0, 1681937218.0, 1681937219.0, 1681937220.0, 1681937221.0, 1681937222.0, 1681937223.0, 1681937224.0, 1681937225.0, 1681937226.0, 1681937227.0, 1681937228.0, 1681937229.0, 1681937230.0, 1681937231.0, 1681937232.0, 1681937233.0, 1681937234.0, 1681937235.0, 1681937236.0, 1681937237.0, 1681937238.0, 1681937239.0, 1681937240.0], "responses": [], "start_time_experiment": 1681937120.4217932, "end_time_experiment": 1681937240.5556502}