{"cpu_usage_count": [0.076228959, 0.076228959, 0.076228959, 0.076228959, 0.076228959, 0.076228959, 0.076228959, 0.076228959, 0.076228959, 0.076228959, 0.076228959, 0.076228959, 0.076228959, 0.076228959, 0.076228959, 0.076228959, 0.076228959, 0.076228959, 0.076228959, 0.076228959, 0.076228959, 0.076228959, 0.076228959, 0.076228959, 0.076228959, 0.076228959, 0.076228959, 0.076228959, 0.076228959, 0.076228959, 16.83555435, 16.83555435, 16.83555435, 16.83555435, 16.83555435, 16.83555435, 16.83555435, 16.83555435, 16.83555435, 16.83555435, 16.83555435, 16.83555435, 16.83555435, 16.83555435, 16.83555435, 16.83555435, 16.83555435, 16.83555435, 16.83555435, 16.83555435, 16.83555435, 16.83555435, 16.83555435, 16.83555435, 16.83555435, 16.83555435], "time_cpu_usage_count": [1681937353.0, 1681937354.0, 1681937355.0, 1681937356.0, 1681937357.0, 1681937358.0, 1681937359.0, 1681937360.0, 1681937361.0, 1681937362.0, 1681937363.0, 1681937364.0, 1681937365.0, 1681937366.0, 1681937367.0, 1681937368.0, 1681937369.0, 1681937370.0, 1681937371.0, 1681937372.0, 1681937373.0, 1681937374.0, 1681937375.0, 1681937376.0, 1681937377.0, 1681937378.0, 1681937379.0, 1681937380.0, 1681937381.0, 1681937382.0, 1681937383.0, 1681937384.0, 1681937385.0, 1681937386.0, 1681937387.0, 1681937388.0, 1681937389.0, 1681937390.0, 1681937391.0, 1681937392.0, 1681937393.0, 1681937394.0, 1681937395.0, 1681937396.0, 1681937397.0, 1681937398.0, 1681937399.0, 1681937400.0, 1681937401.0, 1681937402.0, 1681937403.0, 1681937404.0, 1681937405.0, 1681937406.0, 1681937407.0, 1681937408.0], "cpu_usage_rate": [0.14451870517489912, 0.1491740733390658, 0.15382944150323247, 0.1584848096673991, 0.16314017783156579, 0.16779554599573243, 0.17245091415989913, 0.17710628232406575, 0.18176165048823245, 0.18641701865239912, 0.19107238681656577, 0.19572775498073244, 0.20038312314489912, 0.2050384913090658, 0.20969385947323244, 0.2143492276373991, 0.21900459580156578, 0.22365996396573246, 0.2283153321298991, 0.23297070029406577, 0.23762606845823242, 0.24228143662239912, 0.24693680478656574, 0.25159217295073244, 0.2562475411148991, 0.2609029092790658], "time_cpu_usage_rate": [1681937383.0, 1681937384.0, 1681937385.0, 1681937386.0, 1681937387.0, 1681937388.0, 1681937389.0, 1681937390.0, 1681937391.0, 1681937392.0, 1681937393.0, 1681937394.0, 1681937395.0, 1681937396.0, 1681937397.0, 1681937398.0, 1681937399.0, 1681937400.0, 1681937401.0, 1681937402.0, 1681937403.0, 1681937404.0, 1681937405.0, 1681937406.0, 1681937407.0, 1681937408.0], "cpu_throttled_count": [0.0, 0.0, 0.0, 0.0, 0.0, 0.0, 0.0, 0.0, 0.0, 0.0, 0.0, 0.0, 0.0, 0.0, 0.0, 0.0, 0.0, 0.0, 0.0, 0.0, 0.0, 0.0, 0.0, 0.0, 0.0, 0.0, 0.0, 0.0, 0.0, 0.0, 2.897803768, 2.897803768, 2.897803768, 2.897803768, 2.897803768, 2.897803768, 2.897803768, 2.897803768, 2.897803768, 2.897803768, 2.897803768, 2.897803768, 2.897803768, 2.897803768, 2.897803768, 2.897803768, 2.897803768, 2.897803768, 2.897803768, 2.897803768, 2.897803768, 2.897803768, 2.897803768, 2.897803768, 2.897803768, 2.897803768], "time_cpu_throttled_count": [1681937353.0, 1681937354.0, 1681937355.0, 1681937356.0, 1681937357.0, 1681937358.0, 1681937359.0, 1681937360.0, 1681937361.0, 1681937362.0, 1681937363.0, 1681937364.0, 1681937365.0, 1681937366.0, 1681937367.0, 1681937368.0, 1681937369.0, 1681937370.0, 1681937371.0, 1681937372.0, 1681937373.0, 1681937374.0, 1681937375.0, 1681937376.0, 1681937377.0, 1681937378.0, 1681937379.0, 1681937380.0, 1681937381.0, 1681937382.0, 1681937383.0, 1681937384.0, 1681937385.0, 1681937386.0, 1681937387.0, 1681937388.0, 1681937389.0, 1681937390.0, 1681937391.0, 1681937392.0, 1681937393.0, 1681937394.0, 1681937395.0, 1681937396.0, 1681937397.0, 1681937398.0, 1681937399.0, 1681937400.0, 1681937401.0, 1681937402.0, 1681937403.0, 1681937404.0, 1681937405.0, 1681937406.0, 1681937407.0, 1681937408.0], "cpu_throttled_rate": [0.02487845029377111, 0.025683395784882226, 0.026488341275993334, 0.027293286767104442, 0.028098232258215557, 0.028903177749326665, 0.029708123240437777, 0.03051306873154889, 0.03131801422266, 0.03212295971377111, 0.03292790520488222, 0.03373285069599333, 0.03453779618710444, 0.03534274167821556, 0.03614768716932667, 0.03695263266043777, 0.03775757815154889, 0.03856252364266, 0.03936746913377111, 0.04017241462488222, 0.04097736011599333, 0.04178230560710445, 0.04258725109821555, 0.04339219658932667, 0.044197142080437776, 0.04500208757154889], "time_cpu_throttled_rate": [1681937383.0, 1681937384.0, 1681937385.0, 1681937386.0, 1681937387.0, 1681937388.0, 1681937389.0, 1681937390.0, 1681937391.0, 1681937392.0, 1681937393.0, 1681937394.0, 1681937395.0, 1681937396.0, 1681937397.0, 1681937398.0, 1681937399.0, 1681937400.0, 1681937401.0, 1681937402.0, 1681937403.0, 1681937404.0, 1681937405.0, 1681937406.0, 1681937407.0, 1681937408.0], "memory_usage": [9830400.0, 9830400.0, 9830400.0, 9830400.0, 9830400.0, 9830400.0, 9830400.0, 9830400.0, 9830400.0, 9830400.0, 9830400.0, 9830400.0, 9830400.0, 9830400.0, 9830400.0, 9830400.0, 9830400.0, 9830400.0, 9830400.0, 9830400.0, 9830400.0, 9830400.0, 9830400.0, 9830400.0, 9830400.0, 9830400.0, 9830400.0, 9830400.0, 9830400.0, 9830400.0, 1818214400.0, 1818214400.0, 1818214400.0, 1818214400.0, 1818214400.0, 1818214400.0, 1818214400.0, 1818214400.0, 1818214400.0, 1818214400.0, 1818214400.0, 1818214400.0, 1818214400.0, 1818214400.0, 1818214400.0, 1818214400.0, 1818214400.0, 1818214400.0, 1818214400.0, 1818214400.0, 1818214400.0, 1818214400.0, 1818214400.0, 1818214400.0, 1818214400.0, 1818214400.0], "time_memory_usage": [1681937353.0, 1681937354.0, 1681937355.0, 1681937356.0, 1681937357.0, 1681937358.0, 1681937359.0, 1681937360.0, 1681937361.0, 1681937362.0, 1681937363.0, 1681937364.0, 1681937365.0, 1681937366.0, 1681937367.0, 1681937368.0, 1681937369.0, 1681937370.0, 1681937371.0, 1681937372.0, 1681937373.0, 1681937374.0, 1681937375.0, 1681937376.0, 1681937377.0, 1681937378.0, 1681937379.0, 1681937380.0, 1681937381.0, 1681937382.0, 1681937383.0, 1681937384.0, 1681937385.0, 1681937386.0, 1681937387.0, 1681937388.0, 1681937389.0, 1681937390.0, 1681937391.0, 1681937392.0, 1681937393.0, 1681937394.0, 1681937395.0, 1681937396.0, 1681937397.0, 1681937398.0, 1681937399.0, 1681937400.0, 1681937401.0, 1681937402.0, 1681937403.0, 1681937404.0, 1681937405.0, 1681937406.0, 1681937407.0, 1681937408.0],