{"cpu_usage_count": [11.332844386, 11.332844386, 11.332844386, 11.332844386, 11.332844386, 11.332844386, 11.332844386, 11.332844386, 11.332844386, 11.332844386, 11.332844386, 11.332844386, 11.332844386, 11.332844386, 11.332844386, 11.332844386, 11.332844386, 11.332844386, 11.332844386, 11.332844386, 11.332844386, 11.332844386, 11.332844386, 11.332844386, 11.332844386, 11.332844386, 11.332844386, 11.332844386, 11.332844386, 11.332844386, 118.057675322, 118.057675322, 118.057675322, 118.057675322, 118.057675322, 118.057675322, 118.057675322, 118.057675322, 118.057675322, 118.057675322, 118.057675322, 118.057675322, 118.057675322, 118.057675322, 118.057675322, 118.057675322, 118.057675322, 118.057675322, 118.057675322, 118.057675322, 118.057675322, 118.057675322, 118.057675322, 118.057675322, 118.057675322, 118.057675322, 118.057675322, 118.057675322, 118.057675322, 118.057675322], "time_cpu_usage_count": [1682021863.0, 1682021864.0, 1682021865.0, 1682021866.0, 1682021867.0, 1682021868.0, 1682021869.0, 1682021870.0, 1682021871.0, 1682021872.0, 1682021873.0, 1682021874.0, 1682021875.0, 1682021876.0, 1682021877.0, 1682021878.0, 1682021879.0, 1682021880.0, 1682021881.0, 1682021882.0, 1682021883.0, 1682021884.0, 1682021885.0, 1682021886.0, 1682021887.0, 1682021888.0, 1682021889.0, 1682021890.0, 1682021891.0, 1682021892.0, 1682021893.0, 1682021894.0, 1682021895.0, 1682021896.0, 1682021897.0, 1682021898.0, 1682021899.0, 1682021900.0, 1682021901.0, 1682021902.0, 1682021903.0, 1682021904.0, 1682021905.0, 1682021906.0, 1682021907.0, 1682021908.0, 1682021909.0, 1682021910.0, 1682021911.0, 1682021912.0, 1682021913.0, 1682021914.0, 1682021915.0, 1682021916.0, 1682021917.0, 1682021918.0, 1682021919.0, 1682021920.0, 1682021921.0, 1682021922.0], "cpu_usage_rate": [1.0107026892552644, 1.0403484756263754, 1.0699942619974867, 1.0996400483685977, 1.1292858347397088, 1.15893162111082, 1.188577407481931, 1.2182231938530423, 1.2478689802241534, 1.2775147665952644, 1.3071605529663755, 1.3368063393374867, 1.3664521257085978, 1.396097912079709, 1.4257436984508198, 1.455389484821931, 1.4850352711930421, 1.5146810575641534, 1.5443268439352642, 1.5739726303063755, 1.6036184166774867, 1.6332642030485978, 1.662909989419709, 1.6925557757908198, 1.722201562161931, 1.751847348533042, 1.7814931349041534, 1.8111389212752644, 1.8407847076463753, 1.8704304940174867, 1.9000762803885975, 1.9297220667597088, 1.9593678531308192, 1.4285007565833332, 1.4285007565833332, 1.4285007565833332, 1.4285007565833332, 1.4285007565833332, 1.4285007565833332, 1.4285007565833332, 1.4285007565833332], "time_cpu_usage_rate": [1682021893.0, 1682021894.0, 1682021895.0, 1682021896.0, 1682021897.0, 1682021898.0, 1682021899.0, 1682021900.0, 1682021901.0, 1682021902.0, 1682021903.0, 1682021904.0, 1682021905.0, 1682021906.0, 1682021907.0, 1682021908.0, 1682021909.0, 1682021910.0, 1682021911.0, 1682021912.0, 1682021913.0, 1682021914.0, 1682021915.0, 1682021916.0, 1682021917.0, 1682021918.0, 1682021919.0, 1682021920.0, 1682021921.0, 1682021922.0, 1682021923.0, 1682021924.0, 1682021925.0, 1682021926.0, 1682021927.0, 1682021928.0, 1682021929.0, 1682021930.0, 1682021931.0, 1682021932.0, 1682021933.0], "cpu_throttled_count": [34.610014386, 34.610014386, 34.610014386, 34.610014386, 34.610014386, 34.610014386, 34.610014386, 34.610014386, 34.610014386, 34.610014386, 34.610014386, 34.610014386, 34.610014386, 34.610014386, 34.610014386, 34.610014386, 34.610014386, 34.610014386, 34.610014386, 34.610014386, 34.610014386, 34.610014386, 34.610014386, 34.610014386, 34.610014386, 34.610014386, 34.610014386, 34.610014386, 34.610014386, 34.610014386, 34.847726957, 34.847726957, 34.847726957, 34.847726957, 34.847726957, 34.847726957, 34.847726957, 34.847726957, 34.847726957, 34.847726957, 34.847726957, 34.847726957, 34.847726957, 34.847726957, 34.847726957, 34.847726957, 34.847726957, 34.847726957, 34.847726957, 34.847726957, 34.847726957, 34.847726957, 34.847726957, 34.847726957, 34.847726957, 34.847726957, 34.847726957, 34.847726957, 34.847726957, 34.847726957], "time_cpu_throttled_count": [1682021863.0, 1682021864.0, 1682021865.0, 1682021866.0, 1682021867.0, 1682021868.0, 1682021869.0, 1682021870.0, 1682021871.0, 1682021872.0, 1682021873.0, 1682021874.0, 1682021875.0, 1682021876.0, 1682021877.0, 1682021878.0, 1682021879.0, 1682021880.0, 1682021881.0, 1682021882.0, 1682021883.0, 1682021884.0, 1682021885.0, 1682021886.0, 1682021887.0, 1682021888.0, 1682021889.0, 1682021890.0, 1682021891.0, 1682021892.0, 1682021893.0, 1682021894.0, 1682021895.0, 1682021896.0, 1682021897.0, 1682021898.0, 1682021899.0, 1682021900.0, 1682021901.0, 1682021902.0, 1682021903.0, 1682021904.0, 1682021905.0, 1682021906.0, 1682021907.0, 1682021908.0, 1682021909.0, 1682021910.0, 1682021911.0, 1682021912.0, 1682021913.0, 1682021914.0, 1682021915.0, 1682021916.0, 1682021917.0, 1682021918.0, 1682021919.0, 1682021920.0, 1682021921.0, 1682021922.0], "cpu_throttled_rate": [0.0030312974991380027, 0.0030973287688602236, 0.003163360038582445, 0.003229391308304666, 0.0032954225780268873, 0.003361453847749108, 0.0034274851174713296, 0.00349351638719355, 0.003559547656915771, 0.0036255789266379924, 0.0036916101963602134, 0.0037576414660824343, 0.0038236727358046557, 0.0038897040055268766, 0.003955735275249098, 0.004021766544971319, 0.00408779781469354, 0.00415382908441576, 0.004219860354137983, 0.004285891623860203, 0.0043519228935824245, 0.004417954163304645, 0.004483985433026866, 0.004550016702749088, 0.004616047972471308, 0.00468207924219353, 0.004748110511915751, 0.0048141417816379714, 0.004880173051360193, 0.004946204321082414, 0.005012235590804635, 0.005078266860526856, 0.005144298130249077, 0.003961876183333265, 0.003961876183333265, 0.003961876183333265, 0.003961876183333265, 0.003961876183333265, 0.003961876183333265, 0.003961876183333265, 0.003961876183333265], "time_cpu_throttled_rate": [1682021893.0, 1682021894.0, 1682021895.0, 1682021896.0, 1682021897.0, 1682021898.0, 1682021899.0, 1682021900.0, 1682021901.0, 1682021902.0, 1682021903.0, 1682021904.0, 1682021905.0, 1682021906.0, 1682021907.0, 1682021908.0, 1682021909.0, 1682021910.0, 1682021911.0, 1682021912.0, 1682021913.0, 1682021914.0, 1682021915.0, 1682021916.0, 1682021917.0, 1682021918.0, 1682021919.0, 1682021920.0, 1682021921.0, 1682021922.0, 1682021923.0, 1682021924.0, 1682021925.0, 1682021926.0, 1682021927.0, 1682021928.0, 1682021929.0, 1682021930.0, 1682021931.0, 1682021932.0, 1682021933.0], "memory_usage": [5971873792.0, 5971873792.0, 5971873792.0, 5971873792.0, 5971873792.0, 5971873792.0, 5971873792.0, 5971873792.0, 5971873792.0, 5971873792.0, 5971873792.0, 5971873792.0, 5971873792.0, 5971873792.0, 5971873792.0, 5971873792.0, 5971873792.0, 5971873792.0, 5971873792.0, 5971873792.0, 5971873792.0, 5971873792.0, 5971873792.0, 5971873792.0, 5971873792.0, 5971873792.0, 5971873792.0, 5971873792.0, 5971873792.0, 5971873792.0, 10638774272.0, 10638774272.0, 10638774272.0, 10638774272.0, 10638774272.0, 10638774272.0, 10638774272.0, 10638774272.0, 10638774272.0, 10638774272.0, 10638774272.0, 10638774272.0, 10638774272.0, 10638774272.0, 10638774272.0, 10638774272.0, 10638774272.0, 10638774272.0, 10638774272.0, 10638774272.0, 10638774272.0, 10638774272.0, 10638774272.0, 10638774272.0, 10638774272.0, 10638774272.0, 10638774272.0, 10638774272.0, 10638774272.0, 10638774272.0],