{"cpu_usage_count": [0.074981944, 0.074981944, 0.074981944, 0.074981944, 0.074981944, 0.074981944, 0.074981944, 0.074981944, 0.074981944, 0.074981944, 0.074981944, 0.074981944, 0.074981944, 0.074981944, 0.074981944, 0.074981944, 0.074981944, 0.074981944, 0.074981944, 0.074981944, 0.074981944, 0.074981944, 0.074981944, 0.074981944, 0.074981944, 0.074981944, 0.074981944, 0.074981944, 0.074981944, 0.074981944], "time_cpu_usage_count": [1682022403.0, 1682022404.0, 1682022405.0, 1682022406.0, 1682022407.0, 1682022408.0, 1682022409.0, 1682022410.0, 1682022411.0, 1682022412.0, 1682022413.0, 1682022414.0, 1682022415.0, 1682022416.0, 1682022417.0, 1682022418.0, 1682022419.0, 1682022420.0, 1682022421.0, 1682022422.0, 1682022423.0, 1682022424.0, 1682022425.0, 1682022426.0, 1682022427.0, 1682022428.0, 1682022429.0, 1682022430.0, 1682022431.0, 1682022432.0], "cpu_usage_rate": [2.127441689306918, 2.183119731771362, 2.238797774235807, 2.294475816700251, 2.350153859164696, 2.40583190162914, 2.4615099440935846, 2.517187986558029, 2.572866029022473, 2.6285440714869184, 2.6842221139513622, 2.739900156415807, 2.795578198880251, 2.8512562413446956, 2.9069342838091403, 2.9626123262735846, 3.018290368738029, 3.073968411202473, 3.1296464536669175, 3.1853244961313623, 3.2410025385958066, 3.2966805810602513, 3.352358623524695, 3.408036665989141, 3.4637147084535846, 3.519392750918029, 3.5750707933824732, 3.630748835846918, 3.6864268783113627, 3.7421049207758066, 3.797782963240251, 3.8534610057046956, 3.90913904816914, 2.912112341758333, 2.912112341758333, 2.912112341758333, 2.912112341758333, 2.912112341758333, 2.912112341758333, 2.912112341758333, 2.912112341758333, 2.912112341758333, 2.912112341758333, 2.912112341758333, 2.912112341758333, 2.912112341758333, 2.912112341758333, 2.912112341758333, 2.912112341758333, 2.912112341758333, 2.912112341758333, 2.912112341758333, 2.912112341758333, 2.912112341758333, 2.912112341758333, 2.912112341758333, 2.912112341758333, 2.912112341758333, 2.912112341758333, 2.912112341758333, 2.912112341758333, 2.912112341758333, 2.912112341758333, 2.912112341758333, 2.912112341758333, 2.912112341758333, 2.912112341758333, 2.912112341758333, 2.912112341758333, 2.912112341758333, 2.912112341758333, 2.912112341758333, 2.912112341758333, 2.912112341758333, 2.912112341758333, 2.912112341758333, 2.912112341758333, 2.912112341758333, 2.912112341758333, 2.912112341758333, 2.912112341758333, 2.912112341758333, 2.900436266100305, 2.8447582236358597, 2.789080181171416, 2.733402138706971, 2.677724096242527, 2.6220460537780825, 2.566368011313638, 2.5106899688491935], "time_cpu_usage_rate": [1682022373.0, 1682022374.0, 1682022375.0, 1682022376.0, 1682022377.0, 1682022378.0, 1682022379.0, 1682022380.0, 1682022381.0, 1682022382.0, 1682022383.0, 1682022384.0, 1682022385.0, 1682022386.0, 1682022387.0, 1682022388.0, 1682022389.0, 1682022390.0, 1682022391.0, 1682022392.0, 1682022393.0, 1682022394.0, 1682022395.0, 1682022396.0, 1682022397.0, 1682022398.0, 1682022399.0, 1682022400.0, 1682022401.0, 1682022402.0, 1682022403.0, 1682022404.0, 1682022405.0, 1682022406.0, 1682022407.0, 1682022408.0, 1682022409.0, 1682022410.0, 1682022411.0, 1682022412.0, 1682022413.0, 1682022414.0, 1682022415.0, 1682022416.0, 1682022417.0, 1682022418.0, 1682022419.0, 1682022420.0, 1682022421.0, 1682022422.0, 1682022423.0, 1682022424.0, 1682022425.0, 1682022426.0, 1682022427.0, 1682022428.0, 1682022429.0, 1682022430.0, 1682022431.0, 1682022432.0, 1682022433.0, 1682022434.0, 1682022435.0, 1682022436.0, 1682022437.0, 1682022438.0, 1682022439.0, 1682022440.0, 1682022441.0, 1682022442.0, 1682022443.0, 1682022444.0, 1682022445.0, 1682022446.0, 1682022447.0, 1682022448.0, 1682022449.0, 1682022450.0, 1682022451.0, 1682022452.0, 1682022453.0, 1682022454.0, 1682022455.0, 1682022456.0, 1682022457.0, 1682022458.0, 1682022459.0, 1682022460.0, 1682022461.0, 1682022462.0], "cpu_throttled_count": [0.0, 0.0, 0.0, 0.0, 0.0, 0.0, 0.0, 0.0, 0.0, 0.0, 0.0, 0.0, 0.0, 0.0, 0.0, 0.0, 0.0, 0.0, 0.0, 0.0, 0.0, 0.0, 0.0, 0.0, 0.0, 0.0, 0.0, 0.0, 0.0, 0.0], "time_cpu_throttled_count": [1682022403.0, 1682022404.0, 1682022405.0, 1682022406.0, 1682022407.0, 1682022408.0, 1682022409.0, 1682022410.0, 1682022411.0, 1682022412.0, 1682022413.0, 1682022414.0, 1682022415.0, 1682022416.0, 1682022417.0, 1682022418.0, 1682022419.0, 1682022420.0, 1682022421.0, 1682022422.0, 1682022423.0, 1682022424.0, 1682022425.0, 1682022426.0, 1682022427.0, 1682022428.0, 1682022429.0, 1682022430.0, 1682022431.0, 1682022432.0], "cpu_throttled_rate": [0.0058532458290058145, 0.005980748079839148, 0.0061082503306724815, 0.006235752581505814, 0.006363254832339147, 0.00649075708317248, 0.006618259334005813, 0.006745761584839146, 0.006873263835672479, 0.0070007660865058115, 0.0071282683373391454, 0.007255770588172478, 0.007383272839005811, 0.007510775089839144, 0.007638277340672476, 0.007765779591505809, 0.007893281842339141, 0.008020784093172474, 0.00814828634400581, 0.00827578859483914, 0.008403290845672476, 0.008530793096505807, 0.00865829534733914, 0.008785797598172473, 0.008913299849005804, 0.00904080209983914, 0.009168304350672472, 0.009295806601505805, 0.009423308852339137, 0.00955081110317247, 0.009678313354005803, 0.009805815604839138, 0.00993331785567247, 0.007650135049999977, 0.007650135049999977, 0.007650135049999977, 0.007650135049999977, 0.007650135049999977, 0.007650135049999977, 0.007650135049999977, 0.007650135049999977, 0.007650135049999977, 0.007650135049999977, 0.007650135049999977, 0.007650135049999977, 0.007650135049999977, 0.007650135049999977, 0.007650135049999977, 0.007650135049999977, 0.007650135049999977, 0.007650135049999977, 0.007650135049999977, 0.007650135049999977, 0.007650135049999977, 0.007650135049999977, 0.007650135049999977, 0.007650135049999977, 0.009829531023494136, 0.009702028772660805, 0.009574526521827472, 0.009447024270994139, 0.009319522020160806, 0.009192019769327474, 0.009064517518494138, 0.008937015267660806, 0.008809513016827473, 0.008682010765994142, 0.008554508515160809, 0.008427006264327474, 0.008299504013494143, 0.00817200176266081, 0.008044499511827475, 0.007916997260994143, 0.00778949501016081, 0.007661992759327479, 0.007534490508494145, 0.007406988257660812, 0.007279486006827479, 0.0071519837559941455, 0.0070244815051608124, 0.006896979254327479, 0.006769477003494146, 0.006641974752660814, 0.00651447250182748, 0.006386970250994148, 0.006259468000160815, 0.006131965749327482, 0.0060044634984941486, 0.005876961247660816, 0.005749458996827483], "time_cpu_throttled_rate": [1682022373.0, 1682022374.0, 1682022375.0, 1682022376.0, 1682022377.0, 1682022378.0, 1682022379.0, 1682022380.0, 1682022381.0, 1682022382.0, 1682022383.0, 1682022384.0, 1682022385.0, 1682022386.0, 1682022387.0, 1682022388.0, 1682022389.0, 1682022390.0, 1682022391.0, 1682022392.0, 1682022393.0, 1682022394.0, 1682022395.0, 1682022396.0, 1682022397.0, 1682022398.0, 1682022399.0, 1682022400.0, 1682022401.0, 1682022402.0, 1682022403.0, 1682022404.0, 1682022405.0, 1682022406.0, 1682022407.0, 1682022408.0, 1682022409.0, 1682022410.0, 1682022411.0, 1682022412.0, 1682022413.0, 1682022414.0, 1682022415.0, 1682022416.0, 1682022417.0, 1682022418.0, 1682022419.0, 1682022420.0, 1682022421.0, 1682022422.0, 1682022423.0, 1682022424.0, 1682022425.0, 1682022426.0, 1682022427.0, 1682022428.0, 1682022429.0, 1682022430.0, 1682022431.0, 1682022432.0, 1682022433.0, 1682022434.0, 1682022435.0, 1682022436.0, 1682022437.0, 1682022438.0, 1682022439.0, 1682022440.0, 1682022441.0, 1682022442.0, 1682022443.0, 1682022444.0, 1682022445.0, 1682022446.0, 1682022447.0, 1682022448.0, 1682022449.0, 1682022450.0, 1682022451.0, 1682022452.0, 1682022453.0, 1682022454.0, 1682022455.0, 1682022456.0, 1682022457.0, 1682022458.0, 1682022459.0, 1682022460.0, 1682022461.0, 1682022462.0],