{"cpu_usage_count": [15.114935049, 15.114935049, 15.114935049, 15.114935049, 15.114935049, 15.114935049, 15.114935049, 15.114935049, 15.114935049, 15.114935049, 15.114935049, 15.114935049, 15.114935049, 15.114935049, 15.114935049, 15.114935049, 15.114935049, 15.114935049, 15.114935049, 15.114935049, 15.114935049, 15.114935049, 15.114935049, 15.114935049, 15.114935049, 15.114935049, 15.114935049, 15.114935049, 15.114935049, 15.114935049, 21.083387312, 21.083387312, 21.083387312, 21.083387312, 21.083387312, 21.083387312, 21.083387312, 21.083387312, 21.083387312, 21.083387312, 21.083387312, 21.083387312, 21.083387312], "time_cpu_usage_count": [1682022973.0, 1682022974.0, 1682022975.0, 1682022976.0, 1682022977.0, 1682022978.0, 1682022979.0, 1682022980.0, 1682022981.0, 1682022982.0, 1682022983.0, 1682022984.0, 1682022985.0, 1682022986.0, 1682022987.0, 1682022988.0, 1682022989.0, 1682022990.0, 1682022991.0, 1682022992.0, 1682022993.0, 1682022994.0, 1682022995.0, 1682022996.0, 1682022997.0, 1682022998.0, 1682022999.0, 1682023000.0, 1682023001.0, 1682023002.0, 1682023003.0, 1682023004.0, 1682023005.0, 1682023006.0, 1682023007.0, 1682023008.0, 1682023009.0, 1682023010.0, 1682023011.0, 1682023012.0, 1682023013.0, 1682023014.0, 1682023015.0], "cpu_usage_rate": [0.07610937167709471, 0.0777672750834836, 0.0794251784898725, 0.08108308189626137, 0.08274098530265027, 0.08439888870903915, 0.08605679211542805, 0.08771469552181693, 0.08937259892820583, 0.09103050233459471, 0.0926884057409836, 0.09434630914737248, 0.09600421255376139], "time_cpu_usage_rate": [1682023003.0, 1682023004.0, 1682023005.0, 1682023006.0, 1682023007.0, 1682023008.0, 1682023009.0, 1682023010.0, 1682023011.0, 1682023012.0, 1682023013.0, 1682023014.0, 1682023015.0], "cpu_throttled_count": [7.908601144, 7.908601144, 7.908601144, 7.908601144, 7.908601144, 7.908601144, 7.908601144, 7.908601144, 7.908601144, 7.908601144, 7.908601144, 7.908601144, 7.908601144, 7.908601144, 7.908601144, 7.908601144, 7.908601144, 7.908601144, 7.908601144, 7.908601144, 7.908601144, 7.908601144, 7.908601144, 7.908601144, 7.908601144, 7.908601144, 7.908601144, 7.908601144, 7.908601144, 7.908601144, 7.912395918, 7.912395918, 7.912395918, 7.912395918, 7.912395918, 7.912395918, 7.912395918, 7.912395918, 7.912395918, 7.912395918, 7.912395918, 7.912395918, 7.912395918], "time_cpu_throttled_count": [1682022973.0, 1682022974.0, 1682022975.0, 1682022976.0, 1682022977.0, 1682022978.0, 1682022979.0, 1682022980.0, 1682022981.0, 1682022982.0, 1682022983.0, 1682022984.0, 1682022985.0, 1682022986.0, 1682022987.0, 1682022988.0, 1682022989.0, 1682022990.0, 1682022991.0, 1682022992.0, 1682022993.0, 1682022994.0, 1682022995.0, 1682022996.0, 1682022997.0, 1682022998.0, 1682022999.0, 1682023000.0, 1682023001.0, 1682023002.0, 1682023003.0, 1682023004.0, 1682023005.0, 1682023006.0, 1682023007.0, 1682023008.0, 1682023009.0, 1682023010.0, 1682023011.0, 1682023012.0, 1682023013.0, 1682023014.0, 1682023015.0], "cpu_throttled_rate": [4.839074722721302e-05, 4.944485111610171e-05, 5.049895500499041e-05, 5.155305889387909e-05, 5.260716278276779e-05, 5.3661266671656464e-05, 5.471537056054516e-05, 5.576947444943384e-05, 5.682357833832254e-05, 5.787768222721122e-05, 5.893178611609991e-05, 5.9985890004988594e-05, 6.10399938938773e-05], "time_cpu_throttled_rate": [1682023003.0, 1682023004.0, 1682023005.0, 1682023006.0, 1682023007.0, 1682023008.0, 1682023009.0, 1682023010.0, 1682023011.0, 1682023012.0, 1682023013.0, 1682023014.0, 1682023015.0], "memory_usage": [6464606208.0, 6464606208.0, 6464606208.0, 6464606208.0, 6464606208.0, 6464606208.0, 6464606208.0, 6464606208.0, 6464606208.0, 6464606208.0, 6464606208.0, 6464606208.0, 6464606208.0, 6464606208.0, 6464606208.0, 6464606208.0, 6464606208.0, 6464606208.0, 6464606208.0, 6464606208.0, 6464606208.0, 6464606208.0, 6464606208.0, 6464606208.0, 6464606208.0, 6464606208.0, 6464606208.0, 6464606208.0, 6464606208.0, 6464606208.0, 4829057024.0, 4829057024.0, 4829057024.0, 4829057024.0, 4829057024.0, 4829057024.0, 4829057024.0, 4829057024.0, 4829057024.0, 4829057024.0, 4829057024.0, 4829057024.0, 4829057024.0], "time_memory_usage": [1682022973.0, 1682022974.0, 1682022975.0, 1682022976.0, 1682022977.0, 1682022978.0, 1682022979.0, 1682022980.0, 1682022981.0, 1682022982.0, 1682022983.0, 1682022984.0, 1682022985.0, 1682022986.0, 1682022987.0, 1682022988.0, 1682022989.0, 1682022990.0, 1682022991.0, 1682022992.0, 1682022993.0, 1682022994.0, 1682022995.0, 1682022996.0, 1682022997.0, 1682022998.0, 1682022999.0, 1682023000.0, 1682023001.0, 1682023002.0, 1682023003.0, 1682023004.0, 1682023005.0, 1682023006.0, 1682023007.0, 1682023008.0, 1682023009.0, 1682023010.0, 1682023011.0, 1682023012.0, 1682023013.0, 1682023014.0, 1682023015.0], "throughput": [0.009932134232658839, 0.009618333333333333, 0.011285, 0.010416666666666666, 0.010416666666666666, 0.018086406041759217, 0.017951666666666668, 0.019618333333333335, 0.01875, 0.01875, 0.01875, 0.01875, 0.01875, 0.01875, 0.01875, 0.01875, 0.01875, 0.06044333920327448, 0.060377651515151516, 0.06302916666666666, 0.06568068181818182, 0.06833219696969697, 0.06319444444444444, 0.06319444444444444, 0.06319444444444444, 0.06319444444444444, 0.06319444444444444, 0.09392226737186103, 0.09687849372205024, 0.09983472007223941, 0.10279094642242861, 0.10574717277261782, 0.09821428571428571, 0.09821428571428571, 0.09821428571428571, 0.09821428571428571, 0.09821428571428571, 0.09821428571428571, 0.09821428571428571, 0.09821428571428571, 0.09821428571428571, 0.09821428571428571, 0.09821428571428571, 0.09821428571428571, 0.09821428571428571, 0.09821428571428571, 0.09821428571428571, 0.09821428571428571, 0.09821428571428571, 0.09821428571428571, 0.09821428571428571, 0.09821428571428571, 0.09821428571428571, 0.09821428571428571, 0.09821428571428571, 0.09821428571428571, 0.09821428571428571, 0.09821428571428571, 0.09821428571428571, 0.09821428571428571, 0.09821428571428571, 0.09821428571428571, 0.09821428571428571, 0.09821428571428571, 0.09821428571428571, 0.09821428571428571, 0.09821428571428571, 0.09821428571428571, 0.09821428571428571, 0.09821428571428571, 0.09821428571428571, 0.09821428571428571, 0.09821428571428571, 0.09821428571428571, 0.09821428571428571, 0.09821428571428571, 0.09821428571428571, 0.09821428571428571, 0.09821428571428571, 0.09821428571428571, 0.09821428571428571, 0.09821428571428571, 0.09821428571428571, 0.09821428571428571, 0.09821428571428571, 0.09821428571428571, 0.09821428571428571, 0.09821428571428571, 0.09821428571428571, 0.09821428571428571, 0.09821428571428571, 0.09821428571428571, 0.09821428571428571, 0.09821428571428571, 0.09821428571428571, 0.09821428571428571, 0.09821428571428571, 0.09821428571428571, 0.09821428571428571, 0.09821428571428571, 0.09821428571428571, 0.09821428571428571, 0.09821428571428571, 0.09821428571428571, 0.09821428571428571, 0.09821428571428571, 0.09821428571428571, 0.09821428571428571, 0.09821428571428571, 0.09821428571428571, 0.09821428571428571, 0.09821428571428571, 0.09821428571428571, 0.09821428571428571, 0.09821428571428571, 0.09821428571428571, 0.09861111111111112, 0.09716539118270279, 0.0940795428830052, 0.09099369458330762, 0.09240041525684405, 0.09539458734775494, 0.09198611616069804, 0.08857764497364114, 0.08516917378658426, 0.08831754569687737, 0.05, 0.05, 0.05, 0.05, 0.05, 0.05913857490580507, 0.05580424127238171, 0.052469907638958355, 0.049135574005535, 0.04580124037211163, 0.04246690673868827, 0.050847394908229725],