{"cpu_usage_count": [18.626189861, 18.626189861, 18.626189861, 18.626189861, 18.626189861, 18.626189861, 18.626189861, 18.626189861, 18.626189861, 18.626189861, 18.626189861, 18.626189861, 18.626189861, 18.626189861, 18.626189861, 18.626189861, 18.626189861, 18.626189861, 18.626189861, 18.626189861, 18.626189861, 18.626189861, 18.626189861, 18.626189861, 18.626189861, 18.626189861, 18.626189861, 18.626189861, 18.626189861, 18.626189861, 328.406398987, 328.406398987, 328.406398987, 328.406398987, 328.406398987, 328.406398987, 328.406398987, 328.406398987, 328.406398987, 328.406398987, 328.406398987, 328.406398987, 328.406398987, 328.406398987, 328.406398987, 328.406398987, 328.406398987, 328.406398987, 328.406398987, 328.406398987, 328.406398987, 328.406398987, 328.406398987, 328.406398987, 328.406398987, 328.406398987, 328.406398987, 328.406398987, 328.406398987, 328.406398987], "time_cpu_usage_count": [1682023213.0, 1682023214.0, 1682023215.0, 1682023216.0, 1682023217.0, 1682023218.0, 1682023219.0, 1682023220.0, 1682023221.0, 1682023222.0, 1682023223.0, 1682023224.0, 1682023225.0, 1682023226.0, 1682023227.0, 1682023228.0, 1682023229.0, 1682023230.0, 1682023231.0, 1682023232.0, 1682023233.0, 1682023234.0, 1682023235.0, 1682023236.0, 1682023237.0, 1682023238.0, 1682023239.0, 1682023240.0, 1682023241.0, 1682023242.0, 1682023243.0, 1682023244.0, 1682023245.0, 1682023246.0, 1682023247.0, 1682023248.0, 1682023249.0, 1682023250.0, 1682023251.0, 1682023252.0, 1682023253.0, 1682023254.0, 1682023255.0, 1682023256.0, 1682023257.0, 1682023258.0, 1682023259.0, 1682023260.0, 1682023261.0, 1682023262.0, 1682023263.0, 1682023264.0, 1682023265.0, 1682023266.0, 1682023267.0, 1682023268.0, 1682023269.0, 1682023270.0, 1682023271.0, 1682023272.0], "cpu_usage_rate": [2.8147673942464673, 2.9008174523370234, 2.9868675104275786, 3.0729175685181342, 3.15896762660869, 3.245017684699245, 3.3310677427898003, 3.4171178008803564, 3.5031678589709117, 3.5892179170614678, 3.675267975152023, 3.7613180332425786, 3.8473680913331347, 3.9334181494236895, 4.019468207514246, 4.105518265604801, 4.191568323695356, 4.277618381785912, 4.363668439876467, 4.449718497967023, 4.535768556057579, 4.621818614148134, 4.70786867223869, 4.793918730329245, 4.879968788419801, 4.966018846510356, 5.052068904600912, 5.138118962691467, 5.224169020782024, 5.310219078872579, 5.3962691369631335, 5.482319195053689, 5.568369253144246, 4.027470862916667, 4.027470862916667, 4.027470862916667, 4.027470862916667, 4.027470862916667, 4.027470862916667, 4.027470862916667, 4.027470862916667, 4.027470862916667, 4.027470862916667, 4.027470862916667, 4.027470862916667, 4.027470862916667, 4.027470862916667, 4.027470862916667, 4.027470862916667, 4.027470862916667, 4.027470862916667, 4.027470862916667, 4.027470862916667, 4.027470862916667, 4.027470862916667, 4.027470862916667, 4.027470862916667, 4.027470862916667, 4.027470862916667, 4.027470862916667, 4.027470862916667, 4.027470862916667, 4.027470862916667, 4.027470862916667, 4.027470862916667, 4.027470862916667, 4.027470862916667, 4.027470862916667, 4.027470862916667, 4.027470862916667, 4.027470862916667, 4.027470862916667, 4.027470862916667, 4.027470862916667, 4.027470862916667, 4.027470862916667, 4.027470862916667, 4.027470862916667, 4.027470862916667, 4.027470862916667, 4.027470862916667, 4.027470862916667, 4.027470862916667, 4.027470862916667, 4.027470862916667, 4.027470862916667, 4.027470862916667, 4.027470862916667, 3.966305327567978, 3.8802552694774217], "time_cpu_usage_rate": [1682023243.0, 1682023244.0, 1682023245.0, 1682023246.0, 1682023247.0, 1682023248.0, 1682023249.0, 1682023250.0, 1682023251.0, 1682023252.0, 1682023253.0, 1682023254.0, 1682023255.0, 1682023256.0, 1682023257.0, 1682023258.0, 1682023259.0, 1682023260.0, 1682023261.0, 1682023262.0, 1682023263.0, 1682023264.0, 1682023265.0, 1682023266.0, 1682023267.0, 1682023268.0, 1682023269.0, 1682023270.0, 1682023271.0, 1682023272.0, 1682023273.0, 1682023274.0, 1682023275.0, 1682023276.0, 1682023277.0, 1682023278.0, 1682023279.0, 1682023280.0, 1682023281.0, 1682023282.0, 1682023283.0, 1682023284.0, 1682023285.0, 1682023286.0, 1682023287.0, 1682023288.0, 1682023289.0, 1682023290.0, 1682023291.0, 1682023292.0, 1682023293.0, 1682023294.0, 1682023295.0, 1682023296.0, 1682023297.0, 1682023298.0, 1682023299.0, 1682023300.0, 1682023301.0, 1682023302.0, 1682023303.0, 1682023304.0, 1682023305.0, 1682023306.0, 1682023307.0, 1682023308.0, 1682023309.0, 1682023310.0, 1682023311.0, 1682023312.0, 1682023313.0, 1682023314.0, 1682023315.0, 1682023316.0, 1682023317.0, 1682023318.0, 1682023319.0, 1682023320.0, 1682023321.0, 1682023322.0, 1682023323.0, 1682023324.0, 1682023325.0, 1682023326.0, 1682023327.0, 1682023328.0, 1682023329.0, 1682023330.0, 1682023331.0, 1682023332.0], "cpu_throttled_count": [3.087455163, 3.087455163, 3.087455163, 3.087455163, 3.087455163, 3.087455163, 3.087455163, 3.087455163, 3.087455163, 3.087455163, 3.087455163, 3.087455163, 3.087455163, 3.087455163, 3.087455163, 3.087455163, 3.087455163, 3.087455163, 3.087455163, 3.087455163, 3.087455163, 3.087455163, 3.087455163, 3.087455163, 3.087455163, 3.087455163, 3.087455163, 3.087455163, 3.087455163, 3.087455163, 3.961548786, 3.961548786, 3.961548786, 3.961548786, 3.961548786, 3.961548786, 3.961548786, 3.961548786, 3.961548786, 3.961548786, 3.961548786, 3.961548786, 3.961548786, 3.961548786, 3.961548786, 3.961548786, 3.961548786, 3.961548786, 3.961548786, 3.961548786, 3.961548786, 3.961548786, 3.961548786, 3.961548786, 3.961548786, 3.961548786, 3.961548786, 3.961548786, 3.961548786, 3.961548786], "time_cpu_throttled_count": [1682023213.0, 1682023214.0, 1682023215.0, 1682023216.0, 1682023217.0, 1682023218.0, 1682023219.0, 1682023220.0, 1682023221.0, 1682023222.0, 1682023223.0, 1682023224.0, 1682023225.0, 1682023226.0, 1682023227.0, 1682023228.0, 1682023229.0, 1682023230.0, 1682023231.0, 1682023232.0, 1682023233.0, 1682023234.0, 1682023235.0, 1682023236.0, 1682023237.0, 1682023238.0, 1682023239.0, 1682023240.0, 1682023241.0, 1682023242.0, 1682023243.0, 1682023244.0, 1682023245.0, 1682023246.0, 1682023247.0, 1682023248.0, 1682023249.0, 1682023250.0, 1682023251.0, 1682023252.0, 1682023253.0, 1682023254.0, 1682023255.0, 1682023256.0, 1682023257.0, 1682023258.0, 1682023259.0, 1682023260.0, 1682023261.0, 1682023262.0, 1682023263.0, 1682023264.0, 1682023265.0, 1682023266.0, 1682023267.0, 1682023268.0, 1682023269.0, 1682023270.0, 1682023271.0, 1682023272.0],