{"cpu_usage_count": [28.742561738, 28.742561738, 28.742561738, 28.742561738, 28.742561738, 28.742561738, 28.742561738, 28.742561738, 28.742561738, 28.742561738, 28.742561738, 28.742561738, 28.742561738, 28.742561738, 28.742561738, 28.742561738, 28.742561738, 28.742561738, 28.742561738, 28.742561738, 28.742561738, 28.742561738, 28.742561738, 28.742561738, 28.742561738, 28.742561738, 28.742561738, 28.742561738, 28.742561738, 28.742561738], "time_cpu_usage_count": [1682023513.0, 1682023514.0, 1682023515.0, 1682023516.0, 1682023517.0, 1682023518.0, 1682023519.0, 1682023520.0, 1682023521.0, 1682023522.0, 1682023523.0, 1682023524.0, 1682023525.0, 1682023526.0, 1682023527.0, 1682023528.0, 1682023529.0, 1682023530.0, 1682023531.0, 1682023532.0, 1682023533.0, 1682023534.0, 1682023535.0, 1682023536.0, 1682023537.0, 1682023538.0, 1682023539.0, 1682023540.0, 1682023541.0, 1682023542.0], "cpu_usage_rate": [3.6328643527265374, 3.750365472160426, 3.867866591594315, 3.9853677110282044, 4.102868830462093, 4.220369949895982, 4.3378710693298705, 4.45537218876376, 4.572873308197648, 4.690374427631538, 4.807875547065427, 4.925376666499315, 5.042877785933205, 5.160378905367093, 5.277880024800982, 5.395381144234872, 5.51288226366876, 5.630383383102649, 5.747884502536538, 5.865385621970427, 5.982886741404315, 6.100387860838205, 6.217888980272093, 6.3353900997059815, 6.452891219139871, 6.57039233857376, 6.687893458007649, 6.805394577441538, 6.922895696875426, 7.040396816309316, 7.157897935743205, 7.275399055177093, 7.392900174610983, 5.288807628908334, 5.288807628908334, 5.288807628908334, 5.288807628908334, 5.288807628908334, 5.288807628908334, 5.288807628908334, 5.288807628908334, 5.288807628908334, 5.288807628908334, 5.288807628908334, 5.288807628908334, 5.288807628908334, 5.288807628908334, 5.288807628908334, 5.288807628908334, 5.288807628908334, 5.288807628908334, 5.288807628908334, 5.288807628908334, 5.288807628908334, 5.288807628908334, 5.288807628908334, 5.288807628908334, 5.288807628908334, 5.288807628908334, 5.288807628908334, 5.288807628908334, 5.288807628908334, 5.288807628908334, 5.288807628908334, 5.288807628908334, 5.288807628908334, 5.288807628908334, 5.288807628908334, 5.288807628908334, 5.288807628908334, 5.288807628908334, 5.288807628908334, 5.288807628908334, 5.288807628908334, 5.288807628908334, 5.288807628908334, 5.288807628908334, 5.288807628908334, 5.288807628908334, 5.288807628908334, 5.288807628908334, 5.288807628908334, 5.288807628908334, 5.288807628908334, 5.288807628908334, 5.288807628908334, 5.288807628908334, 5.288807628908334, 5.288807628908334, 5.288807628908334], "time_cpu_usage_rate": [1682023423.0, 1682023424.0, 1682023425.0, 1682023426.0, 1682023427.0, 1682023428.0, 1682023429.0, 1682023430.0, 1682023431.0, 1682023432.0, 1682023433.0, 1682023434.0, 1682023435.0, 1682023436.0, 1682023437.0, 1682023438.0, 1682023439.0, 1682023440.0, 1682023441.0, 1682023442.0, 1682023443.0, 1682023444.0, 1682023445.0, 1682023446.0, 1682023447.0, 1682023448.0, 1682023449.0, 1682023450.0, 1682023451.0, 1682023452.0, 1682023453.0, 1682023454.0, 1682023455.0, 1682023456.0, 1682023457.0, 1682023458.0, 1682023459.0, 1682023460.0, 1682023461.0, 1682023462.0, 1682023463.0, 1682023464.0, 1682023465.0, 1682023466.0, 1682023467.0, 1682023468.0, 1682023469.0, 1682023470.0, 1682023471.0, 1682023472.0, 1682023473.0, 1682023474.0, 1682023475.0, 1682023476.0, 1682023477.0, 1682023478.0, 1682023479.0, 1682023480.0, 1682023481.0, 1682023482.0, 1682023483.0, 1682023484.0, 1682023485.0, 1682023486.0, 1682023487.0, 1682023488.0, 1682023489.0, 1682023490.0, 1682023491.0, 1682023492.0, 1682023493.0, 1682023494.0, 1682023495.0, 1682023496.0, 1682023497.0, 1682023498.0, 1682023499.0, 1682023500.0, 1682023501.0, 1682023502.0, 1682023503.0, 1682023504.0, 1682023505.0, 1682023506.0, 1682023507.0, 1682023508.0, 1682023509.0, 1682023510.0, 1682023511.0, 1682023512.0], "cpu_throttled_count": [3.117292674, 3.117292674, 3.117292674, 3.117292674, 3.117292674, 3.117292674, 3.117292674, 3.117292674, 3.117292674, 3.117292674, 3.117292674, 3.117292674, 3.117292674, 3.117292674, 3.117292674, 3.117292674, 3.117292674, 3.117292674, 3.117292674, 3.117292674, 3.117292674, 3.117292674, 3.117292674, 3.117292674, 3.117292674, 3.117292674, 3.117292674, 3.117292674, 3.117292674, 3.117292674], "time_cpu_throttled_count": [1682023513.0, 1682023514.0, 1682023515.0, 1682023516.0, 1682023517.0, 1682023518.0, 1682023519.0, 1682023520.0, 1682023521.0, 1682023522.0, 1682023523.0, 1682023524.0, 1682023525.0, 1682023526.0, 1682023527.0, 1682023528.0, 1682023529.0, 1682023530.0, 1682023531.0, 1682023532.0, 1682023533.0, 1682023534.0, 1682023535.0, 1682023536.0, 1682023537.0, 1682023538.0, 1682023539.0, 1682023540.0, 1682023541.0, 1682023542.0], "cpu_throttled_rate": [0.03399176698067139, 0.03509157501706028, 0.03619138305344916, 0.03729119108983805, 0.03839099912622694, 0.03949080716261583, 0.04059061519900472, 0.041690423235393605, 0.0427902312717825, 0.04389003930817138, 0.04498984734456027, 0.046089655380949154, 0.047189463417338054, 0.04828927145372694, 0.049389079490115825, 0.05048888752650471, 0.051588695562893604, 0.052688503599282496, 0.053788311635671375, 0.054888119672060275, 0.05598792770844916, 0.05708773574483805, 0.05818754378122694, 0.059287351817615824, 0.06038715985400471, 0.06148696789039361, 0.0625867759267825, 0.06368658396317138, 0.06478639199956027, 0.06588620003594917, 0.06698600807233805, 0.06808581610872694, 0.06918562414511582, 0.0494913616375, 0.0494913616375, 0.0494913616375, 0.0494913616375, 0.0494913616375, 0.0494913616375, 0.0494913616375, 0.0494913616375, 0.0494913616375, 0.0494913616375, 0.0494913616375, 0.0494913616375, 0.0494913616375, 0.0494913616375, 0.0494913616375, 0.0494913616375, 0.0494913616375, 0.0494913616375, 0.0494913616375, 0.0494913616375, 0.0494913616375, 0.0494913616375, 0.0494913616375, 0.0494913616375, 0.0494913616375, 0.0494913616375, 0.0494913616375, 0.0494913616375, 0.0494913616375, 0.0494913616375, 0.0494913616375, 0.0494913616375, 0.0494913616375, 0.0494913616375, 0.0494913616375, 0.0494913616375, 0.0494913616375, 0.0494913616375, 0.0494913616375, 0.0494913616375, 0.0494913616375, 0.0494913616375, 0.0494913616375, 0.0494913616375, 0.0494913616375, 0.0494913616375, 0.0494913616375, 0.0494913616375, 0.0494913616375, 0.0494913616375, 0.0494913616375, 0.0494913616375, 0.0494913616375, 0.0494913616375, 0.0494913616375, 0.0494913616375, 0.0494913616375], "time_cpu_throttled_rate": [1682023423.0, 1682023424.0, 1682023425.0, 1682023426.0, 1682023427.0, 1682023428.0, 1682023429.0, 1682023430.0, 1682023431.0, 1682023432.0, 1682023433.0, 1682023434.0, 1682023435.0, 1682023436.0, 1682023437.0, 1682023438.0, 1682023439.0, 1682023440.0, 1682023441.0, 1682023442.0, 1682023443.0, 1682023444.0, 1682023445.0, 1682023446.0, 1682023447.0, 1682023448.0, 1682023449.0, 1682023450.0, 1682023451.0, 1682023452.0, 1682023453.0, 1682023454.0, 1682023455.0, 1682023456.0, 1682023457.0, 1682023458.0, 1682023459.0, 1682023460.0, 1682023461.0, 1682023462.0, 1682023463.0, 1682023464.0, 1682023465.0, 1682023466.0, 1682023467.0, 1682023468.0, 1682023469.0, 1682023470.0, 1682023471.0, 1682023472.0, 1682023473.0, 1682023474.0, 1682023475.0, 1682023476.0, 1682023477.0, 1682023478.0, 1682023479.0, 1682023480.0, 1682023481.0, 1682023482.0, 1682023483.0, 1682023484.0, 1682023485.0, 1682023486.0, 1682023487.0, 1682023488.0, 1682023489.0, 1682023490.0, 1682023491.0, 1682023492.0, 1682023493.0, 1682023494.0, 1682023495.0, 1682023496.0, 1682023497.0, 1682023498.0, 1682023499.0, 1682023500.0, 1682023501.0, 1682023502.0, 1682023503.0, 1682023504.0, 1682023505.0, 1682023506.0, 1682023507.0, 1682023508.0, 1682023509.0, 1682023510.0, 1682023511.0, 1682023512.0],