{"cpu_usage_count": [0.075741357, 0.075741357, 0.075741357, 0.075741357, 0.075741357, 0.075741357, 0.075741357, 0.075741357, 0.075741357, 0.075741357, 0.075741357, 0.075741357, 0.075741357, 0.075741357], "time_cpu_usage_count": [1682024953.0, 1682024954.0, 1682024955.0, 1682024956.0, 1682024957.0, 1682024958.0, 1682024959.0, 1682024960.0, 1682024961.0, 1682024962.0, 1682024963.0, 1682024964.0, 1682024965.0, 1682024966.0], "cpu_usage_rate": [0.8239834519566335, 0.8404530149677444, 0.8569225779788555, 0.8733921409899666, 0.8898617040010778, 0.9063312670121888, 0.9228008300233, 0.9392703930344111, 0.9557399560455223, 0.9722095190566333, 0.9886790820677444, 1.0051486450788556, 1.0216182080899667, 1.0380877711010779, 1.054557334112189, 1.0710268971233001, 1.023113503455954, 1.0385259965624818, 1.0539384896690094, 1.0693509827755372, 1.0847634758820652, 1.100175968988593, 1.1155884620951206, 1.1310009552016487, 1.1464134483081763, 1.161825941414704, 1.177238434521232, 1.1926509276277597, 1.2080634207342873, 1.223475913840815, 1.238888406947343, 1.2543009000538707, 1.2697133931603983, 1.2851258862669261, 1.300538379373454, 1.3159508724799818, 1.3313633655865094, 1.3467758586930372, 1.362188351799565, 1.377600844906093, 1.3930133380126208, 1.4084258311191487, 1.4238383242256765, 1.439250817332204, 1.4546633104387319, 1.4700758035452597, 1.3976854578344047, 1.412132097499312, 1.4265787371642193, 1.4410253768291266, 1.455472016494034, 1.4699186561589417, 1.484365295823849, 1.4988119354887564, 1.5132585751536636, 1.527705214818571, 1.5421518544834782, 1.556598494148386, 1.5710451338132934, 1.5854917734782006, 1.599938413143108, 1.6143850528080153, 1.628831692472923, 1.6432783321378304, 1.6577249718027376, 1.6721716114676453, 1.6866182511325525, 1.70106489079746, 1.7155115304623676, 1.7299581701272748, 1.7335967597888888, 1.7335967597888888, 1.7335967597888888, 1.7335967597888888, 1.7335967597888888, 1.7335967597888888, 1.9298857852777778, 1.9298857852777778, 1.9298857852777778, 1.9298857852777778, 1.9298857852777778, 1.9298857852777778, 1.9298857852777778, 1.9298857852777778, 1.9298857852777778, 1.9298857852777778, 1.9298857852777778, 1.9298857852777778, 1.9298857852777778, 1.9298857852777778, 1.9298857852777778, 1.9298857852777778, 1.9298857852777778, 1.9298857852777778, 1.9298857852777778, 1.9298857852777778, 1.9298857852777778, 1.9298857852777778, 1.9298857852777778, 1.9298857852777778, 1.9298857852777778, 1.9298857852777778, 1.9298857852777778, 1.9298857852777778, 1.9298857852777778, 1.9298857852777778, 1.9077924089333331, 1.9077924089333331, 1.9077924089333331, 1.9077924089333331, 1.9077924089333331, 1.9077924089333331, 1.9077924089333331, 1.9077924089333331, 1.9077924089333331, 1.9077924089333331, 1.9077924089333331, 1.9077924089333331, 1.9077924089333331, 1.9077924089333331, 1.9077924089333331, 1.9077924089333331, 1.9077924089333331, 1.9077924089333331, 1.9077924089333331, 1.9077924089333331, 1.9077924089333331, 1.9077924089333331, 1.9077924089333331, 1.9077924089333331, 1.9077924089333331, 1.9077924089333331, 1.9077924089333331, 1.9077924089333331, 1.9077924089333331, 1.9077924089333331, 2.0843319738, 2.0843319738, 2.0843319738, 2.0843319738, 2.0843319738, 2.0843319738, 2.0843319738, 2.0843319738, 2.0843319738, 2.0843319738, 2.0843319738, 2.0843319738, 2.0843319738, 2.0843319738, 2.0843319738, 2.0843319738, 2.0843319738, 2.0843319738, 2.0843319738, 2.0843319738, 2.0843319738, 2.0843319738, 2.0843319738, 2.0843319738, 2.0843319738, 2.0843319738, 2.0843319738, 2.0843319738, 2.0843319738, 2.0843319738, 1.8438906418000003, 1.8438906418000003, 1.8438906418000003, 1.5533703054290617, 1.5380045500807284, 1.5226387947323952, 1.507273039384062, 1.4919072840357286, 1.4765415286873953, 1.4611757733390618, 1.4458100179907285, 1.4304442626423952, 1.415078507294062, 1.3997127519457286], "time_cpu_usage_rate": [1682024787.0, 1682024788.0, 1682024789.0, 1682024790.0, 1682024791.0, 1682024792.0, 1682024793.0, 1682024794.0, 1682024795.0, 1682024796.0, 1682024797.0, 1682024798.0, 1682024799.0, 1682024800.0, 1682024801.0, 1682024802.0, 1682024803.0, 1682024804.0, 1682024805.0, 1682024806.0, 1682024807.0, 1682024808.0, 1682024809.0, 1682024810.0, 1682024811.0, 1682024812.0, 1682024813.0, 1682024814.0, 1682024815.0, 1682024816.0, 1682024817.0, 1682024818.0, 1682024819.0, 1682024820.0, 1682024821.0, 1682024822.0, 1682024823.0, 1682024824.0, 1682024825.0, 1682024826.0, 1682024827.0, 1682024828.0, 1682024829.0, 1682024830.0, 1682024831.0, 1682024832.0, 1682024833.0, 1682024834.0, 1682024835.0, 1682024836.0, 1682024837.0, 1682024838.0, 1682024839.0, 1682024840.0, 1682024841.0, 1682024842.0, 1682024843.0, 1682024844.0, 1682024845.0, 1682024846.0, 1682024847.0, 1682024848.0, 1682024849.0, 1682024850.0, 1682024851.0, 1682024852.0, 1682024853.0, 1682024854.0, 1682024855.0, 1682024856.0, 1682024857.0, 1682024858.0, 1682024859.0, 1682024860.0, 1682024861.0, 1682024862.0, 1682024863.0, 1682024864.0, 1682024865.0, 1682024866.0, 1682024867.0, 1682024868.0, 1682024869.0, 1682024870.0, 1682024871.0, 1682024872.0, 1682024873.0, 1682024874.0, 1682024875.0, 1682024876.0, 1682024877.0, 1682024878.0, 1682024879.0, 1682024880.0, 1682024881.0, 1682024882.0, 1682024883.0, 1682024884.0, 1682024885.0, 1682024886.0, 1682024887.0, 1682024888.0, 1682024889.0, 1682024890.0, 1682024891.0, 1682024892.0, 1682024893.0, 1682024894.0, 1682024895.0, 1682024896.0, 1682024897.0, 1682024898.0, 1682024899.0, 1682024900.0, 1682024901.0, 1682024902.0, 1682024903.0, 1682024904.0, 1682024905.0, 1682024906.0, 1682024907.0, 1682024908.0, 1682024909.0, 1682024910.0, 1682024911.0, 1682024912.0, 1682024913.0, 1682024914.0, 1682024915.0, 1682024916.0, 1682024917.0, 1682024918.0, 1682024919.0, 1682024920.0, 1682024921.0, 1682024922.0, 1682024923.0, 1682024924.0, 1682024925.0, 1682024926.0, 1682024927.0, 1682024928.0, 1682024929.0, 1682024930.0, 1682024931.0, 1682024932.0, 1682024933.0, 1682024934.0, 1682024935.0, 1682024936.0, 1682024937.0, 1682024938.0, 1682024939.0, 1682024940.0, 1682024941.0, 1682024942.0, 1682024943.0, 1682024944.0, 1682024945.0, 1682024946.0, 1682024947.0, 1682024948.0, 1682024949.0, 1682024950.0, 1682024951.0, 1682024952.0, 1682024953.0, 1682024954.0, 1682024955.0, 1682024956.0, 1682024957.0, 1682024958.0, 1682024959.0, 1682024960.0, 1682024961.0, 1682024962.0, 1682024963.0, 1682024964.0, 1682024965.0, 1682024966.0], "cpu_throttled_count": [0.0, 0.0, 0.0, 0.0, 0.0, 0.0, 0.0, 0.0, 0.0, 0.0, 0.0, 0.0, 0.0, 0.0], "time_cpu_throttled_count": [1682024953.0, 1682024954.0, 1682024955.0, 1682024956.0, 1682024957.0, 1682024958.0, 1682024959.0, 1682024960.0, 1682024961.0, 1682024962.0, 1682024963.0, 1682024964.0, 1682024965.0, 1682024966.0],