{"cpu_usage_count": [0.078466524, 0.078466524, 0.078466524, 0.078466524, 0.078466524, 0.078466524, 0.078466524, 0.078466524, 0.078466524, 0.078466524, 0.078466524, 0.078466524, 0.078466524, 0.078466524, 0.078466524, 0.078466524, 0.078466524, 0.078466524, 0.078466524, 0.078466524, 0.078466524, 0.078466524, 0.078466524, 0.078466524, 0.078466524, 0.078466524, 0.078466524, 0.078466524, 0.078466524, 0.078466524, 18.023413478, 18.023413478, 18.023413478, 18.023413478, 18.023413478, 18.023413478, 18.023413478, 18.023413478, 18.023413478, 18.023413478, 18.023413478, 18.023413478, 18.023413478, 18.023413478, 18.023413478, 18.023413478, 18.023413478, 18.023413478, 18.023413478, 18.023413478, 18.023413478, 18.023413478, 18.023413478, 18.023413478, 18.023413478], "time_cpu_usage_count": [1682025553.0, 1682025554.0, 1682025555.0, 1682025556.0, 1682025557.0, 1682025558.0, 1682025559.0, 1682025560.0, 1682025561.0, 1682025562.0, 1682025563.0, 1682025564.0, 1682025565.0, 1682025566.0, 1682025567.0, 1682025568.0, 1682025569.0, 1682025570.0, 1682025571.0, 1682025572.0, 1682025573.0, 1682025574.0, 1682025575.0, 1682025576.0, 1682025577.0, 1682025578.0, 1682025579.0, 1682025580.0, 1682025581.0, 1682025582.0, 1682025583.0, 1682025584.0, 1682025585.0, 1682025586.0, 1682025587.0, 1682025588.0, 1682025589.0, 1682025590.0, 1682025591.0, 1682025592.0, 1682025593.0, 1682025594.0, 1682025595.0, 1682025596.0, 1682025597.0, 1682025598.0, 1682025599.0, 1682025600.0, 1682025601.0, 1682025602.0, 1682025603.0, 1682025604.0, 1682025605.0, 1682025606.0, 1682025607.0], "cpu_usage_rate": [0.15471624200757722, 0.15970094949479943, 0.16468565698202164, 0.16967036446924386, 0.1746550719564661, 0.1796397794436883, 0.18462448693091055, 0.18960919441813276, 0.19459390190535497, 0.1995786093925772, 0.20456331687979942, 0.20954802436702166, 0.21453273185424387, 0.2195174393414661, 0.22450214682868833, 0.22948685431591054, 0.23447156180313272, 0.239456269290355, 0.24444097677757717, 0.2494256842647994, 0.2544103917520217, 0.25939509923924386, 0.2643798067264661, 0.2693645142136883, 0.2743492217009106], "time_cpu_usage_rate": [1682025583.0, 1682025584.0, 1682025585.0, 1682025586.0, 1682025587.0, 1682025588.0, 1682025589.0, 1682025590.0, 1682025591.0, 1682025592.0, 1682025593.0, 1682025594.0, 1682025595.0, 1682025596.0, 1682025597.0, 1682025598.0, 1682025599.0, 1682025600.0, 1682025601.0, 1682025602.0, 1682025603.0, 1682025604.0, 1682025605.0, 1682025606.0, 1682025607.0], "cpu_throttled_count": [0.0, 0.0, 0.0, 0.0, 0.0, 0.0, 0.0, 0.0, 0.0, 0.0, 0.0, 0.0, 0.0, 0.0, 0.0, 0.0, 0.0, 0.0, 0.0, 0.0, 0.0, 0.0, 0.0, 0.0, 0.0, 0.0, 0.0, 0.0, 0.0, 0.0, 49.876638131, 49.876638131, 49.876638131, 49.876638131, 49.876638131, 49.876638131, 49.876638131, 49.876638131, 49.876638131, 49.876638131, 49.876638131, 49.876638131, 49.876638131, 49.876638131, 49.876638131, 49.876638131, 49.876638131, 49.876638131, 49.876638131, 49.876638131, 49.876638131, 49.876638131, 49.876638131, 49.876638131, 49.876638131], "time_cpu_throttled_count": [1682025553.0, 1682025554.0, 1682025555.0, 1682025556.0, 1682025557.0, 1682025558.0, 1682025559.0, 1682025560.0, 1682025561.0, 1682025562.0, 1682025563.0, 1682025564.0, 1682025565.0, 1682025566.0, 1682025567.0, 1682025568.0, 1682025569.0, 1682025570.0, 1682025571.0, 1682025572.0, 1682025573.0, 1682025574.0, 1682025575.0, 1682025576.0, 1682025577.0, 1682025578.0, 1682025579.0, 1682025580.0, 1682025581.0, 1682025582.0, 1682025583.0, 1682025584.0, 1682025585.0, 1682025586.0, 1682025587.0, 1682025588.0, 1682025589.0, 1682025590.0, 1682025591.0, 1682025592.0, 1682025593.0, 1682025594.0, 1682025595.0, 1682025596.0, 1682025597.0, 1682025598.0, 1682025599.0, 1682025600.0, 1682025601.0, 1682025602.0, 1682025603.0, 1682025604.0, 1682025605.0, 1682025606.0, 1682025607.0], "cpu_throttled_rate": [0.42820479297633807, 0.44205941467939364, 0.45591403638244915, 0.46976865808550466, 0.48362327978856023, 0.49747790149161575, 0.5113325231946714, 0.5251871448977269, 0.5390417666007824, 0.5528963883038379, 0.5667510100068935, 0.580605631709949, 0.5944602534130047, 0.6083148751160602, 0.6221694968191157, 0.6360241185221712, 0.6498787402252268, 0.6637333619282825, 0.677587983631338, 0.6914426053343935, 0.705297227037449, 0.7191518487405048, 0.7330064704435603, 0.7468610921466159, 0.7607157138496714], "time_cpu_throttled_rate": [1682025583.0, 1682025584.0, 1682025585.0, 1682025586.0, 1682025587.0, 1682025588.0, 1682025589.0, 1682025590.0, 1682025591.0, 1682025592.0, 1682025593.0, 1682025594.0, 1682025595.0, 1682025596.0, 1682025597.0, 1682025598.0, 1682025599.0, 1682025600.0, 1682025601.0, 1682025602.0, 1682025603.0, 1682025604.0, 1682025605.0, 1682025606.0, 1682025607.0], "memory_usage": [8585216.0, 8585216.0, 8585216.0, 8585216.0, 8585216.0, 8585216.0, 8585216.0, 8585216.0, 8585216.0, 8585216.0, 8585216.0, 8585216.0, 8585216.0, 8585216.0, 8585216.0, 8585216.0, 8585216.0, 8585216.0, 8585216.0, 8585216.0, 8585216.0, 8585216.0, 8585216.0, 8585216.0, 8585216.0, 8585216.0, 8585216.0, 8585216.0, 8585216.0, 8585216.0, 4828205056.0, 4828205056.0, 4828205056.0, 4828205056.0, 4828205056.0, 4828205056.0, 4828205056.0, 4828205056.0, 4828205056.0, 4828205056.0, 4828205056.0, 4828205056.0, 4828205056.0, 4828205056.0, 4828205056.0, 4828205056.0, 4828205056.0, 4828205056.0, 4828205056.0, 4828205056.0, 4828205056.0, 4828205056.0, 4828205056.0, 4828205056.0, 4828205056.0], "time_memory_usage": [1682025553.0, 1682025554.0, 1682025555.0, 1682025556.0, 1682025557.0, 1682025558.0, 1682025559.0, 1682025560.0, 1682025561.0, 1682025562.0, 1682025563.0, 1682025564.0, 1682025565.0, 1682025566.0, 1682025567.0, 1682025568.0, 1682025569.0, 1682025570.0, 1682025571.0, 1682025572.0, 1682025573.0, 1682025574.0, 1682025575.0, 1682025576.0, 1682025577.0, 1682025578.0, 1682025579.0, 1682025580.0, 1682025581.0, 1682025582.0, 1682025583.0, 1682025584.0, 1682025585.0, 1682025586.0, 1682025587.0, 1682025588.0, 1682025589.0, 1682025590.0, 1682025591.0, 1682025592.0, 1682025593.0, 1682025594.0, 1682025595.0, 1682025596.0, 1682025597.0, 1682025598.0, 1682025599.0, 1682025600.0, 1682025601.0, 1682025602.0, 1682025603.0, 1682025604.0, 1682025605.0, 1682025606.0, 1682025607.0],