{"cpu_usage_count": [0.073973839, 0.073973839, 0.073973839, 0.073973839, 0.073973839, 0.073973839, 0.073973839, 0.073973839, 0.073973839, 0.073973839, 0.073973839, 0.073973839, 0.073973839, 0.073973839, 0.073973839, 0.073973839, 0.073973839, 0.073973839, 0.073973839, 0.073973839, 0.073973839, 0.073973839, 0.073973839, 0.073973839, 0.073973839, 0.073973839, 0.073973839, 0.073973839, 0.073973839, 0.073973839, 19.61014679], "time_cpu_usage_count": [1682026153.0, 1682026154.0, 1682026155.0, 1682026156.0, 1682026157.0, 1682026158.0, 1682026159.0, 1682026160.0, 1682026161.0, 1682026162.0, 1682026163.0, 1682026164.0, 1682026165.0, 1682026166.0, 1682026167.0, 1682026168.0, 1682026169.0, 1682026170.0, 1682026171.0, 1682026172.0, 1682026173.0, 1682026174.0, 1682026175.0, 1682026176.0, 1682026177.0, 1682026178.0, 1682026179.0, 1682026180.0, 1682026181.0, 1682026182.0, 1682026183.0], "cpu_usage_rate": [0.16833992015737695], "time_cpu_usage_rate": [1682026183.0], "cpu_throttled_count": [0.0, 0.0, 0.0, 0.0, 0.0, 0.0, 0.0, 0.0, 0.0, 0.0, 0.0, 0.0, 0.0, 0.0, 0.0, 0.0, 0.0, 0.0, 0.0, 0.0, 0.0, 0.0, 0.0, 0.0, 0.0, 0.0, 0.0, 0.0, 0.0, 0.0, 10.031317137], "time_cpu_throttled_count": [1682026153.0, 1682026154.0, 1682026155.0, 1682026156.0, 1682026157.0, 1682026158.0, 1682026159.0, 1682026160.0, 1682026161.0, 1682026162.0, 1682026163.0, 1682026164.0, 1682026165.0, 1682026166.0, 1682026167.0, 1682026168.0, 1682026169.0, 1682026170.0, 1682026171.0, 1682026172.0, 1682026173.0, 1682026174.0, 1682026175.0, 1682026176.0, 1682026177.0, 1682026178.0, 1682026179.0, 1682026180.0, 1682026181.0, 1682026182.0, 1682026183.0], "cpu_throttled_rate": [0.08612164409812749], "time_cpu_throttled_rate": [1682026183.0], "memory_usage": [9232384.0, 9232384.0, 9232384.0, 9232384.0, 9232384.0, 9232384.0, 9232384.0, 9232384.0, 9232384.0, 9232384.0, 9232384.0, 9232384.0, 9232384.0, 9232384.0, 9232384.0, 9232384.0, 9232384.0, 9232384.0, 9232384.0, 9232384.0, 9232384.0, 9232384.0, 9232384.0, 9232384.0, 9232384.0, 9232384.0, 9232384.0, 9232384.0, 9232384.0, 9232384.0, 4828565504.0], "time_memory_usage": [1682026153.0, 1682026154.0, 1682026155.0, 1682026156.0, 1682026157.0, 1682026158.0, 1682026159.0, 1682026160.0, 1682026161.0, 1682026162.0, 1682026163.0, 1682026164.0, 1682026165.0, 1682026166.0, 1682026167.0, 1682026168.0, 1682026169.0, 1682026170.0, 1682026171.0, 1682026172.0, 1682026173.0, 1682026174.0, 1682026175.0, 1682026176.0, 1682026177.0, 1682026178.0, 1682026179.0, 1682026180.0, 1682026181.0, 1682026182.0, 1682026183.0], "throughput": [0.008633033633033632, 0.008590277777777777, 0.009979166666666667, 0.011368055555555557, 0.012756944444444446, 0.010416666666666666, 0.010416666666666666, 0.010416666666666666, 0.010416666666666666, 0.010416666666666666, 0.010416666666666666, 0.02527168821435263, 0.025272058823529408, 0.026742647058823527, 0.028213235294117643, 0.02968382352941176, 0.031154411764705882, 0.028125, 0.028125, 0.028125, 0.028125, 0.028125, 0.028125, 0.028125, 0.028125, 0.028125, 0.028125, 0.028125, 0.028125, 0.028125, 0.09210382279589543, 0.0921377314814815, 0.09468402777777779, 0.0972303240740741, 0.09977662037037037, 0.10232291666666665, 0.10486921296296296, 0.10741550925925926, 0.09930555555555555, 0.09930555555555555, 0.09930555555555555, 0.09930555555555555, 0.09930555555555555, 0.09930555555555555, 0.09930555555555555, 0.09930555555555555, 0.09930555555555555, 0.09930555555555555, 0.09930555555555555, 0.09930555555555555, 0.09930555555555555, 0.09930555555555555, 0.09930555555555555, 0.09930555555555555, 0.17548032123070667, 0.1784452670992664, 0.18141021296782608, 0.18437515883638583, 0.18734010470494553, 0.19030505057350525, 0.19326999644206494, 0.1962349423106247, 0.19919988817918438, 0.2021648340477441, 0.1875, 0.1875, 0.1875, 0.1875, 0.1875, 0.1875, 0.1875, 0.1875, 0.1875, 0.1875, 0.1875, 0.1875, 0.1875, 0.1875, 0.1875, 0.1875, 0.1875, 0.1875, 0.1875, 0.1875, 0.1875, 0.1875, 0.1875, 0.1875, 0.1875, 0.1875, 0.1875, 0.1875, 0.1875, 0.1875, 0.1875, 0.1875, 0.1875, 0.1875, 0.1875, 0.1875, 0.1875, 0.1875, 0.1875, 0.1875, 0.1875, 0.1875, 0.1875, 0.1875, 0.1875, 0.1875, 0.1875, 0.1875, 0.1875, 0.1875, 0.1875, 0.18888888888888886, 0.18888888888888886, 0.18888888888888886, 0.18617096770212396, 0.18308557641280065, 0.18589511469865277, 0.19375, 0.19375, 0.19375, 0.192554984655445, 0.18906758579001212, 0.1855801869245792, 0.18209278805914628, 0.17860538919371338, 0.1751179903282805, 0.17163059146284756, 0.17790912119553576, 0.125, 0.125, 0.125, 0.125, 0.125, 0.14871641324724016, 0.14524491425397487, 0.14177341526070958, 0.1383019162674443, 0.13483041727417902, 0.1313589182809137, 0.1278874192876484, 0.12441592029438313, 0.12094442130111784, 0.11747292230785254, 0.11400142331458724, 0.11052992432132194, 0.10705842532805665, 0.12794994860212253], "time_throughput": [1682026033.0, 1682026034.0, 1682026035.0, 1682026036.0, 1682026037.0, 1682026038.0, 1682026039.0, 1682026040.0, 1682026041.0, 1682026042.0, 1682026043.0, 1682026044.0, 1682026045.0, 1682026046.0, 1682026047.0, 1682026048.0, 1682026049.0, 1682026050.0, 1682026051.0, 1682026052.0, 1682026053.0, 1682026054.0, 1682026055.0, 1682026056.0, 1682026057.0, 1682026058.0, 1682026059.0, 1682026060.0, 1682026061.0, 1682026062.0, 1682026063.0, 1682026064.0, 1682026065.0, 1682026066.0, 1682026067.0, 1682026068.0, 1682026069.0, 1682026070.0, 1682026071.0, 1682026072.0, 1682026073.0, 1682026074.0, 1682026075.0, 1682026076.0, 1682026077.0, 1682026078.0, 1682026079.0, 1682026080.0, 1682026081.0, 1682026082.0, 1682026083.0, 1682026084.0, 1682026085.0, 1682026086.0, 1682026087.0, 1682026088.0, 1682026089.0, 1682026090.0, 1682026091.0, 1682026092.0, 1682026093.0, 1682026094.0, 1682026095.0, 1682026096.0, 1682026097.0, 1682026098.0, 1682026099.0, 1682026100.0, 1682026101.0, 1682026102.0, 1682026103.0, 1682026104.0, 1682026105.0, 1682026106.0, 1682026107.0, 1682026108.0, 1682026109.0, 1682026110.0, 1682026111.0, 1682026112.0, 1682026113.0, 1682026114.0, 1682026115.0, 1682026116.0, 1682026117.0, 1682026118.0, 1682026119.0, 1682026120.0, 1682026121.0, 1682026122.0, 1682026123.0, 1682026124.0, 1682026125.0, 1682026126.0, 1682026127.0, 1682026128.0, 1682026129.0, 1682026130.0, 1682026131.0, 1682026132.0, 1682026133.0, 1682026134.0, 1682026135.0, 1682026136.0, 1682026137.0, 1682026138.0, 1682026139.0, 1682026140.0, 1682026141.0, 1682026142.0, 1682026143.0, 1682026144.0, 1682026145.0, 1682026146.0, 1682026147.0, 1682026148.0, 1682026149.0, 1682026150.0, 1682026151.0, 1682026152.0, 1682026153.0, 1682026154.0, 1682026155.0, 1682026156.0, 1682026157.0, 1682026158.0, 1682026159.0, 1682026160.0, 1682026161.0, 1682026162.0, 1682026163.0, 1682026164.0, 1682026165.0, 1682026166.0, 1682026167.0, 1682026168.0, 1682026169.0, 1682026170.0, 1682026171.0, 1682026172.0, 1682026173.0, 1682026174.0, 1682026175.0, 1682026176.0, 1682026177.0, 1682026178.0, 1682026179.0, 1682026180.0, 1682026181.0, 1682026182.0, 1682026183.0], "responses": [], "start_time_experiment": 1682026063.4999151, "end_time_experiment": 1682026183.635893}