{"cpu_usage_count": [12.14107601, 12.14107601, 12.14107601, 12.14107601, 12.14107601, 12.14107601, 12.14107601, 12.14107601, 12.14107601, 12.14107601, 12.14107601, 12.14107601, 12.14107601, 12.14107601, 12.14107601, 12.14107601, 12.14107601, 12.14107601, 12.14107601, 12.14107601, 12.14107601, 12.14107601, 12.14107601, 12.14107601, 12.14107601, 12.14107601, 12.14107601, 12.14107601, 12.14107601, 12.14107601], "time_cpu_usage_count": [1682026333.0, 1682026334.0, 1682026335.0, 1682026336.0, 1682026337.0, 1682026338.0, 1682026339.0, 1682026340.0, 1682026341.0, 1682026342.0, 1682026343.0, 1682026344.0, 1682026345.0, 1682026346.0, 1682026347.0, 1682026348.0, 1682026349.0, 1682026350.0, 1682026351.0, 1682026352.0, 1682026353.0, 1682026354.0, 1682026355.0, 1682026356.0, 1682026357.0, 1682026358.0, 1682026359.0, 1682026360.0, 1682026361.0, 1682026362.0], "cpu_usage_rate": [1.2051687023918347, 1.2441201137848903, 1.2830715251779459, 1.3220229365710015, 1.360974347964057, 1.3999257593571124, 1.438877170750168, 1.4778285821432235, 1.5167799935362791, 1.555731404929335, 1.5946828163223903, 1.633634227715446, 1.6725856391085012, 1.711537050501557, 1.7504884618946124, 1.7894398732876682, 1.8283912846807235, 1.8673426960737793, 1.9062941074668347, 1.9452455188598905, 1.9841969302529456, 2.023148341646001, 2.062099753039057, 2.1010511644321124, 2.1400025758251684, 2.1789539872182235, 2.217905398611279, 2.2568568100043347, 2.2958082213973907, 2.334759632790446, 2.3737110441835014, 2.412662455576557, 2.451613866969612, 1.7541109431541668, 1.7541109431541668, 1.7541109431541668, 1.7541109431541668, 1.7541109431541668, 1.7541109431541668, 1.7541109431541668, 1.7541109431541668, 1.7541109431541668, 1.7541109431541668, 1.7541109431541668, 1.7541109431541668, 1.7541109431541668, 1.7541109431541668, 1.7541109431541668, 1.7541109431541668, 1.7541109431541668, 1.7541109431541668, 1.7541109431541668, 1.7541109431541668, 1.7541109431541668, 1.7541109431541668, 1.7541109431541668, 1.7541109431541668, 1.7541109431541668, 1.7541109431541668, 1.7541109431541668, 1.7541109431541668, 1.7541109431541668, 1.7541109431541668, 1.7541109431541668, 1.7541109431541668, 1.7541109431541668, 1.7541109431541668, 1.7541109431541668, 1.7541109431541668, 1.7541109431541668, 1.7541109431541668, 1.7541109431541668, 1.7541109431541668, 1.7541109431541668, 1.7541109431541668, 1.7541109431541668, 1.7541109431541668, 1.7541109431541668, 1.7541109431541668, 1.7541109431541668, 1.7541109431541668, 1.7541109431541668, 1.7541109431541668, 1.7541109431541668, 1.7541109431541668, 1.7541109431541668, 1.7541109431541668, 1.7541109431541668, 1.7541109431541668, 1.7541109431541668], "time_cpu_usage_rate": [1682026243.0, 1682026244.0, 1682026245.0, 1682026246.0, 1682026247.0, 1682026248.0, 1682026249.0, 1682026250.0, 1682026251.0, 1682026252.0, 1682026253.0, 1682026254.0, 1682026255.0, 1682026256.0, 1682026257.0, 1682026258.0, 1682026259.0, 1682026260.0, 1682026261.0, 1682026262.0, 1682026263.0, 1682026264.0, 1682026265.0, 1682026266.0, 1682026267.0, 1682026268.0, 1682026269.0, 1682026270.0, 1682026271.0, 1682026272.0, 1682026273.0, 1682026274.0, 1682026275.0, 1682026276.0, 1682026277.0, 1682026278.0, 1682026279.0, 1682026280.0, 1682026281.0, 1682026282.0, 1682026283.0, 1682026284.0, 1682026285.0, 1682026286.0, 1682026287.0, 1682026288.0, 1682026289.0, 1682026290.0, 1682026291.0, 1682026292.0, 1682026293.0, 1682026294.0, 1682026295.0, 1682026296.0, 1682026297.0, 1682026298.0, 1682026299.0, 1682026300.0, 1682026301.0, 1682026302.0, 1682026303.0, 1682026304.0, 1682026305.0, 1682026306.0, 1682026307.0, 1682026308.0, 1682026309.0, 1682026310.0, 1682026311.0, 1682026312.0, 1682026313.0, 1682026314.0, 1682026315.0, 1682026316.0, 1682026317.0, 1682026318.0, 1682026319.0, 1682026320.0, 1682026321.0, 1682026322.0, 1682026323.0, 1682026324.0, 1682026325.0, 1682026326.0, 1682026327.0, 1682026328.0, 1682026329.0, 1682026330.0, 1682026331.0, 1682026332.0], "cpu_throttled_count": [16.74204687, 16.74204687, 16.74204687, 16.74204687, 16.74204687, 16.74204687, 16.74204687, 16.74204687, 16.74204687, 16.74204687, 16.74204687, 16.74204687, 16.74204687, 16.74204687, 16.74204687, 16.74204687, 16.74204687, 16.74204687, 16.74204687, 16.74204687, 16.74204687, 16.74204687, 16.74204687, 16.74204687, 16.74204687, 16.74204687, 16.74204687, 16.74204687, 16.74204687, 16.74204687], "time_cpu_throttled_count": [1682026333.0, 1682026334.0, 1682026335.0, 1682026336.0, 1682026337.0, 1682026338.0, 1682026339.0, 1682026340.0, 1682026341.0, 1682026342.0, 1682026343.0, 1682026344.0, 1682026345.0, 1682026346.0, 1682026347.0, 1682026348.0, 1682026349.0, 1682026350.0, 1682026351.0, 1682026352.0, 1682026353.0, 1682026354.0, 1682026355.0, 1682026356.0, 1682026357.0, 1682026358.0, 1682026359.0, 1682026360.0, 1682026361.0, 1682026362.0], "cpu_throttled_rate": [0.18996615518148363, 0.19611253481009475, 0.20225891443870583, 0.20840529406731695, 0.21455167369592806, 0.22069805332453915, 0.2268444329531503, 0.23299081258176138, 0.2391371922103725, 0.24528357183898358, 0.2514299514675947, 0.2575763310962058, 0.26372271072481696, 0.269869090353428, 0.2760154699820392, 0.2821618496106503, 0.28830822923926136, 0.2944546088678725, 0.30060098849648365, 0.30674736812509473, 0.3128937477537058, 0.31904012738231696, 0.32518650701092805, 0.3313328866395392, 0.3374792662681502, 0.34362564589676137, 0.3497720255253725, 0.3559184051539836, 0.3620647847825947, 0.3682111644112058, 0.3743575440398169, 0.38050392366842806, 0.38665030329703914, 0.2765870832875, 0.2765870832875, 0.2765870832875, 0.2765870832875, 0.2765870832875, 0.2765870832875, 0.2765870832875, 0.2765870832875, 0.2765870832875, 0.2765870832875, 0.2765870832875, 0.2765870832875, 0.2765870832875, 0.2765870832875, 0.2765870832875, 0.2765870832875, 0.2765870832875, 0.2765870832875, 0.2765870832875, 0.2765870832875, 0.2765870832875, 0.2765870832875, 0.2765870832875, 0.2765870832875, 0.2765870832875, 0.2765870832875, 0.2765870832875, 0.2765870832875, 0.2765870832875, 0.2765870832875, 0.2765870832875, 0.2765870832875, 0.2765870832875, 0.2765870832875, 0.2765870832875, 0.2765870832875, 0.2765870832875, 0.2765870832875, 0.2765870832875, 0.2765870832875, 0.2765870832875, 0.2765870832875, 0.2765870832875, 0.2765870832875, 0.2765870832875, 0.2765870832875, 0.2765870832875, 0.2765870832875, 0.2765870832875, 0.2765870832875, 0.2765870832875, 0.2765870832875, 0.2765870832875, 0.2765870832875, 0.2765870832875, 0.2765870832875, 0.2765870832875], "time_cpu_throttled_rate": [1682026243.0, 1682026244.0, 1682026245.0, 1682026246.0, 1682026247.0, 1682026248.0, 1682026249.0, 1682026250.0, 1682026251.0, 1682026252.0, 1682026253.0, 1682026254.0, 1682026255.0, 1682026256.0, 1682026257.0, 1682026258.0, 1682026259.0, 1682026260.0, 1682026261.0, 1682026262.0, 1682026263.0, 1682026264.0, 1682026265.0, 1682026266.0, 1682026267.0, 1682026268.0, 1682026269.0, 1682026270.0, 1682026271.0, 1682026272.0, 1682026273.0, 1682026274.0, 1682026275.0, 1682026276.0, 1682026277.0, 1682026278.0, 1682026279.0, 1682026280.0, 1682026281.0, 1682026282.0, 1682026283.0, 1682026284.0, 1682026285.0, 1682026286.0, 1682026287.0, 1682026288.0, 1682026289.0, 1682026290.0, 1682026291.0, 1682026292.0, 1682026293.0, 1682026294.0, 1682026295.0, 1682026296.0, 1682026297.0, 1682026298.0, 1682026299.0, 1682026300.0, 1682026301.0, 1682026302.0, 1682026303.0, 1682026304.0, 1682026305.0, 1682026306.0, 1682026307.0, 1682026308.0, 1682026309.0, 1682026310.0, 1682026311.0, 1682026312.0, 1682026313.0, 1682026314.0, 1682026315.0, 1682026316.0, 1682026317.0, 1682026318.0, 1682026319.0, 1682026320.0, 1682026321.0, 1682026322.0, 1682026323.0, 1682026324.0, 1682026325.0, 1682026326.0, 1682026327.0, 1682026328.0, 1682026329.0, 1682026330.0, 1682026331.0, 1682026332.0],