{"cpu_usage_count": [33.223105095, 33.223105095, 33.223105095, 33.223105095, 33.223105095, 33.223105095, 33.223105095, 33.223105095, 33.223105095, 33.223105095, 33.223105095, 33.223105095, 33.223105095, 33.223105095, 33.223105095, 33.223105095, 33.223105095, 33.223105095, 33.223105095, 33.223105095, 33.223105095, 33.223105095, 33.223105095, 33.223105095, 33.223105095, 33.223105095, 33.223105095, 33.223105095, 33.223105095, 33.223105095, 425.347801809, 425.347801809, 425.347801809, 425.347801809, 425.347801809, 425.347801809, 425.347801809, 425.347801809, 425.347801809, 425.347801809, 425.347801809, 425.347801809, 425.347801809, 425.347801809, 425.347801809, 425.347801809, 425.347801809, 425.347801809, 425.347801809, 425.347801809, 425.347801809, 425.347801809, 425.347801809, 425.347801809, 425.347801809, 425.347801809, 425.347801809, 425.347801809, 425.347801809, 425.347801809], "time_cpu_usage_count": [1682026573.0, 1682026574.0, 1682026575.0, 1682026576.0, 1682026577.0, 1682026578.0, 1682026579.0, 1682026580.0, 1682026581.0, 1682026582.0, 1682026583.0, 1682026584.0, 1682026585.0, 1682026586.0, 1682026587.0, 1682026588.0, 1682026589.0, 1682026590.0, 1682026591.0, 1682026592.0, 1682026593.0, 1682026594.0, 1682026595.0, 1682026596.0, 1682026597.0, 1682026598.0, 1682026599.0, 1682026600.0, 1682026601.0, 1682026602.0, 1682026603.0, 1682026604.0, 1682026605.0, 1682026606.0, 1682026607.0, 1682026608.0, 1682026609.0, 1682026610.0, 1682026611.0, 1682026612.0, 1682026613.0, 1682026614.0, 1682026615.0, 1682026616.0, 1682026617.0, 1682026618.0, 1682026619.0, 1682026620.0, 1682026621.0, 1682026622.0, 1682026623.0, 1682026624.0, 1682026625.0, 1682026626.0, 1682026627.0, 1682026628.0, 1682026629.0, 1682026630.0, 1682026631.0, 1682026632.0], "cpu_usage_rate": [3.6433586539415552, 3.7522821808065556, 3.8612057076715556, 3.970129234536556, 4.079052761401555, 4.187976288266555, 4.296899815131555, 4.405823341996555, 4.514746868861555, 4.623670395726555, 4.732593922591556, 4.841517449456556, 4.9504409763215556, 5.059364503186556, 5.1682880300515555, 5.277211556916555, 5.386135083781555, 5.495058610646555, 5.603982137511555, 5.712905664376555, 5.821829191241556, 5.930752718106556, 6.039676244971556, 6.1485997718365555, 6.257523298701556, 6.366446825566555, 6.475370352431555, 6.584293879296554, 6.693217406161556, 6.802140933026555, 6.911064459891555, 7.019987986756555, 7.128911513621556, 5.17841791805, 5.17841791805, 5.17841791805, 5.17841791805, 5.17841791805, 5.17841791805, 5.17841791805, 5.17841791805, 5.17841791805, 5.17841791805, 5.17841791805, 5.17841791805, 5.17841791805, 5.17841791805, 5.17841791805, 5.17841791805, 5.17841791805, 5.17841791805, 5.17841791805, 5.17841791805, 5.17841791805, 5.17841791805, 5.17841791805, 5.17841791805, 5.17841791805, 5.17841791805, 5.17841791805, 5.17841791805, 5.17841791805, 5.17841791805, 5.17841791805, 5.17841791805, 5.17841791805, 5.17841791805, 5.17841791805, 5.17841791805, 5.17841791805, 5.17841791805, 5.17841791805, 5.17841791805, 5.17841791805, 5.17841791805, 5.17841791805, 5.17841791805, 5.17841791805, 5.17841791805, 5.17841791805, 5.17841791805, 5.17841791805, 5.17841791805, 5.17841791805, 5.17841791805, 5.17841791805, 5.17841791805, 5.1295356506534455, 5.020612123788445, 4.911688596923445], "time_cpu_usage_rate": [1682026603.0, 1682026604.0, 1682026605.0, 1682026606.0, 1682026607.0, 1682026608.0, 1682026609.0, 1682026610.0, 1682026611.0, 1682026612.0, 1682026613.0, 1682026614.0, 1682026615.0, 1682026616.0, 1682026617.0, 1682026618.0, 1682026619.0, 1682026620.0, 1682026621.0, 1682026622.0, 1682026623.0, 1682026624.0, 1682026625.0, 1682026626.0, 1682026627.0, 1682026628.0, 1682026629.0, 1682026630.0, 1682026631.0, 1682026632.0, 1682026633.0, 1682026634.0, 1682026635.0, 1682026636.0, 1682026637.0, 1682026638.0, 1682026639.0, 1682026640.0, 1682026641.0, 1682026642.0, 1682026643.0, 1682026644.0, 1682026645.0, 1682026646.0, 1682026647.0, 1682026648.0, 1682026649.0, 1682026650.0, 1682026651.0, 1682026652.0, 1682026653.0, 1682026654.0, 1682026655.0, 1682026656.0, 1682026657.0, 1682026658.0, 1682026659.0, 1682026660.0, 1682026661.0, 1682026662.0, 1682026663.0, 1682026664.0, 1682026665.0, 1682026666.0, 1682026667.0, 1682026668.0, 1682026669.0, 1682026670.0, 1682026671.0, 1682026672.0, 1682026673.0, 1682026674.0, 1682026675.0, 1682026676.0, 1682026677.0, 1682026678.0, 1682026679.0, 1682026680.0, 1682026681.0, 1682026682.0, 1682026683.0, 1682026684.0, 1682026685.0, 1682026686.0, 1682026687.0, 1682026688.0, 1682026689.0, 1682026690.0, 1682026691.0, 1682026692.0], "cpu_throttled_count": [11.862359597, 11.862359597, 11.862359597, 11.862359597, 11.862359597, 11.862359597, 11.862359597, 11.862359597, 11.862359597, 11.862359597, 11.862359597, 11.862359597, 11.862359597, 11.862359597, 11.862359597, 11.862359597, 11.862359597, 11.862359597, 11.862359597, 11.862359597, 11.862359597, 11.862359597, 11.862359597, 11.862359597, 11.862359597, 11.862359597, 11.862359597, 11.862359597, 11.862359597, 11.862359597, 13.059938058, 13.059938058, 13.059938058, 13.059938058, 13.059938058, 13.059938058, 13.059938058, 13.059938058, 13.059938058, 13.059938058, 13.059938058, 13.059938058, 13.059938058, 13.059938058, 13.059938058, 13.059938058, 13.059938058, 13.059938058, 13.059938058, 13.059938058, 13.059938058, 13.059938058, 13.059938058, 13.059938058, 13.059938058, 13.059938058, 13.059938058, 13.059938058, 13.059938058, 13.059938058], "time_cpu_throttled_count": [1682026573.0, 1682026574.0, 1682026575.0, 1682026576.0, 1682026577.0, 1682026578.0, 1682026579.0, 1682026580.0, 1682026581.0, 1682026582.0, 1682026583.0, 1682026584.0, 1682026585.0, 1682026586.0, 1682026587.0, 1682026588.0, 1682026589.0, 1682026590.0, 1682026591.0, 1682026592.0, 1682026593.0, 1682026594.0, 1682026595.0, 1682026596.0, 1682026597.0, 1682026598.0, 1682026599.0, 1682026600.0, 1682026601.0, 1682026602.0, 1682026603.0, 1682026604.0, 1682026605.0, 1682026606.0, 1682026607.0, 1682026608.0, 1682026609.0, 1682026610.0, 1682026611.0, 1682026612.0, 1682026613.0, 1682026614.0, 1682026615.0, 1682026616.0, 1682026617.0, 1682026618.0, 1682026619.0, 1682026620.0, 1682026621.0, 1682026622.0, 1682026623.0, 1682026624.0, 1682026625.0, 1682026626.0, 1682026627.0, 1682026628.0, 1682026629.0, 1682026630.0, 1682026631.0, 1682026632.0],