{"cpu_usage_count": [0.077406561, 0.077406561, 0.077406561, 0.077406561, 0.077406561, 0.077406561, 0.077406561, 0.077406561, 0.077406561, 0.077406561, 0.077406561, 0.077406561, 0.077406561, 0.077406561, 0.077406561, 0.077406561, 0.077406561, 0.077406561, 0.077406561, 0.077406561, 0.077406561, 0.077406561, 0.077406561, 0.077406561, 0.077406561, 0.077406561, 0.077406561, 0.077406561, 0.077406561, 0.077406561], "time_cpu_usage_count": [1682026813.0, 1682026814.0, 1682026815.0, 1682026816.0, 1682026817.0, 1682026818.0, 1682026819.0, 1682026820.0, 1682026821.0, 1682026822.0, 1682026823.0, 1682026824.0, 1682026825.0, 1682026826.0, 1682026827.0, 1682026828.0, 1682026829.0, 1682026830.0, 1682026831.0, 1682026832.0, 1682026833.0, 1682026834.0, 1682026835.0, 1682026836.0, 1682026837.0, 1682026838.0, 1682026839.0, 1682026840.0, 1682026841.0, 1682026842.0], "cpu_usage_rate": [1.6145685369348326, 1.6667675738989993, 1.7189666108631658, 1.7711656478273325, 1.8233646847914993, 1.875563721755666, 1.9277627587198325, 1.9799617956839992, 2.0321608326481657, 2.084359869612333, 2.136558906576499, 2.188757943540666, 2.2409569805048326, 2.2931560174689993, 2.3453550544331656, 2.3975540913973323, 2.4497531283614995, 2.501952165325666, 2.5541512022898325, 2.6063502392539992, 2.658549276218166, 2.7107483131823327, 2.7629473501464994, 2.8151463871106657, 2.867345424074833, 2.9195444610389996, 2.971743498003166, 3.0239425349673326, 3.0761415719314993, 3.1283406088956656, 3.1805396458598323, 3.232738682823999, 3.2849377197881657, 2.3502095648708328, 2.3502095648708328, 2.3502095648708328, 2.3502095648708328, 2.3502095648708328, 2.3502095648708328, 2.3502095648708328, 2.3502095648708328, 2.3502095648708328, 2.3502095648708328, 2.3502095648708328, 2.3502095648708328, 2.3502095648708328, 2.3502095648708328, 2.3502095648708328, 2.3502095648708328, 2.3502095648708328, 2.3502095648708328, 2.3502095648708328, 2.3502095648708328, 2.3502095648708328, 2.3502095648708328, 2.3502095648708328, 2.3502095648708328, 2.3502095648708328, 2.3502095648708328, 2.3502095648708328, 2.3502095648708328, 2.3502095648708328, 2.3502095648708328, 2.3502095648708328, 2.3502095648708328, 2.3502095648708328, 2.3502095648708328, 2.3502095648708328, 2.3502095648708328, 2.3502095648708328, 2.3502095648708328, 2.3502095648708328, 2.3502095648708328, 2.3502095648708328, 2.3502095648708328, 2.3502095648708328, 2.3502095648708328, 2.3502095648708328, 2.3502095648708328, 2.3502095648708328, 2.3502095648708328, 2.3502095648708328, 2.3502095648708328, 2.3502095648708328, 2.3502095648708328, 2.3502095648708328, 2.3502095648708328, 2.3502095648708328, 2.3502095648708328, 2.3502095648708328], "time_cpu_usage_rate": [1682026783.0, 1682026784.0, 1682026785.0, 1682026786.0, 1682026787.0, 1682026788.0, 1682026789.0, 1682026790.0, 1682026791.0, 1682026792.0, 1682026793.0, 1682026794.0, 1682026795.0, 1682026796.0, 1682026797.0, 1682026798.0, 1682026799.0, 1682026800.0, 1682026801.0, 1682026802.0, 1682026803.0, 1682026804.0, 1682026805.0, 1682026806.0, 1682026807.0, 1682026808.0, 1682026809.0, 1682026810.0, 1682026811.0, 1682026812.0, 1682026813.0, 1682026814.0, 1682026815.0, 1682026816.0, 1682026817.0, 1682026818.0, 1682026819.0, 1682026820.0, 1682026821.0, 1682026822.0, 1682026823.0, 1682026824.0, 1682026825.0, 1682026826.0, 1682026827.0, 1682026828.0, 1682026829.0, 1682026830.0, 1682026831.0, 1682026832.0, 1682026833.0, 1682026834.0, 1682026835.0, 1682026836.0, 1682026837.0, 1682026838.0, 1682026839.0, 1682026840.0, 1682026841.0, 1682026842.0, 1682026843.0, 1682026844.0, 1682026845.0, 1682026846.0, 1682026847.0, 1682026848.0, 1682026849.0, 1682026850.0, 1682026851.0, 1682026852.0, 1682026853.0, 1682026854.0, 1682026855.0, 1682026856.0, 1682026857.0, 1682026858.0, 1682026859.0, 1682026860.0, 1682026861.0, 1682026862.0, 1682026863.0, 1682026864.0, 1682026865.0, 1682026866.0, 1682026867.0, 1682026868.0, 1682026869.0, 1682026870.0, 1682026871.0, 1682026872.0], "cpu_throttled_count": [0.0, 0.0, 0.0, 0.0, 0.0, 0.0, 0.0, 0.0, 0.0, 0.0, 0.0, 0.0, 0.0, 0.0, 0.0, 0.0, 0.0, 0.0, 0.0, 0.0, 0.0, 0.0, 0.0, 0.0, 0.0, 0.0, 0.0, 0.0, 0.0, 0.0], "time_cpu_throttled_count": [1682026813.0, 1682026814.0, 1682026815.0, 1682026816.0, 1682026817.0, 1682026818.0, 1682026819.0, 1682026820.0, 1682026821.0, 1682026822.0, 1682026823.0, 1682026824.0, 1682026825.0, 1682026826.0, 1682026827.0, 1682026828.0, 1682026829.0, 1682026830.0, 1682026831.0, 1682026832.0, 1682026833.0, 1682026834.0, 1682026835.0, 1682026836.0, 1682026837.0, 1682026838.0, 1682026839.0, 1682026840.0, 1682026841.0, 1682026842.0], "cpu_throttled_rate": [0.10342266997412222, 0.10676892389634446, 0.11011517781856667, 0.11346143174078888, 0.1168076856630111, 0.12015393958523332, 0.12350019350745554, 0.12684644742967774, 0.1301927013519, 0.13353895527412218, 0.13688520919634445, 0.14023146311856663, 0.1435777170407889, 0.14692397096301107, 0.1502702248852333, 0.15361647880745552, 0.15696273272967776, 0.1603089866519, 0.1636552405741222, 0.1670014944963444, 0.17034774841856665, 0.17369400234078886, 0.1770402562630111, 0.1803865101852333, 0.18373276410745554, 0.18707901802967777, 0.19042527195189998, 0.19377152587412222, 0.1971177797963444, 0.20046403371856666, 0.20381028764078887, 0.2071565415630111, 0.2105027954852333, 0.1505814265, 0.1505814265, 0.1505814265, 0.1505814265, 0.1505814265, 0.1505814265, 0.1505814265, 0.1505814265, 0.1505814265, 0.1505814265, 0.1505814265, 0.1505814265, 0.1505814265, 0.1505814265, 0.1505814265, 0.1505814265, 0.1505814265, 0.1505814265, 0.1505814265, 0.1505814265, 0.1505814265, 0.1505814265, 0.1505814265, 0.1505814265, 0.1505814265, 0.1505814265, 0.1505814265, 0.1505814265, 0.1505814265, 0.1505814265, 0.1505814265, 0.1505814265, 0.1505814265, 0.1505814265, 0.1505814265, 0.1505814265, 0.1505814265, 0.1505814265, 0.1505814265, 0.1505814265, 0.1505814265, 0.1505814265, 0.1505814265, 0.1505814265, 0.1505814265, 0.1505814265, 0.1505814265, 0.1505814265, 0.1505814265, 0.1505814265, 0.1505814265, 0.1505814265, 0.1505814265, 0.1505814265, 0.1505814265, 0.1505814265, 0.1505814265], "time_cpu_throttled_rate": [1682026783.0, 1682026784.0, 1682026785.0, 1682026786.0, 1682026787.0, 1682026788.0, 1682026789.0, 1682026790.0, 1682026791.0, 1682026792.0, 1682026793.0, 1682026794.0, 1682026795.0, 1682026796.0, 1682026797.0, 1682026798.0, 1682026799.0, 1682026800.0, 1682026801.0, 1682026802.0, 1682026803.0, 1682026804.0, 1682026805.0, 1682026806.0, 1682026807.0, 1682026808.0, 1682026809.0, 1682026810.0, 1682026811.0, 1682026812.0, 1682026813.0, 1682026814.0, 1682026815.0, 1682026816.0, 1682026817.0, 1682026818.0, 1682026819.0, 1682026820.0, 1682026821.0, 1682026822.0, 1682026823.0, 1682026824.0, 1682026825.0, 1682026826.0, 1682026827.0, 1682026828.0, 1682026829.0, 1682026830.0, 1682026831.0, 1682026832.0, 1682026833.0, 1682026834.0, 1682026835.0, 1682026836.0, 1682026837.0, 1682026838.0, 1682026839.0, 1682026840.0, 1682026841.0, 1682026842.0, 1682026843.0, 1682026844.0, 1682026845.0, 1682026846.0, 1682026847.0, 1682026848.0, 1682026849.0, 1682026850.0, 1682026851.0, 1682026852.0, 1682026853.0, 1682026854.0, 1682026855.0, 1682026856.0, 1682026857.0, 1682026858.0, 1682026859.0, 1682026860.0, 1682026861.0, 1682026862.0, 1682026863.0, 1682026864.0, 1682026865.0, 1682026866.0, 1682026867.0, 1682026868.0, 1682026869.0, 1682026870.0, 1682026871.0, 1682026872.0], "memory_usage": [9457664.0, 9457664.0, 9457664.0, 9457664.0, 9457664.0, 9457664.0, 9457664.0, 9457664.0, 9457664.0, 9457664.0, 9457664.0, 9457664.0, 9457664.0, 9457664.0, 9457664.0, 9457664.0, 9457664.0, 9457664.0, 9457664.0, 9457664.0, 9457664.0, 9457664.0, 9457664.0, 9457664.0, 9457664.0, 9457664.0, 9457664.0, 9457664.0, 9457664.0, 9457664.0],