{"cpu_usage_count": [0.07659555, 0.07659555, 0.07659555, 0.07659555, 0.07659555, 0.07659555, 0.07659555, 0.07659555, 0.07659555, 0.07659555, 0.07659555, 0.07659555, 0.07659555, 0.07659555, 0.07659555, 0.07659555, 0.07659555, 0.07659555, 0.07659555, 0.07659555, 0.07659555, 0.07659555, 0.07659555, 0.07659555, 0.07659555, 0.07659555, 0.07659555, 0.07659555, 0.07659555, 0.07659555], "time_cpu_usage_count": [1682027173.0, 1682027174.0, 1682027175.0, 1682027176.0, 1682027177.0, 1682027178.0, 1682027179.0, 1682027180.0, 1682027181.0, 1682027182.0, 1682027183.0, 1682027184.0, 1682027185.0, 1682027186.0, 1682027187.0, 1682027188.0, 1682027189.0, 1682027190.0, 1682027191.0, 1682027192.0, 1682027193.0, 1682027194.0, 1682027195.0, 1682027196.0, 1682027197.0, 1682027198.0, 1682027199.0, 1682027200.0, 1682027201.0, 1682027202.0], "cpu_usage_rate": [0.4441887715731306, 0.4585407245203529, 0.472892677467575, 0.4872446304147972, 0.5015965833620195, 0.5159485363092418, 0.5303004892564639, 0.5446524422036861, 0.5590043951509084, 0.5733563480981306, 0.5877083010453528, 0.602060253992575, 0.6164122069397973, 0.6307641598870195, 0.6451161128342416, 0.659468065781464, 0.673820018728686, 0.6881719716759084], "time_cpu_usage_rate": [1682027233.0, 1682027234.0, 1682027235.0, 1682027236.0, 1682027237.0, 1682027238.0, 1682027239.0, 1682027240.0, 1682027241.0, 1682027242.0, 1682027243.0, 1682027244.0, 1682027245.0, 1682027246.0, 1682027247.0, 1682027248.0, 1682027249.0, 1682027250.0], "cpu_throttled_count": [0.0, 0.0, 0.0, 0.0, 0.0, 0.0, 0.0, 0.0, 0.0, 0.0, 0.0, 0.0, 0.0, 0.0, 0.0, 0.0, 0.0, 0.0, 0.0, 0.0, 0.0, 0.0, 0.0, 0.0, 0.0, 0.0, 0.0, 0.0, 0.0, 0.0], "time_cpu_throttled_count": [1682027173.0, 1682027174.0, 1682027175.0, 1682027176.0, 1682027177.0, 1682027178.0, 1682027179.0, 1682027180.0, 1682027181.0, 1682027182.0, 1682027183.0, 1682027184.0, 1682027185.0, 1682027186.0, 1682027187.0, 1682027188.0, 1682027189.0, 1682027190.0, 1682027191.0, 1682027192.0, 1682027193.0, 1682027194.0, 1682027195.0, 1682027196.0, 1682027197.0, 1682027198.0, 1682027199.0, 1682027200.0, 1682027201.0, 1682027202.0], "cpu_throttled_rate": [0.027499114637401387, 0.028388852063790278, 0.029278589490179162, 0.030168326916568053, 0.03105806434295694, 0.03194780176934583, 0.03283753919573472, 0.0337272766221236, 0.034617014048512494, 0.03550675147490138, 0.036396488901290276, 0.03728622632767916, 0.03817596375406805, 0.039065701180456935, 0.039955438606845826, 0.04084517603323471, 0.04173491345962361, 0.0426246508860125], "time_cpu_throttled_rate": [1682027233.0, 1682027234.0, 1682027235.0, 1682027236.0, 1682027237.0, 1682027238.0, 1682027239.0, 1682027240.0, 1682027241.0, 1682027242.0, 1682027243.0, 1682027244.0, 1682027245.0, 1682027246.0, 1682027247.0, 1682027248.0, 1682027249.0, 1682027250.0], "memory_usage": [9097216.0, 9097216.0, 9097216.0, 9097216.0, 9097216.0, 9097216.0, 9097216.0, 9097216.0, 9097216.0, 9097216.0, 9097216.0, 9097216.0, 9097216.0, 9097216.0, 9097216.0, 9097216.0, 9097216.0, 9097216.0, 9097216.0, 9097216.0, 9097216.0, 9097216.0, 9097216.0, 9097216.0, 9097216.0, 9097216.0, 9097216.0, 9097216.0, 9097216.0, 9097216.0], "time_memory_usage": [1682027173.0, 1682027174.0, 1682027175.0, 1682027176.0, 1682027177.0, 1682027178.0, 1682027179.0, 1682027180.0, 1682027181.0, 1682027182.0, 1682027183.0, 1682027184.0, 1682027185.0, 1682027186.0, 1682027187.0, 1682027188.0, 1682027189.0, 1682027190.0, 1682027191.0, 1682027192.0, 1682027193.0, 1682027194.0, 1682027195.0, 1682027196.0, 1682027197.0, 1682027198.0, 1682027199.0, 1682027200.0, 1682027201.0, 1682027202.0], "throughput": [0.008443223443223442, 0.008431944444444445, 0.009820833333333332, 0.011209722222222222, 0.01259861111111111, 0.010416666666666666, 0.010416666666666666, 0.02513534899217058, 0.02513653846153846, 0.02705961538461538, 0.02898269230769231, 0.03090576923076923, 0.028125, 0.028125, 0.028125, 0.028125, 0.028125, 0.028125, 0.028125, 0.028125, 0.0835265661855835, 0.08356089743589744, 0.08676602564102565, 0.08997115384615385, 0.09317628205128205, 0.09187442366874424, 0.09187661290322581, 0.09483360215053764, 0.09779059139784946, 0.10074758064516127, 0.1037045698924731, 0.09739583333333333, 0.09739583333333333, 0.09739583333333333, 0.09739583333333333, 0.09739583333333333, 0.09739583333333333, 0.09739583333333333, 0.09739583333333333, 0.09739583333333333, 0.09739583333333333, 0.1752167818490025, 0.1790199721823793, 0.18282316251575606, 0.1866263528491329, 0.19042954318250968, 0.19423273351588646, 0.18472222222222223, 0.18472222222222223, 0.18472222222222223, 0.18472222222222223, 0.18472222222222223, 0.18472222222222223, 0.18472222222222223, 0.18472222222222223, 0.18472222222222223, 0.18472222222222223, 0.18472222222222223, 0.18472222222222223, 0.18472222222222223, 0.18472222222222223, 0.18472222222222223, 0.18472222222222223, 0.18472222222222223, 0.18472222222222223, 0.18472222222222223, 0.18472222222222223, 0.18472222222222223, 0.18472222222222223, 0.18472222222222223, 0.18472222222222223, 0.18472222222222223, 0.18472222222222223, 0.18472222222222223, 0.18472222222222223, 0.18472222222222223, 0.18472222222222223, 0.18472222222222223, 0.18472222222222223, 0.18472222222222223, 0.18472222222222223, 0.18472222222222223, 0.18472222222222223, 0.18472222222222223, 0.18472222222222223, 0.18472222222222223, 0.18472222222222223, 0.18472222222222223, 0.18472222222222223, 0.18472222222222223, 0.18472222222222223, 0.18472222222222223, 0.18472222222222223, 0.18472222222222223, 0.18472222222222223, 0.18472222222222223, 0.18472222222222223, 0.18472222222222223, 0.18472222222222223, 0.18472222222222223, 0.18472222222222223, 0.18472222222222223, 0.18472222222222223, 0.18472222222222223, 0.18472222222222223, 0.18472222222222223, 0.18472222222222223, 0.18472222222222223, 0.18472222222222223, 0.18472222222222223, 0.18472222222222223, 0.18472222222222223, 0.18472222222222223, 0.18472222222222223, 0.18472222222222223, 0.18541666666666667, 0.18541666666666667, 0.18541666666666667, 0.1849433965714843, 0.18087924805124078, 0.18244090758710646, 0.1875, 0.18426693719124915, 0.17985621030345805, 0.17544548341566693, 0.17103475652787584, 0.16662402964008471, 0.16922093657236326, 0.11458333333333333, 0.11458333333333333, 0.11458333333333333, 0.11458333333333333, 0.11458333333333333, 0.11458333333333333, 0.11458333333333333, 0.12469619502245925, 0.12033132350840438, 0.11596645199434948, 0.11160158048029459, 0.1072367089662397, 0.11119938265436417, 0.12463176357920595, 0.11942700851497928, 0.1142222534507526, 0.10901749838652591, 0.13015629856578306],