{"cpu_usage_count": [55.806365006, 55.806365006, 55.806365006, 55.806365006, 55.806365006, 55.806365006, 55.806365006, 55.806365006, 55.806365006, 55.806365006, 55.806365006, 55.806365006, 55.806365006, 55.806365006, 55.806365006, 55.806365006, 55.806365006, 55.806365006, 55.806365006, 55.806365006, 55.806365006, 55.806365006, 55.806365006, 55.806365006, 55.806365006, 55.806365006, 55.806365006, 55.806365006, 55.806365006, 55.806365006], "time_cpu_usage_count": [1682027383.0, 1682027384.0, 1682027385.0, 1682027386.0, 1682027387.0, 1682027388.0, 1682027389.0, 1682027390.0, 1682027391.0, 1682027392.0, 1682027393.0, 1682027394.0, 1682027395.0, 1682027396.0, 1682027397.0, 1682027398.0, 1682027399.0, 1682027400.0, 1682027401.0, 1682027402.0, 1682027403.0, 1682027404.0, 1682027405.0, 1682027406.0, 1682027407.0, 1682027408.0, 1682027409.0, 1682027410.0, 1682027411.0, 1682027412.0], "cpu_usage_rate": [4.934996604488633, 5.094628640721965, 5.254260676955299, 5.413892713188632, 5.573524749421966, 5.733156785655299, 5.892788821888632, 6.052420858121965, 6.212052894355299, 6.371684930588633, 6.531316966821966, 6.6909490030553, 6.850581039288632, 7.010213075521966, 7.169845111755299, 7.329477147988633, 7.489109184221965, 7.648741220455299, 7.808373256688632, 7.9680052929219665, 8.127637329155299, 8.287269365388632, 8.446901401621965, 8.6065334378553, 8.766165474088632, 8.925797510321965, 9.0854295465553, 9.245061582788631, 9.404693619021966, 9.564325655255297, 9.723957691488632, 9.883589727721965, 10.043221763955298, 7.184690891124999, 7.184690891124999, 7.184690891124999, 7.184690891124999, 7.184690891124999, 7.184690891124999, 7.184690891124999, 7.184690891124999, 7.184690891124999, 7.184690891124999, 7.184690891124999, 7.184690891124999, 7.184690891124999, 7.184690891124999, 7.184690891124999, 7.184690891124999, 7.184690891124999, 7.184690891124999, 7.184690891124999, 7.184690891124999, 7.184690891124999, 7.184690891124999, 7.184690891124999, 7.184690891124999, 7.184690891124999, 7.184690891124999, 7.184690891124999, 7.184690891124999, 7.184690891124999, 7.184690891124999, 7.184690891124999, 7.184690891124999, 7.184690891124999, 7.184690891124999, 7.184690891124999, 7.184690891124999, 7.184690891124999, 7.184690891124999, 7.184690891124999, 7.184690891124999, 7.184690891124999, 7.184690891124999, 7.184690891124999, 7.184690891124999, 7.184690891124999, 7.184690891124999, 7.184690891124999, 7.184690891124999, 7.184690891124999, 7.184690891124999, 7.184690891124999, 7.184690891124999, 7.184690891124999, 7.184690891124999, 7.184690891124999, 7.184690891124999, 7.184690891124999], "time_cpu_usage_rate": [1682027323.0, 1682027324.0, 1682027325.0, 1682027326.0, 1682027327.0, 1682027328.0, 1682027329.0, 1682027330.0, 1682027331.0, 1682027332.0, 1682027333.0, 1682027334.0, 1682027335.0, 1682027336.0, 1682027337.0, 1682027338.0, 1682027339.0, 1682027340.0, 1682027341.0, 1682027342.0, 1682027343.0, 1682027344.0, 1682027345.0, 1682027346.0, 1682027347.0, 1682027348.0, 1682027349.0, 1682027350.0, 1682027351.0, 1682027352.0, 1682027353.0, 1682027354.0, 1682027355.0, 1682027356.0, 1682027357.0, 1682027358.0, 1682027359.0, 1682027360.0, 1682027361.0, 1682027362.0, 1682027363.0, 1682027364.0, 1682027365.0, 1682027366.0, 1682027367.0, 1682027368.0, 1682027369.0, 1682027370.0, 1682027371.0, 1682027372.0, 1682027373.0, 1682027374.0, 1682027375.0, 1682027376.0, 1682027377.0, 1682027378.0, 1682027379.0, 1682027380.0, 1682027381.0, 1682027382.0, 1682027383.0, 1682027384.0, 1682027385.0, 1682027386.0, 1682027387.0, 1682027388.0, 1682027389.0, 1682027390.0, 1682027391.0, 1682027392.0, 1682027393.0, 1682027394.0, 1682027395.0, 1682027396.0, 1682027397.0, 1682027398.0, 1682027399.0, 1682027400.0, 1682027401.0, 1682027402.0, 1682027403.0, 1682027404.0, 1682027405.0, 1682027406.0, 1682027407.0, 1682027408.0, 1682027409.0, 1682027410.0, 1682027411.0, 1682027412.0], "cpu_throttled_count": [3.14714389, 3.14714389, 3.14714389, 3.14714389, 3.14714389, 3.14714389, 3.14714389, 3.14714389, 3.14714389, 3.14714389, 3.14714389, 3.14714389, 3.14714389, 3.14714389, 3.14714389, 3.14714389, 3.14714389, 3.14714389, 3.14714389, 3.14714389, 3.14714389, 3.14714389, 3.14714389, 3.14714389, 3.14714389, 3.14714389, 3.14714389, 3.14714389, 3.14714389, 3.14714389], "time_cpu_throttled_count": [1682027383.0, 1682027384.0, 1682027385.0, 1682027386.0, 1682027387.0, 1682027388.0, 1682027389.0, 1682027390.0, 1682027391.0, 1682027392.0, 1682027393.0, 1682027394.0, 1682027395.0, 1682027396.0, 1682027397.0, 1682027398.0, 1682027399.0, 1682027400.0, 1682027401.0, 1682027402.0, 1682027403.0, 1682027404.0, 1682027405.0, 1682027406.0, 1682027407.0, 1682027408.0, 1682027409.0, 1682027410.0, 1682027411.0, 1682027412.0], "cpu_throttled_rate": [0.03512435314572889, 0.03626080615461778, 0.03739725916350667, 0.03853371217239555, 0.03967016518128444, 0.040806618190173324, 0.041943071199062223, 0.04307952420795111, 0.04421597721684, 0.04535243022572888, 0.04648888323461777, 0.04762533624350666, 0.048761789252395556, 0.04989824226128444, 0.05103469527017333, 0.05217114827906221, 0.053307601287951104, 0.054444054296839996, 0.05558050730572888, 0.05671696031461778, 0.057853413323506665, 0.05898986633239555, 0.060126319341284436, 0.06126277235017333, 0.06239922535906221, 0.06353567836795111, 0.06467213137684, 0.06580858438572888, 0.06694503739461778, 0.06808149040350667, 0.06921794341239555, 0.07035439642128444, 0.07149084943017332, 0.051140385399999995, 0.051140385399999995, 0.051140385399999995, 0.051140385399999995, 0.051140385399999995, 0.051140385399999995, 0.051140385399999995, 0.051140385399999995, 0.051140385399999995, 0.051140385399999995, 0.051140385399999995, 0.051140385399999995, 0.051140385399999995, 0.051140385399999995, 0.051140385399999995, 0.051140385399999995, 0.051140385399999995, 0.051140385399999995, 0.051140385399999995, 0.051140385399999995, 0.051140385399999995, 0.051140385399999995, 0.051140385399999995, 0.051140385399999995, 0.051140385399999995, 0.051140385399999995, 0.051140385399999995, 0.051140385399999995, 0.051140385399999995, 0.051140385399999995, 0.051140385399999995, 0.051140385399999995, 0.051140385399999995, 0.051140385399999995, 0.051140385399999995, 0.051140385399999995, 0.051140385399999995, 0.051140385399999995, 0.051140385399999995, 0.051140385399999995, 0.051140385399999995, 0.051140385399999995, 0.051140385399999995, 0.051140385399999995, 0.051140385399999995, 0.051140385399999995, 0.051140385399999995, 0.051140385399999995, 0.051140385399999995, 0.051140385399999995, 0.051140385399999995, 0.051140385399999995, 0.051140385399999995, 0.051140385399999995, 0.051140385399999995, 0.051140385399999995, 0.051140385399999995], "time_cpu_throttled_rate": [1682027323.0, 1682027324.0, 1682027325.0, 1682027326.0, 1682027327.0, 1682027328.0, 1682027329.0, 1682027330.0, 1682027331.0, 1682027332.0, 1682027333.0, 1682027334.0, 1682027335.0, 1682027336.0, 1682027337.0, 1682027338.0, 1682027339.0, 1682027340.0, 1682027341.0, 1682027342.0, 1682027343.0, 1682027344.0, 1682027345.0, 1682027346.0, 1682027347.0, 1682027348.0, 1682027349.0, 1682027350.0, 1682027351.0, 1682027352.0, 1682027353.0, 1682027354.0, 1682027355.0, 1682027356.0, 1682027357.0, 1682027358.0, 1682027359.0, 1682027360.0, 1682027361.0, 1682027362.0, 1682027363.0, 1682027364.0, 1682027365.0, 1682027366.0, 1682027367.0, 1682027368.0, 1682027369.0, 1682027370.0, 1682027371.0, 1682027372.0, 1682027373.0, 1682027374.0, 1682027375.0, 1682027376.0, 1682027377.0, 1682027378.0, 1682027379.0, 1682027380.0, 1682027381.0, 1682027382.0, 1682027383.0, 1682027384.0, 1682027385.0, 1682027386.0, 1682027387.0, 1682027388.0, 1682027389.0, 1682027390.0, 1682027391.0, 1682027392.0, 1682027393.0, 1682027394.0, 1682027395.0, 1682027396.0, 1682027397.0, 1682027398.0, 1682027399.0, 1682027400.0, 1682027401.0, 1682027402.0, 1682027403.0, 1682027404.0, 1682027405.0, 1682027406.0, 1682027407.0, 1682027408.0, 1682027409.0, 1682027410.0, 1682027411.0, 1682027412.0],