{"cpu_usage_count": [27.168302866, 27.168302866, 27.168302866, 27.168302866, 27.168302866, 27.168302866, 27.168302866, 27.168302866, 27.168302866, 27.168302866, 27.168302866, 27.168302866, 27.168302866, 27.168302866, 27.168302866, 27.168302866, 27.168302866, 27.168302866, 27.168302866, 27.168302866, 27.168302866, 27.168302866, 27.168302866, 27.168302866, 27.168302866, 27.168302866, 27.168302866, 27.168302866, 27.168302866, 27.168302866, 85.862735981, 85.862735981, 85.862735981, 85.862735981, 85.862735981, 85.862735981, 85.862735981, 85.862735981, 85.862735981, 85.862735981, 85.862735981, 85.862735981, 85.862735981, 85.862735981, 85.862735981, 85.862735981, 85.862735981, 85.862735981, 85.862735981, 85.862735981, 85.862735981, 85.862735981, 85.862735981, 85.862735981, 85.862735981, 85.862735981, 85.862735981, 85.862735981, 85.862735981, 85.862735981], "time_cpu_usage_count": [1682029033.0, 1682029034.0, 1682029035.0, 1682029036.0, 1682029037.0, 1682029038.0, 1682029039.0, 1682029040.0, 1682029041.0, 1682029042.0, 1682029043.0, 1682029044.0, 1682029045.0, 1682029046.0, 1682029047.0, 1682029048.0, 1682029049.0, 1682029050.0, 1682029051.0, 1682029052.0, 1682029053.0, 1682029054.0, 1682029055.0, 1682029056.0, 1682029057.0, 1682029058.0, 1682029059.0, 1682029060.0, 1682029061.0, 1682029062.0, 1682029063.0, 1682029064.0, 1682029065.0, 1682029066.0, 1682029067.0, 1682029068.0, 1682029069.0, 1682029070.0, 1682029071.0, 1682029072.0, 1682029073.0, 1682029074.0, 1682029075.0, 1682029076.0, 1682029077.0, 1682029078.0, 1682029079.0, 1682029080.0, 1682029081.0, 1682029082.0, 1682029083.0, 1682029084.0, 1682029085.0, 1682029086.0, 1682029087.0, 1682029088.0, 1682029089.0, 1682029090.0, 1682029091.0, 1682029092.0], "cpu_usage_rate": [0.7303105361848067, 0.7466145453834179, 0.762918554582029, 0.7792225637806401, 0.7955265729792511, 0.8118305821778623, 0.8281345913764735, 0.8444386005750846, 0.8607426097736958, 0.8770466189723067, 0.8933506281709179, 0.909654637369529, 0.9259586465681402, 0.9422626557667512, 0.9585666649653624, 0.9748706741639734, 0.9911746833625846, 1.0074786925611956, 1.0237827017598067, 1.040086710958418, 1.056390720157029, 1.07269472935564, 1.0889987385542514, 1.1053027477528623, 1.1216067569514734, 1.1379107661500845, 1.1542147753486958, 1.1705187845473068, 1.186822793745918, 1.2031268029445288, 1.2194308121431403, 1.2357348213417512, 1.2520388305403622, 0.9600829378208332, 0.9600829378208332, 0.9600829378208332, 0.9600829378208332], "time_cpu_usage_rate": [1682029063.0, 1682029064.0, 1682029065.0, 1682029066.0, 1682029067.0, 1682029068.0, 1682029069.0, 1682029070.0, 1682029071.0, 1682029072.0, 1682029073.0, 1682029074.0, 1682029075.0, 1682029076.0, 1682029077.0, 1682029078.0, 1682029079.0, 1682029080.0, 1682029081.0, 1682029082.0, 1682029083.0, 1682029084.0, 1682029085.0, 1682029086.0, 1682029087.0, 1682029088.0, 1682029089.0, 1682029090.0, 1682029091.0, 1682029092.0, 1682029093.0, 1682029094.0, 1682029095.0, 1682029096.0, 1682029097.0, 1682029098.0, 1682029099.0], "cpu_throttled_count": [76.267973624, 76.267973624, 76.267973624, 76.267973624, 76.267973624, 76.267973624, 76.267973624, 76.267973624, 76.267973624, 76.267973624, 76.267973624, 76.267973624, 76.267973624, 76.267973624, 76.267973624, 76.267973624, 76.267973624, 76.267973624, 76.267973624, 76.267973624, 76.267973624, 76.267973624, 76.267973624, 76.267973624, 76.267973624, 76.267973624, 76.267973624, 76.267973624, 76.267973624, 76.267973624, 76.427502465, 76.427502465, 76.427502465, 76.427502465, 76.427502465, 76.427502465, 76.427502465, 76.427502465, 76.427502465, 76.427502465, 76.427502465, 76.427502465, 76.427502465, 76.427502465, 76.427502465, 76.427502465, 76.427502465, 76.427502465, 76.427502465, 76.427502465, 76.427502465, 76.427502465, 76.427502465, 76.427502465, 76.427502465, 76.427502465, 76.427502465, 76.427502465, 76.427502465, 76.427502465], "time_cpu_throttled_count": [1682029033.0, 1682029034.0, 1682029035.0, 1682029036.0, 1682029037.0, 1682029038.0, 1682029039.0, 1682029040.0, 1682029041.0, 1682029042.0, 1682029043.0, 1682029044.0, 1682029045.0, 1682029046.0, 1682029047.0, 1682029048.0, 1682029049.0, 1682029050.0, 1682029051.0, 1682029052.0, 1682029053.0, 1682029054.0, 1682029055.0, 1682029056.0, 1682029057.0, 1682029058.0, 1682029059.0, 1682029060.0, 1682029061.0, 1682029062.0, 1682029063.0, 1682029064.0, 1682029065.0, 1682029066.0, 1682029067.0, 1682029068.0, 1682029069.0, 1682029070.0, 1682029071.0, 1682029072.0, 1682029073.0, 1682029074.0, 1682029075.0, 1682029076.0, 1682029077.0, 1682029078.0, 1682029079.0, 1682029080.0, 1682029081.0, 1682029082.0, 1682029083.0, 1682029084.0, 1682029085.0, 1682029086.0, 1682029087.0, 1682029088.0, 1682029089.0, 1682029090.0, 1682029091.0, 1682029092.0], "cpu_throttled_rate": [0.0020343029177185682, 0.0020786164846630117, 0.0021229300516074556, 0.0021672436185518986, 0.0022115571854963425, 0.0022558707524407856, 0.0023001843193852295, 0.0023444978863296725, 0.0023888114532741164, 0.0024331250202185594, 0.0024774385871630033, 0.0025217521541074464, 0.0025660657210518903, 0.0026103792879963337, 0.0026546928549407776, 0.0026990064218852207, 0.0027433199888296646, 0.0027876335557741076, 0.002831947122718552, 0.002876260689662995, 0.0029205742566074384, 0.0029648878235518815, 0.003009201390496326, 0.003053514957440769, 0.0030978285243852123, 0.0031421420913296558, 0.0031864556582740997, 0.0032307692252185427, 0.0032750827921629866, 0.0033193963591074296, 0.0033637099260518735, 0.0034080234929963174, 0.0034523370599407605, 0.0026588140166666106, 0.0026588140166666106, 0.0026588140166666106, 0.0026588140166666106], "time_cpu_throttled_rate": [1682029063.0, 1682029064.0, 1682029065.0, 1682029066.0, 1682029067.0, 1682029068.0, 1682029069.0, 1682029070.0, 1682029071.0, 1682029072.0, 1682029073.0, 1682029074.0, 1682029075.0, 1682029076.0, 1682029077.0, 1682029078.0, 1682029079.0, 1682029080.0, 1682029081.0, 1682029082.0, 1682029083.0, 1682029084.0, 1682029085.0, 1682029086.0, 1682029087.0, 1682029088.0, 1682029089.0, 1682029090.0, 1682029091.0, 1682029092.0, 1682029093.0, 1682029094.0, 1682029095.0, 1682029096.0, 1682029097.0, 1682029098.0, 1682029099.0], "memory_usage": [2846273536.0, 2846273536.0, 2846273536.0, 2846273536.0, 2846273536.0, 2846273536.0, 2846273536.0, 2846273536.0, 2846273536.0, 2846273536.0, 2846273536.0, 2846273536.0, 2846273536.0, 2846273536.0, 2846273536.0, 2846273536.0, 2846273536.0, 2846273536.0, 2846273536.0, 2846273536.0, 2846273536.0, 2846273536.0, 2846273536.0, 2846273536.0, 2846273536.0, 2846273536.0, 2846273536.0, 2846273536.0, 2846273536.0, 2846273536.0, 3601027072.0, 3601027072.0, 3601027072.0, 3601027072.0, 3601027072.0, 3601027072.0, 3601027072.0, 3601027072.0, 3601027072.0, 3601027072.0, 3601027072.0, 3601027072.0, 3601027072.0, 3601027072.0, 3601027072.0, 3601027072.0, 3601027072.0, 3601027072.0, 3601027072.0, 3601027072.0, 3601027072.0, 3601027072.0, 3601027072.0, 3601027072.0, 3601027072.0, 3601027072.0, 3601027072.0, 3601027072.0, 3601027072.0, 3601027072.0], "time_memory_usage": [1682029033.0, 1682029034.0, 1682029035.0, 1682029036.0, 1682029037.0, 1682029038.0, 1682029039.0, 1682029040.0, 1682029041.0, 1682029042.0, 1682029043.0, 1682029044.0, 1682029045.0, 1682029046.0, 1682029047.0, 1682029048.0, 1682029049.0, 1682029050.0, 1682029051.0, 1682029052.0, 1682029053.0, 1682029054.0, 1682029055.0, 1682029056.0, 1682029057.0, 1682029058.0, 1682029059.0, 1682029060.0, 1682029061.0, 1682029062.0, 1682029063.0, 1682029064.0, 1682029065.0, 1682029066.0, 1682029067.0, 1682029068.0, 1682029069.0, 1682029070.0, 1682029071.0, 1682029072.0, 1682029073.0, 1682029074.0, 1682029075.0, 1682029076.0, 1682029077.0, 1682029078.0, 1682029079.0, 1682029080.0, 1682029081.0, 1682029082.0, 1682029083.0, 1682029084.0, 1682029085.0, 1682029086.0, 1682029087.0, 1682029088.0, 1682029089.0, 1682029090.0, 1682029091.0, 1682029092.0],