{"cpu_usage_count": [0.071931715, 0.071931715, 0.071931715, 0.071931715, 0.071931715, 0.071931715, 0.071931715, 0.071931715, 0.071931715, 0.071931715, 0.071931715, 0.071931715, 0.071931715, 0.071931715, 0.071931715, 0.071931715, 0.071931715, 0.071931715, 0.071931715, 0.071931715, 0.071931715, 0.071931715, 0.071931715, 0.071931715, 0.071931715, 0.071931715, 0.071931715, 0.071931715], "time_cpu_usage_count": [1682030023.0, 1682030024.0, 1682030025.0, 1682030026.0, 1682030027.0, 1682030028.0, 1682030029.0, 1682030030.0, 1682030031.0, 1682030032.0, 1682030033.0, 1682030034.0, 1682030035.0, 1682030036.0, 1682030037.0, 1682030038.0, 1682030039.0, 1682030040.0, 1682030041.0, 1682030042.0, 1682030043.0, 1682030044.0, 1682030045.0, 1682030046.0, 1682030047.0, 1682030048.0, 1682030049.0, 1682030050.0], "cpu_usage_rate": [2.442209081374289, 2.511106526641789, 2.5800039719092895, 2.648901417176789, 2.7177988624442895, 2.78669630771179, 2.8555937529792894, 2.9244911982467894, 2.993388643514289, 3.0622860887817893, 3.1311835340492893, 3.2000809793167893, 3.268978424584289, 3.3378758698517896, 3.406773315119289, 3.4756707603867896, 3.544568205654289, 3.613465650921789, 3.682363096189289, 3.751260541456789, 3.8201579867242894, 3.8890554319917894, 3.9579528772592893, 4.026850322526789, 4.09574776779429, 4.16464521306179, 4.23354265832929, 4.30244010359679, 4.371337548864289, 4.44023499413179, 4.229531209600672, 4.293838029327616, 4.35814484905456, 4.422451668781505, 4.486758488508449, 4.551065308235395, 4.615372127962339, 4.679678947689283, 4.743985767416228, 4.808292587143172, 4.872599406870117, 4.936906226597061, 5.001213046324005, 5.06551986605095, 5.1298266857778945, 5.194133505504839, 5.258440325231783, 5.322747144958727, 5.3870539646856725, 5.451360784412616, 5.515667604139562, 5.579974423866505, 5.64428124359345, 5.708588063320394, 5.772894883047339, 5.8372017027742835, 5.901508522501228, 5.965815342228171, 6.030122161955117, 6.094428981682061, 6.158735801409005, 6.223042621135949, 6.2873494408628945, 5.1358072200125, 5.1358072200125, 5.1358072200125, 5.1358072200125, 5.1358072200125, 5.1358072200125, 5.1358072200125, 5.1358072200125, 5.1358072200125, 5.1358072200125, 5.1358072200125, 5.1358072200125, 5.1358072200125, 5.1358072200125, 5.1358072200125, 5.1358072200125, 5.1358072200125, 5.1358072200125, 5.1358072200125, 5.1358072200125, 5.1358072200125, 5.1358072200125, 5.086219292663218, 5.021912472936273, 4.9576056532093284, 4.893298833482385, 4.82899201375544, 4.424551975852113, 4.3648357816657235, 4.305119587479336, 4.245403393292945, 4.185687199106557, 4.125971004920169, 4.0662548107337795, 4.00653861654739, 3.946822422361002, 3.887106228174613, 3.827390033988224, 3.767673839801835, 3.707957645615446, 3.6482414514290573, 3.588525257242669, 3.5288090630562796, 3.4690928688698905, 3.4093766746835015, 3.349660480497113, 3.2899442863107233, 3.230228092124335, 3.170511897937946, 3.110795703751557, 3.0510795095651684, 2.9913633153787793, 2.9316471211923902, 2.871930927006002, 2.8122147328196125], "time_cpu_usage_rate": [1682029933.0, 1682029934.0, 1682029935.0, 1682029936.0, 1682029937.0, 1682029938.0, 1682029939.0, 1682029940.0, 1682029941.0, 1682029942.0, 1682029943.0, 1682029944.0, 1682029945.0, 1682029946.0, 1682029947.0, 1682029948.0, 1682029949.0, 1682029950.0, 1682029951.0, 1682029952.0, 1682029953.0, 1682029954.0, 1682029955.0, 1682029956.0, 1682029957.0, 1682029958.0, 1682029959.0, 1682029960.0, 1682029961.0, 1682029962.0, 1682029963.0, 1682029964.0, 1682029965.0, 1682029966.0, 1682029967.0, 1682029968.0, 1682029969.0, 1682029970.0, 1682029971.0, 1682029972.0, 1682029973.0, 1682029974.0, 1682029975.0, 1682029976.0, 1682029977.0, 1682029978.0, 1682029979.0, 1682029980.0, 1682029981.0, 1682029982.0, 1682029983.0, 1682029984.0, 1682029985.0, 1682029986.0, 1682029987.0, 1682029988.0, 1682029989.0, 1682029990.0, 1682029991.0, 1682029992.0, 1682029993.0, 1682029994.0, 1682029995.0, 1682029996.0, 1682029997.0, 1682029998.0, 1682029999.0, 1682030000.0, 1682030001.0, 1682030002.0, 1682030003.0, 1682030004.0, 1682030005.0, 1682030006.0, 1682030007.0, 1682030008.0, 1682030009.0, 1682030010.0, 1682030011.0, 1682030012.0, 1682030013.0, 1682030014.0, 1682030015.0, 1682030016.0, 1682030017.0, 1682030018.0, 1682030019.0, 1682030020.0, 1682030021.0, 1682030022.0, 1682030023.0, 1682030024.0, 1682030025.0, 1682030026.0, 1682030027.0, 1682030028.0, 1682030029.0, 1682030030.0, 1682030031.0, 1682030032.0, 1682030033.0, 1682030034.0, 1682030035.0, 1682030036.0, 1682030037.0, 1682030038.0, 1682030039.0, 1682030040.0, 1682030041.0, 1682030042.0, 1682030043.0, 1682030044.0, 1682030045.0, 1682030046.0, 1682030047.0, 1682030048.0, 1682030049.0, 1682030050.0], "cpu_throttled_count": [0.0, 0.0, 0.0, 0.0, 0.0, 0.0, 0.0, 0.0, 0.0, 0.0, 0.0, 0.0, 0.0, 0.0, 0.0, 0.0, 0.0, 0.0, 0.0, 0.0, 0.0, 0.0, 0.0, 0.0, 0.0, 0.0, 0.0, 0.0], "time_cpu_throttled_count": [1682030023.0, 1682030024.0, 1682030025.0, 1682030026.0, 1682030027.0, 1682030028.0, 1682030029.0, 1682030030.0, 1682030031.0, 1682030032.0, 1682030033.0, 1682030034.0, 1682030035.0, 1682030036.0, 1682030037.0, 1682030038.0, 1682030039.0, 1682030040.0, 1682030041.0, 1682030042.0, 1682030043.0, 1682030044.0, 1682030045.0, 1682030046.0, 1682030047.0, 1682030048.0, 1682030049.0, 1682030050.0], "cpu_throttled_rate": [0.011116818245066945, 0.011358977790344723, 0.011601137335622501, 0.011843296880900278, 0.012085456426178058, 0.012327615971455834, 0.012569775516733613, 0.012811935062011389, 0.013054094607289169, 0.013296254152566944, 0.013538413697844724, 0.0137805732431225, 0.014022732788400279, 0.014264892333678055, 0.014507051878955835, 0.014749211424233612, 0.01499137096951139, 0.015233530514789168, 0.015475690060066946, 0.015717849605344725, 0.0159600091506225, 0.016202168695900278, 0.016444328241178058, 0.016686487786455834, 0.01692864733173361, 0.017170806877011387, 0.01741296642228917, 0.017655125967566947, 0.01789728551284472, 0.0181394450581225, 0.016549151501832098, 0.01676717028141543, 0.016985189060998763, 0.0172032078405821, 0.01742122662016543, 0.017639245399748763, 0.017857264179332095, 0.01807528295891543, 0.018293301738498764, 0.018511320518082096, 0.018729339297665428, 0.018947358077248767, 0.0191653768568321, 0.019383395636415432, 0.019601414415998764, 0.0198194331955821, 0.020037451975165432, 0.020255470754748765, 0.0204734895343321, 0.020691508313915433, 0.020909527093498765, 0.021127545873082097, 0.021345564652665436, 0.02156358343224877, 0.0217816022118321, 0.021999620991415433, 0.02221763977099877, 0.02616225355000002, 0.02616225355000002, 0.02616225355000002, 0.02616225355000002, 0.02616225355000002, 0.02616225355000002, 0.022040172484417933, 0.0218221537048346, 0.02160413492525127, 0.021386116145667936, 0.0211680973660846, 0.020950078586501268, 0.020732059806917936, 0.020514041027334604, 0.020296022247751268, 0.020078003468167935, 0.0198599846885846, 0.019641965909001267, 0.01942394712941793, 0.0192059283498346, 0.018987909570251267, 0.01876989079066793, 0.0185518720110846, 0.018333853231501267, 0.018115834451917934, 0.0178978156723346, 0.017679796892751266, 0.017461778113167934, 0.0172437593335846, 0.017025740554001263, 0.01680772177441793, 0.016589702994834598, 0.016371684215251266, 0.01436500368306947, 0.01417112566918058, 0.01397724765529169, 0.0137833696414028, 0.013589491627513913, 0.013395613613625023, 0.013201735599736135, 0.013007857585847243, 0.012813979571958355, 0.012620101558069467, 0.012426223544180577, 0.012232345530291686, 0.0120384675164028, 0.01184458950251391, 0.011650711488625022, 0.011456833474736132, 0.011262955460847242, 0.011069077446958352, 0.010875199433069464, 0.010681321419180574, 0.010487443405291685, 0.010293565391402797, 0.010099687377513907, 0.009905809363625017, 0.009711931349736129, 0.00951805333584724, 0.00932417532195835, 0.009130297308069461],