{"cpu_usage_count": [0.077174875, 0.077174875, 0.077174875, 0.077174875, 0.077174875, 0.077174875, 0.077174875, 0.077174875, 0.077174875, 0.077174875, 0.077174875, 0.077174875, 0.077174875, 0.077174875, 0.077174875, 0.077174875, 0.077174875, 0.077174875, 0.077174875, 0.077174875, 0.077174875, 0.077174875, 0.077174875, 0.077174875, 0.077174875, 0.077174875, 0.077174875, 0.077174875, 0.077174875, 0.077174875, 17.870614644, 17.870614644, 17.870614644, 17.870614644, 17.870614644, 17.870614644, 17.870614644, 17.870614644, 17.870614644, 17.870614644, 17.870614644, 17.870614644, 17.870614644, 17.870614644, 17.870614644, 17.870614644], "time_cpu_usage_count": [1682030203.0, 1682030204.0, 1682030205.0, 1682030206.0, 1682030207.0, 1682030208.0, 1682030209.0, 1682030210.0, 1682030211.0, 1682030212.0, 1682030213.0, 1682030214.0, 1682030215.0, 1682030216.0, 1682030217.0, 1682030218.0, 1682030219.0, 1682030220.0, 1682030221.0, 1682030222.0, 1682030223.0, 1682030224.0, 1682030225.0, 1682030226.0, 1682030227.0, 1682030228.0, 1682030229.0, 1682030230.0, 1682030231.0, 1682030232.0, 1682030233.0, 1682030234.0, 1682030235.0, 1682030236.0, 1682030237.0, 1682030238.0, 1682030239.0, 1682030240.0, 1682030241.0, 1682030242.0, 1682030243.0, 1682030244.0, 1682030245.0, 1682030246.0, 1682030247.0, 1682030248.0], "cpu_usage_rate": [0.15340474699735637, 0.15834736915541195, 0.16328999131346747, 0.16823261347152305, 0.1731752356295786, 0.17811785778763414, 0.18306047994568972, 0.18800310210374524, 0.19294572426180082, 0.19788834641985636, 0.2028309685779119, 0.2077735907359675, 0.21271621289402307, 0.2176588350520786, 0.22260145721013416, 0.22754407936818968], "time_cpu_usage_rate": [1682030233.0, 1682030234.0, 1682030235.0, 1682030236.0, 1682030237.0, 1682030238.0, 1682030239.0, 1682030240.0, 1682030241.0, 1682030242.0, 1682030243.0, 1682030244.0, 1682030245.0, 1682030246.0, 1682030247.0, 1682030248.0], "cpu_throttled_count": [0.0, 0.0, 0.0, 0.0, 0.0, 0.0, 0.0, 0.0, 0.0, 0.0, 0.0, 0.0, 0.0, 0.0, 0.0, 0.0, 0.0, 0.0, 0.0, 0.0, 0.0, 0.0, 0.0, 0.0, 0.0, 0.0, 0.0, 0.0, 0.0, 0.0, 14.866467852, 14.866467852, 14.866467852, 14.866467852, 14.866467852, 14.866467852, 14.866467852, 14.866467852, 14.866467852, 14.866467852, 14.866467852, 14.866467852, 14.866467852, 14.866467852, 14.866467852, 14.866467852], "time_cpu_throttled_count": [1682030203.0, 1682030204.0, 1682030205.0, 1682030206.0, 1682030207.0, 1682030208.0, 1682030209.0, 1682030210.0, 1682030211.0, 1682030212.0, 1682030213.0, 1682030214.0, 1682030215.0, 1682030216.0, 1682030217.0, 1682030218.0, 1682030219.0, 1682030220.0, 1682030221.0, 1682030222.0, 1682030223.0, 1682030224.0, 1682030225.0, 1682030226.0, 1682030227.0, 1682030228.0, 1682030229.0, 1682030230.0, 1682030231.0, 1682030232.0, 1682030233.0, 1682030234.0, 1682030235.0, 1682030236.0, 1682030237.0, 1682030238.0, 1682030239.0, 1682030240.0, 1682030241.0, 1682030242.0, 1682030243.0, 1682030244.0, 1682030245.0, 1682030246.0, 1682030247.0, 1682030248.0], "cpu_throttled_rate": [0.12763275608382332, 0.13176233048715666, 0.13589190489049, 0.1400214792938233, 0.14415105369715667, 0.14828062810048998, 0.1524102025038233, 0.15653977690715665, 0.16066935131048998, 0.1647989257138233, 0.16892850011715665, 0.17305807452048996, 0.1771876489238233, 0.18131722332715663, 0.18544679773048997, 0.1895763721338233], "time_cpu_throttled_rate": [1682030233.0, 1682030234.0, 1682030235.0, 1682030236.0, 1682030237.0, 1682030238.0, 1682030239.0, 1682030240.0, 1682030241.0, 1682030242.0, 1682030243.0, 1682030244.0, 1682030245.0, 1682030246.0, 1682030247.0, 1682030248.0], "memory_usage": [8364032.0, 8364032.0, 8364032.0, 8364032.0, 8364032.0, 8364032.0, 8364032.0, 8364032.0, 8364032.0, 8364032.0, 8364032.0, 8364032.0, 8364032.0, 8364032.0, 8364032.0, 8364032.0, 8364032.0, 8364032.0, 8364032.0, 8364032.0, 8364032.0, 8364032.0, 8364032.0, 8364032.0, 8364032.0, 8364032.0, 8364032.0, 8364032.0, 8364032.0, 8364032.0, 4829151232.0, 4829151232.0, 4829151232.0, 4829151232.0, 4829151232.0, 4829151232.0, 4829151232.0, 4829151232.0, 4829151232.0, 4829151232.0, 4829151232.0, 4829151232.0, 4829151232.0, 4829151232.0, 4829151232.0, 4829151232.0], "time_memory_usage": [1682030203.0, 1682030204.0, 1682030205.0, 1682030206.0, 1682030207.0, 1682030208.0, 1682030209.0, 1682030210.0, 1682030211.0, 1682030212.0, 1682030213.0, 1682030214.0, 1682030215.0, 1682030216.0, 1682030217.0, 1682030218.0, 1682030219.0, 1682030220.0, 1682030221.0, 1682030222.0, 1682030223.0, 1682030224.0, 1682030225.0, 1682030226.0, 1682030227.0, 1682030228.0, 1682030229.0, 1682030230.0, 1682030231.0, 1682030232.0, 1682030233.0, 1682030234.0, 1682030235.0, 1682030236.0, 1682030237.0, 1682030238.0, 1682030239.0, 1682030240.0, 1682030241.0, 1682030242.0, 1682030243.0, 1682030244.0, 1682030245.0, 1682030246.0, 1682030247.0, 1682030248.0], "throughput": [0.009420772303595205, 0.009276190476190476, 0.010466666666666668, 0.011657142857142857, 0.012847619047619047, 0.010416666666666666, 0.010416666666666666, 0.010416666666666666, 0.010416666666666666, 0.010416666666666666, 0.0262211118051218, 0.026164705882352944, 0.02763529411764706, 0.029105882352941183, 0.030576470588235295, 0.028125, 0.028125, 0.028125, 0.028125, 0.028125, 0.028125, 0.028125, 0.028125, 0.028125, 0.028125, 0.028125, 0.028125, 0.028125, 0.028125, 0.028125, 0.028125, 0.09358582993399428, 0.09357719298245616, 0.09598947368421053, 0.09840175438596492, 0.10081403508771931, 0.10322631578947368, 0.10563859649122807, 0.10805087719298247, 0.09930555555555555, 0.09930555555555555, 0.09930555555555555, 0.09930555555555555, 0.09930555555555555, 0.09930555555555555, 0.09930555555555555, 0.09930555555555555, 0.09930555555555555, 0.09930555555555555, 0.09930555555555555, 0.09930555555555555, 0.09930555555555555, 0.09930555555555555, 0.09930555555555555, 0.09930555555555555, 0.09930555555555555, 0.09930555555555555, 0.09930555555555555, 0.09930555555555555, 0.09930555555555555, 0.09930555555555555, 0.09930555555555555, 0.09930555555555555, 0.09930555555555555, 0.09930555555555555, 0.09930555555555555, 0.09930555555555555, 0.09930555555555555, 0.09930555555555555, 0.09930555555555555, 0.09930555555555555, 0.09930555555555555, 0.09930555555555555, 0.09930555555555555, 0.09930555555555555, 0.09930555555555555, 0.09930555555555555, 0.09930555555555555, 0.09930555555555555, 0.09930555555555555, 0.09930555555555555, 0.09930555555555555, 0.09930555555555555, 0.09930555555555555, 0.09930555555555555, 0.09930555555555555, 0.09930555555555555, 0.09930555555555555, 0.09930555555555555, 0.09930555555555555, 0.09930555555555555, 0.09930555555555555, 0.09930555555555555, 0.09930555555555555, 0.09930555555555555, 0.09930555555555555, 0.09930555555555555, 0.09930555555555555, 0.09930555555555555, 0.09930555555555555, 0.09930555555555555, 0.09930555555555555, 0.09930555555555555, 0.09930555555555555, 0.09930555555555555, 0.09930555555555555, 0.09930555555555555, 0.09930555555555555, 0.09930555555555555, 0.09930555555555555, 0.09930555555555555, 0.09930555555555555, 0.09930555555555555, 0.09930555555555555, 0.1, 0.1, 0.1, 0.09743894306910059, 0.09483412519796615, 0.09222930732683168, 0.09430913978494623, 0.08888888888888888, 0.099660451720479, 0.09662877065332727, 0.09359708958617553, 0.0905654085190238, 0.08753372745187207, 0.08450204638472032, 0.08147036531756859, 0.07843868425041685, 0.08399365079365079, 0.0, 0.0, 0.0, 0.0, 0.0, 0.0, 0.0, 0.0, 0.0, 0.0, 0.0, 0.0, 0.0, 0.0, 0.0, 0.0, 0.0, 0.0, 0.0, 0.0],