{"cpu_usage_count": [0.162401539, 0.162401539, 0.162401539, 0.162401539, 0.162401539, 0.162401539, 0.162401539, 0.162401539, 0.162401539, 0.162401539, 0.162401539, 0.162401539, 0.162401539, 0.162401539, 0.162401539, 0.162401539, 0.162401539, 0.162401539, 0.162401539, 0.162401539, 0.162401539, 0.162401539, 0.162401539, 0.162401539, 0.162401539, 0.162401539, 0.162401539, 0.162401539, 0.162401539, 0.162401539, 204.909039688, 204.909039688, 204.909039688, 204.909039688, 204.909039688, 204.909039688, 204.909039688, 204.909039688, 204.909039688, 204.909039688, 204.909039688, 204.909039688, 204.909039688, 204.909039688, 204.909039688, 204.909039688, 204.909039688, 204.909039688, 204.909039688, 204.909039688, 204.909039688, 204.909039688, 204.909039688, 204.909039688, 204.909039688, 204.909039688, 204.909039688, 204.909039688, 204.909039688, 204.909039688], "time_cpu_usage_count": [1682030443.0, 1682030444.0, 1682030445.0, 1682030446.0, 1682030447.0, 1682030448.0, 1682030449.0, 1682030450.0, 1682030451.0, 1682030452.0, 1682030453.0, 1682030454.0, 1682030455.0, 1682030456.0, 1682030457.0, 1682030458.0, 1682030459.0, 1682030460.0, 1682030461.0, 1682030462.0, 1682030463.0, 1682030464.0, 1682030465.0, 1682030466.0, 1682030467.0, 1682030468.0, 1682030469.0, 1682030470.0, 1682030471.0, 1682030472.0, 1682030473.0, 1682030474.0, 1682030475.0, 1682030476.0, 1682030477.0, 1682030478.0, 1682030479.0, 1682030480.0, 1682030481.0, 1682030482.0, 1682030483.0, 1682030484.0, 1682030485.0, 1682030486.0, 1682030487.0, 1682030488.0, 1682030489.0, 1682030490.0, 1682030491.0, 1682030492.0, 1682030493.0, 1682030494.0, 1682030495.0, 1682030496.0, 1682030497.0, 1682030498.0, 1682030499.0, 1682030500.0, 1682030501.0, 1682030502.0], "cpu_usage_rate": [1.7591601087336508, 1.816034174886151, 1.872908241038651, 1.9297823071911508, 1.9866563733436513, 2.043530439496151, 2.100404505648651, 2.1572785718011507, 2.214152637953651, 2.271026704106151, 2.327900770258651, 2.3847748364111516, 2.4416489025636507, 2.498522968716151, 2.5553970348686508, 2.6122711010211512, 2.6691451671736512, 2.726019233326151, 2.782893299478651, 2.8397673656311513, 2.896641431783651, 2.9535154979361513, 3.010389564088651, 3.067263630241151, 3.1241376963936514, 3.181011762546151, 3.2378858286986514, 3.2947598948511514, 3.351633961003651, 3.408508027156151, 3.465382093308651, 3.522256159461151, 3.579130225613651, 2.560686323020833, 2.560686323020833, 2.560686323020833, 2.560686323020833, 2.560686323020833, 2.560686323020833, 2.560686323020833, 2.560686323020833, 2.560686323020833, 2.560686323020833, 2.560686323020833, 2.560686323020833, 2.560686323020833, 2.560686323020833, 2.560686323020833, 2.560686323020833, 2.560686323020833, 2.560686323020833, 2.560686323020833, 2.560686323020833, 2.560686323020833, 2.560686323020833, 2.560686323020833, 2.560686323020833, 2.560686323020833, 2.560686323020833, 2.560686323020833, 2.560686323020833, 2.560686323020833, 2.560686323020833, 2.560686323020833, 2.560686323020833, 2.560686323020833, 2.560686323020833, 2.560686323020833, 2.560686323020833, 2.560686323020833, 2.560686323020833, 2.560686323020833, 2.560686323020833, 2.560686323020833, 2.560686323020833, 2.560686323020833, 2.560686323020833, 2.560686323020833, 2.560686323020833, 2.560686323020833, 2.560686323020833, 2.560686323020833, 2.560686323020833, 2.560686323020833, 2.560686323020833, 2.560686323020833, 2.560686323020833, 2.560686323020833, 2.560686323020833, 2.560686323020833], "time_cpu_usage_rate": [1682030473.0, 1682030474.0, 1682030475.0, 1682030476.0, 1682030477.0, 1682030478.0, 1682030479.0, 1682030480.0, 1682030481.0, 1682030482.0, 1682030483.0, 1682030484.0, 1682030485.0, 1682030486.0, 1682030487.0, 1682030488.0, 1682030489.0, 1682030490.0, 1682030491.0, 1682030492.0, 1682030493.0, 1682030494.0, 1682030495.0, 1682030496.0, 1682030497.0, 1682030498.0, 1682030499.0, 1682030500.0, 1682030501.0, 1682030502.0, 1682030503.0, 1682030504.0, 1682030505.0, 1682030506.0, 1682030507.0, 1682030508.0, 1682030509.0, 1682030510.0, 1682030511.0, 1682030512.0, 1682030513.0, 1682030514.0, 1682030515.0, 1682030516.0, 1682030517.0, 1682030518.0, 1682030519.0, 1682030520.0, 1682030521.0, 1682030522.0, 1682030523.0, 1682030524.0, 1682030525.0, 1682030526.0, 1682030527.0, 1682030528.0, 1682030529.0, 1682030530.0, 1682030531.0, 1682030532.0, 1682030533.0, 1682030534.0, 1682030535.0, 1682030536.0, 1682030537.0, 1682030538.0, 1682030539.0, 1682030540.0, 1682030541.0, 1682030542.0, 1682030543.0, 1682030544.0, 1682030545.0, 1682030546.0, 1682030547.0, 1682030548.0, 1682030549.0, 1682030550.0, 1682030551.0, 1682030552.0, 1682030553.0, 1682030554.0, 1682030555.0, 1682030556.0, 1682030557.0, 1682030558.0, 1682030559.0, 1682030560.0, 1682030561.0, 1682030562.0], "cpu_throttled_count": [0.0, 0.0, 0.0, 0.0, 0.0, 0.0, 0.0, 0.0, 0.0, 0.0, 0.0, 0.0, 0.0, 0.0, 0.0, 0.0, 0.0, 0.0, 0.0, 0.0, 0.0, 0.0, 0.0, 0.0, 0.0, 0.0, 0.0, 0.0, 0.0, 0.0, 7.059865263, 7.059865263, 7.059865263, 7.059865263, 7.059865263, 7.059865263, 7.059865263, 7.059865263, 7.059865263, 7.059865263, 7.059865263, 7.059865263, 7.059865263, 7.059865263, 7.059865263, 7.059865263, 7.059865263, 7.059865263, 7.059865263, 7.059865263, 7.059865263, 7.059865263, 7.059865263, 7.059865263, 7.059865263, 7.059865263, 7.059865263, 7.059865263, 7.059865263, 7.059865263], "time_cpu_throttled_count": [1682030443.0, 1682030444.0, 1682030445.0, 1682030446.0, 1682030447.0, 1682030448.0, 1682030449.0, 1682030450.0, 1682030451.0, 1682030452.0, 1682030453.0, 1682030454.0, 1682030455.0, 1682030456.0, 1682030457.0, 1682030458.0, 1682030459.0, 1682030460.0, 1682030461.0, 1682030462.0, 1682030463.0, 1682030464.0, 1682030465.0, 1682030466.0, 1682030467.0, 1682030468.0, 1682030469.0, 1682030470.0, 1682030471.0, 1682030472.0, 1682030473.0, 1682030474.0, 1682030475.0, 1682030476.0, 1682030477.0, 1682030478.0, 1682030479.0, 1682030480.0, 1682030481.0, 1682030482.0, 1682030483.0, 1682030484.0, 1682030485.0, 1682030486.0, 1682030487.0, 1682030488.0, 1682030489.0, 1682030490.0, 1682030491.0, 1682030492.0, 1682030493.0, 1682030494.0, 1682030495.0, 1682030496.0, 1682030497.0, 1682030498.0, 1682030499.0, 1682030500.0, 1682030501.0, 1682030502.0], "cpu_throttled_rate": [0.060610904356539166, 0.06257197804070584, 0.0645330517248725, 0.06649412540903915, 0.06845519909320583, 0.07041627277737249, 0.07237734646153916, 0.07433842014570582, 0.07629949382987249, 0.07826056751403915, 0.08022164119820582, 0.08218271488237248, 0.08414378856653916, 0.08610486225070582, 0.0880659359348725, 0.09002700961903916, 0.09198808330320582, 0.0939491569873725, 0.09591023067153916, 0.09787130435570583, 0.09983237803987248, 0.10179345172403916, 0.10375452540820582, 0.1057155990923725, 0.10767667277653915, 0.10963774646070583, 0.11159882014487249, 0.11355989382903917, 0.11552096751320581, 0.11748204119737249, 0.11944311488153916, 0.12140418856570583, 0.12336526224987247, 0.0882483157875, 0.0882483157875, 0.0882483157875, 0.0882483157875, 0.0882483157875, 0.0882483157875, 0.0882483157875, 0.0882483157875, 0.0882483157875, 0.0882483157875, 0.0882483157875, 0.0882483157875, 0.0882483157875, 0.0882483157875, 0.0882483157875, 0.0882483157875, 0.0882483157875, 0.0882483157875, 0.0882483157875, 0.0882483157875, 0.0882483157875, 0.0882483157875, 0.0882483157875, 0.0882483157875, 0.0882483157875, 0.0882483157875, 0.0882483157875, 0.0882483157875, 0.0882483157875, 0.0882483157875, 0.0882483157875, 0.0882483157875, 0.0882483157875, 0.0882483157875, 0.0882483157875, 0.0882483157875, 0.0882483157875, 0.0882483157875, 0.0882483157875, 0.0882483157875, 0.0882483157875, 0.0882483157875, 0.0882483157875, 0.0882483157875, 0.0882483157875, 0.0882483157875, 0.0882483157875, 0.0882483157875, 0.0882483157875, 0.0882483157875, 0.0882483157875, 0.0882483157875, 0.0882483157875, 0.0882483157875, 0.0882483157875, 0.0882483157875, 0.0882483157875],