{"cpu_usage_count": [0.077008513, 0.077008513, 0.077008513, 0.077008513, 0.077008513, 0.077008513, 0.077008513, 0.077008513, 0.077008513, 0.077008513, 0.077008513, 0.077008513, 0.077008513, 0.077008513, 0.077008513, 0.077008513, 0.077008513, 0.077008513, 0.077008513, 0.077008513, 0.077008513, 0.077008513, 0.077008513, 0.077008513, 0.077008513, 0.077008513, 0.077008513, 0.077008513, 0.077008513, 0.077008513], "time_cpu_usage_count": [1682030683.0, 1682030684.0, 1682030685.0, 1682030686.0, 1682030687.0, 1682030688.0, 1682030689.0, 1682030690.0, 1682030691.0, 1682030692.0, 1682030693.0, 1682030694.0, 1682030695.0, 1682030696.0, 1682030697.0, 1682030698.0, 1682030699.0, 1682030700.0, 1682030701.0, 1682030702.0, 1682030703.0, 1682030704.0, 1682030705.0, 1682030706.0, 1682030707.0, 1682030708.0, 1682030709.0, 1682030710.0, 1682030711.0, 1682030712.0], "cpu_usage_rate": [1.2621498431814728, 1.302948307356195, 1.3437467715309173, 1.3845452357056398, 1.425343699880362, 1.4661421640550842, 1.5069406282298063, 1.5477390924045287, 1.5885375565792508, 1.6293360207539729, 1.6701344849286952, 1.7109329491034173, 1.7517314132781396, 1.7925298774528617, 1.833328341627584, 1.8741268058023062, 1.9149252699770285, 1.9557237341517506, 1.996522198326473, 2.0373206625011955, 2.0781191266759174, 2.1189175908506397, 2.159716055025362, 2.200514519200084, 2.2413129833748062, 2.282111447549528, 2.322909911724251, 2.3637083758989728, 2.404506840073695, 2.445305304248417, 2.4861037684231397, 2.5269022325978616, 2.5677006967725835, 1.837122598795833, 1.837122598795833, 1.837122598795833, 1.837122598795833, 1.837122598795833, 1.837122598795833, 1.837122598795833, 1.837122598795833, 1.837122598795833, 1.837122598795833, 1.837122598795833, 1.837122598795833, 1.837122598795833, 1.837122598795833, 1.837122598795833, 1.837122598795833, 1.837122598795833, 1.837122598795833, 1.837122598795833, 1.837122598795833, 1.837122598795833, 1.837122598795833, 1.837122598795833, 1.837122598795833, 1.837122598795833, 1.837122598795833, 1.837122598795833, 1.837122598795833, 1.837122598795833, 1.837122598795833, 1.837122598795833, 1.837122598795833, 1.837122598795833, 1.837122598795833, 1.837122598795833, 1.837122598795833, 1.837122598795833, 1.837122598795833, 1.837122598795833, 1.837122598795833, 1.837122598795833, 1.837122598795833, 1.837122598795833, 1.837122598795833, 1.837122598795833, 1.837122598795833, 1.837122598795833, 1.837122598795833, 1.837122598795833, 1.837122598795833, 1.837122598795833, 1.837122598795833, 1.837122598795833, 1.837122598795833, 1.837122598795833, 1.837122598795833, 1.837122598795833], "time_cpu_usage_rate": [1682030653.0, 1682030654.0, 1682030655.0, 1682030656.0, 1682030657.0, 1682030658.0, 1682030659.0, 1682030660.0, 1682030661.0, 1682030662.0, 1682030663.0, 1682030664.0, 1682030665.0, 1682030666.0, 1682030667.0, 1682030668.0, 1682030669.0, 1682030670.0, 1682030671.0, 1682030672.0, 1682030673.0, 1682030674.0, 1682030675.0, 1682030676.0, 1682030677.0, 1682030678.0, 1682030679.0, 1682030680.0, 1682030681.0, 1682030682.0, 1682030683.0, 1682030684.0, 1682030685.0, 1682030686.0, 1682030687.0, 1682030688.0, 1682030689.0, 1682030690.0, 1682030691.0, 1682030692.0, 1682030693.0, 1682030694.0, 1682030695.0, 1682030696.0, 1682030697.0, 1682030698.0, 1682030699.0, 1682030700.0, 1682030701.0, 1682030702.0, 1682030703.0, 1682030704.0, 1682030705.0, 1682030706.0, 1682030707.0, 1682030708.0, 1682030709.0, 1682030710.0, 1682030711.0, 1682030712.0, 1682030713.0, 1682030714.0, 1682030715.0, 1682030716.0, 1682030717.0, 1682030718.0, 1682030719.0, 1682030720.0, 1682030721.0, 1682030722.0, 1682030723.0, 1682030724.0, 1682030725.0, 1682030726.0, 1682030727.0, 1682030728.0, 1682030729.0, 1682030730.0, 1682030731.0, 1682030732.0, 1682030733.0, 1682030734.0, 1682030735.0, 1682030736.0, 1682030737.0, 1682030738.0, 1682030739.0, 1682030740.0, 1682030741.0, 1682030742.0], "cpu_throttled_count": [0.0, 0.0, 0.0, 0.0, 0.0, 0.0, 0.0, 0.0, 0.0, 0.0, 0.0, 0.0, 0.0, 0.0, 0.0, 0.0, 0.0, 0.0, 0.0, 0.0, 0.0, 0.0, 0.0, 0.0, 0.0, 0.0, 0.0, 0.0, 0.0, 0.0], "time_cpu_throttled_count": [1682030683.0, 1682030684.0, 1682030685.0, 1682030686.0, 1682030687.0, 1682030688.0, 1682030689.0, 1682030690.0, 1682030691.0, 1682030692.0, 1682030693.0, 1682030694.0, 1682030695.0, 1682030696.0, 1682030697.0, 1682030698.0, 1682030699.0, 1682030700.0, 1682030701.0, 1682030702.0, 1682030703.0, 1682030704.0, 1682030705.0, 1682030706.0, 1682030707.0, 1682030708.0, 1682030709.0, 1682030710.0, 1682030711.0, 1682030712.0], "cpu_throttled_rate": [0.08833645904358778, 0.09119459665136556, 0.09405273425914332, 0.0969108718669211, 0.09976900947469887, 0.10262714708247665, 0.10548528469025444, 0.1083434222980322, 0.11120155990580999, 0.11405969751358776, 0.11691783512136554, 0.1197759727291433, 0.12263411033692109, 0.12549224794469885, 0.12835038555247666, 0.13120852316025441, 0.1340666607680322, 0.13692479837580998, 0.13978293598358776, 0.14264107359136555, 0.1454992111991433, 0.14835734880692109, 0.15121548641469887, 0.15407362402247665, 0.15693176163025443, 0.1597898992380322, 0.16264803684580997, 0.16550617445358776, 0.16836431206136554, 0.17122244966914332, 0.17408058727692108, 0.17693872488469886, 0.17979686249247664, 0.12861619235, 0.12861619235, 0.12861619235, 0.12861619235, 0.12861619235, 0.12861619235, 0.12861619235, 0.12861619235, 0.12861619235, 0.12861619235, 0.12861619235, 0.12861619235, 0.12861619235, 0.12861619235, 0.12861619235, 0.12861619235, 0.12861619235, 0.12861619235, 0.12861619235, 0.12861619235, 0.12861619235, 0.12861619235, 0.12861619235, 0.12861619235, 0.12861619235, 0.12861619235, 0.12861619235, 0.12861619235, 0.12861619235, 0.12861619235, 0.12861619235, 0.12861619235, 0.12861619235, 0.12861619235, 0.12861619235, 0.12861619235, 0.12861619235, 0.12861619235, 0.12861619235, 0.12861619235, 0.12861619235, 0.12861619235, 0.12861619235, 0.12861619235, 0.12861619235, 0.12861619235, 0.12861619235, 0.12861619235, 0.12861619235, 0.12861619235, 0.12861619235, 0.12861619235, 0.12861619235, 0.12861619235, 0.12861619235, 0.12861619235, 0.12861619235], "time_cpu_throttled_rate": [1682030653.0, 1682030654.0, 1682030655.0, 1682030656.0, 1682030657.0, 1682030658.0, 1682030659.0, 1682030660.0, 1682030661.0, 1682030662.0, 1682030663.0, 1682030664.0, 1682030665.0, 1682030666.0, 1682030667.0, 1682030668.0, 1682030669.0, 1682030670.0, 1682030671.0, 1682030672.0, 1682030673.0, 1682030674.0, 1682030675.0, 1682030676.0, 1682030677.0, 1682030678.0, 1682030679.0, 1682030680.0, 1682030681.0, 1682030682.0, 1682030683.0, 1682030684.0, 1682030685.0, 1682030686.0, 1682030687.0, 1682030688.0, 1682030689.0, 1682030690.0, 1682030691.0, 1682030692.0, 1682030693.0, 1682030694.0, 1682030695.0, 1682030696.0, 1682030697.0, 1682030698.0, 1682030699.0, 1682030700.0, 1682030701.0, 1682030702.0, 1682030703.0, 1682030704.0, 1682030705.0, 1682030706.0, 1682030707.0, 1682030708.0, 1682030709.0, 1682030710.0, 1682030711.0, 1682030712.0, 1682030713.0, 1682030714.0, 1682030715.0, 1682030716.0, 1682030717.0, 1682030718.0, 1682030719.0, 1682030720.0, 1682030721.0, 1682030722.0, 1682030723.0, 1682030724.0, 1682030725.0, 1682030726.0, 1682030727.0, 1682030728.0, 1682030729.0, 1682030730.0, 1682030731.0, 1682030732.0, 1682030733.0, 1682030734.0, 1682030735.0, 1682030736.0, 1682030737.0, 1682030738.0, 1682030739.0, 1682030740.0, 1682030741.0, 1682030742.0], "memory_usage": [9973760.0, 9973760.0, 9973760.0, 9973760.0, 9973760.0, 9973760.0, 9973760.0, 9973760.0, 9973760.0, 9973760.0, 9973760.0, 9973760.0, 9973760.0, 9973760.0, 9973760.0, 9973760.0, 9973760.0, 9973760.0, 9973760.0, 9973760.0, 9973760.0, 9973760.0, 9973760.0, 9973760.0, 9973760.0, 9973760.0, 9973760.0, 9973760.0, 9973760.0, 9973760.0],