{"cpu_usage_count": [0.073585266, 0.073585266, 0.073585266, 0.073585266, 0.073585266, 0.073585266, 0.073585266, 0.073585266, 0.073585266, 0.073585266, 0.073585266, 0.073585266, 0.073585266, 0.073585266, 0.073585266, 0.073585266, 0.073585266, 0.073585266, 0.073585266, 0.073585266, 0.073585266, 0.073585266, 0.073585266, 0.073585266, 0.073585266, 0.073585266, 0.073585266, 0.073585266, 0.073585266, 0.073585266, 25.366779609, 25.366779609, 25.366779609, 25.366779609, 25.366779609, 25.366779609, 25.366779609], "time_cpu_usage_count": [1682031073.0, 1682031074.0, 1682031075.0, 1682031076.0, 1682031077.0, 1682031078.0, 1682031079.0, 1682031080.0, 1682031081.0, 1682031082.0, 1682031083.0, 1682031084.0, 1682031085.0, 1682031086.0, 1682031087.0, 1682031088.0, 1682031089.0, 1682031090.0, 1682031091.0, 1682031092.0, 1682031093.0, 1682031094.0, 1682031095.0, 1682031096.0, 1682031097.0, 1682031098.0, 1682031099.0, 1682031100.0, 1682031101.0, 1682031102.0, 1682031103.0, 1682031104.0, 1682031105.0, 1682031106.0, 1682031107.0, 1682031108.0, 1682031109.0], "cpu_usage_rate": [0.21776230987197254, 0.22478819718947254, 0.23181408450697252, 0.23883997182447256, 0.24586585914197254, 0.25289174645947254, 0.2599176337769725], "time_cpu_usage_rate": [1682031103.0, 1682031104.0, 1682031105.0, 1682031106.0, 1682031107.0, 1682031108.0, 1682031109.0], "cpu_throttled_count": [0.0, 0.0, 0.0, 0.0, 0.0, 0.0, 0.0, 0.0, 0.0, 0.0, 0.0, 0.0, 0.0, 0.0, 0.0, 0.0, 0.0, 0.0, 0.0, 0.0, 0.0, 0.0, 0.0, 0.0, 0.0, 0.0, 0.0, 0.0, 0.0, 0.0, 3.037094991, 3.037094991, 3.037094991, 3.037094991, 3.037094991, 3.037094991, 3.037094991], "time_cpu_throttled_count": [1682031073.0, 1682031074.0, 1682031075.0, 1682031076.0, 1682031077.0, 1682031078.0, 1682031079.0, 1682031080.0, 1682031081.0, 1682031082.0, 1682031083.0, 1682031084.0, 1682031085.0, 1682031086.0, 1682031087.0, 1682031088.0, 1682031089.0, 1682031090.0, 1682031091.0, 1682031092.0, 1682031093.0, 1682031094.0, 1682031095.0, 1682031096.0, 1682031097.0, 1682031098.0, 1682031099.0, 1682031100.0, 1682031101.0, 1682031102.0, 1682031103.0, 1682031104.0, 1682031105.0, 1682031106.0, 1682031107.0, 1682031108.0, 1682031109.0], "cpu_throttled_rate": [0.0260743041352325, 0.026917941632732503, 0.027761579130232496, 0.028605216627732497, 0.0294488541252325, 0.0302924916227325, 0.0311361291202325], "time_cpu_throttled_rate": [1682031103.0, 1682031104.0, 1682031105.0, 1682031106.0, 1682031107.0, 1682031108.0, 1682031109.0], "memory_usage": [9154560.0, 9154560.0, 9154560.0, 9154560.0, 9154560.0, 9154560.0, 9154560.0, 9154560.0, 9154560.0, 9154560.0, 9154560.0, 9154560.0, 9154560.0, 9154560.0, 9154560.0, 9154560.0, 9154560.0, 9154560.0, 9154560.0, 9154560.0, 9154560.0, 9154560.0, 9154560.0, 9154560.0, 9154560.0, 9154560.0, 9154560.0, 9154560.0, 9154560.0, 9154560.0, 4831006720.0, 4831006720.0, 4831006720.0, 4831006720.0, 4831006720.0, 4831006720.0, 4831006720.0], "time_memory_usage": [1682031073.0, 1682031074.0, 1682031075.0, 1682031076.0, 1682031077.0, 1682031078.0, 1682031079.0, 1682031080.0, 1682031081.0, 1682031082.0, 1682031083.0, 1682031084.0, 1682031085.0, 1682031086.0, 1682031087.0, 1682031088.0, 1682031089.0, 1682031090.0, 1682031091.0, 1682031092.0, 1682031093.0, 1682031094.0, 1682031095.0, 1682031096.0, 1682031097.0, 1682031098.0, 1682031099.0, 1682031100.0, 1682031101.0, 1682031102.0, 1682031103.0, 1682031104.0, 1682031105.0, 1682031106.0, 1682031107.0, 1682031108.0, 1682031109.0], "throughput": [0.008660008322929671, 0.008603333333333333, 0.01027, 0.011936666666666667, 0.010416666666666666, 0.010416666666666666, 0.010416666666666666, 0.010416666666666666, 0.025322728408428412, 0.02531153846153846, 0.02723461538461539, 0.029157692307692308, 0.031080769230769228, 0.028125, 0.028125, 0.028125, 0.028125, 0.028125, 0.028125, 0.028125, 0.028125, 0.0838297418675622, 0.0838525641025641, 0.0870576923076923, 0.0902628205128205, 0.09346794871794874, 0.09214938008265565, 0.09214569892473118, 0.095102688172043, 0.09805967741935483, 0.10101666666666666, 0.1039736559139785, 0.09739583333333333, 0.09739583333333333, 0.09739583333333333, 0.09739583333333333, 0.09739583333333333, 0.09739583333333333, 0.09739583333333333, 0.09739583333333333, 0.09739583333333333, 0.09739583333333333, 0.09739583333333333, 0.17554343202314107, 0.1792655691679428, 0.1829877063127446, 0.18670984345754635, 0.19043198060234814, 0.1941541177471499, 0.18472222222222223, 0.18472222222222223, 0.18472222222222223, 0.18472222222222223, 0.18472222222222223, 0.18472222222222223, 0.18472222222222223, 0.18472222222222223, 0.18472222222222223, 0.18472222222222223, 0.18472222222222223, 0.18472222222222223, 0.18472222222222223, 0.18472222222222223, 0.18472222222222223, 0.18472222222222223, 0.18472222222222223, 0.18472222222222223, 0.18472222222222223, 0.18472222222222223, 0.18472222222222223, 0.18472222222222223, 0.18472222222222223, 0.18472222222222223, 0.18472222222222223, 0.18472222222222223, 0.18472222222222223, 0.18472222222222223, 0.18472222222222223, 0.18472222222222223, 0.18472222222222223, 0.18472222222222223, 0.18472222222222223, 0.18472222222222223, 0.18472222222222223, 0.18472222222222223, 0.18472222222222223, 0.18472222222222223, 0.18472222222222223, 0.18472222222222223, 0.18472222222222223, 0.18472222222222223, 0.18472222222222223, 0.18472222222222223, 0.18472222222222223, 0.18472222222222223, 0.18472222222222223, 0.18472222222222223, 0.18472222222222223, 0.18472222222222223, 0.18472222222222223, 0.18472222222222223, 0.18472222222222223, 0.18472222222222223, 0.18472222222222223, 0.18472222222222223, 0.18472222222222223, 0.18472222222222223, 0.18472222222222223, 0.18472222222222223, 0.18472222222222223, 0.18472222222222223, 0.18472222222222223, 0.18472222222222223, 0.18472222222222223, 0.18472222222222223, 0.18472222222222223, 0.18541666666666667, 0.18541666666666667, 0.18422491726922569, 0.18034993955034756, 0.18189555906140065, 0.1875, 0.1875, 0.18325894769916307, 0.17897433517095607, 0.174689722642749, 0.17040511011454199, 0.16612049758633496, 0.1686953198494826, 0.11458333333333331, 0.11458333333333331, 0.11458333333333331, 0.11458333333333331, 0.11458333333333331, 0.11458333333333331, 0.12750084268811826, 0.12333474412580102, 0.11916864556348376, 0.1150025470011665, 0.11083644843884925, 0.10667034987653198, 0.1105995960749482, 0.1229867152598166, 0.11808821224233873, 0.11318970922486088, 0.10829120620738301, 0.12936022311022313],