{"cpu_usage_count": [136.966229966, 136.966229966, 136.966229966, 136.966229966, 136.966229966, 136.966229966, 136.966229966, 136.966229966, 136.966229966, 136.966229966, 136.966229966, 136.966229966, 136.966229966, 136.966229966, 136.966229966, 136.966229966, 136.966229966, 136.966229966, 136.966229966, 136.966229966, 136.966229966, 136.966229966, 136.966229966, 136.966229966, 136.966229966, 136.966229966, 136.966229966, 136.966229966, 136.966229966, 136.966229966], "time_cpu_usage_count": [1682031253.0, 1682031254.0, 1682031255.0, 1682031256.0, 1682031257.0, 1682031258.0, 1682031259.0, 1682031260.0, 1682031261.0, 1682031262.0, 1682031263.0, 1682031264.0, 1682031265.0, 1682031266.0, 1682031267.0, 1682031268.0, 1682031269.0, 1682031270.0, 1682031271.0, 1682031272.0, 1682031273.0, 1682031274.0, 1682031275.0, 1682031276.0, 1682031277.0, 1682031278.0, 1682031279.0, 1682031280.0, 1682031281.0, 1682031282.0], "cpu_usage_rate": null, "time_cpu_usage_rate": null, "cpu_throttled_count": [2.935591983, 2.935591983, 2.935591983, 2.935591983, 2.935591983, 2.935591983, 2.935591983, 2.935591983, 2.935591983, 2.935591983, 2.935591983, 2.935591983, 2.935591983, 2.935591983, 2.935591983, 2.935591983, 2.935591983, 2.935591983, 2.935591983, 2.935591983, 2.935591983, 2.935591983, 2.935591983, 2.935591983, 2.935591983, 2.935591983, 2.935591983, 2.935591983, 2.935591983, 2.935591983], "time_cpu_throttled_count": [1682031253.0, 1682031254.0, 1682031255.0, 1682031256.0, 1682031257.0, 1682031258.0, 1682031259.0, 1682031260.0, 1682031261.0, 1682031262.0, 1682031263.0, 1682031264.0, 1682031265.0, 1682031266.0, 1682031267.0, 1682031268.0, 1682031269.0, 1682031270.0, 1682031271.0, 1682031272.0, 1682031273.0, 1682031274.0, 1682031275.0, 1682031276.0, 1682031277.0, 1682031278.0, 1682031279.0, 1682031280.0, 1682031281.0, 1682031282.0], "cpu_throttled_rate": null, "time_cpu_throttled_rate": null, "memory_usage": [5559660544.0, 5559660544.0, 5559660544.0, 5559660544.0, 5559660544.0, 5559660544.0, 5559660544.0, 5559660544.0, 5559660544.0, 5559660544.0, 5559660544.0, 5559660544.0, 5559660544.0, 5559660544.0, 5559660544.0, 5559660544.0, 5559660544.0, 5559660544.0, 5559660544.0, 5559660544.0, 5559660544.0, 5559660544.0, 5559660544.0, 5559660544.0, 5559660544.0, 5559660544.0, 5559660544.0, 5559660544.0, 5559660544.0, 5559660544.0], "time_memory_usage": [1682031253.0, 1682031254.0, 1682031255.0, 1682031256.0, 1682031257.0, 1682031258.0, 1682031259.0, 1682031260.0, 1682031261.0, 1682031262.0, 1682031263.0, 1682031264.0, 1682031265.0, 1682031266.0, 1682031267.0, 1682031268.0, 1682031269.0, 1682031270.0, 1682031271.0, 1682031272.0, 1682031273.0, 1682031274.0, 1682031275.0, 1682031276.0, 1682031277.0, 1682031278.0, 1682031279.0, 1682031280.0, 1682031281.0, 1682031282.0], "throughput": [0.009676452965847814, 0.009463888888888888, 0.010852777777777777, 0.012241666666666668, 0.010416666666666666, 0.010416666666666666, 0.010416666666666666, 0.026680269842591826, 0.026565384615384612, 0.02848846153846154, 0.030411538461538466, 0.028125, 0.028125, 0.028125, 0.028125, 0.028125, 0.028125, 0.028125, 0.028125, 0.08612025044077022, 0.08604666666666666, 0.08938, 0.09271333333333334, 0.09604666666666667, 0.09422665839194594, 0.09415388888888888, 0.09720944444444445, 0.100265, 0.10332055555555555, 0.09739583333333333, 0.09739583333333333, 0.09739583333333333, 0.09739583333333333, 0.09739583333333333, 0.09739583333333333, 0.09739583333333333, 0.09739583333333333, 0.09739583333333333, 0.09739583333333333, 0.09739583333333333, 0.09739583333333333, 0.09739583333333333, 0.09739583333333333, 0.09739583333333333, 0.09739583333333333, 0.09739583333333333, 0.09739583333333333, 0.09739583333333333, 0.09739583333333333, 0.09739583333333333, 0.09739583333333333, 0.09739583333333333, 0.09739583333333333, 0.09739583333333333, 0.09739583333333333, 0.09739583333333333, 0.09739583333333333, 0.09739583333333333, 0.09739583333333333, 0.09739583333333333, 0.09739583333333333, 0.09739583333333333, 0.09739583333333333, 0.09739583333333333, 0.09739583333333333, 0.09739583333333333, 0.09739583333333333, 0.09739583333333333, 0.09739583333333333, 0.09739583333333333, 0.09739583333333333, 0.09739583333333333, 0.09739583333333333, 0.09739583333333333, 0.09739583333333333, 0.09739583333333333, 0.09739583333333333, 0.09739583333333333, 0.09739583333333333, 0.09739583333333333, 0.09739583333333333, 0.09739583333333333, 0.09739583333333333, 0.09739583333333333, 0.09739583333333333, 0.09739583333333333, 0.09739583333333333, 0.09739583333333333, 0.09739583333333333, 0.09739583333333333, 0.09739583333333333, 0.09739583333333333, 0.09739583333333333, 0.09739583333333333, 0.09739583333333333, 0.09739583333333333, 0.09739583333333333, 0.09739583333333333, 0.09739583333333333, 0.09739583333333333, 0.09739583333333333, 0.09739583333333333, 0.09739583333333333, 0.09739583333333333, 0.09739583333333333, 0.09739583333333333, 0.09739583333333333, 0.09739583333333333, 0.09739583333333333, 0.09739583333333333, 0.09739583333333333, 0.09739583333333333, 0.09739583333333333, 0.09739583333333333, 0.09739583333333333, 0.09761904761904763, 0.09761904761904763, 0.0965977616589788, 0.09326349473090562, 0.08992922780283243, 0.09092361111111112, 0.08, 0.08, 0.08516386001963726, 0.08145871542636951, 0.07775357083310178, 0.07404842623983401, 0.07572941176470588, 0.01111111111111111, 0.01111111111111111, 0.01111111111111111, 0.01111111111111111, 0.01111111111111111, 0.01111111111111111, 0.01111111111111111, 0.01111111111111111, 0.01111111111111111, 0.011387775736999313, 0.009996335875030148, 0.010726666666666666, 0.0, 0.0, 0.0, 0.0], "time_throughput": [1682031155.0, 1682031156.0, 1682031157.0, 1682031158.0, 1682031159.0, 1682031160.0, 1682031161.0, 1682031162.0, 1682031163.0, 1682031164.0, 1682031165.0, 1682031166.0, 1682031167.0, 1682031168.0, 1682031169.0, 1682031170.0, 1682031171.0, 1682031172.0, 1682031173.0, 1682031174.0, 1682031175.0, 1682031176.0, 1682031177.0, 1682031178.0, 1682031179.0, 1682031180.0, 1682031181.0, 1682031182.0, 1682031183.0, 1682031184.0, 1682031185.0, 1682031186.0, 1682031187.0, 1682031188.0, 1682031189.0, 1682031190.0, 1682031191.0, 1682031192.0, 1682031193.0, 1682031194.0, 1682031195.0, 1682031196.0, 1682031197.0, 1682031198.0, 1682031199.0, 1682031200.0, 1682031201.0, 1682031202.0, 1682031203.0, 1682031204.0, 1682031205.0, 1682031206.0, 1682031207.0, 1682031208.0, 1682031209.0, 1682031210.0, 1682031211.0, 1682031212.0, 1682031213.0, 1682031214.0, 1682031215.0, 1682031216.0, 1682031217.0, 1682031218.0, 1682031219.0, 1682031220.0, 1682031221.0, 1682031222.0, 1682031223.0, 1682031224.0, 1682031225.0, 1682031226.0, 1682031227.0, 1682031228.0, 1682031229.0, 1682031230.0, 1682031231.0, 1682031232.0, 1682031233.0, 1682031234.0, 1682031235.0, 1682031236.0, 1682031237.0, 1682031238.0, 1682031239.0, 1682031240.0, 1682031241.0, 1682031242.0, 1682031243.0, 1682031244.0, 1682031245.0, 1682031246.0, 1682031247.0, 1682031248.0, 1682031249.0, 1682031250.0, 1682031251.0, 1682031252.0, 1682031253.0, 1682031254.0, 1682031255.0, 1682031256.0, 1682031257.0, 1682031258.0, 1682031259.0, 1682031260.0, 1682031261.0, 1682031262.0, 1682031263.0, 1682031264.0, 1682031265.0, 1682031266.0, 1682031267.0, 1682031268.0, 1682031269.0, 1682031270.0, 1682031271.0, 1682031272.0, 1682031273.0, 1682031274.0, 1682031275.0, 1682031276.0, 1682031277.0, 1682031278.0, 1682031279.0, 1682031280.0, 1682031281.0, 1682031282.0, 1682031283.0, 1682031284.0, 1682031285.0, 1682031286.0, 1682031287.0, 1682031288.0, 1682031289.0, 1682031290.0, 1682031291.0, 1682031292.0, 1682031293.0, 1682031294.0, 1682031295.0, 1682031296.0, 1682031297.0, 1682031298.0], "responses": [], "start_time_experiment": 1682031178.7689366, "end_time_experiment": 1682031298.896456}