{"cpu_usage_count": [0.073237883, 0.073237883, 0.073237883, 0.073237883, 0.073237883, 0.073237883, 0.073237883, 0.073237883, 0.073237883, 0.073237883, 0.073237883, 0.073237883, 0.073237883, 0.073237883, 0.073237883, 0.073237883, 0.073237883, 0.073237883, 0.073237883, 0.073237883, 0.073237883, 0.073237883, 0.073237883, 0.073237883, 0.073237883, 0.073237883, 0.073237883, 0.073237883, 0.073237883, 0.073237883, 12.55288672, 12.55288672, 12.55288672, 12.55288672, 12.55288672, 12.55288672, 12.55288672, 12.55288672, 12.55288672, 12.55288672, 12.55288672, 12.55288672, 12.55288672, 12.55288672, 12.55288672, 12.55288672, 12.55288672, 12.55288672, 12.55288672, 12.55288672, 12.55288672], "time_cpu_usage_count": [1681619143.0, 1681619144.0, 1681619145.0, 1681619146.0, 1681619147.0, 1681619148.0, 1681619149.0, 1681619150.0, 1681619151.0, 1681619152.0, 1681619153.0, 1681619154.0, 1681619155.0, 1681619156.0, 1681619157.0, 1681619158.0, 1681619159.0, 1681619160.0, 1681619161.0, 1681619162.0, 1681619163.0, 1681619164.0, 1681619165.0, 1681619166.0, 1681619167.0, 1681619168.0, 1681619169.0, 1681619170.0, 1681619171.0, 1681619172.0, 1681619173.0, 1681619174.0, 1681619175.0, 1681619176.0, 1681619177.0, 1681619178.0, 1681619179.0, 1681619180.0, 1681619181.0, 1681619182.0, 1681619183.0, 1681619184.0, 1681619185.0, 1681619186.0, 1681619187.0, 1681619188.0, 1681619189.0, 1681619190.0, 1681619191.0, 1681619192.0, 1681619193.0], "cpu_usage_rate": [0.07183437835095537, 0.07414542443188128, 0.07645647051280723, 0.07876751659373314, 0.08107856267465907, 0.083389608755585, 0.08570065483651092, 0.08801170091743685, 0.09032274699836276, 0.0926337930792887, 0.09494483916021462, 0.09725588524114054, 0.09956693132206647, 0.1018779774029924, 0.10418902348391831, 0.10650006956484424, 0.10881111564577017, 0.1111221617266961, 0.11343320780762202, 0.11574425388854795, 0.11805529996947389], "time_cpu_usage_rate": [1681619173.0, 1681619174.0, 1681619175.0, 1681619176.0, 1681619177.0, 1681619178.0, 1681619179.0, 1681619180.0, 1681619181.0, 1681619182.0, 1681619183.0, 1681619184.0, 1681619185.0, 1681619186.0, 1681619187.0, 1681619188.0, 1681619189.0, 1681619190.0, 1681619191.0, 1681619192.0, 1681619193.0], "cpu_throttled_count": [0.0, 0.0, 0.0, 0.0, 0.0, 0.0, 0.0, 0.0, 0.0, 0.0, 0.0, 0.0, 0.0, 0.0, 0.0, 0.0, 0.0, 0.0, 0.0, 0.0, 0.0, 0.0, 0.0, 0.0, 0.0, 0.0, 0.0, 0.0, 0.0, 0.0, 27.572660786, 27.572660786, 27.572660786, 27.572660786, 27.572660786, 27.572660786, 27.572660786, 27.572660786, 27.572660786, 27.572660786, 27.572660786, 27.572660786, 27.572660786, 27.572660786, 27.572660786, 27.572660786, 27.572660786, 27.572660786, 27.572660786, 27.572660786, 27.572660786], "time_cpu_throttled_count": [1681619143.0, 1681619144.0, 1681619145.0, 1681619146.0, 1681619147.0, 1681619148.0, 1681619149.0, 1681619150.0, 1681619151.0, 1681619152.0, 1681619153.0, 1681619154.0, 1681619155.0, 1681619156.0, 1681619157.0, 1681619158.0, 1681619159.0, 1681619160.0, 1681619161.0, 1681619162.0, 1681619163.0, 1681619164.0, 1681619165.0, 1681619166.0, 1681619167.0, 1681619168.0, 1681619169.0, 1681619170.0, 1681619171.0, 1681619172.0, 1681619173.0, 1681619174.0, 1681619175.0, 1681619176.0, 1681619177.0, 1681619178.0, 1681619179.0, 1681619180.0, 1681619181.0, 1681619182.0, 1681619183.0, 1681619184.0, 1681619185.0, 1681619186.0, 1681619187.0, 1681619188.0, 1681619189.0, 1681619190.0, 1681619191.0, 1681619192.0, 1681619193.0], "cpu_throttled_rate": [0.15781263461350037, 0.1629186829072041, 0.16802473120090777, 0.17313077949461148, 0.17823682778831518, 0.18334287608201885, 0.18844892437572258, 0.19355497266942628, 0.19866102096313, 0.2037670692568337, 0.2088731175505374, 0.2139791658442411, 0.21908521413794482, 0.22419126243164847, 0.22929731072535223, 0.2344033590190559, 0.2395094073127596, 0.24461545560646336, 0.249721503900167, 0.25482755219387077, 0.2599336004875744], "time_cpu_throttled_rate": [1681619173.0, 1681619174.0, 1681619175.0, 1681619176.0, 1681619177.0, 1681619178.0, 1681619179.0, 1681619180.0, 1681619181.0, 1681619182.0, 1681619183.0, 1681619184.0, 1681619185.0, 1681619186.0, 1681619187.0, 1681619188.0, 1681619189.0, 1681619190.0, 1681619191.0, 1681619192.0, 1681619193.0], "memory_usage": [9650176.0, 9650176.0, 9650176.0, 9650176.0, 9650176.0, 9650176.0, 9650176.0, 9650176.0, 9650176.0, 9650176.0, 9650176.0, 9650176.0, 9650176.0, 9650176.0, 9650176.0, 9650176.0, 9650176.0, 9650176.0, 9650176.0, 9650176.0, 9650176.0, 9650176.0, 9650176.0, 9650176.0, 9650176.0, 9650176.0, 9650176.0, 9650176.0, 9650176.0, 9650176.0, 3211771904.0, 3211771904.0, 3211771904.0, 3211771904.0, 3211771904.0, 3211771904.0, 3211771904.0, 3211771904.0, 3211771904.0, 3211771904.0, 3211771904.0, 3211771904.0, 3211771904.0, 3211771904.0, 3211771904.0, 3211771904.0, 3211771904.0, 3211771904.0, 3211771904.0, 3211771904.0, 3211771904.0], "time_memory_usage": [1681619143.0, 1681619144.0, 1681619145.0, 1681619146.0, 1681619147.0, 1681619148.0, 1681619149.0, 1681619150.0, 1681619151.0, 1681619152.0, 1681619153.0, 1681619154.0, 1681619155.0, 1681619156.0, 1681619157.0, 1681619158.0, 1681619159.0, 1681619160.0, 1681619161.0, 1681619162.0, 1681619163.0, 1681619164.0, 1681619165.0, 1681619166.0, 1681619167.0, 1681619168.0, 1681619169.0, 1681619170.0, 1681619171.0, 1681619172.0, 1681619173.0, 1681619174.0, 1681619175.0, 1681619176.0, 1681619177.0, 1681619178.0, 1681619179.0, 1681619180.0, 1681619181.0, 1681619182.0, 1681619183.0, 1681619184.0, 1681619185.0, 1681619186.0, 1681619187.0, 1681619188.0, 1681619189.0, 1681619190.0, 1681619191.0, 1681619192.0, 1681619193.0],