{"cpu_usage_count": [0.072116344, 0.072116344, 0.072116344, 0.072116344, 0.072116344, 0.072116344, 0.072116344, 0.072116344, 0.072116344, 0.072116344, 0.072116344, 0.072116344, 0.072116344, 0.072116344, 0.072116344, 0.072116344, 0.072116344, 0.072116344, 0.072116344, 0.072116344, 0.072116344, 0.072116344, 0.072116344, 0.072116344, 0.072116344, 0.072116344, 0.072116344, 0.072116344, 0.072116344, 0.072116344, 136.995681093, 136.995681093, 136.995681093, 136.995681093, 136.995681093, 136.995681093, 136.995681093, 136.995681093, 136.995681093, 136.995681093, 136.995681093, 136.995681093, 136.995681093, 136.995681093, 136.995681093, 136.995681093, 136.995681093, 136.995681093, 136.995681093, 136.995681093, 136.995681093, 136.995681093, 136.995681093, 136.995681093, 136.995681093, 136.995681093, 136.995681093, 136.995681093, 136.995681093, 136.995681093], "time_cpu_usage_count": [1681620343.0, 1681620344.0, 1681620345.0, 1681620346.0, 1681620347.0, 1681620348.0, 1681620349.0, 1681620350.0, 1681620351.0, 1681620352.0, 1681620353.0, 1681620354.0, 1681620355.0, 1681620356.0, 1681620357.0, 1681620358.0, 1681620359.0, 1681620360.0, 1681620361.0, 1681620362.0, 1681620363.0, 1681620364.0, 1681620365.0, 1681620366.0, 1681620367.0, 1681620368.0, 1681620369.0, 1681620370.0, 1681620371.0, 1681620372.0, 1681620373.0, 1681620374.0, 1681620375.0, 1681620376.0, 1681620377.0, 1681620378.0, 1681620379.0, 1681620380.0, 1681620381.0, 1681620382.0, 1681620383.0, 1681620384.0, 1681620385.0, 1681620386.0, 1681620387.0, 1681620388.0, 1681620389.0, 1681620390.0, 1681620391.0, 1681620392.0, 1681620393.0, 1681620394.0, 1681620395.0, 1681620396.0, 1681620397.0, 1681620398.0, 1681620399.0, 1681620400.0, 1681620401.0, 1681620402.0], "cpu_usage_rate": [0.7840852048180266, 0.8094414205122858, 0.8347976362065449, 0.8601538519008044, 0.8855100675950635, 0.910866283289323, 0.936222498983582, 0.9615787146778413, 0.9869349303721008, 1.01229114606636, 1.0376473617606192, 1.0630035774548785, 1.0883597931491378, 1.1137160088433968, 1.1390722245376563, 1.1644284402319154, 1.1897846559261749, 1.215140871620434, 1.2404970873146932, 1.2658533030089525, 1.2912095187032118, 1.3165657343974708, 1.3419219500917303, 1.3672781657859896, 1.3926343814802487, 1.4179905971745081, 1.4433468128687672, 1.4687030285630265, 1.4940592442572858, 1.519415459951545, 1.5447716756458043, 1.5701278913400634, 1.5954841070343226, 1.1414303525972223, 1.1414303525972223, 1.1414303525972223, 1.1414303525972223, 1.1414303525972223, 1.1414303525972223, 1.1414303525972223, 1.1414303525972223, 1.1414303525972223, 1.1414303525972223, 1.1414303525972223, 1.1414303525972223, 1.1414303525972223, 1.1414303525972223, 1.1414303525972223, 1.1414303525972223, 1.1414303525972223, 1.1414303525972223, 1.1414303525972223, 1.1414303525972223, 1.1414303525972223, 1.1414303525972223, 1.1414303525972223, 1.1414303525972223, 1.1414303525972223, 1.1414303525972223, 1.1414303525972223, 1.1414303525972223, 1.1414303525972223, 1.1414303525972223, 1.1414303525972223, 1.1414303525972223, 1.1414303525972223, 1.1414303525972223, 1.1414303525972223, 1.1414303525972223, 1.1414303525972223, 1.1414303525972223, 1.1414303525972223, 1.1414303525972223, 1.1414303525972223, 1.1414303525972223, 1.1414303525972223, 1.1414303525972223, 1.1414303525972223, 1.1414303525972223, 1.1414303525972223, 1.1414303525972223, 1.1414303525972223, 1.1414303525972223, 1.1414303525972223, 1.1414303525972223, 1.1414303525972223, 1.1414303525972223, 1.1414303525972223, 1.1414303525972223, 1.1414303525972223, 1.1414303525972223, 1.1414303525972223, 1.1414303525972223, 1.1414303525972223, 1.1414303525972223], "time_cpu_usage_rate": [1681620373.0, 1681620374.0, 1681620375.0, 1681620376.0, 1681620377.0, 1681620378.0, 1681620379.0, 1681620380.0, 1681620381.0, 1681620382.0, 1681620383.0, 1681620384.0, 1681620385.0, 1681620386.0, 1681620387.0, 1681620388.0, 1681620389.0, 1681620390.0, 1681620391.0, 1681620392.0, 1681620393.0, 1681620394.0, 1681620395.0, 1681620396.0, 1681620397.0, 1681620398.0, 1681620399.0, 1681620400.0, 1681620401.0, 1681620402.0, 1681620403.0, 1681620404.0, 1681620405.0, 1681620406.0, 1681620407.0, 1681620408.0, 1681620409.0, 1681620410.0, 1681620411.0, 1681620412.0, 1681620413.0, 1681620414.0, 1681620415.0, 1681620416.0, 1681620417.0, 1681620418.0, 1681620419.0, 1681620420.0, 1681620421.0, 1681620422.0, 1681620423.0, 1681620424.0, 1681620425.0, 1681620426.0, 1681620427.0, 1681620428.0, 1681620429.0, 1681620430.0, 1681620431.0, 1681620432.0, 1681620433.0, 1681620434.0, 1681620435.0, 1681620436.0, 1681620437.0, 1681620438.0, 1681620439.0, 1681620440.0, 1681620441.0, 1681620442.0, 1681620443.0, 1681620444.0, 1681620445.0, 1681620446.0, 1681620447.0, 1681620448.0, 1681620449.0, 1681620450.0, 1681620451.0, 1681620452.0, 1681620453.0, 1681620454.0, 1681620455.0, 1681620456.0, 1681620457.0, 1681620458.0, 1681620459.0, 1681620460.0, 1681620461.0, 1681620462.0, 1681620463.0, 1681620464.0, 1681620465.0, 1681620466.0, 1681620467.0], "cpu_throttled_count": [0.0, 0.0, 0.0, 0.0, 0.0, 0.0, 0.0, 0.0, 0.0, 0.0, 0.0, 0.0, 0.0, 0.0, 0.0, 0.0, 0.0, 0.0, 0.0, 0.0, 0.0, 0.0, 0.0, 0.0, 0.0, 0.0, 0.0, 0.0, 0.0, 0.0, 9.572734389, 9.572734389, 9.572734389, 9.572734389, 9.572734389, 9.572734389, 9.572734389, 9.572734389, 9.572734389, 9.572734389, 9.572734389, 9.572734389, 9.572734389, 9.572734389, 9.572734389, 9.572734389, 9.572734389, 9.572734389, 9.572734389, 9.572734389, 9.572734389, 9.572734389, 9.572734389, 9.572734389, 9.572734389, 9.572734389, 9.572734389, 9.572734389, 9.572734389, 9.572734389], "time_cpu_throttled_count": [1681620343.0, 1681620344.0, 1681620345.0, 1681620346.0, 1681620347.0, 1681620348.0, 1681620349.0, 1681620350.0, 1681620351.0, 1681620352.0, 1681620353.0, 1681620354.0, 1681620355.0, 1681620356.0, 1681620357.0, 1681620358.0, 1681620359.0, 1681620360.0, 1681620361.0, 1681620362.0, 1681620363.0, 1681620364.0, 1681620365.0, 1681620366.0, 1681620367.0, 1681620368.0, 1681620369.0, 1681620370.0, 1681620371.0, 1681620372.0, 1681620373.0, 1681620374.0, 1681620375.0, 1681620376.0, 1681620377.0, 1681620378.0, 1681620379.0, 1681620380.0, 1681620381.0, 1681620382.0, 1681620383.0, 1681620384.0, 1681620385.0, 1681620386.0, 1681620387.0, 1681620388.0, 1681620389.0, 1681620390.0, 1681620391.0, 1681620392.0, 1681620393.0, 1681620394.0, 1681620395.0, 1681620396.0, 1681620397.0, 1681620398.0, 1681620399.0, 1681620400.0, 1681620401.0, 1681620402.0],