{"cpu_usage_count": [23.363516036, 23.363516036, 23.363516036, 23.363516036, 23.363516036, 23.363516036, 23.363516036, 23.363516036, 23.363516036, 23.363516036, 23.363516036, 23.363516036, 23.363516036, 23.363516036, 23.363516036, 23.363516036, 23.363516036, 23.363516036, 23.363516036, 23.363516036, 23.363516036, 23.363516036, 23.363516036, 23.363516036, 23.363516036, 23.363516036, 23.363516036, 23.363516036, 23.363516036, 23.363516036, 23.503210318, 23.503210318, 23.503210318, 23.503210318, 23.503210318, 23.503210318, 23.503210318, 23.503210318, 23.503210318, 23.503210318, 23.503210318, 23.503210318, 23.503210318, 23.503210318, 23.503210318, 23.503210318, 23.503210318, 23.503210318, 23.503210318, 23.503210318, 23.503210318, 23.503210318, 23.503210318, 23.503210318, 23.503210318, 23.503210318, 23.503210318, 23.503210318, 23.503210318, 23.503210318, 23.643079122, 23.643079122, 23.643079122, 23.643079122, 23.643079122, 23.643079122, 23.643079122, 23.643079122, 23.643079122, 23.643079122, 23.643079122, 23.643079122, 23.643079122, 23.643079122, 23.643079122, 23.643079122, 23.643079122, 23.643079122, 23.643079122, 23.643079122, 23.643079122], "time_cpu_usage_count": [1681621213.0, 1681621214.0, 1681621215.0, 1681621216.0, 1681621217.0, 1681621218.0, 1681621219.0, 1681621220.0, 1681621221.0, 1681621222.0, 1681621223.0, 1681621224.0, 1681621225.0, 1681621226.0, 1681621227.0, 1681621228.0, 1681621229.0, 1681621230.0, 1681621231.0, 1681621232.0, 1681621233.0, 1681621234.0, 1681621235.0, 1681621236.0, 1681621237.0, 1681621238.0, 1681621239.0, 1681621240.0, 1681621241.0, 1681621242.0, 1681621243.0, 1681621244.0, 1681621245.0, 1681621246.0, 1681621247.0, 1681621248.0, 1681621249.0, 1681621250.0, 1681621251.0, 1681621252.0, 1681621253.0, 1681621254.0, 1681621255.0, 1681621256.0, 1681621257.0, 1681621258.0, 1681621259.0, 1681621260.0, 1681621261.0, 1681621262.0, 1681621263.0, 1681621264.0, 1681621265.0, 1681621266.0, 1681621267.0, 1681621268.0, 1681621269.0, 1681621270.0, 1681621271.0, 1681621272.0, 1681621273.0, 1681621274.0, 1681621275.0, 1681621276.0, 1681621277.0, 1681621278.0, 1681621279.0, 1681621280.0, 1681621281.0, 1681621282.0, 1681621283.0, 1681621284.0, 1681621285.0, 1681621286.0, 1681621287.0, 1681621288.0, 1681621289.0, 1681621290.0, 1681621291.0, 1681621292.0, 1681621293.0], "cpu_usage_rate": [0.0011875824821803759, 0.0012134517936618577, 0.0012393211051433392, 0.0012651904166248208, 0.0012910597281063025, 0.001316929039587784, 0.0013427983510692655, 0.0013686676625507472, 0.0013945369740322288, 0.0014204062855137105, 0.0014462755969951921, 0.0014721449084766735, 0.0014980142199581554, 0.0015238835314396366, 0.0015497528429211183, 0.0015756221544026003, 0.0016014914658840816, 0.0016273607773655632, 0.001653230088847045, 0.0016790994003285265, 0.0017049687118100081, 0.0017308380232914898, 0.0017567073347729714, 0.0017825766462544529, 0.0018084459577359345, 0.001834315269217416, 0.0018601845806988978, 0.0018860538921803794, 0.0019119232036618609, 0.0019377925151433423, 0.0019648884415742565, 0.0019907739125001817, 0.0020166593834261078, 0.002042544854352034, 0.00206843032527796, 0.0020943157962038856, 0.0021202012671298113, 0.002146086738055738, 0.0021719722089816634, 0.002197857679907589, 0.0022237431508335148, 0.002249628621759441, 0.002275514092685367, 0.0023013995636112926, 0.0023272850345372183, 0.0023531705054631448, 0.00237905597638907, 0.002404941447314996, 0.002430826918240922, 0.0024567123891668483, 0.002482597860092774], "time_cpu_usage_rate": [1681621243.0, 1681621244.0, 1681621245.0, 1681621246.0, 1681621247.0, 1681621248.0, 1681621249.0, 1681621250.0, 1681621251.0, 1681621252.0, 1681621253.0, 1681621254.0, 1681621255.0, 1681621256.0, 1681621257.0, 1681621258.0, 1681621259.0, 1681621260.0, 1681621261.0, 1681621262.0, 1681621263.0, 1681621264.0, 1681621265.0, 1681621266.0, 1681621267.0, 1681621268.0, 1681621269.0, 1681621270.0, 1681621271.0, 1681621272.0, 1681621273.0, 1681621274.0, 1681621275.0, 1681621276.0, 1681621277.0, 1681621278.0, 1681621279.0, 1681621280.0, 1681621281.0, 1681621282.0, 1681621283.0, 1681621284.0, 1681621285.0, 1681621286.0, 1681621287.0, 1681621288.0, 1681621289.0, 1681621290.0, 1681621291.0, 1681621292.0, 1681621293.0], "cpu_throttled_count": [1.007811874, 1.007811874, 1.007811874, 1.007811874, 1.007811874, 1.007811874, 1.007811874, 1.007811874, 1.007811874, 1.007811874, 1.007811874, 1.007811874, 1.007811874, 1.007811874, 1.007811874, 1.007811874, 1.007811874, 1.007811874, 1.007811874, 1.007811874, 1.007811874, 1.007811874, 1.007811874, 1.007811874, 1.007811874, 1.007811874, 1.007811874, 1.007811874, 1.007811874, 1.007811874, 1.007811874, 1.007811874, 1.007811874, 1.007811874, 1.007811874, 1.007811874, 1.007811874, 1.007811874, 1.007811874, 1.007811874, 1.007811874, 1.007811874, 1.007811874, 1.007811874, 1.007811874, 1.007811874, 1.007811874, 1.007811874, 1.007811874, 1.007811874, 1.007811874, 1.007811874, 1.007811874, 1.007811874, 1.007811874, 1.007811874, 1.007811874, 1.007811874, 1.007811874, 1.007811874, 1.007811874, 1.007811874, 1.007811874, 1.007811874, 1.007811874, 1.007811874, 1.007811874, 1.007811874, 1.007811874, 1.007811874, 1.007811874, 1.007811874, 1.007811874, 1.007811874, 1.007811874, 1.007811874, 1.007811874, 1.007811874, 1.007811874, 1.007811874, 1.007811874], "time_cpu_throttled_count": [1681621213.0, 1681621214.0, 1681621215.0, 1681621216.0, 1681621217.0, 1681621218.0, 1681621219.0, 1681621220.0, 1681621221.0, 1681621222.0, 1681621223.0, 1681621224.0, 1681621225.0, 1681621226.0, 1681621227.0, 1681621228.0, 1681621229.0, 1681621230.0, 1681621231.0, 1681621232.0, 1681621233.0, 1681621234.0, 1681621235.0, 1681621236.0, 1681621237.0, 1681621238.0, 1681621239.0, 1681621240.0, 1681621241.0, 1681621242.0, 1681621243.0, 1681621244.0, 1681621245.0, 1681621246.0, 1681621247.0, 1681621248.0, 1681621249.0, 1681621250.0, 1681621251.0, 1681621252.0, 1681621253.0, 1681621254.0, 1681621255.0, 1681621256.0, 1681621257.0, 1681621258.0, 1681621259.0, 1681621260.0, 1681621261.0, 1681621262.0, 1681621263.0, 1681621264.0, 1681621265.0, 1681621266.0, 1681621267.0, 1681621268.0, 1681621269.0, 1681621270.0, 1681621271.0, 1681621272.0, 1681621273.0, 1681621274.0, 1681621275.0, 1681621276.0, 1681621277.0, 1681621278.0, 1681621279.0, 1681621280.0, 1681621281.0, 1681621282.0, 1681621283.0, 1681621284.0, 1681621285.0, 1681621286.0, 1681621287.0, 1681621288.0, 1681621289.0, 1681621290.0, 1681621291.0, 1681621292.0, 1681621293.0], "cpu_throttled_rate": [0.0, 0.0, 0.0, 0.0, 0.0, 0.0, 0.0, 0.0, 0.0, 0.0, 0.0, 0.0, 0.0, 0.0, 0.0, 0.0, 0.0, 0.0, 0.0, 0.0, 0.0, 0.0, 0.0, 0.0, 0.0, 0.0, 0.0, 0.0, 0.0, 0.0, 0.0, 0.0, 0.0, 0.0, 0.0, 0.0, 0.0, 0.0, 0.0, 0.0, 0.0, 0.0, 0.0, 0.0, 0.0, 0.0, 0.0, 0.0, 0.0, 0.0, 0.0], "time_cpu_throttled_rate": [1681621243.0, 1681621244.0, 1681621245.0, 1681621246.0, 1681621247.0, 1681621248.0, 1681621249.0, 1681621250.0, 1681621251.0, 1681621252.0, 1681621253.0, 1681621254.0, 1681621255.0, 1681621256.0, 1681621257.0, 1681621258.0, 1681621259.0, 1681621260.0, 1681621261.0, 1681621262.0, 1681621263.0, 1681621264.0, 1681621265.0, 1681621266.0, 1681621267.0, 1681621268.0, 1681621269.0, 1681621270.0, 1681621271.0, 1681621272.0, 1681621273.0, 1681621274.0, 1681621275.0, 1681621276.0, 1681621277.0, 1681621278.0, 1681621279.0, 1681621280.0, 1681621281.0, 1681621282.0, 1681621283.0, 1681621284.0, 1681621285.0, 1681621286.0, 1681621287.0, 1681621288.0, 1681621289.0, 1681621290.0, 1681621291.0, 1681621292.0, 1681621293.0],