{"cpu_usage_count": [14.253532058, 14.253532058, 14.253532058, 14.253532058, 14.253532058, 14.253532058, 14.253532058, 14.253532058, 14.253532058, 14.253532058, 14.253532058, 14.253532058, 14.253532058, 14.253532058, 14.253532058, 14.253532058, 14.253532058, 14.253532058, 14.253532058, 14.253532058, 14.253532058, 14.253532058, 14.253532058, 14.253532058, 14.253532058, 14.253532058, 14.253532058, 14.253532058, 14.253532058, 14.253532058, 45.975386149, 45.975386149, 45.975386149, 45.975386149, 45.975386149, 45.975386149, 45.975386149, 45.975386149, 45.975386149, 45.975386149, 45.975386149, 45.975386149, 45.975386149, 45.975386149, 45.975386149, 45.975386149, 45.975386149, 45.975386149, 45.975386149, 45.975386149, 45.975386149, 45.975386149, 45.975386149, 45.975386149, 45.975386149, 45.975386149, 45.975386149, 45.975386149, 45.975386149, 45.975386149, 71.929359741, 71.929359741, 71.929359741, 71.929359741, 71.929359741, 71.929359741, 71.929359741, 71.929359741, 71.929359741, 71.929359741, 71.929359741, 71.929359741, 71.929359741, 71.929359741, 71.929359741, 71.929359741, 71.929359741, 71.929359741, 71.929359741, 71.929359741, 71.929359741, 71.929359741, 71.929359741, 71.929359741, 71.929359741, 71.929359741, 71.929359741, 71.929359741, 71.929359741, 71.929359741, 105.893402821, 105.893402821, 105.893402821, 105.893402821, 105.893402821, 105.893402821, 105.893402821, 105.893402821, 105.893402821, 105.893402821, 105.893402821, 105.893402821, 105.893402821, 105.893402821, 105.893402821, 105.893402821, 105.893402821, 105.893402821, 105.893402821, 105.893402821, 105.893402821, 105.893402821, 105.893402821, 105.893402821, 105.893402821, 105.893402821, 105.893402821, 105.893402821, 105.893402821, 105.893402821, 145.841753213, 145.841753213, 145.841753213, 145.841753213, 145.841753213, 145.841753213, 145.841753213, 145.841753213, 145.841753213, 145.841753213, 145.841753213, 145.841753213, 145.841753213, 145.841753213, 145.841753213, 145.841753213, 145.841753213, 145.841753213, 145.841753213, 145.841753213], "time_cpu_usage_count": [1681743193.0, 1681743194.0, 1681743195.0, 1681743196.0, 1681743197.0, 1681743198.0, 1681743199.0, 1681743200.0, 1681743201.0, 1681743202.0, 1681743203.0, 1681743204.0, 1681743205.0, 1681743206.0, 1681743207.0, 1681743208.0, 1681743209.0, 1681743210.0, 1681743211.0, 1681743212.0, 1681743213.0, 1681743214.0, 1681743215.0, 1681743216.0, 1681743217.0, 1681743218.0, 1681743219.0, 1681743220.0, 1681743221.0, 1681743222.0, 1681743223.0, 1681743224.0, 1681743225.0, 1681743226.0, 1681743227.0, 1681743228.0, 1681743229.0, 1681743230.0, 1681743231.0, 1681743232.0, 1681743233.0, 1681743234.0, 1681743235.0, 1681743236.0, 1681743237.0, 1681743238.0, 1681743239.0, 1681743240.0, 1681743241.0, 1681743242.0, 1681743243.0, 1681743244.0, 1681743245.0, 1681743246.0, 1681743247.0, 1681743248.0, 1681743249.0, 1681743250.0, 1681743251.0, 1681743252.0, 1681743253.0, 1681743254.0, 1681743255.0, 1681743256.0, 1681743257.0, 1681743258.0, 1681743259.0, 1681743260.0, 1681743261.0, 1681743262.0, 1681743263.0, 1681743264.0, 1681743265.0, 1681743266.0, 1681743267.0, 1681743268.0, 1681743269.0, 1681743270.0, 1681743271.0, 1681743272.0, 1681743273.0, 1681743274.0, 1681743275.0, 1681743276.0, 1681743277.0, 1681743278.0, 1681743279.0, 1681743280.0, 1681743281.0, 1681743282.0, 1681743283.0, 1681743284.0, 1681743285.0, 1681743286.0, 1681743287.0, 1681743288.0, 1681743289.0, 1681743290.0, 1681743291.0, 1681743292.0, 1681743293.0, 1681743294.0, 1681743295.0, 1681743296.0, 1681743297.0, 1681743298.0, 1681743299.0, 1681743300.0, 1681743301.0, 1681743302.0, 1681743303.0, 1681743304.0, 1681743305.0, 1681743306.0, 1681743307.0, 1681743308.0, 1681743309.0, 1681743310.0, 1681743311.0, 1681743312.0, 1681743313.0, 1681743314.0, 1681743315.0, 1681743316.0, 1681743317.0, 1681743318.0, 1681743319.0, 1681743320.0, 1681743321.0, 1681743322.0, 1681743323.0, 1681743324.0, 1681743325.0, 1681743326.0, 1681743327.0, 1681743328.0, 1681743329.0, 1681743330.0, 1681743331.0, 1681743332.0], "cpu_usage_rate": [0.39112036281403806, 0.3999319889504269, 0.40874361508681584, 0.41755524122320475, 0.4263668673595936, 0.43517849349598253, 0.44399011963237134, 0.4528017457687603, 0.4616133719051492, 0.47042499804153803, 0.47923662417792695, 0.48804825031431587, 0.49685987645070473, 0.5056715025870936, 0.5144831287234825, 0.5232947548598714, 0.5321063809962603, 0.5409180071326493, 0.549729633269038, 0.558541259405427, 0.5673528855418158, 0.5761645116782047, 0.5849761378145936, 0.5937877639509826, 0.6025993900873714, 0.6114110162237603, 0.6202226423601491, 0.6290342684965381, 0.637845894632927, 0.6466575207693158, 0.6066768833567334, 0.6146874149793723, 0.6226979466020112, 0.63070847822465, 0.638719009847289, 0.6467295414699278, 0.6547400730925668, 0.6627506047152056, 0.6707611363378445, 0.6787716679604834, 0.6867821995831223, 0.6947927312057611, 0.7028032628284001, 0.7108137944510389, 0.7188243260736779, 0.7268348576963167, 0.7348453893189556, 0.7428559209415945, 0.7508664525642335, 0.7588769841868722, 0.7668875158095112, 0.77489804743215, 0.7829085790547891, 0.7909191106774279, 0.7989296423000667, 0.8069401739227057, 0.8149507055453445, 0.8229612371679835, 0.8309717687906223, 0.8389823004132612, 0.8901410756177816, 0.8986262488365777, 0.9071114220553742, 0.9155965952741704, 0.9240817684929666, 0.9325669417117629, 0.9410521149305592, 0.9495372881493556, 0.958022461368152, 0.9665076345869482, 0.9749928078057445, 0.9834779810245406, 0.9919631542433369, 1.0004483274621332, 1.0089335006809297, 1.017418673899726, 1.0182207862555555, 1.0182207862555555, 1.0182207862555555, 1.0182207862555555, 1.0182207862555555, 1.0182207862555555, 1.0182207862555555, 1.0182207862555555, 1.0182207862555555, 1.0182207862555555, 1.0182207862555555, 1.0182207862555555, 1.0182207862555555, 1.0182207862555555, 1.109626300711111, 1.109626300711111, 1.109626300711111, 1.109626300711111, 1.109626300711111, 1.109626300711111, 1.109626300711111, 1.109626300711111, 1.109626300711111, 1.109626300711111, 1.109626300711111, 1.109626300711111, 1.109626300711111, 1.109626300711111, 1.109626300711111, 1.109626300711111, 1.109626300711111, 1.109626300711111, 1.109626300711111, 1.109626300711111], "time_cpu_usage_rate": [1681743223.0, 1681743224.0, 1681743225.0, 1681743226.0, 1681743227.0, 1681743228.0, 1681743229.0, 1681743230.0, 1681743231.0, 1681743232.0, 1681743233.0, 1681743234.0, 1681743235.0, 1681743236.0, 1681743237.0, 1681743238.0, 1681743239.0, 1681743240.0, 1681743241.0, 1681743242.0, 1681743243.0, 1681743244.0, 1681743245.0, 1681743246.0, 1681743247.0, 1681743248.0, 1681743249.0, 1681743250.0, 1681743251.0, 1681743252.0, 1681743253.0, 1681743254.0, 1681743255.0, 1681743256.0, 1681743257.0, 1681743258.0, 1681743259.0, 1681743260.0, 1681743261.0, 1681743262.0, 1681743263.0, 1681743264.0, 1681743265.0, 1681743266.0, 1681743267.0, 1681743268.0, 1681743269.0, 1681743270.0, 1681743271.0, 1681743272.0, 1681743273.0, 1681743274.0, 1681743275.0, 1681743276.0, 1681743277.0, 1681743278.0, 1681743279.0, 1681743280.0, 1681743281.0, 1681743282.0, 1681743283.0, 1681743284.0, 1681743285.0, 1681743286.0, 1681743287.0, 1681743288.0, 1681743289.0, 1681743290.0, 1681743291.0, 1681743292.0, 1681743293.0, 1681743294.0, 1681743295.0, 1681743296.0, 1681743297.0, 1681743298.0, 1681743299.0, 1681743300.0, 1681743301.0, 1681743302.0, 1681743303.0, 1681743304.0, 1681743305.0, 1681743306.0, 1681743307.0, 1681743308.0, 1681743309.0, 1681743310.0, 1681743311.0, 1681743312.0, 1681743313.0, 1681743314.0, 1681743315.0, 1681743316.0, 1681743317.0, 1681743318.0, 1681743319.0, 1681743320.0, 1681743321.0, 1681743322.0, 1681743323.0, 1681743324.0, 1681743325.0, 1681743326.0, 1681743327.0, 1681743328.0, 1681743329.0, 1681743330.0, 1681743331.0, 1681743332.0],