{"cpu_usage_count": [219.332688702, 219.332688702, 219.332688702, 219.332688702, 219.332688702, 219.332688702, 219.332688702, 219.332688702, 219.332688702, 219.332688702, 219.332688702, 219.332688702, 219.332688702, 219.332688702, 219.332688702, 219.332688702, 219.332688702, 219.332688702, 219.332688702, 219.332688702, 219.332688702, 219.332688702, 219.332688702, 219.332688702, 219.332688702, 219.332688702, 219.332688702, 219.332688702, 219.332688702, 219.332688702, 675.565799009, 675.565799009, 675.565799009, 675.565799009, 675.565799009, 675.565799009, 675.565799009, 675.565799009, 675.565799009, 675.565799009, 675.565799009, 675.565799009, 675.565799009, 675.565799009, 675.565799009, 675.565799009, 675.565799009, 675.565799009, 675.565799009, 675.565799009, 675.565799009, 675.565799009, 675.565799009, 675.565799009, 675.565799009, 675.565799009, 675.565799009, 675.565799009, 675.565799009, 675.565799009, 1148.57453083, 1148.57453083, 1148.57453083, 1148.57453083, 1148.57453083, 1148.57453083, 1148.57453083, 1148.57453083, 1148.57453083, 1148.57453083, 1148.57453083, 1148.57453083, 1148.57453083, 1148.57453083, 1148.57453083, 1148.57453083, 1148.57453083, 1148.57453083, 1148.57453083, 1148.57453083, 1148.57453083, 1148.57453083, 1148.57453083, 1148.57453083, 1148.57453083, 1148.57453083, 1148.57453083, 1148.57453083, 1148.57453083, 1148.57453083, 1679.869526473, 1679.869526473, 1679.869526473, 1679.869526473, 1679.869526473, 1679.869526473, 1679.869526473, 1679.869526473, 1679.869526473, 1679.869526473, 1679.869526473, 1679.869526473, 1679.869526473, 1679.869526473, 1679.869526473, 1679.869526473, 1679.869526473, 1679.869526473, 1679.869526473], "time_cpu_usage_count": [1681745173.0, 1681745174.0, 1681745175.0, 1681745176.0, 1681745177.0, 1681745178.0, 1681745179.0, 1681745180.0, 1681745181.0, 1681745182.0, 1681745183.0, 1681745184.0, 1681745185.0, 1681745186.0, 1681745187.0, 1681745188.0, 1681745189.0, 1681745190.0, 1681745191.0, 1681745192.0, 1681745193.0, 1681745194.0, 1681745195.0, 1681745196.0, 1681745197.0, 1681745198.0, 1681745199.0, 1681745200.0, 1681745201.0, 1681745202.0, 1681745203.0, 1681745204.0, 1681745205.0, 1681745206.0, 1681745207.0, 1681745208.0, 1681745209.0, 1681745210.0, 1681745211.0, 1681745212.0, 1681745213.0, 1681745214.0, 1681745215.0, 1681745216.0, 1681745217.0, 1681745218.0, 1681745219.0, 1681745220.0, 1681745221.0, 1681745222.0, 1681745223.0, 1681745224.0, 1681745225.0, 1681745226.0, 1681745227.0, 1681745228.0, 1681745229.0, 1681745230.0, 1681745231.0, 1681745232.0, 1681745233.0, 1681745234.0, 1681745235.0, 1681745236.0, 1681745237.0, 1681745238.0, 1681745239.0, 1681745240.0, 1681745241.0, 1681745242.0, 1681745243.0, 1681745244.0, 1681745245.0, 1681745246.0, 1681745247.0, 1681745248.0, 1681745249.0, 1681745250.0, 1681745251.0, 1681745252.0, 1681745253.0, 1681745254.0, 1681745255.0, 1681745256.0, 1681745257.0, 1681745258.0, 1681745259.0, 1681745260.0, 1681745261.0, 1681745262.0, 1681745263.0, 1681745264.0, 1681745265.0, 1681745266.0, 1681745267.0, 1681745268.0, 1681745269.0, 1681745270.0, 1681745271.0, 1681745272.0, 1681745273.0, 1681745274.0, 1681745275.0, 1681745276.0, 1681745277.0, 1681745278.0, 1681745279.0, 1681745280.0, 1681745281.0], "cpu_usage_rate": [5.744660389255123, 5.871391808784846, 5.998123228314568, 6.12485464784429, 6.251586067374012, 6.378317486903735, 6.505048906433457, 6.631780325963179, 6.758511745492901, 6.885243165022624, 7.011974584552346, 7.138706004082068, 7.26543742361179, 7.392168843141513, 7.518900262671235, 7.645631682200958, 7.772363101730679, 7.899094521260401, 8.025825940790122, 8.152557360319847, 8.27928877984957, 8.40602019937929, 8.532751618909012, 8.659483038438735, 8.786214457968457, 8.912945877498178, 9.0396772970279, 9.166408716557623, 9.293140136087345, 9.419871555617068, 9.688513083418066, 9.81757445038029, 9.946635817342512, 10.075697184304735, 10.204758551266956, 10.33381991822918, 10.4628812851914, 10.591942652153623, 10.721004019115844, 10.850065386078066, 10.979126753040289, 11.108188120002511, 11.237249486964734, 11.366310853926956, 11.495372220889179, 11.6244335878514, 11.753494954813624, 11.882556321775844, 12.011617688738067, 12.140679055700287, 12.269740422662514, 12.398801789624734, 12.527863156586957, 12.656924523549177, 12.7859858905114, 12.915047257473622, 13.044108624435843, 13.173169991398066, 13.30223135836029, 13.431292725322512, 14.121570768002618, 14.256805660388823, 14.392040552775027, 14.52727544516123, 14.662510337547435, 14.797745229933637, 14.93298012231984, 15.068215014706045, 15.20344990709225, 15.338684799478452, 15.473919691864657, 15.60915458425086, 15.744389476637062, 15.879624369023269, 16.014859261409473, 16.150094153795674, 16.228187086344445, 16.228187086344445, 16.228187086344445], "time_cpu_usage_rate": [1681745203.0, 1681745204.0, 1681745205.0, 1681745206.0, 1681745207.0, 1681745208.0, 1681745209.0, 1681745210.0, 1681745211.0, 1681745212.0, 1681745213.0, 1681745214.0, 1681745215.0, 1681745216.0, 1681745217.0, 1681745218.0, 1681745219.0, 1681745220.0, 1681745221.0, 1681745222.0, 1681745223.0, 1681745224.0, 1681745225.0, 1681745226.0, 1681745227.0, 1681745228.0, 1681745229.0, 1681745230.0, 1681745231.0, 1681745232.0, 1681745233.0, 1681745234.0, 1681745235.0, 1681745236.0, 1681745237.0, 1681745238.0, 1681745239.0, 1681745240.0, 1681745241.0, 1681745242.0, 1681745243.0, 1681745244.0, 1681745245.0, 1681745246.0, 1681745247.0, 1681745248.0, 1681745249.0, 1681745250.0, 1681745251.0, 1681745252.0, 1681745253.0, 1681745254.0, 1681745255.0, 1681745256.0, 1681745257.0, 1681745258.0, 1681745259.0, 1681745260.0, 1681745261.0, 1681745262.0, 1681745263.0, 1681745264.0, 1681745265.0, 1681745266.0, 1681745267.0, 1681745268.0, 1681745269.0, 1681745270.0, 1681745271.0, 1681745272.0, 1681745273.0, 1681745274.0, 1681745275.0, 1681745276.0, 1681745277.0, 1681745278.0, 1681745279.0, 1681745280.0, 1681745281.0], "cpu_throttled_count": [13.022764821, 13.022764821, 13.022764821, 13.022764821, 13.022764821, 13.022764821, 13.022764821, 13.022764821, 13.022764821, 13.022764821, 13.022764821, 13.022764821, 13.022764821, 13.022764821, 13.022764821, 13.022764821, 13.022764821, 13.022764821, 13.022764821, 13.022764821, 13.022764821, 13.022764821, 13.022764821, 13.022764821, 13.022764821, 13.022764821, 13.022764821, 13.022764821, 13.022764821, 13.022764821, 14.241361493, 14.241361493, 14.241361493, 14.241361493, 14.241361493, 14.241361493, 14.241361493, 14.241361493, 14.241361493, 14.241361493, 14.241361493, 14.241361493, 14.241361493, 14.241361493, 14.241361493, 14.241361493, 14.241361493, 14.241361493, 14.241361493, 14.241361493, 14.241361493, 14.241361493, 14.241361493, 14.241361493, 14.241361493, 14.241361493, 14.241361493, 14.241361493, 14.241361493, 14.241361493, 15.726147234, 15.726147234, 15.726147234, 15.726147234, 15.726147234, 15.726147234, 15.726147234, 15.726147234, 15.726147234, 15.726147234, 15.726147234, 15.726147234, 15.726147234, 15.726147234, 15.726147234, 15.726147234, 15.726147234, 15.726147234, 15.726147234, 15.726147234, 15.726147234, 15.726147234, 15.726147234, 15.726147234, 15.726147234, 15.726147234, 15.726147234, 15.726147234, 15.726147234, 15.726147234, 16.990162364, 16.990162364, 16.990162364, 16.990162364, 16.990162364, 16.990162364, 16.990162364, 16.990162364, 16.990162364, 16.990162364, 16.990162364, 16.990162364, 16.990162364, 16.990162364, 16.990162364, 16.990162364, 16.990162364, 16.990162364, 16.990162364],