{"cpu_usage_count": [229.832084524, 229.832084524, 229.832084524, 229.832084524, 229.832084524, 229.832084524, 229.832084524, 229.832084524, 229.832084524, 229.832084524, 229.832084524, 229.832084524, 229.832084524, 229.832084524, 229.832084524, 229.832084524, 229.832084524, 229.832084524, 229.832084524, 229.832084524, 229.832084524, 229.832084524, 229.832084524, 229.832084524, 229.832084524, 229.832084524, 229.832084524, 229.832084524, 229.832084524, 229.832084524, 1176.77536555, 1176.77536555, 1176.77536555, 1176.77536555, 1176.77536555, 1176.77536555, 1176.77536555, 1176.77536555, 1176.77536555, 1176.77536555, 1176.77536555, 1176.77536555, 1176.77536555, 1176.77536555, 1176.77536555, 1176.77536555, 1176.77536555, 1176.77536555, 1176.77536555, 1176.77536555, 1176.77536555, 1176.77536555, 1176.77536555, 1176.77536555, 1176.77536555, 1176.77536555, 1176.77536555, 1176.77536555, 1176.77536555, 1176.77536555, 2209.901245151, 2209.901245151, 2209.901245151, 2209.901245151, 2209.901245151, 2209.901245151, 2209.901245151, 2209.901245151, 2209.901245151, 2209.901245151, 2209.901245151, 2209.901245151, 2209.901245151, 2209.901245151, 2209.901245151, 2209.901245151, 2209.901245151, 2209.901245151, 2209.901245151, 2209.901245151, 2209.901245151, 2209.901245151, 2209.901245151, 2209.901245151, 2209.901245151, 2209.901245151, 2209.901245151, 2209.901245151, 2209.901245151, 2209.901245151, 3118.471194422, 3118.471194422, 3118.471194422, 3118.471194422, 3118.471194422, 3118.471194422, 3118.471194422, 3118.471194422, 3118.471194422, 3118.471194422, 3118.471194422, 3118.471194422, 3118.471194422, 3118.471194422, 3118.471194422, 3118.471194422, 3118.471194422, 3118.471194422, 3118.471194422, 3118.471194422], "time_cpu_usage_count": [1681756183.0, 1681756184.0, 1681756185.0, 1681756186.0, 1681756187.0, 1681756188.0, 1681756189.0, 1681756190.0, 1681756191.0, 1681756192.0, 1681756193.0, 1681756194.0, 1681756195.0, 1681756196.0, 1681756197.0, 1681756198.0, 1681756199.0, 1681756200.0, 1681756201.0, 1681756202.0, 1681756203.0, 1681756204.0, 1681756205.0, 1681756206.0, 1681756207.0, 1681756208.0, 1681756209.0, 1681756210.0, 1681756211.0, 1681756212.0, 1681756213.0, 1681756214.0, 1681756215.0, 1681756216.0, 1681756217.0, 1681756218.0, 1681756219.0, 1681756220.0, 1681756221.0, 1681756222.0, 1681756223.0, 1681756224.0, 1681756225.0, 1681756226.0, 1681756227.0, 1681756228.0, 1681756229.0, 1681756230.0, 1681756231.0, 1681756232.0, 1681756233.0, 1681756234.0, 1681756235.0, 1681756236.0, 1681756237.0, 1681756238.0, 1681756239.0, 1681756240.0, 1681756241.0, 1681756242.0, 1681756243.0, 1681756244.0, 1681756245.0, 1681756246.0, 1681756247.0, 1681756248.0, 1681756249.0, 1681756250.0, 1681756251.0, 1681756252.0, 1681756253.0, 1681756254.0, 1681756255.0, 1681756256.0, 1681756257.0, 1681756258.0, 1681756259.0, 1681756260.0, 1681756261.0, 1681756262.0, 1681756263.0, 1681756264.0, 1681756265.0, 1681756266.0, 1681756267.0, 1681756268.0, 1681756269.0, 1681756270.0, 1681756271.0, 1681756272.0, 1681756273.0, 1681756274.0, 1681756275.0, 1681756276.0, 1681756277.0, 1681756278.0, 1681756279.0, 1681756280.0, 1681756281.0, 1681756282.0, 1681756283.0, 1681756284.0, 1681756285.0, 1681756286.0, 1681756287.0, 1681756288.0, 1681756289.0, 1681756290.0, 1681756291.0, 1681756292.0], "cpu_usage_rate": [10.04503847844183, 10.30807827872683, 10.57111807901183, 10.83415787929683, 11.097197679581829, 11.360237479866829, 11.623277280151829, 11.886317080436829, 12.149356880721829, 12.412396681006829, 12.675436481291829, 12.938476281576829, 13.20151608186183, 13.46455588214683, 13.72759568243183, 13.990635482716831, 14.25367528300183, 14.516715083286831, 14.77975488357183, 15.04279468385683, 15.305834484141828, 15.56887428442683, 15.831914084711828, 16.094953884996826, 16.35799368528183, 16.62103348556683, 16.88407328585183, 17.147113086136827, 17.41015288642183, 17.67319268670683, 18.665277421909533, 18.940287027552177, 19.215296633194814, 19.49030623883745, 19.765315844480092, 20.04032545012273, 20.31533505576537, 20.590344661408004, 20.865354267050648, 21.140363872693285, 21.415373478335923, 21.690383083978563, 21.9653926896212, 22.24040229526384, 22.51541190090648, 22.79042150654912, 23.065431112191757, 23.340440717834394, 23.615450323477035, 23.890459929119675, 24.165469534762316, 24.44047914040495, 24.715488746047587, 24.99049835169023, 25.26550795733287, 25.540517562975506, 25.815527168618143, 26.090536774260787, 26.365546379903424, 26.64055598554606, 26.22985214543125, 26.497318729681062, 26.764785313930872, 27.032251898180693, 27.29971848243051, 27.56718506668032, 27.834651650930134, 28.102118235179947, 28.36958481942976, 28.637051403679582, 28.904517987929395, 29.17198457217921, 29.439451156429023, 29.706917740678836, 29.974384324928657, 30.24185090917847, 30.509317493428284, 30.776784077678098, 31.04425066192791, 31.311717246177725], "time_cpu_usage_rate": [1681756213.0, 1681756214.0, 1681756215.0, 1681756216.0, 1681756217.0, 1681756218.0, 1681756219.0, 1681756220.0, 1681756221.0, 1681756222.0, 1681756223.0, 1681756224.0, 1681756225.0, 1681756226.0, 1681756227.0, 1681756228.0, 1681756229.0, 1681756230.0, 1681756231.0, 1681756232.0, 1681756233.0, 1681756234.0, 1681756235.0, 1681756236.0, 1681756237.0, 1681756238.0, 1681756239.0, 1681756240.0, 1681756241.0, 1681756242.0, 1681756243.0, 1681756244.0, 1681756245.0, 1681756246.0, 1681756247.0, 1681756248.0, 1681756249.0, 1681756250.0, 1681756251.0, 1681756252.0, 1681756253.0, 1681756254.0, 1681756255.0, 1681756256.0, 1681756257.0, 1681756258.0, 1681756259.0, 1681756260.0, 1681756261.0, 1681756262.0, 1681756263.0, 1681756264.0, 1681756265.0, 1681756266.0, 1681756267.0, 1681756268.0, 1681756269.0, 1681756270.0, 1681756271.0, 1681756272.0, 1681756273.0, 1681756274.0, 1681756275.0, 1681756276.0, 1681756277.0, 1681756278.0, 1681756279.0, 1681756280.0, 1681756281.0, 1681756282.0, 1681756283.0, 1681756284.0, 1681756285.0, 1681756286.0, 1681756287.0, 1681756288.0, 1681756289.0, 1681756290.0, 1681756291.0, 1681756292.0], "cpu_throttled_count": [1.975186461, 1.975186461, 1.975186461, 1.975186461, 1.975186461, 1.975186461, 1.975186461, 1.975186461, 1.975186461, 1.975186461, 1.975186461, 1.975186461, 1.975186461, 1.975186461, 1.975186461, 1.975186461, 1.975186461, 1.975186461, 1.975186461, 1.975186461, 1.975186461, 1.975186461, 1.975186461, 1.975186461, 1.975186461, 1.975186461, 1.975186461, 1.975186461, 1.975186461, 1.975186461, 4.182532401, 4.182532401, 4.182532401, 4.182532401, 4.182532401, 4.182532401, 4.182532401, 4.182532401, 4.182532401, 4.182532401, 4.182532401, 4.182532401, 4.182532401, 4.182532401, 4.182532401, 4.182532401, 4.182532401, 4.182532401, 4.182532401, 4.182532401, 4.182532401, 4.182532401, 4.182532401, 4.182532401, 4.182532401, 4.182532401, 4.182532401, 4.182532401, 4.182532401, 4.182532401, 6.313815988, 6.313815988, 6.313815988, 6.313815988, 6.313815988, 6.313815988, 6.313815988, 6.313815988, 6.313815988, 6.313815988, 6.313815988, 6.313815988, 6.313815988, 6.313815988, 6.313815988, 6.313815988, 6.313815988, 6.313815988, 6.313815988, 6.313815988, 6.313815988, 6.313815988, 6.313815988, 6.313815988, 6.313815988, 6.313815988, 6.313815988, 6.313815988, 6.313815988, 6.313815988, 8.869092486, 8.869092486, 8.869092486, 8.869092486, 8.869092486, 8.869092486, 8.869092486, 8.869092486, 8.869092486, 8.869092486, 8.869092486, 8.869092486, 8.869092486, 8.869092486, 8.869092486, 8.869092486, 8.869092486, 8.869092486, 8.869092486, 8.869092486],