{"cpu_usage_count": [102.761173518, 102.761173518, 102.761173518, 102.761173518, 102.761173518, 102.761173518, 102.761173518, 102.761173518, 102.761173518, 102.761173518, 102.761173518, 102.761173518, 102.761173518, 102.761173518, 102.761173518, 102.761173518, 102.761173518, 102.761173518, 102.761173518, 102.761173518, 102.761173518, 102.761173518, 102.761173518, 102.761173518, 102.761173518, 102.761173518, 102.761173518, 102.761173518, 102.761173518, 102.761173518, 487.208712104, 487.208712104, 487.208712104, 487.208712104, 487.208712104, 487.208712104, 487.208712104, 487.208712104, 487.208712104, 487.208712104, 487.208712104, 487.208712104, 487.208712104, 487.208712104, 487.208712104, 487.208712104, 487.208712104, 487.208712104, 487.208712104, 487.208712104, 487.208712104, 487.208712104, 487.208712104, 487.208712104, 487.208712104, 487.208712104, 487.208712104, 487.208712104, 487.208712104, 487.208712104, 864.507646209, 864.507646209, 864.507646209, 864.507646209, 864.507646209, 864.507646209, 864.507646209, 864.507646209, 864.507646209, 864.507646209, 864.507646209, 864.507646209, 864.507646209, 864.507646209, 864.507646209, 864.507646209, 864.507646209, 864.507646209, 864.507646209, 864.507646209, 864.507646209, 864.507646209, 864.507646209, 864.507646209, 864.507646209, 864.507646209, 864.507646209, 864.507646209, 864.507646209, 864.507646209], "time_cpu_usage_count": [1681761313.0, 1681761314.0, 1681761315.0, 1681761316.0, 1681761317.0, 1681761318.0, 1681761319.0, 1681761320.0, 1681761321.0, 1681761322.0, 1681761323.0, 1681761324.0, 1681761325.0, 1681761326.0, 1681761327.0, 1681761328.0, 1681761329.0, 1681761330.0, 1681761331.0, 1681761332.0, 1681761333.0, 1681761334.0, 1681761335.0, 1681761336.0, 1681761337.0, 1681761338.0, 1681761339.0, 1681761340.0, 1681761341.0, 1681761342.0, 1681761343.0, 1681761344.0, 1681761345.0, 1681761346.0, 1681761347.0, 1681761348.0, 1681761349.0, 1681761350.0, 1681761351.0, 1681761352.0, 1681761353.0, 1681761354.0, 1681761355.0, 1681761356.0, 1681761357.0, 1681761358.0, 1681761359.0, 1681761360.0, 1681761361.0, 1681761362.0, 1681761363.0, 1681761364.0, 1681761365.0, 1681761366.0, 1681761367.0, 1681761368.0, 1681761369.0, 1681761370.0, 1681761371.0, 1681761372.0, 1681761373.0, 1681761374.0, 1681761375.0, 1681761376.0, 1681761377.0, 1681761378.0, 1681761379.0, 1681761380.0, 1681761381.0, 1681761382.0, 1681761383.0, 1681761384.0, 1681761385.0, 1681761386.0, 1681761387.0, 1681761388.0, 1681761389.0, 1681761390.0, 1681761391.0, 1681761392.0, 1681761393.0, 1681761394.0, 1681761395.0, 1681761396.0, 1681761397.0, 1681761398.0, 1681761399.0, 1681761400.0, 1681761401.0, 1681761402.0], "cpu_usage_rate": [4.15693202239375, 4.263723005334305, 4.370513988274862, 4.477304971215417, 4.5840959541559725, 4.690886937096527, 4.797677920037084, 4.904468902977639, 5.011259885918195, 5.11805086885875, 5.224841851799306, 5.331632834739861, 5.438423817680417, 5.545214800620973, 5.6520057835615285, 5.758796766502084, 5.865587749442639, 5.972378732383195, 6.07916971532375, 6.185960698264306, 6.292751681204861, 6.399542664145416, 6.506333647085972, 6.613124630026528, 6.719915612967084, 6.8267065959076385, 6.933497578848194, 7.04028856178875, 7.147079544729306, 7.253870527669862, 7.300189281009824, 7.4059874022169065, 7.511785523423991, 7.617583644631074, 7.723381765838157, 7.82917988704524, 7.934978008252324, 8.040776129459408, 8.146574250666491, 8.252372371873573, 8.358170493080657, 8.46396861428774, 8.569766735494824, 8.675564856701907, 8.78136297790899, 8.887161099116074, 8.992959220323156, 9.098757341530241, 9.204555462737323, 9.310353583944408, 9.41615170515149, 9.521949826358574, 9.627747947565657, 9.73354606877274, 9.839344189979823, 9.945142311186908, 10.05094043239399, 10.156738553601075, 10.262536674808159, 10.36833479601524, 10.474132917222324, 10.579931038429407, 10.685729159636491, 8.79120220318125, 8.79120220318125, 8.79120220318125, 8.79120220318125, 8.79120220318125, 8.79120220318125, 8.79120220318125, 8.79120220318125, 8.79120220318125, 8.79120220318125, 8.79120220318125, 8.79120220318125, 8.79120220318125, 8.79120220318125, 8.79120220318125, 8.79120220318125, 8.79120220318125, 8.79120220318125, 8.791083285460177, 8.685285164253091, 8.57948704304601, 8.473688921838926], "time_cpu_usage_rate": [1681761343.0, 1681761344.0, 1681761345.0, 1681761346.0, 1681761347.0, 1681761348.0, 1681761349.0, 1681761350.0, 1681761351.0, 1681761352.0, 1681761353.0, 1681761354.0, 1681761355.0, 1681761356.0, 1681761357.0, 1681761358.0, 1681761359.0, 1681761360.0, 1681761361.0, 1681761362.0, 1681761363.0, 1681761364.0, 1681761365.0, 1681761366.0, 1681761367.0, 1681761368.0, 1681761369.0, 1681761370.0, 1681761371.0, 1681761372.0, 1681761373.0, 1681761374.0, 1681761375.0, 1681761376.0, 1681761377.0, 1681761378.0, 1681761379.0, 1681761380.0, 1681761381.0, 1681761382.0, 1681761383.0, 1681761384.0, 1681761385.0, 1681761386.0, 1681761387.0, 1681761388.0, 1681761389.0, 1681761390.0, 1681761391.0, 1681761392.0, 1681761393.0, 1681761394.0, 1681761395.0, 1681761396.0, 1681761397.0, 1681761398.0, 1681761399.0, 1681761400.0, 1681761401.0, 1681761402.0, 1681761403.0, 1681761404.0, 1681761405.0, 1681761406.0, 1681761407.0, 1681761408.0, 1681761409.0, 1681761410.0, 1681761411.0, 1681761412.0, 1681761413.0, 1681761414.0, 1681761415.0, 1681761416.0, 1681761417.0, 1681761418.0, 1681761419.0, 1681761420.0, 1681761421.0, 1681761422.0, 1681761423.0, 1681761424.0, 1681761425.0, 1681761426.0, 1681761427.0], "cpu_throttled_count": [10.213065975, 10.213065975, 10.213065975, 10.213065975, 10.213065975, 10.213065975, 10.213065975, 10.213065975, 10.213065975, 10.213065975, 10.213065975, 10.213065975, 10.213065975, 10.213065975, 10.213065975, 10.213065975, 10.213065975, 10.213065975, 10.213065975, 10.213065975, 10.213065975, 10.213065975, 10.213065975, 10.213065975, 10.213065975, 10.213065975, 10.213065975, 10.213065975, 10.213065975, 10.213065975, 11.104436087, 11.104436087, 11.104436087, 11.104436087, 11.104436087, 11.104436087, 11.104436087, 11.104436087, 11.104436087, 11.104436087, 11.104436087, 11.104436087, 11.104436087, 11.104436087, 11.104436087, 11.104436087, 11.104436087, 11.104436087, 11.104436087, 11.104436087, 11.104436087, 11.104436087, 11.104436087, 11.104436087, 11.104436087, 11.104436087, 11.104436087, 11.104436087, 11.104436087, 11.104436087, 11.931882015, 11.931882015, 11.931882015, 11.931882015, 11.931882015, 11.931882015, 11.931882015, 11.931882015, 11.931882015, 11.931882015, 11.931882015, 11.931882015, 11.931882015, 11.931882015, 11.931882015, 11.931882015, 11.931882015, 11.931882015, 11.931882015, 11.931882015, 11.931882015, 11.931882015, 11.931882015, 11.931882015, 11.931882015, 11.931882015, 11.931882015, 11.931882015, 11.931882015, 11.931882015],