{"cpu_usage_count": [0.165988425, 0.165988425, 0.165988425, 0.165988425, 0.165988425, 0.165988425, 0.165988425, 0.165988425, 0.165988425, 0.165988425, 0.165988425, 0.165988425, 0.165988425, 0.165988425, 0.165988425, 0.165988425, 0.165988425, 0.165988425, 0.165988425, 0.165988425, 0.165988425, 0.165988425, 0.165988425, 0.165988425, 0.165988425, 0.165988425, 0.165988425, 0.165988425, 0.165988425, 0.165988425, 551.074349229, 551.074349229, 551.074349229, 551.074349229, 551.074349229, 551.074349229, 551.074349229, 551.074349229, 551.074349229, 551.074349229, 551.074349229, 551.074349229, 551.074349229, 551.074349229, 551.074349229, 551.074349229, 551.074349229, 551.074349229, 551.074349229, 551.074349229, 551.074349229, 551.074349229, 551.074349229, 551.074349229, 551.074349229, 551.074349229, 551.074349229, 551.074349229, 551.074349229, 551.074349229], "time_cpu_usage_count": [1681761553.0, 1681761554.0, 1681761555.0, 1681761556.0, 1681761557.0, 1681761558.0, 1681761559.0, 1681761560.0, 1681761561.0, 1681761562.0, 1681761563.0, 1681761564.0, 1681761565.0, 1681761566.0, 1681761567.0, 1681761568.0, 1681761569.0, 1681761570.0, 1681761571.0, 1681761572.0, 1681761573.0, 1681761574.0, 1681761575.0, 1681761576.0, 1681761577.0, 1681761578.0, 1681761579.0, 1681761580.0, 1681761581.0, 1681761582.0, 1681761583.0, 1681761584.0, 1681761585.0, 1681761586.0, 1681761587.0, 1681761588.0, 1681761589.0, 1681761590.0, 1681761591.0, 1681761592.0, 1681761593.0, 1681761594.0, 1681761595.0, 1681761596.0, 1681761597.0, 1681761598.0, 1681761599.0, 1681761600.0, 1681761601.0, 1681761602.0, 1681761603.0, 1681761604.0, 1681761605.0, 1681761606.0, 1681761607.0, 1681761608.0, 1681761609.0, 1681761610.0, 1681761611.0, 1681761612.0], "cpu_usage_rate": [4.731084544477563, 4.884114644700896, 5.0371447449242295, 5.190174845147562, 5.343204945370896, 5.49623504559423, 5.649265145817562, 5.802295246040896, 5.955325346264229, 6.108355446487563, 6.261385546710896, 6.41441564693423, 6.567445747157562, 6.720475847380896, 6.873505947604229, 7.0265360478275625, 7.179566148050895, 7.332596248274229, 7.485626348497561, 7.638656448720895, 7.791686548944229, 7.944716649167562, 8.097746749390897, 8.25077684961423, 8.403806949837563, 8.556837050060896, 8.709867150284229, 8.862897250507562, 9.015927350730895, 9.168957450954228, 9.321987551177562, 9.475017651400895, 9.628047751624226, 6.887737746924998, 6.887737746924998, 6.887737746924998, 6.887737746924998, 6.887737746924998, 6.887737746924998, 6.887737746924998, 6.887737746924998, 6.887737746924998, 6.887737746924998, 6.887737746924998, 6.887737746924998, 6.887737746924998, 6.887737746924998, 6.887737746924998, 6.887737746924998, 6.887737746924998, 6.887737746924998, 6.887737746924998, 6.887737746924998, 6.887737746924998, 6.887737746924998, 6.887737746924998, 6.887737746924998, 6.887737746924998, 6.887737746924998, 6.887737746924998, 6.887737746924998, 6.887737746924998, 6.887737746924998, 6.887737746924998, 6.887737746924998, 6.887737746924998, 6.887737746924998, 6.887737746924998, 6.887737746924998, 6.887737746924998, 6.887737746924998, 6.887737746924998, 6.887737746924998, 6.887737746924998, 6.887737746924998, 6.887737746924998, 6.887737746924998, 6.887737746924998, 6.887737746924998, 6.887737746924998, 6.887737746924998, 6.887737746924998, 6.887737746924998, 6.887737746924998, 6.887737746924998, 6.887737746924998, 6.887737746924998, 6.887737746924998, 6.887737746924998, 6.887737746924998], "time_cpu_usage_rate": [1681761583.0, 1681761584.0, 1681761585.0, 1681761586.0, 1681761587.0, 1681761588.0, 1681761589.0, 1681761590.0, 1681761591.0, 1681761592.0, 1681761593.0, 1681761594.0, 1681761595.0, 1681761596.0, 1681761597.0, 1681761598.0, 1681761599.0, 1681761600.0, 1681761601.0, 1681761602.0, 1681761603.0, 1681761604.0, 1681761605.0, 1681761606.0, 1681761607.0, 1681761608.0, 1681761609.0, 1681761610.0, 1681761611.0, 1681761612.0, 1681761613.0, 1681761614.0, 1681761615.0, 1681761616.0, 1681761617.0, 1681761618.0, 1681761619.0, 1681761620.0, 1681761621.0, 1681761622.0, 1681761623.0, 1681761624.0, 1681761625.0, 1681761626.0, 1681761627.0, 1681761628.0, 1681761629.0, 1681761630.0, 1681761631.0, 1681761632.0, 1681761633.0, 1681761634.0, 1681761635.0, 1681761636.0, 1681761637.0, 1681761638.0, 1681761639.0, 1681761640.0, 1681761641.0, 1681761642.0, 1681761643.0, 1681761644.0, 1681761645.0, 1681761646.0, 1681761647.0, 1681761648.0, 1681761649.0, 1681761650.0, 1681761651.0, 1681761652.0, 1681761653.0, 1681761654.0, 1681761655.0, 1681761656.0, 1681761657.0, 1681761658.0, 1681761659.0, 1681761660.0, 1681761661.0, 1681761662.0, 1681761663.0, 1681761664.0, 1681761665.0, 1681761666.0, 1681761667.0, 1681761668.0, 1681761669.0, 1681761670.0, 1681761671.0, 1681761672.0], "cpu_throttled_count": [0.0, 0.0, 0.0, 0.0, 0.0, 0.0, 0.0, 0.0, 0.0, 0.0, 0.0, 0.0, 0.0, 0.0, 0.0, 0.0, 0.0, 0.0, 0.0, 0.0, 0.0, 0.0, 0.0, 0.0, 0.0, 0.0, 0.0, 0.0, 0.0, 0.0, 3.788530228, 3.788530228, 3.788530228, 3.788530228, 3.788530228, 3.788530228, 3.788530228, 3.788530228, 3.788530228, 3.788530228, 3.788530228, 3.788530228, 3.788530228, 3.788530228, 3.788530228, 3.788530228, 3.788530228, 3.788530228, 3.788530228, 3.788530228, 3.788530228, 3.788530228, 3.788530228, 3.788530228, 3.788530228, 3.788530228, 3.788530228, 3.788530228, 3.788530228, 3.788530228], "time_cpu_throttled_count": [1681761553.0, 1681761554.0, 1681761555.0, 1681761556.0, 1681761557.0, 1681761558.0, 1681761559.0, 1681761560.0, 1681761561.0, 1681761562.0, 1681761563.0, 1681761564.0, 1681761565.0, 1681761566.0, 1681761567.0, 1681761568.0, 1681761569.0, 1681761570.0, 1681761571.0, 1681761572.0, 1681761573.0, 1681761574.0, 1681761575.0, 1681761576.0, 1681761577.0, 1681761578.0, 1681761579.0, 1681761580.0, 1681761581.0, 1681761582.0, 1681761583.0, 1681761584.0, 1681761585.0, 1681761586.0, 1681761587.0, 1681761588.0, 1681761589.0, 1681761590.0, 1681761591.0, 1681761592.0, 1681761593.0, 1681761594.0, 1681761595.0, 1681761596.0, 1681761597.0, 1681761598.0, 1681761599.0, 1681761600.0, 1681761601.0, 1681761602.0, 1681761603.0, 1681761604.0, 1681761605.0, 1681761606.0, 1681761607.0, 1681761608.0, 1681761609.0, 1681761610.0, 1681761611.0, 1681761612.0],