{"cpu_usage_count": [0.071279976, 0.071279976, 0.071279976, 0.071279976, 0.071279976, 0.071279976, 0.071279976, 0.071279976, 0.071279976, 0.071279976, 0.071279976, 0.071279976, 0.071279976, 0.071279976, 0.071279976, 0.071279976, 0.071279976, 0.071279976, 0.071279976, 0.071279976, 0.071279976, 0.071279976, 0.071279976, 0.071279976, 0.071279976, 0.071279976, 0.071279976, 0.071279976, 0.071279976, 0.071279976, 743.142473044, 743.142473044, 743.142473044, 743.142473044, 743.142473044, 743.142473044, 743.142473044, 743.142473044, 743.142473044, 743.142473044, 743.142473044, 743.142473044, 743.142473044, 743.142473044, 743.142473044, 743.142473044, 743.142473044, 743.142473044, 743.142473044, 743.142473044, 743.142473044, 743.142473044, 743.142473044, 743.142473044, 743.142473044, 743.142473044, 743.142473044, 743.142473044, 743.142473044, 743.142473044, 1245.945967092, 1245.945967092, 1245.945967092, 1245.945967092, 1245.945967092, 1245.945967092, 1245.945967092, 1245.945967092, 1245.945967092, 1245.945967092, 1245.945967092, 1245.945967092, 1245.945967092, 1245.945967092, 1245.945967092, 1245.945967092, 1245.945967092, 1245.945967092, 1245.945967092], "time_cpu_usage_count": [1681761763.0, 1681761764.0, 1681761765.0, 1681761766.0, 1681761767.0, 1681761768.0, 1681761769.0, 1681761770.0, 1681761771.0, 1681761772.0, 1681761773.0, 1681761774.0, 1681761775.0, 1681761776.0, 1681761777.0, 1681761778.0, 1681761779.0, 1681761780.0, 1681761781.0, 1681761782.0, 1681761783.0, 1681761784.0, 1681761785.0, 1681761786.0, 1681761787.0, 1681761788.0, 1681761789.0, 1681761790.0, 1681761791.0, 1681761792.0, 1681761793.0, 1681761794.0, 1681761795.0, 1681761796.0, 1681761797.0, 1681761798.0, 1681761799.0, 1681761800.0, 1681761801.0, 1681761802.0, 1681761803.0, 1681761804.0, 1681761805.0, 1681761806.0, 1681761807.0, 1681761808.0, 1681761809.0, 1681761810.0, 1681761811.0, 1681761812.0, 1681761813.0, 1681761814.0, 1681761815.0, 1681761816.0, 1681761817.0, 1681761818.0, 1681761819.0, 1681761820.0, 1681761821.0, 1681761822.0, 1681761823.0, 1681761824.0, 1681761825.0, 1681761826.0, 1681761827.0, 1681761828.0, 1681761829.0, 1681761830.0, 1681761831.0, 1681761832.0, 1681761833.0, 1681761834.0, 1681761835.0, 1681761836.0, 1681761837.0, 1681761838.0, 1681761839.0, 1681761840.0, 1681761841.0], "cpu_usage_rate": [6.380066600953522, 6.586475265694632, 6.792883930435743, 6.999292595176854, 7.205701259917965, 7.412109924659076, 7.618518589400187, 7.824927254141298, 8.03133591888241, 8.23774458362352, 8.444153248364632, 8.650561913105744, 8.856970577846853, 9.063379242587965, 9.269787907329077, 9.476196572070188, 9.682605236811298, 9.88901390155241, 10.09542256629352, 10.301831231034633, 10.508239895775743, 10.714648560516855, 10.921057225257965, 11.127465889999076, 11.333874554740188, 11.540283219481298, 11.74669188422241, 11.953100548963521, 12.159509213704633, 12.365917878445742, 10.53982866204642, 10.712866813034752, 10.885904964023085, 11.05894311501142, 11.231981265999753, 11.405019416988084, 11.57805756797642, 11.751095718964752, 11.924133869953085, 12.097172020941418, 12.270210171929753, 12.443248322918086, 12.616286473906419, 12.789324624894752, 12.962362775883086, 13.13540092687142, 13.308439077859752, 13.481477228848085, 13.65451537983642], "time_cpu_usage_rate": [1681761793.0, 1681761794.0, 1681761795.0, 1681761796.0, 1681761797.0, 1681761798.0, 1681761799.0, 1681761800.0, 1681761801.0, 1681761802.0, 1681761803.0, 1681761804.0, 1681761805.0, 1681761806.0, 1681761807.0, 1681761808.0, 1681761809.0, 1681761810.0, 1681761811.0, 1681761812.0, 1681761813.0, 1681761814.0, 1681761815.0, 1681761816.0, 1681761817.0, 1681761818.0, 1681761819.0, 1681761820.0, 1681761821.0, 1681761822.0, 1681761823.0, 1681761824.0, 1681761825.0, 1681761826.0, 1681761827.0, 1681761828.0, 1681761829.0, 1681761830.0, 1681761831.0, 1681761832.0, 1681761833.0, 1681761834.0, 1681761835.0, 1681761836.0, 1681761837.0, 1681761838.0, 1681761839.0, 1681761840.0, 1681761841.0], "cpu_throttled_count": [0.0, 0.0, 0.0, 0.0, 0.0, 0.0, 0.0, 0.0, 0.0, 0.0, 0.0, 0.0, 0.0, 0.0, 0.0, 0.0, 0.0, 0.0, 0.0, 0.0, 0.0, 0.0, 0.0, 0.0, 0.0, 0.0, 0.0, 0.0, 0.0, 0.0, 4.19582331, 4.19582331, 4.19582331, 4.19582331, 4.19582331, 4.19582331, 4.19582331, 4.19582331, 4.19582331, 4.19582331, 4.19582331, 4.19582331, 4.19582331, 4.19582331, 4.19582331, 4.19582331, 4.19582331, 4.19582331, 4.19582331, 4.19582331, 4.19582331, 4.19582331, 4.19582331, 4.19582331, 4.19582331, 4.19582331, 4.19582331, 4.19582331, 4.19582331, 4.19582331, 5.304419547, 5.304419547, 5.304419547, 5.304419547, 5.304419547, 5.304419547, 5.304419547, 5.304419547, 5.304419547, 5.304419547, 5.304419547, 5.304419547, 5.304419547, 5.304419547, 5.304419547, 5.304419547, 5.304419547, 5.304419547, 5.304419547], "time_cpu_throttled_count": [1681761763.0, 1681761764.0, 1681761765.0, 1681761766.0, 1681761767.0, 1681761768.0, 1681761769.0, 1681761770.0, 1681761771.0, 1681761772.0, 1681761773.0, 1681761774.0, 1681761775.0, 1681761776.0, 1681761777.0, 1681761778.0, 1681761779.0, 1681761780.0, 1681761781.0, 1681761782.0, 1681761783.0, 1681761784.0, 1681761785.0, 1681761786.0, 1681761787.0, 1681761788.0, 1681761789.0, 1681761790.0, 1681761791.0, 1681761792.0, 1681761793.0, 1681761794.0, 1681761795.0, 1681761796.0, 1681761797.0, 1681761798.0, 1681761799.0, 1681761800.0, 1681761801.0, 1681761802.0, 1681761803.0, 1681761804.0, 1681761805.0, 1681761806.0, 1681761807.0, 1681761808.0, 1681761809.0, 1681761810.0, 1681761811.0, 1681761812.0, 1681761813.0, 1681761814.0, 1681761815.0, 1681761816.0, 1681761817.0, 1681761818.0, 1681761819.0, 1681761820.0, 1681761821.0, 1681761822.0, 1681761823.0, 1681761824.0, 1681761825.0, 1681761826.0, 1681761827.0, 1681761828.0, 1681761829.0, 1681761830.0, 1681761831.0, 1681761832.0, 1681761833.0, 1681761834.0, 1681761835.0, 1681761836.0, 1681761837.0, 1681761838.0, 1681761839.0, 1681761840.0, 1681761841.0], "cpu_throttled_rate": [0.036022308622824996, 0.037187815097825, 0.038353321572825, 0.03951882804782499, 0.040684334522825, 0.04184984099782499, 0.043015347472825, 0.04418085394782499, 0.045346360422825, 0.04651186689782499, 0.047677373372824995, 0.04884287984782499, 0.050008386322825, 0.05117389279782499, 0.05233939927282499, 0.05350490574782499, 0.05467041222282499, 0.055835918697825, 0.05700142517282499, 0.058166931647825, 0.05933243812282499, 0.060497944597824996, 0.06166345107282499, 0.062828957547825, 0.06399446402282499, 0.065159970497825, 0.066325476972825, 0.06749098344782499, 0.06865648992282498, 0.06982199639782499, 0.04487170574293458, 0.045608430680017915, 0.04634515561710125, 0.04708188055418459, 0.047818605491267915, 0.04855533042835125, 0.04929205536543458, 0.050028780302517915, 0.05076550523960125, 0.05150223017668458, 0.05223895511376791, 0.05297568005085126, 0.05371240498793459, 0.054449129925017915, 0.055185854862101244, 0.05592257979918459, 0.056659304736267915, 0.057396029673351244, 0.05813275461043459], "time_cpu_throttled_rate": [1681761793.0, 1681761794.0, 1681761795.0, 1681761796.0, 1681761797.0, 1681761798.0, 1681761799.0, 1681761800.0, 1681761801.0, 1681761802.0, 1681761803.0, 1681761804.0, 1681761805.0, 1681761806.0, 1681761807.0, 1681761808.0, 1681761809.0, 1681761810.0, 1681761811.0, 1681761812.0, 1681761813.0, 1681761814.0, 1681761815.0, 1681761816.0, 1681761817.0, 1681761818.0, 1681761819.0, 1681761820.0, 1681761821.0, 1681761822.0, 1681761823.0, 1681761824.0, 1681761825.0, 1681761826.0, 1681761827.0, 1681761828.0, 1681761829.0, 1681761830.0, 1681761831.0, 1681761832.0, 1681761833.0, 1681761834.0, 1681761835.0, 1681761836.0, 1681761837.0, 1681761838.0, 1681761839.0, 1681761840.0, 1681761841.0],