{"cpu_usage_count": [11.977116778, 11.977116778, 11.977116778, 11.977116778, 11.977116778, 11.977116778, 11.977116778, 11.977116778, 11.977116778, 11.977116778, 11.977116778, 11.977116778, 11.977116778, 11.977116778, 11.977116778, 11.977116778, 11.977116778, 11.977116778, 11.977116778, 11.977116778, 11.977116778, 11.977116778, 11.977116778, 11.977116778, 11.977116778, 11.977116778, 11.977116778, 11.977116778, 11.977116778], "time_cpu_usage_count": [1681781023.0, 1681781024.0, 1681781025.0, 1681781026.0, 1681781027.0, 1681781028.0, 1681781029.0, 1681781030.0, 1681781031.0, 1681781032.0, 1681781033.0, 1681781034.0, 1681781035.0, 1681781036.0, 1681781037.0, 1681781038.0, 1681781039.0, 1681781040.0, 1681781041.0, 1681781042.0, 1681781043.0, 1681781044.0, 1681781045.0, 1681781046.0, 1681781047.0, 1681781048.0, 1681781049.0, 1681781050.0, 1681781051.0], "cpu_usage_rate": [0.6177478260344323, 0.6327597366199879, 0.6477716472055435, 0.662783557791099, 0.6777954683766546, 0.69280737896221, 0.7078192895477657, 0.7228312001333211, 0.7378431107188769, 0.7528550213044323, 0.7678669318899879, 0.7828788424755434, 0.797890753061099, 0.8129026636466545, 0.8279145742322102, 0.8429264848177657, 0.8579383954033213, 0.8729503059888768, 0.8879622165744324, 0.9029741271599878, 0.9179860377455434, 0.9329979483310991, 0.9480098589166546, 0.9630217695022101, 0.9780336800877657, 0.9930455906733212, 1.0080575012588768, 1.0230694118444323, 1.0380813224299879, 1.0530932330155436, 0.896396950041354, 0.9085896741038542, 0.9207823981663541, 0.932975122228854, 0.9451678462913542, 0.9573605703538541, 0.9695532944163541, 0.981746018478854, 0.9939387425413542, 1.006131466603854, 1.018324190666354, 1.030516914728854, 1.0427096387913541, 1.054902362853854, 1.067095086916354, 1.079287810978854, 1.091480535041354, 1.103673259103854, 1.115865983166354, 1.128058707228854, 1.140251431291354, 1.152444155353854, 1.164636879416354, 1.1768296034788541, 1.189022327541354, 1.201215051603854, 1.213407775666354, 1.225600499728854, 1.237793223791354, 1.249985947853854, 1.4288428624911975, 1.4428689348170307, 1.4568950071428641, 1.4709210794686973, 1.484947151794531, 1.498973224120364, 1.5129992964461974, 1.5270253687720305, 1.541051441097864, 1.5550775134236972, 1.5691035857495308, 1.5831296580753642, 1.5971557304011974, 1.6111818027270308, 1.625207875052864, 1.6392339473786977, 1.6532600197045306, 1.667286092030364, 1.6813121643561972, 1.6831286791, 1.6831286791, 1.6831286791, 1.6831286791, 1.6831286791, 1.6831286791, 1.6831286791, 1.6831286791, 1.6831286791, 1.6831286791, 1.6831286791, 1.951555267744444, 1.951555267744444, 1.951555267744444, 1.951555267744444, 1.951555267744444, 1.951555267744444, 1.951555267744444, 1.951555267744444, 1.951555267744444, 1.951555267744444, 1.951555267744444, 1.951555267744444, 1.951555267744444, 1.951555267744444, 1.951555267744444, 1.951555267744444, 1.951555267744444, 1.951555267744444, 1.951555267744444, 1.951555267744444, 1.951555267744444, 1.951555267744444, 1.951555267744444, 1.951555267744444, 1.951555267744444, 1.951555267744444, 1.951555267744444, 1.951555267744444, 1.951555267744444, 1.951555267744444, 1.8913126388555555, 1.8913126388555555, 1.8913126388555555, 1.8913126388555555, 1.8913126388555555, 1.8913126388555555, 1.8913126388555555, 1.8913126388555555, 1.8913126388555555, 1.8913126388555555, 1.8913126388555555, 1.8913126388555555, 1.8913126388555555, 1.8913126388555555, 1.8913126388555555, 1.8913126388555555, 1.8913126388555555, 1.8913126388555555, 1.8913126388555555, 1.8913126388555555, 1.8913126388555555, 1.8913126388555555, 1.8913126388555555, 1.8913126388555555, 1.8913126388555555, 1.8913126388555555, 1.8913126388555555, 1.8913126388555555, 1.8913126388555555, 1.8913126388555555, 1.775402827133333, 1.775402827133333, 1.775402827133333, 1.4956733166949168, 1.4808782931354725, 1.4660832695760282, 1.451288246016584, 1.4364932224571392, 1.4216981988976947, 1.4069031753382504, 1.392108151778806, 1.3773131282193616, 1.3625181046599169, 1.3477230811004726, 1.3329280575410283, 1.3181330339815838, 1.3033380104221393, 1.2885429868626948, 1.2737479633032502, 1.258952939743806, 1.2441579161843614, 1.2293628926249172, 1.2145678690654726, 1.1997728455060281, 1.1849778219465839, 1.1701827983871393, 1.1553877748276948, 1.1405927512682503, 1.125797727708806], "time_cpu_usage_rate": [1681780873.0, 1681780874.0, 1681780875.0, 1681780876.0, 1681780877.0, 1681780878.0, 1681780879.0, 1681780880.0, 1681780881.0, 1681780882.0, 1681780883.0, 1681780884.0, 1681780885.0, 1681780886.0, 1681780887.0, 1681780888.0, 1681780889.0, 1681780890.0, 1681780891.0, 1681780892.0, 1681780893.0, 1681780894.0, 1681780895.0, 1681780896.0, 1681780897.0, 1681780898.0, 1681780899.0, 1681780900.0, 1681780901.0, 1681780902.0, 1681780903.0, 1681780904.0, 1681780905.0, 1681780906.0, 1681780907.0, 1681780908.0, 1681780909.0, 1681780910.0, 1681780911.0, 1681780912.0, 1681780913.0, 1681780914.0, 1681780915.0, 1681780916.0, 1681780917.0, 1681780918.0, 1681780919.0, 1681780920.0, 1681780921.0, 1681780922.0, 1681780923.0, 1681780924.0, 1681780925.0, 1681780926.0, 1681780927.0, 1681780928.0, 1681780929.0, 1681780930.0, 1681780931.0, 1681780932.0, 1681780933.0, 1681780934.0, 1681780935.0, 1681780936.0, 1681780937.0, 1681780938.0, 1681780939.0, 1681780940.0, 1681780941.0, 1681780942.0, 1681780943.0, 1681780944.0, 1681780945.0, 1681780946.0, 1681780947.0, 1681780948.0, 1681780949.0, 1681780950.0, 1681780951.0, 1681780952.0, 1681780953.0, 1681780954.0, 1681780955.0, 1681780956.0, 1681780957.0, 1681780958.0, 1681780959.0, 1681780960.0, 1681780961.0, 1681780962.0, 1681780963.0, 1681780964.0, 1681780965.0, 1681780966.0, 1681780967.0, 1681780968.0, 1681780969.0, 1681780970.0, 1681780971.0, 1681780972.0, 1681780973.0, 1681780974.0, 1681780975.0, 1681780976.0, 1681780977.0, 1681780978.0, 1681780979.0, 1681780980.0, 1681780981.0, 1681780982.0, 1681780983.0, 1681780984.0, 1681780985.0, 1681780986.0, 1681780987.0, 1681780988.0, 1681780989.0, 1681780990.0, 1681780991.0, 1681780992.0, 1681780993.0, 1681780994.0, 1681780995.0, 1681780996.0, 1681780997.0, 1681780998.0, 1681780999.0, 1681781000.0, 1681781001.0, 1681781002.0, 1681781003.0, 1681781004.0, 1681781005.0, 1681781006.0, 1681781007.0, 1681781008.0, 1681781009.0, 1681781010.0, 1681781011.0, 1681781012.0, 1681781013.0, 1681781014.0, 1681781015.0, 1681781016.0, 1681781017.0, 1681781018.0, 1681781019.0, 1681781020.0, 1681781021.0, 1681781022.0, 1681781023.0, 1681781024.0, 1681781025.0, 1681781026.0, 1681781027.0, 1681781028.0, 1681781029.0, 1681781030.0, 1681781031.0, 1681781032.0, 1681781033.0, 1681781034.0, 1681781035.0, 1681781036.0, 1681781037.0, 1681781038.0, 1681781039.0, 1681781040.0, 1681781041.0, 1681781042.0, 1681781043.0, 1681781044.0, 1681781045.0, 1681781046.0, 1681781047.0, 1681781048.0, 1681781049.0, 1681781050.0, 1681781051.0], "cpu_throttled_count": [64.526323665, 64.526323665, 64.526323665, 64.526323665, 64.526323665, 64.526323665, 64.526323665, 64.526323665, 64.526323665, 64.526323665, 64.526323665, 64.526323665, 64.526323665, 64.526323665, 64.526323665, 64.526323665, 64.526323665, 64.526323665, 64.526323665, 64.526323665, 64.526323665, 64.526323665, 64.526323665, 64.526323665, 64.526323665, 64.526323665, 64.526323665, 64.526323665, 64.526323665], "time_cpu_throttled_count": [1681781023.0, 1681781024.0, 1681781025.0, 1681781026.0, 1681781027.0, 1681781028.0, 1681781029.0, 1681781030.0, 1681781031.0, 1681781032.0, 1681781033.0, 1681781034.0, 1681781035.0, 1681781036.0, 1681781037.0, 1681781038.0, 1681781039.0, 1681781040.0, 1681781041.0, 1681781042.0, 1681781043.0, 1681781044.0, 1681781045.0, 1681781046.0, 1681781047.0, 1681781048.0, 1681781049.0, 1681781050.0, 1681781051.0],