{"cpu_usage_count": [11.102759089, 11.102759089, 11.102759089, 11.102759089, 11.102759089, 11.102759089, 11.102759089, 11.102759089, 11.102759089, 11.102759089, 11.102759089, 11.102759089, 11.102759089, 11.102759089, 11.102759089, 11.102759089, 11.102759089, 11.102759089, 11.102759089, 11.102759089, 11.102759089, 11.102759089, 11.102759089, 11.102759089, 11.102759089, 11.102759089, 11.102759089, 11.102759089, 11.102759089, 11.102759089, 21.374236723, 21.374236723, 21.374236723, 21.374236723, 21.374236723, 21.374236723], "time_cpu_usage_count": [1681781413.0, 1681781414.0, 1681781415.0, 1681781416.0, 1681781417.0, 1681781418.0, 1681781419.0, 1681781420.0, 1681781421.0, 1681781422.0, 1681781423.0, 1681781424.0, 1681781425.0, 1681781426.0, 1681781427.0, 1681781428.0, 1681781429.0, 1681781430.0, 1681781431.0, 1681781432.0, 1681781433.0, 1681781434.0, 1681781435.0, 1681781436.0, 1681781437.0, 1681781438.0, 1681781439.0, 1681781440.0, 1681781441.0, 1681781442.0, 1681781443.0, 1681781444.0, 1681781445.0, 1681781446.0, 1681781447.0, 1681781448.0], "cpu_usage_rate": [0.180706481084455, 0.18355966931612164, 0.18641285754778833, 0.189266045779455, 0.19211923401112166, 0.19497242224278832], "time_cpu_usage_rate": [1681781443.0, 1681781444.0, 1681781445.0, 1681781446.0, 1681781447.0, 1681781448.0], "cpu_throttled_count": [49.865342784, 49.865342784, 49.865342784, 49.865342784, 49.865342784, 49.865342784, 49.865342784, 49.865342784, 49.865342784, 49.865342784, 49.865342784, 49.865342784, 49.865342784, 49.865342784, 49.865342784, 49.865342784, 49.865342784, 49.865342784, 49.865342784, 49.865342784, 49.865342784, 49.865342784, 49.865342784, 49.865342784, 49.865342784, 49.865342784, 49.865342784, 49.865342784, 49.865342784, 49.865342784, 49.869093049, 49.869093049, 49.869093049, 49.869093049, 49.869093049, 49.869093049], "time_cpu_throttled_count": [1681781413.0, 1681781414.0, 1681781415.0, 1681781416.0, 1681781417.0, 1681781418.0, 1681781419.0, 1681781420.0, 1681781421.0, 1681781422.0, 1681781423.0, 1681781424.0, 1681781425.0, 1681781426.0, 1681781427.0, 1681781428.0, 1681781429.0, 1681781430.0, 1681781431.0, 1681781432.0, 1681781433.0, 1681781434.0, 1681781435.0, 1681781436.0, 1681781437.0, 1681781438.0, 1681781439.0, 1681781440.0, 1681781441.0, 1681781442.0, 1681781443.0, 1681781444.0, 1681781445.0, 1681781446.0, 1681781447.0, 1681781448.0], "cpu_throttled_rate": [4.782317093195403e-05, 4.8864911209732016e-05, 4.990665148751001e-05, 5.094839176528799e-05, 5.199013204306598e-05, 5.3031872320843964e-05], "time_cpu_throttled_rate": [1681781443.0, 1681781444.0, 1681781445.0, 1681781446.0, 1681781447.0, 1681781448.0], "memory_usage": [5783605248.0, 5783605248.0, 5783605248.0, 5783605248.0, 5783605248.0, 5783605248.0, 5783605248.0, 5783605248.0, 5783605248.0, 5783605248.0, 5783605248.0, 5783605248.0, 5783605248.0, 5783605248.0, 5783605248.0, 5783605248.0, 5783605248.0, 5783605248.0, 5783605248.0, 5783605248.0, 5783605248.0, 5783605248.0, 5783605248.0, 5783605248.0, 5783605248.0, 5783605248.0, 5783605248.0, 5783605248.0, 5783605248.0, 5783605248.0, 4828364800.0, 4828364800.0, 4828364800.0, 4828364800.0, 4828364800.0, 4828364800.0], "time_memory_usage": [1681781413.0, 1681781414.0, 1681781415.0, 1681781416.0, 1681781417.0, 1681781418.0, 1681781419.0, 1681781420.0, 1681781421.0, 1681781422.0, 1681781423.0, 1681781424.0, 1681781425.0, 1681781426.0, 1681781427.0, 1681781428.0, 1681781429.0, 1681781430.0, 1681781431.0, 1681781432.0, 1681781433.0, 1681781434.0, 1681781435.0, 1681781436.0, 1681781437.0, 1681781438.0, 1681781439.0, 1681781440.0, 1681781441.0, 1681781442.0, 1681781443.0, 1681781444.0, 1681781445.0, 1681781446.0, 1681781447.0, 1681781448.0], "throughput": [0.008460705960705962, 0.008456818181818182, 0.009214393939393939, 0.009971969696969698, 0.010729545454545455, 0.01148712121212121, 0.01224469696969697, 0.010416666666666666, 0.010416666666666666, 0.010416666666666666, 0.010416666666666666, 0.010416666666666666, 0.010416666666666666, 0.010416666666666666, 0.010416666666666666, 0.010416666666666666, 0.025142225639054393, 0.025150925925925927, 0.026076851851851855, 0.027002777777777775, 0.027928703703703706, 0.02885462962962963, 0.029780555555555553, 0.03070648148148148, 0.0316324074074074, 0.028125, 0.028125, 0.028125, 0.028125, 0.028125, 0.028125, 0.028125, 0.028125, 0.028125, 0.028125, 0.028125, 0.028125, 0.028125, 0.028125, 0.028125, 0.028125, 0.028125, 0.028125, 0.028125, 0.09189741548978599, 0.09193833333333332, 0.093605, 0.09527166666666666, 0.09693833333333333, 0.098605, 0.10027166666666666, 0.10193833333333333, 0.10360499999999999, 0.10527166666666667, 0.10693833333333333, 0.09930555555555556, 0.09930555555555556, 0.09930555555555556, 0.09930555555555556, 0.09930555555555556, 0.09930555555555556, 0.09930555555555556, 0.09930555555555556, 0.09930555555555556, 0.09930555555555556, 0.09930555555555556, 0.09930555555555556, 0.09930555555555556, 0.09930555555555556, 0.09930555555555556, 0.09930555555555556, 0.09930555555555556, 0.09930555555555556, 0.09930555555555556, 0.09930555555555556, 0.09930555555555556, 0.09930555555555556, 0.17525938139118047, 0.1772700898499437, 0.17928079830870697, 0.1812915067674702, 0.18330221522623344, 0.1853129236849967, 0.18732363214375994, 0.18933434060252316, 0.1913450490612864, 0.19335575752004966, 0.1953664659788129, 0.19737717443757616, 0.19938788289633935, 0.20139859135510257, 0.1875, 0.1875, 0.1875, 0.1875, 0.1875, 0.1875, 0.1875, 0.1875, 0.1875, 0.1875, 0.1875, 0.1875, 0.1875, 0.1875, 0.1875, 0.1875, 0.1875, 0.1875, 0.1875, 0.18888888888888886, 0.18888888888888886, 0.18888888888888886, 0.18888888888888886, 0.18888888888888886, 0.18888888888888886, 0.18887980081244515, 0.1867159730877533, 0.18455214536306144, 0.18238831763836955, 0.18516803885980834, 0.19375, 0.19375, 0.19375, 0.19375, 0.19375, 0.19296868598305444, 0.19051043527425884, 0.1880521845654632, 0.1855939338566676, 0.18313568314787196, 0.18067743243907633, 0.17821918173028076, 0.1757609310214851, 0.17330268031268947, 0.17084442960389387, 0.17709131492154445, 0.125, 0.125, 0.125, 0.125, 0.125, 0.125, 0.125, 0.125, 0.125, 0.14926821078357116, 0.14674349380434454, 0.1442187768251179, 0.14169405984589126, 0.13916934286666466, 0.136644625887438, 0.13411990890821138, 0.13159519192898475, 0.12907047494975812, 0.1265457579705315, 0.12402104099130488, 0.12149632401207826, 0.11897160703285162, 0.11644689005362499, 0.11392217307439836, 0.11139745609517174, 0.10887273911594511, 0.10634802213671848, 0.12717737404008242],