{"cpu_usage_count": [0.072884392, 0.072884392, 0.072884392, 0.072884392, 0.072884392, 0.072884392, 0.072884392, 0.072884392, 0.072884392, 0.072884392, 0.072884392, 0.072884392, 0.072884392, 0.072884392, 0.072884392, 0.072884392, 0.072884392, 0.072884392, 0.072884392, 0.072884392, 0.072884392, 0.072884392, 0.072884392, 0.072884392, 0.072884392, 0.072884392, 0.072884392, 0.072884392, 0.072884392, 0.072884392, 74.367002481, 74.367002481, 74.367002481, 74.367002481, 74.367002481, 74.367002481, 74.367002481, 74.367002481, 74.367002481, 74.367002481, 74.367002481, 74.367002481, 74.367002481, 74.367002481, 74.367002481, 74.367002481, 74.367002481, 74.367002481, 74.367002481, 74.367002481, 74.367002481, 74.367002481, 74.367002481, 74.367002481, 74.367002481, 74.367002481, 74.367002481, 74.367002481, 74.367002481, 74.367002481], "time_cpu_usage_count": [1681781593.0, 1681781594.0, 1681781595.0, 1681781596.0, 1681781597.0, 1681781598.0, 1681781599.0, 1681781600.0, 1681781601.0, 1681781602.0, 1681781603.0, 1681781604.0, 1681781605.0, 1681781606.0, 1681781607.0, 1681781608.0, 1681781609.0, 1681781610.0, 1681781611.0, 1681781612.0, 1681781613.0, 1681781614.0, 1681781615.0, 1681781616.0, 1681781617.0, 1681781618.0, 1681781619.0, 1681781620.0, 1681781621.0, 1681781622.0, 1681781623.0, 1681781624.0, 1681781625.0, 1681781626.0, 1681781627.0, 1681781628.0, 1681781629.0, 1681781630.0, 1681781631.0, 1681781632.0, 1681781633.0, 1681781634.0, 1681781635.0, 1681781636.0, 1681781637.0, 1681781638.0, 1681781639.0, 1681781640.0, 1681781641.0, 1681781642.0, 1681781643.0, 1681781644.0, 1681781645.0, 1681781646.0, 1681781647.0, 1681781648.0, 1681781649.0, 1681781650.0, 1681781651.0, 1681781652.0], "cpu_usage_rate": [0.638443010982423, 0.6590802660071452, 0.6797175210318673, 0.7003547760565897, 0.7209920310813118, 0.7416292861060341, 0.7622665411307562, 0.7829037961554786, 0.8035410511802007, 0.8241783062049229, 0.8448155612296452, 0.8654528162543673, 0.8860900712790897, 0.9067273263038118, 0.9273645813285342, 0.9480018363532563, 0.9686390913779785, 0.9892763464027007, 1.009913601427423, 1.030550856452145, 1.0511881114768673, 1.0718253665015895, 1.0924626215263118, 1.1130998765510338, 1.1337371315757563, 1.1543743866004788, 1.1750116416252008, 1.195648896649923, 1.216286151674645, 1.2369234066993675, 1.2575606617240895, 1.2781979167488118, 1.2988351717735338, 0.9292838460458334, 0.9292838460458334, 0.9292838460458334, 0.9292838460458334, 0.9292838460458334, 0.9292838460458334, 0.9292838460458334, 0.9292838460458334, 0.9292838460458334, 0.9292838460458334], "time_cpu_usage_rate": [1681781623.0, 1681781624.0, 1681781625.0, 1681781626.0, 1681781627.0, 1681781628.0, 1681781629.0, 1681781630.0, 1681781631.0, 1681781632.0, 1681781633.0, 1681781634.0, 1681781635.0, 1681781636.0, 1681781637.0, 1681781638.0, 1681781639.0, 1681781640.0, 1681781641.0, 1681781642.0, 1681781643.0, 1681781644.0, 1681781645.0, 1681781646.0, 1681781647.0, 1681781648.0, 1681781649.0, 1681781650.0, 1681781651.0, 1681781652.0, 1681781653.0, 1681781654.0, 1681781655.0, 1681781656.0, 1681781657.0, 1681781658.0, 1681781659.0, 1681781660.0, 1681781661.0, 1681781662.0, 1681781663.0, 1681781664.0, 1681781665.0], "cpu_throttled_count": [0.0, 0.0, 0.0, 0.0, 0.0, 0.0, 0.0, 0.0, 0.0, 0.0, 0.0, 0.0, 0.0, 0.0, 0.0, 0.0, 0.0, 0.0, 0.0, 0.0, 0.0, 0.0, 0.0, 0.0, 0.0, 0.0, 0.0, 0.0, 0.0, 0.0, 43.612535604, 43.612535604, 43.612535604, 43.612535604, 43.612535604, 43.612535604, 43.612535604, 43.612535604, 43.612535604, 43.612535604, 43.612535604, 43.612535604, 43.612535604, 43.612535604, 43.612535604, 43.612535604, 43.612535604, 43.612535604, 43.612535604, 43.612535604, 43.612535604, 43.612535604, 43.612535604, 43.612535604, 43.612535604, 43.612535604, 43.612535604, 43.612535604, 43.612535604, 43.612535604], "time_cpu_throttled_count": [1681781593.0, 1681781594.0, 1681781595.0, 1681781596.0, 1681781597.0, 1681781598.0, 1681781599.0, 1681781600.0, 1681781601.0, 1681781602.0, 1681781603.0, 1681781604.0, 1681781605.0, 1681781606.0, 1681781607.0, 1681781608.0, 1681781609.0, 1681781610.0, 1681781611.0, 1681781612.0, 1681781613.0, 1681781614.0, 1681781615.0, 1681781616.0, 1681781617.0, 1681781618.0, 1681781619.0, 1681781620.0, 1681781621.0, 1681781622.0, 1681781623.0, 1681781624.0, 1681781625.0, 1681781626.0, 1681781627.0, 1681781628.0, 1681781629.0, 1681781630.0, 1681781631.0, 1681781632.0, 1681781633.0, 1681781634.0, 1681781635.0, 1681781636.0, 1681781637.0, 1681781638.0, 1681781639.0, 1681781640.0, 1681781641.0, 1681781642.0, 1681781643.0, 1681781644.0, 1681781645.0, 1681781646.0, 1681781647.0, 1681781648.0, 1681781649.0, 1681781650.0, 1681781651.0, 1681781652.0], "cpu_throttled_rate": [0.37442573275356333, 0.38654032597689675, 0.39865491920023, 0.4107695124235633, 0.42288410564689666, 0.43499869887022996, 0.4471132920935633, 0.4592278853168966, 0.47134247854023, 0.4834570717635633, 0.49557166498689664, 0.50768625821023, 0.5198008514335634, 0.5319154446568966, 0.54403003788023, 0.5561446311035633, 0.5682592243268966, 0.58037381755023, 0.5924884107735633, 0.6046030039968966, 0.61671759722023, 0.6288321904435634, 0.6409467836668966, 0.65306137689023, 0.6651759701135632, 0.6772905633368966, 0.6894051565602299, 0.7015197497835632, 0.7136343430068967, 0.7257489362302301, 0.7378635294535634, 0.7499781226768967, 0.76209271590023, 0.54515669505, 0.54515669505, 0.54515669505, 0.54515669505, 0.54515669505, 0.54515669505, 0.54515669505, 0.54515669505, 0.54515669505, 0.54515669505], "time_cpu_throttled_rate": [1681781623.0, 1681781624.0, 1681781625.0, 1681781626.0, 1681781627.0, 1681781628.0, 1681781629.0, 1681781630.0, 1681781631.0, 1681781632.0, 1681781633.0, 1681781634.0, 1681781635.0, 1681781636.0, 1681781637.0, 1681781638.0, 1681781639.0, 1681781640.0, 1681781641.0, 1681781642.0, 1681781643.0, 1681781644.0, 1681781645.0, 1681781646.0, 1681781647.0, 1681781648.0, 1681781649.0, 1681781650.0, 1681781651.0, 1681781652.0, 1681781653.0, 1681781654.0, 1681781655.0, 1681781656.0, 1681781657.0, 1681781658.0, 1681781659.0, 1681781660.0, 1681781661.0, 1681781662.0, 1681781663.0, 1681781664.0, 1681781665.0], "memory_usage": [8900608.0, 8900608.0, 8900608.0, 8900608.0, 8900608.0, 8900608.0, 8900608.0, 8900608.0, 8900608.0, 8900608.0, 8900608.0, 8900608.0, 8900608.0, 8900608.0, 8900608.0, 8900608.0, 8900608.0, 8900608.0, 8900608.0, 8900608.0, 8900608.0, 8900608.0, 8900608.0, 8900608.0, 8900608.0, 8900608.0, 8900608.0, 8900608.0, 8900608.0, 8900608.0, 10687660032.0, 10687660032.0, 10687660032.0, 10687660032.0, 10687660032.0, 10687660032.0, 10687660032.0, 10687660032.0, 10687660032.0, 10687660032.0, 10687660032.0, 10687660032.0, 10687660032.0, 10687660032.0, 10687660032.0, 10687660032.0, 10687660032.0, 10687660032.0, 10687660032.0, 10687660032.0, 10687660032.0, 10687660032.0, 10687660032.0, 10687660032.0, 10687660032.0, 10687660032.0, 10687660032.0, 10687660032.0, 10687660032.0, 10687660032.0], "time_memory_usage": [1681781593.0, 1681781594.0, 1681781595.0, 1681781596.0, 1681781597.0, 1681781598.0, 1681781599.0, 1681781600.0, 1681781601.0, 1681781602.0, 1681781603.0, 1681781604.0, 1681781605.0, 1681781606.0, 1681781607.0, 1681781608.0, 1681781609.0, 1681781610.0, 1681781611.0, 1681781612.0, 1681781613.0, 1681781614.0, 1681781615.0, 1681781616.0, 1681781617.0, 1681781618.0, 1681781619.0, 1681781620.0, 1681781621.0, 1681781622.0, 1681781623.0, 1681781624.0, 1681781625.0, 1681781626.0, 1681781627.0, 1681781628.0, 1681781629.0, 1681781630.0, 1681781631.0, 1681781632.0, 1681781633.0, 1681781634.0, 1681781635.0, 1681781636.0, 1681781637.0, 1681781638.0, 1681781639.0, 1681781640.0, 1681781641.0, 1681781642.0, 1681781643.0, 1681781644.0, 1681781645.0, 1681781646.0, 1681781647.0, 1681781648.0, 1681781649.0, 1681781650.0, 1681781651.0, 1681781652.0],