{"cpu_usage_count": [29.055647853, 29.055647853, 29.055647853, 29.055647853, 29.055647853, 29.055647853, 29.055647853, 29.055647853, 29.055647853, 29.055647853, 29.055647853, 29.055647853, 29.055647853, 29.055647853, 29.055647853, 29.055647853, 29.055647853, 29.055647853, 29.055647853, 29.055647853, 29.055647853, 29.055647853, 29.055647853, 29.055647853, 29.055647853, 29.055647853, 29.055647853, 29.055647853, 29.055647853, 29.055647853, 230.793890053, 230.793890053, 230.793890053, 230.793890053, 230.793890053, 230.793890053, 230.793890053, 230.793890053, 230.793890053, 230.793890053, 230.793890053, 230.793890053, 230.793890053, 230.793890053, 230.793890053, 230.793890053, 230.793890053, 230.793890053, 230.793890053, 230.793890053, 230.793890053, 230.793890053, 230.793890053, 230.793890053, 230.793890053, 230.793890053, 230.793890053, 230.793890053, 230.793890053, 230.793890053], "time_cpu_usage_count": [1681782073.0, 1681782074.0, 1681782075.0, 1681782076.0, 1681782077.0, 1681782078.0, 1681782079.0, 1681782080.0, 1681782081.0, 1681782082.0, 1681782083.0, 1681782084.0, 1681782085.0, 1681782086.0, 1681782087.0, 1681782088.0, 1681782089.0, 1681782090.0, 1681782091.0, 1681782092.0, 1681782093.0, 1681782094.0, 1681782095.0, 1681782096.0, 1681782097.0, 1681782098.0, 1681782099.0, 1681782100.0, 1681782101.0, 1681782102.0, 1681782103.0, 1681782104.0, 1681782105.0, 1681782106.0, 1681782107.0, 1681782108.0, 1681782109.0, 1681782110.0, 1681782111.0, 1681782112.0, 1681782113.0, 1681782114.0, 1681782115.0, 1681782116.0, 1681782117.0, 1681782118.0, 1681782119.0, 1681782120.0, 1681782121.0, 1681782122.0, 1681782123.0, 1681782124.0, 1681782125.0, 1681782126.0, 1681782127.0, 1681782128.0, 1681782129.0, 1681782130.0, 1681782131.0, 1681782132.0], "cpu_usage_rate": [1.974109246462611, 2.0301476470737225, 2.0861860476848335, 2.1422244482959445, 2.1982628489070555, 2.254301249518167, 2.310339650129278, 2.366378050740389, 2.4224164513515003, 2.4784548519626113, 2.5344932525737227, 2.5905316531848332, 2.646570053795945, 2.7026084544070557, 2.7586468550181666, 2.814685255629278, 2.870723656240389, 2.9267620568515, 2.9828004574626115, 3.0388388580737224, 3.0948772586848334, 3.150915659295945, 3.206954059907056, 3.262992460518167, 3.319030861129278, 3.375069261740389, 3.4311076623515007, 3.487146062962611, 3.5431844635737226, 3.599222864184833, 3.655261264795945, 3.7112996654070556, 3.767338066018166, 2.763858426275, 2.763858426275, 2.763858426275, 2.763858426275, 2.763858426275, 2.763858426275, 2.763858426275, 2.763858426275, 2.763858426275, 2.763858426275, 2.763858426275, 2.763858426275, 2.763858426275, 2.763858426275, 2.763858426275, 2.763858426275, 2.763858426275, 2.763858426275, 2.763858426275, 2.763858426275, 2.763858426275, 2.763858426275, 2.763858426275, 2.763858426275, 2.763858426275, 2.763858426275, 2.763858426275, 2.763858426275, 2.763858426275, 2.763858426275, 2.763858426275, 2.763858426275, 2.763858426275, 2.763858426275, 2.763858426275, 2.763858426275, 2.763858426275, 2.763858426275, 2.763858426275, 2.763858426275, 2.763858426275, 2.763858426275, 2.763858426275, 2.763858426275, 2.763858426275, 2.763858426275, 2.763858426275, 2.763858426275, 2.763858426275, 2.763858426275, 2.763858426275, 2.763858426275, 2.751093201201278, 2.695054800590167, 2.639016399979056, 2.582977999367945, 2.5269395987568335], "time_cpu_usage_rate": [1681782103.0, 1681782104.0, 1681782105.0, 1681782106.0, 1681782107.0, 1681782108.0, 1681782109.0, 1681782110.0, 1681782111.0, 1681782112.0, 1681782113.0, 1681782114.0, 1681782115.0, 1681782116.0, 1681782117.0, 1681782118.0, 1681782119.0, 1681782120.0, 1681782121.0, 1681782122.0, 1681782123.0, 1681782124.0, 1681782125.0, 1681782126.0, 1681782127.0, 1681782128.0, 1681782129.0, 1681782130.0, 1681782131.0, 1681782132.0, 1681782133.0, 1681782134.0, 1681782135.0, 1681782136.0, 1681782137.0, 1681782138.0, 1681782139.0, 1681782140.0, 1681782141.0, 1681782142.0, 1681782143.0, 1681782144.0, 1681782145.0, 1681782146.0, 1681782147.0, 1681782148.0, 1681782149.0, 1681782150.0, 1681782151.0, 1681782152.0, 1681782153.0, 1681782154.0, 1681782155.0, 1681782156.0, 1681782157.0, 1681782158.0, 1681782159.0, 1681782160.0, 1681782161.0, 1681782162.0, 1681782163.0, 1681782164.0, 1681782165.0, 1681782166.0, 1681782167.0, 1681782168.0, 1681782169.0, 1681782170.0, 1681782171.0, 1681782172.0, 1681782173.0, 1681782174.0, 1681782175.0, 1681782176.0, 1681782177.0, 1681782178.0, 1681782179.0, 1681782180.0, 1681782181.0, 1681782182.0, 1681782183.0, 1681782184.0, 1681782185.0, 1681782186.0, 1681782187.0, 1681782188.0, 1681782189.0, 1681782190.0, 1681782191.0, 1681782192.0], "cpu_throttled_count": [19.462055746, 19.462055746, 19.462055746, 19.462055746, 19.462055746, 19.462055746, 19.462055746, 19.462055746, 19.462055746, 19.462055746, 19.462055746, 19.462055746, 19.462055746, 19.462055746, 19.462055746, 19.462055746, 19.462055746, 19.462055746, 19.462055746, 19.462055746, 19.462055746, 19.462055746, 19.462055746, 19.462055746, 19.462055746, 19.462055746, 19.462055746, 19.462055746, 19.462055746, 19.462055746, 20.066004314, 20.066004314, 20.066004314, 20.066004314, 20.066004314, 20.066004314, 20.066004314, 20.066004314, 20.066004314, 20.066004314, 20.066004314, 20.066004314, 20.066004314, 20.066004314, 20.066004314, 20.066004314, 20.066004314, 20.066004314, 20.066004314, 20.066004314, 20.066004314, 20.066004314, 20.066004314, 20.066004314, 20.066004314, 20.066004314, 20.066004314, 20.066004314, 20.066004314, 20.066004314], "time_cpu_throttled_count": [1681782073.0, 1681782074.0, 1681782075.0, 1681782076.0, 1681782077.0, 1681782078.0, 1681782079.0, 1681782080.0, 1681782081.0, 1681782082.0, 1681782083.0, 1681782084.0, 1681782085.0, 1681782086.0, 1681782087.0, 1681782088.0, 1681782089.0, 1681782090.0, 1681782091.0, 1681782092.0, 1681782093.0, 1681782094.0, 1681782095.0, 1681782096.0, 1681782097.0, 1681782098.0, 1681782099.0, 1681782100.0, 1681782101.0, 1681782102.0, 1681782103.0, 1681782104.0, 1681782105.0, 1681782106.0, 1681782107.0, 1681782108.0, 1681782109.0, 1681782110.0, 1681782111.0, 1681782112.0, 1681782113.0, 1681782114.0, 1681782115.0, 1681782116.0, 1681782117.0, 1681782118.0, 1681782119.0, 1681782120.0, 1681782121.0, 1681782122.0, 1681782123.0, 1681782124.0, 1681782125.0, 1681782126.0, 1681782127.0, 1681782128.0, 1681782129.0, 1681782130.0, 1681782131.0, 1681782132.0],