{"cpu_usage_count": [20.156548485, 20.156548485, 20.156548485, 20.156548485, 20.156548485, 20.156548485, 20.156548485, 20.156548485, 20.156548485, 20.156548485, 20.156548485, 20.156548485, 20.156548485, 20.156548485, 20.156548485, 20.156548485, 20.156548485, 20.156548485, 20.156548485, 20.156548485, 20.156548485, 20.156548485, 20.156548485, 20.156548485], "time_cpu_usage_count": [1681782523.0, 1681782524.0, 1681782525.0, 1681782526.0, 1681782527.0, 1681782528.0, 1681782529.0, 1681782530.0, 1681782531.0, 1681782532.0, 1681782533.0, 1681782534.0, 1681782535.0, 1681782536.0, 1681782537.0, 1681782538.0, 1681782539.0, 1681782540.0, 1681782541.0, 1681782542.0, 1681782543.0, 1681782544.0, 1681782545.0, 1681782546.0], "cpu_usage_rate": [2.907438888444459, 3.001470283486125, 3.095501678527792, 3.189533073569458, 3.283564468611125, 3.3775958636527914, 3.4716272586944585, 3.565658653736125, 3.6596900487777915, 3.753721443819458, 3.8477528388611253, 3.9417842339027915, 4.035815628944459, 4.129847023986125, 4.223878419027792, 4.317909814069458, 4.4119412091111245, 4.505972604152792, 4.600003999194458, 4.694035394236125, 4.788066789277791, 4.882098184319458, 4.976129579361125, 5.070160974402792, 5.164192369444458, 5.258223764486124, 5.3522551595277905, 5.446286554569458, 5.540317949611125, 5.634349344652791, 5.728380739694458, 5.822412134736125, 5.916443529777791, 4.2326233387666665, 4.2326233387666665, 4.2326233387666665, 4.2326233387666665, 4.2326233387666665, 4.2326233387666665, 4.2326233387666665, 4.2326233387666665, 4.2326233387666665, 4.2326233387666665, 4.2326233387666665, 4.2326233387666665, 4.2326233387666665, 4.2326233387666665, 4.2326233387666665, 4.2326233387666665, 4.2326233387666665, 4.2326233387666665, 4.2326233387666665, 4.2326233387666665, 4.2326233387666665, 4.2326233387666665, 4.2326233387666665, 4.2326233387666665, 4.2326233387666665, 4.2326233387666665, 4.2326233387666665, 4.2326233387666665, 4.2326233387666665, 4.2326233387666665, 4.2326233387666665, 4.2326233387666665, 4.2326233387666665, 4.2326233387666665, 4.2326233387666665, 4.2326233387666665, 4.2326233387666665, 4.2326233387666665, 4.2326233387666665, 4.2326233387666665, 4.2326233387666665, 4.2326233387666665, 4.2326233387666665, 4.2326233387666665, 4.2326233387666665, 4.2326233387666665, 4.2326233387666665, 4.2326233387666665, 4.2326233387666665, 4.2326233387666665, 4.2326233387666665, 4.2326233387666665, 4.2326233387666665, 4.2326233387666665, 4.2326233387666665, 4.2326233387666665, 4.2326233387666665], "time_cpu_usage_rate": [1681782433.0, 1681782434.0, 1681782435.0, 1681782436.0, 1681782437.0, 1681782438.0, 1681782439.0, 1681782440.0, 1681782441.0, 1681782442.0, 1681782443.0, 1681782444.0, 1681782445.0, 1681782446.0, 1681782447.0, 1681782448.0, 1681782449.0, 1681782450.0, 1681782451.0, 1681782452.0, 1681782453.0, 1681782454.0, 1681782455.0, 1681782456.0, 1681782457.0, 1681782458.0, 1681782459.0, 1681782460.0, 1681782461.0, 1681782462.0, 1681782463.0, 1681782464.0, 1681782465.0, 1681782466.0, 1681782467.0, 1681782468.0, 1681782469.0, 1681782470.0, 1681782471.0, 1681782472.0, 1681782473.0, 1681782474.0, 1681782475.0, 1681782476.0, 1681782477.0, 1681782478.0, 1681782479.0, 1681782480.0, 1681782481.0, 1681782482.0, 1681782483.0, 1681782484.0, 1681782485.0, 1681782486.0, 1681782487.0, 1681782488.0, 1681782489.0, 1681782490.0, 1681782491.0, 1681782492.0, 1681782493.0, 1681782494.0, 1681782495.0, 1681782496.0, 1681782497.0, 1681782498.0, 1681782499.0, 1681782500.0, 1681782501.0, 1681782502.0, 1681782503.0, 1681782504.0, 1681782505.0, 1681782506.0, 1681782507.0, 1681782508.0, 1681782509.0, 1681782510.0, 1681782511.0, 1681782512.0, 1681782513.0, 1681782514.0, 1681782515.0, 1681782516.0, 1681782517.0, 1681782518.0, 1681782519.0, 1681782520.0, 1681782521.0, 1681782522.0], "cpu_throttled_count": [8.613286766, 8.613286766, 8.613286766, 8.613286766, 8.613286766, 8.613286766, 8.613286766, 8.613286766, 8.613286766, 8.613286766, 8.613286766, 8.613286766, 8.613286766, 8.613286766, 8.613286766, 8.613286766, 8.613286766, 8.613286766, 8.613286766, 8.613286766, 8.613286766, 8.613286766, 8.613286766, 8.613286766], "time_cpu_throttled_count": [1681782523.0, 1681782524.0, 1681782525.0, 1681782526.0, 1681782527.0, 1681782528.0, 1681782529.0, 1681782530.0, 1681782531.0, 1681782532.0, 1681782533.0, 1681782534.0, 1681782535.0, 1681782536.0, 1681782537.0, 1681782538.0, 1681782539.0, 1681782540.0, 1681782541.0, 1681782542.0, 1681782543.0, 1681782544.0, 1681782545.0, 1681782546.0], "cpu_throttled_rate": [0.11777967905554611, 0.12159045587165723, 0.12540123268776832, 0.12921200950387943, 0.13302278631999054, 0.13683356313610165, 0.14064433995221276, 0.14445511676832384, 0.148265893584435, 0.1520766704005461, 0.1558874472166572, 0.15969822403276832, 0.16350900084887943, 0.16731977766499054, 0.17113055448110165, 0.17494133129721276, 0.17875210811332387, 0.18256288492943498, 0.1863736617455461, 0.1901844385616572, 0.19399521537776832, 0.19780599219387943, 0.2016167690099905, 0.20542754582610165, 0.20923832264221273, 0.21304909945832387, 0.21685987627443498, 0.2206706530905461, 0.2244814299066572, 0.22829220672276831, 0.23210298353887943, 0.23591376035499054, 0.23972453717110162, 0.171484956725, 0.171484956725, 0.171484956725, 0.171484956725, 0.171484956725, 0.171484956725, 0.171484956725, 0.171484956725, 0.171484956725, 0.171484956725, 0.171484956725, 0.171484956725, 0.171484956725, 0.171484956725, 0.171484956725, 0.171484956725, 0.171484956725, 0.171484956725, 0.171484956725, 0.171484956725, 0.171484956725, 0.171484956725, 0.171484956725, 0.171484956725, 0.171484956725, 0.171484956725, 0.171484956725, 0.171484956725, 0.171484956725, 0.171484956725, 0.171484956725, 0.171484956725, 0.171484956725, 0.171484956725, 0.171484956725, 0.171484956725, 0.171484956725, 0.171484956725, 0.171484956725, 0.171484956725, 0.171484956725, 0.171484956725, 0.171484956725, 0.171484956725, 0.171484956725, 0.171484956725, 0.171484956725, 0.171484956725, 0.171484956725, 0.171484956725, 0.171484956725, 0.171484956725, 0.171484956725, 0.171484956725, 0.171484956725, 0.171484956725, 0.171484956725], "time_cpu_throttled_rate": [1681782433.0, 1681782434.0, 1681782435.0, 1681782436.0, 1681782437.0, 1681782438.0, 1681782439.0, 1681782440.0, 1681782441.0, 1681782442.0, 1681782443.0, 1681782444.0, 1681782445.0, 1681782446.0, 1681782447.0, 1681782448.0, 1681782449.0, 1681782450.0, 1681782451.0, 1681782452.0, 1681782453.0, 1681782454.0, 1681782455.0, 1681782456.0, 1681782457.0, 1681782458.0, 1681782459.0, 1681782460.0, 1681782461.0, 1681782462.0, 1681782463.0, 1681782464.0, 1681782465.0, 1681782466.0, 1681782467.0, 1681782468.0, 1681782469.0, 1681782470.0, 1681782471.0, 1681782472.0, 1681782473.0, 1681782474.0, 1681782475.0, 1681782476.0, 1681782477.0, 1681782478.0, 1681782479.0, 1681782480.0, 1681782481.0, 1681782482.0, 1681782483.0, 1681782484.0, 1681782485.0, 1681782486.0, 1681782487.0, 1681782488.0, 1681782489.0, 1681782490.0, 1681782491.0, 1681782492.0, 1681782493.0, 1681782494.0, 1681782495.0, 1681782496.0, 1681782497.0, 1681782498.0, 1681782499.0, 1681782500.0, 1681782501.0, 1681782502.0, 1681782503.0, 1681782504.0, 1681782505.0, 1681782506.0, 1681782507.0, 1681782508.0, 1681782509.0, 1681782510.0, 1681782511.0, 1681782512.0, 1681782513.0, 1681782514.0, 1681782515.0, 1681782516.0, 1681782517.0, 1681782518.0, 1681782519.0, 1681782520.0, 1681782521.0, 1681782522.0], "memory_usage": [4829560832.0, 4829560832.0, 4829560832.0, 4829560832.0, 4829560832.0, 4829560832.0, 4829560832.0, 4829560832.0, 4829560832.0, 4829560832.0, 4829560832.0, 4829560832.0, 4829560832.0, 4829560832.0, 4829560832.0, 4829560832.0, 4829560832.0, 4829560832.0, 4829560832.0, 4829560832.0, 4829560832.0, 4829560832.0, 4829560832.0, 4829560832.0],