{"cpu_usage_count": [34.196781034, 34.196781034, 34.196781034, 34.196781034, 34.196781034, 34.196781034, 34.196781034, 34.196781034, 34.196781034, 34.196781034, 34.196781034, 34.196781034, 34.196781034, 34.196781034, 34.196781034, 34.196781034, 34.196781034, 34.196781034, 34.196781034, 34.196781034, 34.196781034, 34.196781034, 34.196781034, 34.196781034, 34.196781034, 34.196781034, 34.196781034, 34.196781034, 34.196781034, 34.196781034, 34.35107603, 34.35107603, 34.35107603, 34.35107603], "time_cpu_usage_count": [1681782703.0, 1681782704.0, 1681782705.0, 1681782706.0, 1681782707.0, 1681782708.0, 1681782709.0, 1681782710.0, 1681782711.0, 1681782712.0, 1681782713.0, 1681782714.0, 1681782715.0, 1681782716.0, 1681782717.0, 1681782718.0, 1681782719.0, 1681782720.0, 1681782721.0, 1681782722.0, 1681782723.0, 1681782724.0, 1681782725.0, 1681782726.0, 1681782727.0, 1681782728.0, 1681782729.0, 1681782730.0, 1681782731.0, 1681782732.0, 1681782733.0, 1681782734.0, 1681782735.0, 1681782736.0], "cpu_usage_rate": [0.0019675612170478337, 0.002010420938158946, 0.0020532806592700585, 0.0020961403803811704, 0.002139000101492283], "time_cpu_usage_rate": [1681782733.0, 1681782734.0, 1681782735.0, 1681782736.0, 1681782737.0], "cpu_throttled_count": [6.135237376, 6.135237376, 6.135237376, 6.135237376, 6.135237376, 6.135237376, 6.135237376, 6.135237376, 6.135237376, 6.135237376, 6.135237376, 6.135237376, 6.135237376, 6.135237376, 6.135237376, 6.135237376, 6.135237376, 6.135237376, 6.135237376, 6.135237376, 6.135237376, 6.135237376, 6.135237376, 6.135237376, 6.135237376, 6.135237376, 6.135237376, 6.135237376, 6.135237376, 6.135237376, 6.135237376, 6.135237376, 6.135237376, 6.135237376, 6.135237376], "time_cpu_throttled_count": [1681782703.0, 1681782704.0, 1681782705.0, 1681782706.0, 1681782707.0, 1681782708.0, 1681782709.0, 1681782710.0, 1681782711.0, 1681782712.0, 1681782713.0, 1681782714.0, 1681782715.0, 1681782716.0, 1681782717.0, 1681782718.0, 1681782719.0, 1681782720.0, 1681782721.0, 1681782722.0, 1681782723.0, 1681782724.0, 1681782725.0, 1681782726.0, 1681782727.0, 1681782728.0, 1681782729.0, 1681782730.0, 1681782731.0, 1681782732.0, 1681782733.0, 1681782734.0, 1681782735.0, 1681782736.0, 1681782737.0], "cpu_throttled_rate": [0.0, 0.0, 0.0, 0.0, 0.0], "time_cpu_throttled_rate": [1681782733.0, 1681782734.0, 1681782735.0, 1681782736.0, 1681782737.0], "memory_usage": [4829589504.0, 4829589504.0, 4829589504.0, 4829589504.0, 4829589504.0, 4829589504.0, 4829589504.0, 4829589504.0, 4829589504.0, 4829589504.0, 4829589504.0, 4829589504.0, 4829589504.0, 4829589504.0, 4829589504.0, 4829589504.0, 4829589504.0, 4829589504.0, 4829589504.0, 4829589504.0, 4829589504.0, 4829589504.0, 4829589504.0, 4829589504.0, 4829589504.0, 4829589504.0, 4829589504.0, 4829589504.0, 4829589504.0, 4829589504.0, 4829696000.0, 4829696000.0, 4829696000.0, 4829696000.0, 4829696000.0], "time_memory_usage": [1681782703.0, 1681782704.0, 1681782705.0, 1681782706.0, 1681782707.0, 1681782708.0, 1681782709.0, 1681782710.0, 1681782711.0, 1681782712.0, 1681782713.0, 1681782714.0, 1681782715.0, 1681782716.0, 1681782717.0, 1681782718.0, 1681782719.0, 1681782720.0, 1681782721.0, 1681782722.0, 1681782723.0, 1681782724.0, 1681782725.0, 1681782726.0, 1681782727.0, 1681782728.0, 1681782729.0, 1681782730.0, 1681782731.0, 1681782732.0, 1681782733.0, 1681782734.0, 1681782735.0, 1681782736.0, 1681782737.0], "throughput": [0.009658939515054622, 0.009444444444444445, 0.010833333333333334, 0.012222222222222223, 0.010416666666666666, 0.010416666666666666, 0.010416666666666666, 0.026653339996668336, 0.026538461538461542, 0.02846153846153846, 0.03038461538461539, 0.028125, 0.028125, 0.028125, 0.028125, 0.028125, 0.028125, 0.028125, 0.07757496740547586, 0.0775, 0.08062499999999999, 0.08375, 0.08687500000000001, 0.08125, 0.08125, 0.0940922926525806, 0.09714723721922283, 0.10020218178586505, 0.10325712635250726, 0.09821428571428574, 0.09821428571428574, 0.09821428571428574, 0.09821428571428574, 0.09821428571428574, 0.09821428571428574, 0.09821428571428574, 0.09821428571428574, 0.09821428571428574, 0.09821428571428574, 0.09821428571428574, 0.09821428571428574, 0.09821428571428574, 0.09821428571428574, 0.09821428571428574, 0.09821428571428574, 0.09821428571428574, 0.09821428571428574, 0.09821428571428574, 0.09821428571428574, 0.09821428571428574, 0.09821428571428574, 0.09821428571428574, 0.09821428571428574, 0.09821428571428574, 0.09821428571428574, 0.09821428571428574, 0.09821428571428574, 0.09821428571428574, 0.09821428571428574, 0.09821428571428574, 0.09821428571428574, 0.09821428571428574, 0.09821428571428574, 0.09821428571428574, 0.09821428571428574, 0.09821428571428574, 0.09821428571428574, 0.09821428571428574, 0.09821428571428574, 0.09821428571428574, 0.09821428571428574, 0.09821428571428574, 0.09821428571428574, 0.09821428571428574, 0.09821428571428574, 0.09821428571428574, 0.09821428571428574, 0.09821428571428574, 0.09821428571428574, 0.09821428571428574, 0.09821428571428574, 0.09821428571428574, 0.09821428571428574, 0.09821428571428574, 0.09821428571428574, 0.09821428571428574, 0.09821428571428574, 0.09821428571428574, 0.09821428571428574, 0.09821428571428574, 0.09821428571428574, 0.09821428571428574, 0.09821428571428574, 0.09821428571428574, 0.09821428571428574, 0.09821428571428574, 0.09821428571428574, 0.09821428571428574, 0.09821428571428574, 0.09821428571428574, 0.09821428571428574, 0.09821428571428574, 0.09821428571428574, 0.09821428571428574, 0.09821428571428574, 0.09821428571428574, 0.09821428571428574, 0.09821428571428574, 0.09821428571428574, 0.09821428571428574, 0.09821428571428574, 0.09821428571428574, 0.09821428571428574, 0.09821428571428574, 0.09821428571428574, 0.09861111111111112, 0.09861111111111112, 0.09762385675812602, 0.09429079007012774, 0.09095772338212943, 0.09236093754339195, 0.08333333333333333, 0.09057777777777778, 0.08687407407407408, 0.08317037037037037, 0.07946666666666666, 0.07576296296296296, 0.07856181478432449, 0.025000000000000005, 0.025000000000000005, 0.025000000000000005, 0.025000000000000005, 0.025000000000000005, 0.025000000000000005, 0.028480560320182962, 0.02609824661711454, 0.02371593291404612, 0.021333619210977702, 0.025555000555000554],