{"cpu_usage_count": [17.582808326, 17.582808326, 17.582808326, 17.582808326, 17.582808326, 17.582808326, 17.582808326, 17.582808326, 17.582808326, 17.582808326, 17.582808326, 17.582808326, 17.582808326, 17.582808326, 17.582808326, 17.582808326, 17.582808326, 17.582808326, 17.582808326, 17.582808326, 17.582808326, 17.582808326, 17.582808326, 17.582808326, 17.582808326, 17.582808326, 17.582808326, 17.582808326, 17.582808326, 17.582808326, 856.317340388, 856.317340388, 856.317340388, 856.317340388, 856.317340388, 856.317340388, 856.317340388, 856.317340388, 856.317340388, 856.317340388, 856.317340388, 856.317340388, 856.317340388, 856.317340388, 856.317340388, 856.317340388, 856.317340388, 856.317340388, 856.317340388, 856.317340388, 856.317340388, 856.317340388, 856.317340388, 856.317340388, 856.317340388, 856.317340388, 856.317340388, 856.317340388, 856.317340388, 856.317340388], "time_cpu_usage_count": [1681782913.0, 1681782914.0, 1681782915.0, 1681782916.0, 1681782917.0, 1681782918.0, 1681782919.0, 1681782920.0, 1681782921.0, 1681782922.0, 1681782923.0, 1681782924.0, 1681782925.0, 1681782926.0, 1681782927.0, 1681782928.0, 1681782929.0, 1681782930.0, 1681782931.0, 1681782932.0, 1681782933.0, 1681782934.0, 1681782935.0, 1681782936.0, 1681782937.0, 1681782938.0, 1681782939.0, 1681782940.0, 1681782941.0, 1681782942.0, 1681782943.0, 1681782944.0, 1681782945.0, 1681782946.0, 1681782947.0, 1681782948.0, 1681782949.0, 1681782950.0, 1681782951.0, 1681782952.0, 1681782953.0, 1681782954.0, 1681782955.0, 1681782956.0, 1681782957.0, 1681782958.0, 1681782959.0, 1681782960.0, 1681782961.0, 1681782962.0, 1681782963.0, 1681782964.0, 1681782965.0, 1681782966.0, 1681782967.0, 1681782968.0, 1681782969.0, 1681782970.0, 1681782971.0, 1681782972.0], "cpu_usage_rate": [7.3472923422833984, 7.580274156745064, 7.813255971206732, 8.046237785668398, 8.279219600130066, 8.51220141459173, 8.7451832290534, 8.978165043515066, 9.21114685797673, 9.4441286724384, 9.677110486900064, 9.910092301361733, 10.143074115823397, 10.376055930285066, 10.60903774474673, 10.8420195592084, 11.075001373670064, 11.307983188131733, 11.540965002593397, 11.773946817055066, 12.00692863151673, 12.2399104459784, 12.472892260440064, 12.705874074901732, 12.938855889363397, 13.171837703825066, 13.40481951828673, 13.6378013327484, 13.870783147210064, 14.10376496167173, 14.336746776133399, 14.569728590595066, 14.80271040505673, 10.630705053491669, 10.630705053491669, 10.630705053491669, 10.630705053491669, 10.630705053491669, 10.630705053491669, 10.630705053491669, 10.630705053491669, 10.630705053491669, 10.630705053491669, 10.630705053491669, 10.630705053491669, 10.630705053491669, 10.630705053491669, 10.630705053491669, 10.630705053491669, 10.630705053491669, 10.630705053491669, 10.630705053491669, 10.630705053491669, 10.630705053491669, 10.630705053491669, 10.630705053491669, 10.630705053491669, 10.630705053491669, 10.630705053491669, 10.630705053491669, 10.630705053491669, 10.630705053491669, 10.630705053491669, 10.630705053491669, 10.630705053491669, 10.630705053491669, 10.630705053491669, 10.630705053491669, 10.630705053491669, 10.630705053491669, 10.630705053491669, 10.630705053491669, 10.630705053491669, 10.630705053491669, 10.630705053491669, 10.630705053491669, 10.630705053491669, 10.630705053491669, 10.630705053491669, 10.630705053491669, 10.630705053491669, 10.630705053491669, 10.630705053491669, 10.630705053491669, 10.630705053491669, 10.630705053491669, 10.630705053491669, 10.630705053491669, 10.630705053491669, 10.505848959519938], "time_cpu_usage_rate": [1681782943.0, 1681782944.0, 1681782945.0, 1681782946.0, 1681782947.0, 1681782948.0, 1681782949.0, 1681782950.0, 1681782951.0, 1681782952.0, 1681782953.0, 1681782954.0, 1681782955.0, 1681782956.0, 1681782957.0, 1681782958.0, 1681782959.0, 1681782960.0, 1681782961.0, 1681782962.0, 1681782963.0, 1681782964.0, 1681782965.0, 1681782966.0, 1681782967.0, 1681782968.0, 1681782969.0, 1681782970.0, 1681782971.0, 1681782972.0, 1681782973.0, 1681782974.0, 1681782975.0, 1681782976.0, 1681782977.0, 1681782978.0, 1681782979.0, 1681782980.0, 1681782981.0, 1681782982.0, 1681782983.0, 1681782984.0, 1681782985.0, 1681782986.0, 1681782987.0, 1681782988.0, 1681782989.0, 1681782990.0, 1681782991.0, 1681782992.0, 1681782993.0, 1681782994.0, 1681782995.0, 1681782996.0, 1681782997.0, 1681782998.0, 1681782999.0, 1681783000.0, 1681783001.0, 1681783002.0, 1681783003.0, 1681783004.0, 1681783005.0, 1681783006.0, 1681783007.0, 1681783008.0, 1681783009.0, 1681783010.0, 1681783011.0, 1681783012.0, 1681783013.0, 1681783014.0, 1681783015.0, 1681783016.0, 1681783017.0, 1681783018.0, 1681783019.0, 1681783020.0, 1681783021.0, 1681783022.0, 1681783023.0, 1681783024.0, 1681783025.0, 1681783026.0, 1681783027.0, 1681783028.0, 1681783029.0, 1681783030.0, 1681783031.0, 1681783032.0], "cpu_throttled_count": [2.527902307, 2.527902307, 2.527902307, 2.527902307, 2.527902307, 2.527902307, 2.527902307, 2.527902307, 2.527902307, 2.527902307, 2.527902307, 2.527902307, 2.527902307, 2.527902307, 2.527902307, 2.527902307, 2.527902307, 2.527902307, 2.527902307, 2.527902307, 2.527902307, 2.527902307, 2.527902307, 2.527902307, 2.527902307, 2.527902307, 2.527902307, 2.527902307, 2.527902307, 2.527902307, 4.377502748, 4.377502748, 4.377502748, 4.377502748, 4.377502748, 4.377502748, 4.377502748, 4.377502748, 4.377502748, 4.377502748, 4.377502748, 4.377502748, 4.377502748, 4.377502748, 4.377502748, 4.377502748, 4.377502748, 4.377502748, 4.377502748, 4.377502748, 4.377502748, 4.377502748, 4.377502748, 4.377502748, 4.377502748, 4.377502748, 4.377502748, 4.377502748, 4.377502748, 4.377502748], "time_cpu_throttled_count": [1681782913.0, 1681782914.0, 1681782915.0, 1681782916.0, 1681782917.0, 1681782918.0, 1681782919.0, 1681782920.0, 1681782921.0, 1681782922.0, 1681782923.0, 1681782924.0, 1681782925.0, 1681782926.0, 1681782927.0, 1681782928.0, 1681782929.0, 1681782930.0, 1681782931.0, 1681782932.0, 1681782933.0, 1681782934.0, 1681782935.0, 1681782936.0, 1681782937.0, 1681782938.0, 1681782939.0, 1681782940.0, 1681782941.0, 1681782942.0, 1681782943.0, 1681782944.0, 1681782945.0, 1681782946.0, 1681782947.0, 1681782948.0, 1681782949.0, 1681782950.0, 1681782951.0, 1681782952.0, 1681782953.0, 1681782954.0, 1681782955.0, 1681782956.0, 1681782957.0, 1681782958.0, 1681782959.0, 1681782960.0, 1681782961.0, 1681782962.0, 1681782963.0, 1681782964.0, 1681782965.0, 1681782966.0, 1681782967.0, 1681782968.0, 1681782969.0, 1681782970.0, 1681782971.0, 1681782972.0],