{"cpu_usage_count": [15.334450945, 15.334450945, 15.334450945, 15.334450945, 15.334450945, 15.334450945, 15.334450945, 15.334450945, 15.334450945, 15.334450945, 15.334450945, 15.334450945, 15.334450945, 15.334450945, 15.334450945, 15.334450945, 15.334450945, 15.334450945, 15.334450945, 15.334450945, 15.334450945, 15.334450945, 15.334450945, 15.334450945, 15.334450945, 15.334450945, 15.334450945, 15.334450945, 15.334450945, 15.334450945], "time_cpu_usage_count": [1681783183.0, 1681783184.0, 1681783185.0, 1681783186.0, 1681783187.0, 1681783188.0, 1681783189.0, 1681783190.0, 1681783191.0, 1681783192.0, 1681783193.0, 1681783194.0, 1681783195.0, 1681783196.0, 1681783197.0, 1681783198.0, 1681783199.0, 1681783200.0, 1681783201.0, 1681783202.0, 1681783203.0, 1681783204.0, 1681783205.0, 1681783206.0, 1681783207.0, 1681783208.0, 1681783209.0, 1681783210.0, 1681783211.0, 1681783212.0], "cpu_usage_rate": [4.728517718189317, 4.881469894675151, 5.034422071160984, 5.187374247646816, 5.34032642413265, 5.493278600618483, 5.646230777104317, 5.799182953590149, 5.952135130075983, 6.105087306561816, 6.25803948304765, 6.410991659533482, 6.563943836019317, 6.716896012505149, 6.869848188990983, 7.022800365476815, 7.17575254196265, 7.328704718448483, 7.481656894934316, 7.634609071420149, 7.787561247905983, 7.940513424391816, 8.093465600877648, 8.246417777363483, 8.399369953849316, 8.552322130335149, 8.705274306820984, 8.858226483306817, 9.011178659792648, 9.164130836278483, 9.317083012764318, 9.470035189250149, 9.622987365735982, 6.884072741404166, 6.884072741404166, 6.884072741404166, 6.884072741404166, 6.884072741404166, 6.884072741404166, 6.884072741404166, 6.884072741404166, 6.884072741404166, 6.884072741404166, 6.884072741404166, 6.884072741404166, 6.884072741404166, 6.884072741404166, 6.884072741404166, 6.884072741404166, 6.884072741404166, 6.884072741404166, 6.884072741404166, 6.884072741404166, 6.884072741404166, 6.884072741404166, 6.884072741404166, 6.884072741404166, 6.884072741404166, 6.884072741404166, 6.884072741404166, 6.884072741404166, 6.884072741404166, 6.884072741404166, 6.884072741404166, 6.884072741404166, 6.884072741404166, 6.884072741404166, 6.884072741404166, 6.884072741404166, 6.884072741404166, 6.884072741404166, 6.884072741404166, 6.884072741404166, 6.884072741404166, 6.884072741404166, 6.884072741404166, 6.884072741404166, 6.884072741404166, 6.884072741404166, 6.884072741404166, 6.884072741404166, 6.884072741404166, 6.884072741404166, 6.884072741404166, 6.884072741404166, 6.884072741404166, 6.884072741404166, 6.884072741404166, 6.884072741404166, 6.884072741404166], "time_cpu_usage_rate": [1681783123.0, 1681783124.0, 1681783125.0, 1681783126.0, 1681783127.0, 1681783128.0, 1681783129.0, 1681783130.0, 1681783131.0, 1681783132.0, 1681783133.0, 1681783134.0, 1681783135.0, 1681783136.0, 1681783137.0, 1681783138.0, 1681783139.0, 1681783140.0, 1681783141.0, 1681783142.0, 1681783143.0, 1681783144.0, 1681783145.0, 1681783146.0, 1681783147.0, 1681783148.0, 1681783149.0, 1681783150.0, 1681783151.0, 1681783152.0, 1681783153.0, 1681783154.0, 1681783155.0, 1681783156.0, 1681783157.0, 1681783158.0, 1681783159.0, 1681783160.0, 1681783161.0, 1681783162.0, 1681783163.0, 1681783164.0, 1681783165.0, 1681783166.0, 1681783167.0, 1681783168.0, 1681783169.0, 1681783170.0, 1681783171.0, 1681783172.0, 1681783173.0, 1681783174.0, 1681783175.0, 1681783176.0, 1681783177.0, 1681783178.0, 1681783179.0, 1681783180.0, 1681783181.0, 1681783182.0, 1681783183.0, 1681783184.0, 1681783185.0, 1681783186.0, 1681783187.0, 1681783188.0, 1681783189.0, 1681783190.0, 1681783191.0, 1681783192.0, 1681783193.0, 1681783194.0, 1681783195.0, 1681783196.0, 1681783197.0, 1681783198.0, 1681783199.0, 1681783200.0, 1681783201.0, 1681783202.0, 1681783203.0, 1681783204.0, 1681783205.0, 1681783206.0, 1681783207.0, 1681783208.0, 1681783209.0, 1681783210.0, 1681783211.0, 1681783212.0], "cpu_throttled_count": [2.467869528, 2.467869528, 2.467869528, 2.467869528, 2.467869528, 2.467869528, 2.467869528, 2.467869528, 2.467869528, 2.467869528, 2.467869528, 2.467869528, 2.467869528, 2.467869528, 2.467869528, 2.467869528, 2.467869528, 2.467869528, 2.467869528, 2.467869528, 2.467869528, 2.467869528, 2.467869528, 2.467869528, 2.467869528, 2.467869528, 2.467869528, 2.467869528, 2.467869528, 2.467869528], "time_cpu_throttled_count": [1681783183.0, 1681783184.0, 1681783185.0, 1681783186.0, 1681783187.0, 1681783188.0, 1681783189.0, 1681783190.0, 1681783191.0, 1681783192.0, 1681783193.0, 1681783194.0, 1681783195.0, 1681783196.0, 1681783197.0, 1681783198.0, 1681783199.0, 1681783200.0, 1681783201.0, 1681783202.0, 1681783203.0, 1681783204.0, 1681783205.0, 1681783206.0, 1681783207.0, 1681783208.0, 1681783209.0, 1681783210.0, 1681783211.0, 1681783212.0], "cpu_throttled_rate": [0.01864154254946583, 0.019244692080299167, 0.0198478416111325, 0.020450991141965833, 0.021054140672799166, 0.021657290203632495, 0.022260439734465832, 0.022863589265299165, 0.023466738796132498, 0.02406988832696583, 0.024673037857799167, 0.025276187388632496, 0.02587933691946583, 0.026482486450299162, 0.0270856359811325, 0.02768878551196583, 0.028291935042799164, 0.028895084573632497, 0.02949823410446583, 0.030101383635299166, 0.030704533166132496, 0.031307682696965836, 0.03191083222779916, 0.032513981758632494, 0.03311713128946583, 0.03372028082029917, 0.03432343035113249, 0.034926579881965826, 0.035529729412799166, 0.0361328789436325, 0.03673602847446584, 0.037339178005299165, 0.03794232753613249, 0.0271417288875, 0.0271417288875, 0.0271417288875, 0.0271417288875, 0.0271417288875, 0.0271417288875, 0.0271417288875, 0.0271417288875, 0.0271417288875, 0.0271417288875, 0.0271417288875, 0.0271417288875, 0.0271417288875, 0.0271417288875, 0.0271417288875, 0.0271417288875, 0.0271417288875, 0.0271417288875, 0.0271417288875, 0.0271417288875, 0.0271417288875, 0.0271417288875, 0.0271417288875, 0.0271417288875, 0.0271417288875, 0.0271417288875, 0.0271417288875, 0.0271417288875, 0.0271417288875, 0.0271417288875, 0.0271417288875, 0.0271417288875, 0.0271417288875, 0.0271417288875, 0.0271417288875, 0.0271417288875, 0.0271417288875, 0.0271417288875, 0.0271417288875, 0.0271417288875, 0.0271417288875, 0.0271417288875, 0.0271417288875, 0.0271417288875, 0.0271417288875, 0.0271417288875, 0.0271417288875, 0.0271417288875, 0.0271417288875, 0.0271417288875, 0.0271417288875, 0.0271417288875, 0.0271417288875, 0.0271417288875, 0.0271417288875, 0.0271417288875, 0.0271417288875], "time_cpu_throttled_rate": [1681783123.0, 1681783124.0, 1681783125.0, 1681783126.0, 1681783127.0, 1681783128.0, 1681783129.0, 1681783130.0, 1681783131.0, 1681783132.0, 1681783133.0, 1681783134.0, 1681783135.0, 1681783136.0, 1681783137.0, 1681783138.0, 1681783139.0, 1681783140.0, 1681783141.0, 1681783142.0, 1681783143.0, 1681783144.0, 1681783145.0, 1681783146.0, 1681783147.0, 1681783148.0, 1681783149.0, 1681783150.0, 1681783151.0, 1681783152.0, 1681783153.0, 1681783154.0, 1681783155.0, 1681783156.0, 1681783157.0, 1681783158.0, 1681783159.0, 1681783160.0, 1681783161.0, 1681783162.0, 1681783163.0, 1681783164.0, 1681783165.0, 1681783166.0, 1681783167.0, 1681783168.0, 1681783169.0, 1681783170.0, 1681783171.0, 1681783172.0, 1681783173.0, 1681783174.0, 1681783175.0, 1681783176.0, 1681783177.0, 1681783178.0, 1681783179.0, 1681783180.0, 1681783181.0, 1681783182.0, 1681783183.0, 1681783184.0, 1681783185.0, 1681783186.0, 1681783187.0, 1681783188.0, 1681783189.0, 1681783190.0, 1681783191.0, 1681783192.0, 1681783193.0, 1681783194.0, 1681783195.0, 1681783196.0, 1681783197.0, 1681783198.0, 1681783199.0, 1681783200.0, 1681783201.0, 1681783202.0, 1681783203.0, 1681783204.0, 1681783205.0, 1681783206.0, 1681783207.0, 1681783208.0, 1681783209.0, 1681783210.0, 1681783211.0, 1681783212.0],