{"cpu_usage_count": [12.419058171, 12.419058171, 12.419058171, 12.419058171, 12.419058171, 12.419058171, 12.419058171, 12.419058171, 12.419058171, 12.419058171, 12.419058171, 12.419058171, 12.419058171, 12.419058171, 12.419058171, 12.419058171], "time_cpu_usage_count": [1681785793.0, 1681785794.0, 1681785795.0, 1681785796.0, 1681785797.0, 1681785798.0, 1681785799.0, 1681785800.0, 1681785801.0, 1681785802.0, 1681785803.0, 1681785804.0, 1681785805.0, 1681785806.0, 1681785807.0, 1681785808.0], "cpu_usage_rate": [1.0280568767730223, 1.0612755583952445, 1.0944942400174669, 1.1277129216396888, 1.1609316032619112, 1.1941502848841334, 1.2273689665063556, 1.260587648128578, 1.2938063297508002, 1.3270250113730222, 1.3602436929952444, 1.3934623746174668, 1.426681056239689, 1.4598997378619112, 1.4931184194841334, 1.5263371011063558, 1.5595557827285778, 1.5927744643508002, 1.6259931459730224, 1.6592118275952445, 1.6924305092174667, 1.725649190839689, 1.7588678724619113, 1.7920865540841333, 1.8253052357063557, 1.858523917328578, 1.8917425989508, 1.9249612805730223, 1.9581799621952447, 1.9913986438174667, 2.7931703576752245, 2.8390075073263357, 2.884844656977447, 2.9306818066285576, 2.9765189562796692, 3.0223561059307804, 3.0681932555818907, 3.114030405233002, 3.1598675548841135, 3.2057047045352243, 3.2515418541863355, 3.2973790038374466, 3.343216153488558, 3.389053303139669, 3.4348904527907798, 3.4807276024418914, 3.526564752093002, 3.5724019017441133, 3.618239051395224, 3.6640762010463357, 3.709913350697447, 3.7557505003485576, 3.8015876499996684, 3.8474247996507804, 3.8932619493018907, 3.939099098953002, 3.984936248604113, 4.030773398255224, 4.076610547906336, 4.122447697557447, 4.168284847208558, 4.214121996859669, 4.259959146510779, 3.4391533077083336, 3.4391533077083336, 3.4391533077083336, 3.4391533077083336, 3.4391533077083336, 3.4391533077083336, 3.4391533077083336, 3.4391533077083336, 3.4391533077083336, 3.4391533077083336, 3.4391533077083336, 3.4391533077083336, 3.4391533077083336, 3.4391533077083336, 3.4391533077083336, 3.4391533077083336, 3.4391533077083336, 3.4391533077083336, 3.4391533077083336, 3.4391533077083336, 3.4391533077083336, 3.4391533077083336, 3.4391533077083336, 3.4391533077083336, 3.4391533077083336, 3.4391533077083336, 3.4391533077083336, 3.628430328141667, 3.628430328141667, 3.628430328141667, 3.628430328141667, 3.628430328141667, 3.628430328141667, 3.628430328141667, 3.628430328141667, 3.628430328141667, 3.628430328141667, 3.628430328141667, 3.628430328141667, 3.628430328141667, 3.5712290509242406, 3.512773433244241, 3.4543178155642407, 3.3958621978842407, 3.3374065802042403, 3.278950962524241, 3.2204953448442404, 3.162039727164241, 3.1035841094842405, 3.045128491804241, 2.9866728741242405, 2.9282172564442406, 2.86976163876424, 2.8113060210842407, 2.7528504034042403, 2.6943947857242407, 2.6359391680442403], "time_cpu_usage_rate": [1681785673.0, 1681785674.0, 1681785675.0, 1681785676.0, 1681785677.0, 1681785678.0, 1681785679.0, 1681785680.0, 1681785681.0, 1681785682.0, 1681785683.0, 1681785684.0, 1681785685.0, 1681785686.0, 1681785687.0, 1681785688.0, 1681785689.0, 1681785690.0, 1681785691.0, 1681785692.0, 1681785693.0, 1681785694.0, 1681785695.0, 1681785696.0, 1681785697.0, 1681785698.0, 1681785699.0, 1681785700.0, 1681785701.0, 1681785702.0, 1681785703.0, 1681785704.0, 1681785705.0, 1681785706.0, 1681785707.0, 1681785708.0, 1681785709.0, 1681785710.0, 1681785711.0, 1681785712.0, 1681785713.0, 1681785714.0, 1681785715.0, 1681785716.0, 1681785717.0, 1681785718.0, 1681785719.0, 1681785720.0, 1681785721.0, 1681785722.0, 1681785723.0, 1681785724.0, 1681785725.0, 1681785726.0, 1681785727.0, 1681785728.0, 1681785729.0, 1681785730.0, 1681785731.0, 1681785732.0, 1681785733.0, 1681785734.0, 1681785735.0, 1681785736.0, 1681785737.0, 1681785738.0, 1681785739.0, 1681785740.0, 1681785741.0, 1681785742.0, 1681785743.0, 1681785744.0, 1681785745.0, 1681785746.0, 1681785747.0, 1681785748.0, 1681785749.0, 1681785750.0, 1681785751.0, 1681785752.0, 1681785753.0, 1681785754.0, 1681785755.0, 1681785756.0, 1681785757.0, 1681785758.0, 1681785759.0, 1681785760.0, 1681785761.0, 1681785762.0, 1681785763.0, 1681785764.0, 1681785765.0, 1681785766.0, 1681785767.0, 1681785768.0, 1681785769.0, 1681785770.0, 1681785771.0, 1681785772.0, 1681785773.0, 1681785774.0, 1681785775.0, 1681785776.0, 1681785777.0, 1681785778.0, 1681785779.0, 1681785780.0, 1681785781.0, 1681785782.0, 1681785783.0, 1681785784.0, 1681785785.0, 1681785786.0, 1681785787.0, 1681785788.0, 1681785789.0, 1681785790.0, 1681785791.0, 1681785792.0], "cpu_throttled_count": [15.978476011, 15.978476011, 15.978476011, 15.978476011, 15.978476011, 15.978476011, 15.978476011, 15.978476011, 15.978476011, 15.978476011, 15.978476011, 15.978476011, 15.978476011, 15.978476011, 15.978476011, 15.978476011], "time_cpu_throttled_count": [1681785793.0, 1681785794.0, 1681785795.0, 1681785796.0, 1681785797.0, 1681785798.0, 1681785799.0, 1681785800.0, 1681785801.0, 1681785802.0, 1681785803.0, 1681785804.0, 1681785805.0, 1681785806.0, 1681785807.0, 1681785808.0], "cpu_throttled_rate": [0.12767769215746083, 0.13180872047329417, 0.1359397487891275, 0.14007077710496083, 0.14420180542079417, 0.14833283373662748, 0.15246386205246082, 0.15659489036829416, 0.1607259186841275, 0.1648569469999608, 0.16898797531579415, 0.1731190036316275, 0.17725003194746083, 0.18138106026329412, 0.18551208857912746, 0.18964311689496077, 0.19377414521079414, 0.19790517352662748, 0.2020362018424608, 0.20616723015829413, 0.21029825847412745, 0.21442928678996082, 0.21856031510579413, 0.22269134342162747, 0.22682237173746078, 0.23095340005329415, 0.23508442836912746, 0.2392154566849608, 0.24334648500079412, 0.24747751331662746, 0.1309666494161346, 0.13311692195321792, 0.13526719449030125, 0.13741746702738458, 0.1395677395644679, 0.14171801210155124, 0.14386828463863457, 0.1460185571757179, 0.14816882971280124, 0.15031910224988457, 0.1524693747869679, 0.15461964732405123, 0.1567699198611346, 0.15892019239821792, 0.16107046493530125, 0.16322073747238458, 0.1653710100094679, 0.16752128254655124, 0.1696715550836346, 0.1718218276207179, 0.17397210015780123, 0.17612237269488457, 0.17827264523196792, 0.18042291776905123, 0.18257319030613456, 0.1847234628432179, 0.18687373538030125, 0.18902400791738458, 0.1911742804544679, 0.19332455299155124, 0.1954748255286346, 0.1976250980657179, 0.19977537060280123, 0.16127044028125, 0.16127044028125, 0.16127044028125, 0.16127044028125, 0.16127044028125, 0.16127044028125, 0.16127044028125, 0.16127044028125, 0.16127044028125, 0.16127044028125, 0.16127044028125, 0.16127044028125, 0.16127044028125, 0.16127044028125, 0.16127044028125, 0.16127044028125, 0.16127044028125, 0.16127044028125, 0.16127044028125, 0.16127044028125, 0.16127044028125, 0.16127044028125, 0.16127044028125, 0.16127044028125, 0.16127044028125, 0.16127044028125, 0.16127044028125, 0.012560005175191685, 0.012390488416858353, 0.012220971658525018, 0.012051454900191685, 0.01188193814185835, 0.011712421383525018, 0.011542904625191686, 0.01137338786685835, 0.011203871108525018, 0.011034354350191684, 0.010864837591858351, 0.010695320833525016, 0.010525804075191682, 0.010356287316858349, 0.010186770558525017, 0.010017253800191684, 0.009847737041858349, 0.009678220283525015, 0.00950870352519168, 0.009339186766858347, 0.009169670008525014, 0.00900015325019168, 0.008830636491858347, 0.008661119733525013, 0.008491602975191682, 0.008322086216858347, 0.008152569458525013, 0.00798305270019168, 0.007813535941858346, 0.007644019183525012],