{"cpu_usage_count": [10.669838681, 10.669838681, 10.669838681, 10.669838681, 10.669838681, 10.669838681, 10.669838681, 10.669838681, 10.669838681, 10.669838681, 10.669838681, 10.669838681, 10.669838681, 10.669838681, 10.669838681, 10.669838681, 10.669838681, 10.669838681, 10.669838681, 10.669838681, 10.669838681, 10.669838681, 10.669838681, 10.669838681, 10.669838681, 10.669838681, 10.669838681, 10.669838681, 10.669838681, 10.669838681], "time_cpu_usage_count": [1681785913.0, 1681785914.0, 1681785915.0, 1681785916.0, 1681785917.0, 1681785918.0, 1681785919.0, 1681785920.0, 1681785921.0, 1681785922.0, 1681785923.0, 1681785924.0, 1681785925.0, 1681785926.0, 1681785927.0, 1681785928.0, 1681785929.0, 1681785930.0, 1681785931.0, 1681785932.0, 1681785933.0, 1681785934.0, 1681785935.0, 1681785936.0, 1681785937.0, 1681785938.0, 1681785939.0, 1681785940.0, 1681785941.0, 1681785942.0], "cpu_usage_rate": [1.1646517612497533, 1.1978096847978092, 1.2309676083458645, 1.2641255318939202, 1.2972834554419754, 1.3304413789900313, 1.3635993025380868, 1.3967572260861423, 1.4299151496341977, 1.4630730731822537, 1.496230996730309, 1.5293889202783646, 1.56254684382642, 1.5957047673744758, 1.6288626909225314, 1.662020614470587, 1.6951785380186424, 1.7283364615666978, 1.7614943851147538, 1.794652308662809, 1.8278102322108647, 1.86096815575892, 1.8941260793069759, 1.9272840028550313, 1.9604419264030868, 1.9935998499511423, 2.026757773499198, 2.059915697047254, 2.0930736205953093, 2.1262315441433643, 2.1593894676914203, 2.192547391239476, 2.225705314787531, 1.6319463778125005, 1.6319463778125005, 1.6319463778125005, 1.6319463778125005, 1.6319463778125005, 1.6319463778125005, 1.6319463778125005, 1.6319463778125005, 1.6319463778125005, 1.6319463778125005, 1.6319463778125005, 1.6319463778125005, 1.6319463778125005, 1.6319463778125005, 1.6319463778125005, 1.6319463778125005, 1.6319463778125005, 1.6319463778125005, 1.6319463778125005, 1.6319463778125005, 1.6319463778125005, 1.6319463778125005, 1.6319463778125005, 1.6319463778125005, 1.6319463778125005, 1.6319463778125005, 1.6319463778125005, 1.6319463778125005, 1.6319463778125005, 1.6319463778125005, 1.6319463778125005, 1.6319463778125005, 1.6319463778125005, 1.6319463778125005, 1.6319463778125005, 1.6319463778125005, 1.6319463778125005, 1.6319463778125005, 1.6319463778125005, 1.6319463778125005, 1.6319463778125005, 1.6319463778125005, 1.6319463778125005, 1.6319463778125005, 1.6319463778125005, 1.6319463778125005, 1.6319463778125005, 1.6319463778125005, 1.6319463778125005, 1.6319463778125005, 1.6319463778125005, 1.6319463778125005, 1.6278219407446917, 1.5946640171966362, 1.5615060936485807, 1.5283481701005253, 1.4951902465524693], "time_cpu_usage_rate": [1681785883.0, 1681785884.0, 1681785885.0, 1681785886.0, 1681785887.0, 1681785888.0, 1681785889.0, 1681785890.0, 1681785891.0, 1681785892.0, 1681785893.0, 1681785894.0, 1681785895.0, 1681785896.0, 1681785897.0, 1681785898.0, 1681785899.0, 1681785900.0, 1681785901.0, 1681785902.0, 1681785903.0, 1681785904.0, 1681785905.0, 1681785906.0, 1681785907.0, 1681785908.0, 1681785909.0, 1681785910.0, 1681785911.0, 1681785912.0, 1681785913.0, 1681785914.0, 1681785915.0, 1681785916.0, 1681785917.0, 1681785918.0, 1681785919.0, 1681785920.0, 1681785921.0, 1681785922.0, 1681785923.0, 1681785924.0, 1681785925.0, 1681785926.0, 1681785927.0, 1681785928.0, 1681785929.0, 1681785930.0, 1681785931.0, 1681785932.0, 1681785933.0, 1681785934.0, 1681785935.0, 1681785936.0, 1681785937.0, 1681785938.0, 1681785939.0, 1681785940.0, 1681785941.0, 1681785942.0, 1681785943.0, 1681785944.0, 1681785945.0, 1681785946.0, 1681785947.0, 1681785948.0, 1681785949.0, 1681785950.0, 1681785951.0, 1681785952.0, 1681785953.0, 1681785954.0, 1681785955.0, 1681785956.0, 1681785957.0, 1681785958.0, 1681785959.0, 1681785960.0, 1681785961.0, 1681785962.0, 1681785963.0, 1681785964.0, 1681785965.0, 1681785966.0, 1681785967.0, 1681785968.0, 1681785969.0, 1681785970.0, 1681785971.0, 1681785972.0], "cpu_throttled_count": [13.662736048, 13.662736048, 13.662736048, 13.662736048, 13.662736048, 13.662736048, 13.662736048, 13.662736048, 13.662736048, 13.662736048, 13.662736048, 13.662736048, 13.662736048, 13.662736048, 13.662736048, 13.662736048, 13.662736048, 13.662736048, 13.662736048, 13.662736048, 13.662736048, 13.662736048, 13.662736048, 13.662736048, 13.662736048, 13.662736048, 13.662736048, 13.662736048, 13.662736048, 13.662736048], "time_cpu_throttled_count": [1681785913.0, 1681785914.0, 1681785915.0, 1681785916.0, 1681785917.0, 1681785918.0, 1681785919.0, 1681785920.0, 1681785921.0, 1681785922.0, 1681785923.0, 1681785924.0, 1681785925.0, 1681785926.0, 1681785927.0, 1681785928.0, 1681785929.0, 1681785930.0, 1681785931.0, 1681785932.0, 1681785933.0, 1681785934.0, 1681785935.0, 1681785936.0, 1681785937.0, 1681785938.0, 1681785939.0, 1681785940.0, 1681785941.0, 1681785942.0], "cpu_throttled_rate": [0.003745788780585021, 0.003827383935585022, 0.003908979090585023, 0.003990574245585023, 0.004072169400585023, 0.004153764555585024, 0.004235359710585025, 0.004316954865585024, 0.004398550020585025, 0.004480145175585025, 0.004561740330585026, 0.004643335485585026, 0.004724930640585027, 0.004806525795585028, 0.0048881209505850275, 0.0049697161055850285, 0.005051311260585029, 0.0051329064155850295, 0.0052145015705850305, 0.005296096725585031, 0.005377691880585031, 0.005459287035585031, 0.005540882190585033, 0.005622477345585033, 0.005704072500585033, 0.005785667655585034, 0.005867262810585034, 0.005948857965585034, 0.006030453120585035, 0.006112048275585035, 0.006193643430585036, 0.006275238585585037, 0.006356833740585036, 0.004895709300000028, 0.004895709300000028, 0.004895709300000028, 0.004895709300000028, 0.004895709300000028, 0.004895709300000028, 0.004895709300000028, 0.004895709300000028, 0.004895709300000028, 0.004895709300000028, 0.004895709300000028, 0.004895709300000028, 0.004895709300000028, 0.004895709300000028, 0.004895709300000028, 0.004895709300000028, 0.004895709300000028, 0.004895709300000028, 0.004895709300000028, 0.004895709300000028, 0.004895709300000028, 0.004895709300000028, 0.004895709300000028, 0.004895709300000028, 0.006290415284415037, 0.006208820129415036, 0.006127224974415036, 0.006045629819415035, 0.005964034664415034, 0.005882439509415035, 0.005800844354415034, 0.005719249199415033, 0.005637654044415033, 0.005556058889415033, 0.005474463734415031, 0.005392868579415031, 0.005311273424415032, 0.005229678269415031, 0.00514808311441503, 0.00506648795941503, 0.004984892804415029, 0.004903297649415029, 0.004821702494415029, 0.004740107339415028, 0.004658512184415028, 0.004576917029415027, 0.004495321874415026, 0.004413726719415026, 0.0043321315644150255, 0.004250536409415025, 0.004168941254415024, 0.004087346099415024, 0.004005750944415023, 0.003924155789415023, 0.0038425606344150223, 0.0037609654794150222, 0.0036793703244150217],