{"cpu_usage_count": [0.074922027, 0.074922027, 0.074922027, 0.074922027, 0.074922027, 0.074922027, 0.074922027, 0.074922027, 0.074922027, 0.074922027, 0.074922027, 0.074922027, 0.074922027, 0.074922027, 0.074922027, 0.074922027, 0.074922027, 0.074922027, 0.074922027, 0.074922027, 0.074922027, 0.074922027, 0.074922027, 0.074922027, 0.074922027, 0.074922027, 0.074922027, 0.074922027, 0.074922027, 0.074922027, 26.731862959, 26.731862959, 26.731862959, 26.731862959, 26.731862959, 26.731862959, 26.731862959, 26.731862959, 26.731862959], "time_cpu_usage_count": [1681786303.0, 1681786304.0, 1681786305.0, 1681786306.0, 1681786307.0, 1681786308.0, 1681786309.0, 1681786310.0, 1681786311.0, 1681786312.0, 1681786313.0, 1681786314.0, 1681786315.0, 1681786316.0, 1681786317.0, 1681786318.0, 1681786319.0, 1681786320.0, 1681786321.0, 1681786322.0, 1681786323.0, 1681786324.0, 1681786325.0, 1681786326.0, 1681786327.0, 1681786328.0, 1681786329.0, 1681786330.0, 1681786331.0, 1681786332.0, 1681786333.0, 1681786334.0, 1681786335.0, 1681786336.0, 1681786337.0, 1681786338.0, 1681786339.0, 1681786340.0, 1681786341.0], "cpu_usage_rate": [0.22948159283203445, 0.23688629864647887, 0.24429100446092333, 0.2516957102753678, 0.2591004160898122, 0.2665051219042567, 0.27390982771870115, 0.2813145335331456, 0.28871923934759003], "time_cpu_usage_rate": [1681786333.0, 1681786334.0, 1681786335.0, 1681786336.0, 1681786337.0, 1681786338.0, 1681786339.0, 1681786340.0, 1681786341.0], "cpu_throttled_count": [0.0, 0.0, 0.0, 0.0, 0.0, 0.0, 0.0, 0.0, 0.0, 0.0, 0.0, 0.0, 0.0, 0.0, 0.0, 0.0, 0.0, 0.0, 0.0, 0.0, 0.0, 0.0, 0.0, 0.0, 0.0, 0.0, 0.0, 0.0, 0.0, 0.0, 4.706026232, 4.706026232, 4.706026232, 4.706026232, 4.706026232, 4.706026232, 4.706026232, 4.706026232, 4.706026232], "time_cpu_throttled_count": [1681786303.0, 1681786304.0, 1681786305.0, 1681786306.0, 1681786307.0, 1681786308.0, 1681786309.0, 1681786310.0, 1681786311.0, 1681786312.0, 1681786313.0, 1681786314.0, 1681786315.0, 1681786316.0, 1681786317.0, 1681786318.0, 1681786319.0, 1681786320.0, 1681786321.0, 1681786322.0, 1681786323.0, 1681786324.0, 1681786325.0, 1681786326.0, 1681786327.0, 1681786328.0, 1681786329.0, 1681786330.0, 1681786331.0, 1681786332.0, 1681786333.0, 1681786334.0, 1681786335.0, 1681786336.0, 1681786337.0, 1681786338.0, 1681786339.0, 1681786340.0, 1681786341.0], "cpu_throttled_rate": [0.040402542431228886, 0.04170977194011779, 0.043017001449006664, 0.04432423095789555, 0.04563146046678444, 0.046938689975673326, 0.04824591948456222, 0.049553148993451104, 0.05086037850234], "time_cpu_throttled_rate": [1681786333.0, 1681786334.0, 1681786335.0, 1681786336.0, 1681786337.0, 1681786338.0, 1681786339.0, 1681786340.0, 1681786341.0], "memory_usage": [9457664.0, 9457664.0, 9457664.0, 9457664.0, 9457664.0, 9457664.0, 9457664.0, 9457664.0, 9457664.0, 9457664.0, 9457664.0, 9457664.0, 9457664.0, 9457664.0, 9457664.0, 9457664.0, 9457664.0, 9457664.0, 9457664.0, 9457664.0, 9457664.0, 9457664.0, 9457664.0, 9457664.0, 9457664.0, 9457664.0, 9457664.0, 9457664.0, 9457664.0, 9457664.0, 4829065216.0, 4829065216.0, 4829065216.0, 4829065216.0, 4829065216.0, 4829065216.0, 4829065216.0, 4829065216.0, 4829065216.0], "time_memory_usage": [1681786303.0, 1681786304.0, 1681786305.0, 1681786306.0, 1681786307.0, 1681786308.0, 1681786309.0, 1681786310.0, 1681786311.0, 1681786312.0, 1681786313.0, 1681786314.0, 1681786315.0, 1681786316.0, 1681786317.0, 1681786318.0, 1681786319.0, 1681786320.0, 1681786321.0, 1681786322.0, 1681786323.0, 1681786324.0, 1681786325.0, 1681786326.0, 1681786327.0, 1681786328.0, 1681786329.0, 1681786330.0, 1681786331.0, 1681786332.0, 1681786333.0, 1681786334.0, 1681786335.0, 1681786336.0, 1681786337.0, 1681786338.0, 1681786339.0, 1681786340.0, 1681786341.0], "throughput": [0.01007698709945901, 0.009738333333333333, 0.011405, 0.010416666666666666, 0.010416666666666666, 0.010416666666666666, 0.010416666666666666, 0.010416666666666666, 0.010416666666666666, 0.026606827093103712, 0.026505357142857143, 0.028291071428571426, 0.030076785714285716, 0.0318625, 0.028125, 0.028125, 0.028125, 0.028125, 0.028125, 0.028125, 0.028125, 0.028125, 0.09459512276385258, 0.09452870370370371, 0.09792376543209877, 0.10131882716049383, 0.1047138888888889, 0.10810895061728394, 0.09930555555555555, 0.09930555555555555, 0.09930555555555555, 0.09930555555555555, 0.09930555555555555, 0.09930555555555555, 0.09930555555555555, 0.09930555555555555, 0.09930555555555555, 0.1785372068074316, 0.18280404252206567, 0.18707087823669966, 0.19133771395133367, 0.19560454966596774, 0.19987138538060173, 0.1875, 0.1875, 0.1875, 0.1875, 0.1875, 0.1875, 0.1875, 0.1875, 0.1875, 0.1875, 0.1875, 0.1875, 0.1875, 0.1875, 0.1875, 0.1875, 0.1875, 0.1875, 0.1875, 0.1875, 0.1875, 0.1875, 0.1875, 0.1875, 0.1875, 0.1875, 0.1875, 0.1875, 0.1875, 0.1875, 0.1875, 0.1875, 0.1875, 0.1875, 0.1875, 0.1875, 0.1875, 0.1875, 0.1875, 0.1875, 0.1875, 0.1875, 0.1875, 0.1875, 0.1875, 0.1875, 0.1875, 0.1875, 0.1875, 0.1875, 0.1875, 0.1875, 0.1875, 0.1875, 0.1875, 0.1875, 0.1875, 0.1875, 0.1875, 0.1875, 0.1875, 0.1875, 0.1875, 0.1875, 0.1875, 0.1875, 0.1875, 0.1875, 0.1875, 0.1875, 0.1875, 0.1875, 0.1875, 0.18888888888888886, 0.18888888888888886, 0.1857885169072988, 0.18128510782662474, 0.1840599026304585, 0.19374999999999998, 0.19374999999999998, 0.19374999999999998, 0.19105156746527652, 0.1856957635591102, 0.1803399596529439, 0.1749841557467776, 0.16962835184061129, 0.17587177019323313, 0.125, 0.125, 0.125, 0.14954394969559612, 0.14398913478202904, 0.13843431986846197, 0.1328795049548949, 0.12732469004132782, 0.12176987512776073, 0.11621506021419364, 0.11066024530062656, 0.10510543038705951], "time_throughput": [1681786200.0, 1681786201.0, 1681786202.0, 1681786203.0, 1681786204.0, 1681786205.0, 1681786206.0, 1681786207.0, 1681786208.0, 1681786209.0, 1681786210.0, 1681786211.0, 1681786212.0, 1681786213.0, 1681786214.0, 1681786215.0, 1681786216.0, 1681786217.0, 1681786218.0, 1681786219.0, 1681786220.0, 1681786221.0, 1681786222.0, 1681786223.0, 1681786224.0, 1681786225.0, 1681786226.0, 1681786227.0, 1681786228.0, 1681786229.0, 1681786230.0, 1681786231.0, 1681786232.0, 1681786233.0, 1681786234.0, 1681786235.0, 1681786236.0, 1681786237.0, 1681786238.0, 1681786239.0, 1681786240.0, 1681786241.0, 1681786242.0, 1681786243.0, 1681786244.0, 1681786245.0, 1681786246.0, 1681786247.0, 1681786248.0, 1681786249.0, 1681786250.0, 1681786251.0, 1681786252.0, 1681786253.0, 1681786254.0, 1681786255.0, 1681786256.0, 1681786257.0, 1681786258.0, 1681786259.0, 1681786260.0, 1681786261.0, 1681786262.0, 1681786263.0, 1681786264.0, 1681786265.0, 1681786266.0, 1681786267.0, 1681786268.0, 1681786269.0, 1681786270.0, 1681786271.0, 1681786272.0, 1681786273.0, 1681786274.0, 1681786275.0, 1681786276.0, 1681786277.0, 1681786278.0, 1681786279.0, 1681786280.0, 1681786281.0, 1681786282.0, 1681786283.0, 1681786284.0, 1681786285.0, 1681786286.0, 1681786287.0, 1681786288.0, 1681786289.0, 1681786290.0, 1681786291.0, 1681786292.0, 1681786293.0, 1681786294.0, 1681786295.0, 1681786296.0, 1681786297.0, 1681786298.0, 1681786299.0, 1681786300.0, 1681786301.0, 1681786302.0, 1681786303.0, 1681786304.0, 1681786305.0, 1681786306.0, 1681786307.0, 1681786308.0, 1681786309.0, 1681786310.0, 1681786311.0, 1681786312.0, 1681786313.0, 1681786314.0, 1681786315.0, 1681786316.0, 1681786317.0, 1681786318.0, 1681786319.0, 1681786320.0, 1681786321.0, 1681786322.0, 1681786323.0, 1681786324.0, 1681786325.0, 1681786326.0, 1681786327.0, 1681786328.0, 1681786329.0, 1681786330.0, 1681786331.0, 1681786332.0, 1681786333.0, 1681786334.0, 1681786335.0, 1681786336.0, 1681786337.0, 1681786338.0, 1681786339.0, 1681786340.0, 1681786341.0], "responses": [], "start_time_experiment": 1681786221.6052015, "end_time_experiment": 1681786341.7345884}