{"cpu_usage_count": [85.61147303, 85.61147303, 85.61147303, 85.61147303, 85.61147303, 85.61147303, 85.61147303, 85.61147303, 85.61147303, 85.61147303, 85.61147303, 85.61147303, 85.61147303, 85.61147303, 85.61147303, 85.61147303, 85.61147303, 85.61147303, 85.61147303, 85.61147303, 85.61147303, 85.61147303, 85.61147303, 85.61147303, 85.61147303, 85.61147303, 85.61147303, 85.61147303, 85.61147303, 85.61147303], "time_cpu_usage_count": [1681786393.0, 1681786394.0, 1681786395.0, 1681786396.0, 1681786397.0, 1681786398.0, 1681786399.0, 1681786400.0, 1681786401.0, 1681786402.0, 1681786403.0, 1681786404.0, 1681786405.0, 1681786406.0, 1681786407.0, 1681786408.0, 1681786409.0, 1681786410.0, 1681786411.0, 1681786412.0, 1681786413.0, 1681786414.0, 1681786415.0, 1681786416.0, 1681786417.0, 1681786418.0, 1681786419.0, 1681786420.0, 1681786421.0, 1681786422.0], "cpu_usage_rate": null, "time_cpu_usage_rate": null, "cpu_throttled_count": [10.588350772, 10.588350772, 10.588350772, 10.588350772, 10.588350772, 10.588350772, 10.588350772, 10.588350772, 10.588350772, 10.588350772, 10.588350772, 10.588350772, 10.588350772, 10.588350772, 10.588350772, 10.588350772, 10.588350772, 10.588350772, 10.588350772, 10.588350772, 10.588350772, 10.588350772, 10.588350772, 10.588350772, 10.588350772, 10.588350772, 10.588350772, 10.588350772, 10.588350772, 10.588350772], "time_cpu_throttled_count": [1681786393.0, 1681786394.0, 1681786395.0, 1681786396.0, 1681786397.0, 1681786398.0, 1681786399.0, 1681786400.0, 1681786401.0, 1681786402.0, 1681786403.0, 1681786404.0, 1681786405.0, 1681786406.0, 1681786407.0, 1681786408.0, 1681786409.0, 1681786410.0, 1681786411.0, 1681786412.0, 1681786413.0, 1681786414.0, 1681786415.0, 1681786416.0, 1681786417.0, 1681786418.0, 1681786419.0, 1681786420.0, 1681786421.0, 1681786422.0], "cpu_throttled_rate": null, "time_cpu_throttled_rate": null, "memory_usage": [5494771712.0, 5494771712.0, 5494771712.0, 5494771712.0, 5494771712.0, 5494771712.0, 5494771712.0, 5494771712.0, 5494771712.0, 5494771712.0, 5494771712.0, 5494771712.0, 5494771712.0, 5494771712.0, 5494771712.0, 5494771712.0, 5494771712.0, 5494771712.0, 5494771712.0, 5494771712.0, 5494771712.0, 5494771712.0, 5494771712.0, 5494771712.0, 5494771712.0, 5494771712.0, 5494771712.0, 5494771712.0, 5494771712.0, 5494771712.0], "time_memory_usage": [1681786393.0, 1681786394.0, 1681786395.0, 1681786396.0, 1681786397.0, 1681786398.0, 1681786399.0, 1681786400.0, 1681786401.0, 1681786402.0, 1681786403.0, 1681786404.0, 1681786405.0, 1681786406.0, 1681786407.0, 1681786408.0, 1681786409.0, 1681786410.0, 1681786411.0, 1681786412.0, 1681786413.0, 1681786414.0, 1681786415.0, 1681786416.0, 1681786417.0, 1681786418.0, 1681786419.0, 1681786420.0, 1681786421.0, 1681786422.0], "throughput": [0.009854728604728604, 0.009558333333333334, 0.011225, 0.012891666666666666, 0.010416666666666666, 0.010416666666666666, 0.010416666666666666, 0.026653493231579905, 0.02653125, 0.028614583333333332, 0.030697916666666665, 0.028125, 0.028125, 0.028125, 0.028125, 0.028125, 0.028125, 0.028125, 0.08607438704889979, 0.0859963768115942, 0.0896195652173913, 0.0932427536231884, 0.0968659420289855, 0.09414808917197454, 0.09407291666666666, 0.09734672619047618, 0.10062053571428572, 0.10389434523809522, 0.09739583333333333, 0.09739583333333333, 0.09739583333333333, 0.09739583333333333, 0.09739583333333333, 0.09739583333333333, 0.09739583333333333, 0.09739583333333333, 0.09739583333333333, 0.09739583333333333, 0.09739583333333333, 0.09739583333333333, 0.09739583333333333, 0.09739583333333333, 0.09739583333333333, 0.09739583333333333, 0.09739583333333333, 0.09739583333333333, 0.09739583333333333, 0.09739583333333333, 0.09739583333333333, 0.09739583333333333, 0.09739583333333333, 0.09739583333333333, 0.09739583333333333, 0.09739583333333333, 0.09739583333333333, 0.09739583333333333, 0.09739583333333333, 0.09739583333333333, 0.09739583333333333, 0.09739583333333333, 0.09739583333333333, 0.09739583333333333, 0.09739583333333333, 0.09739583333333333, 0.09739583333333333, 0.09739583333333333, 0.09739583333333333, 0.09739583333333333, 0.09739583333333333, 0.09739583333333333, 0.09739583333333333, 0.09739583333333333, 0.09739583333333333, 0.09739583333333333, 0.09739583333333333, 0.09739583333333333, 0.09739583333333333, 0.09739583333333333, 0.09739583333333333, 0.09739583333333333, 0.09739583333333333, 0.09739583333333333, 0.09739583333333333, 0.09739583333333333, 0.09739583333333333, 0.09739583333333333, 0.09739583333333333, 0.09739583333333333, 0.09739583333333333, 0.09739583333333333, 0.09739583333333333, 0.09739583333333333, 0.09739583333333333, 0.09739583333333333, 0.09739583333333333, 0.09739583333333333, 0.09739583333333333, 0.09739583333333333, 0.09739583333333333, 0.09739583333333333, 0.09739583333333333, 0.09739583333333333, 0.09739583333333333, 0.09739583333333333, 0.09739583333333333, 0.09739583333333333, 0.09739583333333333, 0.09739583333333333, 0.09739583333333333, 0.09739583333333333, 0.09739583333333333, 0.09739583333333333, 0.09739583333333333, 0.09739583333333333, 0.09739583333333333, 0.09739583333333333, 0.09761904761904759, 0.09716549980552314, 0.09369269878313051, 0.09021989776073788, 0.09123792270531401, 0.08000000000000002, 0.08000000000000002, 0.08616999156515429, 0.08224680750897427, 0.07832362345279428, 0.07440043939661428, 0.07610416666666667, 0.01111111111111111, 0.01111111111111111, 0.01111111111111111, 0.01111111111111111, 0.01111111111111111, 0.01111111111111111, 0.01111111111111111, 0.01111111111111111, 0.011497699486094878, 0.010106259624125712, 0.010858333333333333, 0.0, 0.0, 0.0, 0.0], "time_throughput": [1681786385.0, 1681786386.0, 1681786387.0, 1681786388.0, 1681786389.0, 1681786390.0, 1681786391.0, 1681786392.0, 1681786393.0, 1681786394.0, 1681786395.0, 1681786396.0, 1681786397.0, 1681786398.0, 1681786399.0, 1681786400.0, 1681786401.0, 1681786402.0, 1681786403.0, 1681786404.0, 1681786405.0, 1681786406.0, 1681786407.0, 1681786408.0, 1681786409.0, 1681786410.0, 1681786411.0, 1681786412.0, 1681786413.0, 1681786414.0, 1681786415.0, 1681786416.0, 1681786417.0, 1681786418.0, 1681786419.0, 1681786420.0, 1681786421.0, 1681786422.0, 1681786423.0, 1681786424.0, 1681786425.0, 1681786426.0, 1681786427.0, 1681786428.0, 1681786429.0, 1681786430.0, 1681786431.0, 1681786432.0, 1681786433.0, 1681786434.0, 1681786435.0, 1681786436.0, 1681786437.0, 1681786438.0, 1681786439.0, 1681786440.0, 1681786441.0, 1681786442.0, 1681786443.0, 1681786444.0, 1681786445.0, 1681786446.0, 1681786447.0, 1681786448.0, 1681786449.0, 1681786450.0, 1681786451.0, 1681786452.0, 1681786453.0, 1681786454.0, 1681786455.0, 1681786456.0, 1681786457.0, 1681786458.0, 1681786459.0, 1681786460.0, 1681786461.0, 1681786462.0, 1681786463.0, 1681786464.0, 1681786465.0, 1681786466.0, 1681786467.0, 1681786468.0, 1681786469.0, 1681786470.0, 1681786471.0, 1681786472.0, 1681786473.0, 1681786474.0, 1681786475.0, 1681786476.0, 1681786477.0, 1681786478.0, 1681786479.0, 1681786480.0, 1681786481.0, 1681786482.0, 1681786483.0, 1681786484.0, 1681786485.0, 1681786486.0, 1681786487.0, 1681786488.0, 1681786489.0, 1681786490.0, 1681786491.0, 1681786492.0, 1681786493.0, 1681786494.0, 1681786495.0, 1681786496.0, 1681786497.0, 1681786498.0, 1681786499.0, 1681786500.0, 1681786501.0, 1681786502.0, 1681786503.0, 1681786504.0, 1681786505.0, 1681786506.0, 1681786507.0, 1681786508.0, 1681786509.0, 1681786510.0, 1681786511.0, 1681786512.0, 1681786513.0, 1681786514.0, 1681786515.0, 1681786516.0, 1681786517.0, 1681786518.0, 1681786519.0, 1681786520.0, 1681786521.0, 1681786522.0, 1681786523.0, 1681786524.0, 1681786525.0, 1681786526.0, 1681786527.0], "responses": [], "start_time_experiment": 1681786407.6642573, "end_time_experiment": 1681786527.80058}