{"cpu_usage_count": [31.963508618, 31.963508618, 31.963508618, 31.963508618, 31.963508618, 31.963508618, 31.963508618, 31.963508618, 31.963508618, 31.963508618, 31.963508618, 31.963508618, 31.963508618, 31.963508618, 31.963508618, 31.963508618, 31.963508618, 31.963508618, 31.963508618, 31.963508618, 31.963508618, 31.963508618, 31.963508618, 31.963508618, 31.963508618, 31.963508618, 31.963508618, 31.963508618, 31.963508618, 31.963508618, 1059.980790137, 1059.980790137, 1059.980790137, 1059.980790137, 1059.980790137, 1059.980790137, 1059.980790137, 1059.980790137, 1059.980790137, 1059.980790137, 1059.980790137, 1059.980790137, 1059.980790137, 1059.980790137, 1059.980790137, 1059.980790137, 1059.980790137, 1059.980790137, 1059.980790137, 1059.980790137, 1059.980790137, 1059.980790137, 1059.980790137, 1059.980790137, 1059.980790137, 1059.980790137, 1059.980790137, 1059.980790137, 1059.980790137, 1059.980790137], "time_cpu_usage_count": [1681786723.0, 1681786724.0, 1681786725.0, 1681786726.0, 1681786727.0, 1681786728.0, 1681786729.0, 1681786730.0, 1681786731.0, 1681786732.0, 1681786733.0, 1681786734.0, 1681786735.0, 1681786736.0, 1681786737.0, 1681786738.0, 1681786739.0, 1681786740.0, 1681786741.0, 1681786742.0, 1681786743.0, 1681786744.0, 1681786745.0, 1681786746.0, 1681786747.0, 1681786748.0, 1681786749.0, 1681786750.0, 1681786751.0, 1681786752.0, 1681786753.0, 1681786754.0, 1681786755.0, 1681786756.0, 1681786757.0, 1681786758.0, 1681786759.0, 1681786760.0, 1681786761.0, 1681786762.0, 1681786763.0, 1681786764.0, 1681786765.0, 1681786766.0, 1681786767.0, 1681786768.0, 1681786769.0, 1681786770.0, 1681786771.0, 1681786772.0, 1681786773.0, 1681786774.0, 1681786775.0, 1681786776.0, 1681786777.0, 1681786778.0, 1681786779.0, 1681786780.0, 1681786781.0, 1681786782.0], "cpu_usage_rate": [9.092176494013257, 9.37773684999076, 9.66329720596826, 9.94885756194576, 10.23441791792326, 10.519978273900758, 10.80553862987826, 11.091098985855758, 11.376659341833259, 11.662219697810759, 11.947780053788259, 12.23334040976576, 12.51890076574326, 12.80446112172076, 13.090021477698258, 13.37558183367576, 13.661142189653258, 13.946702545630759, 14.232262901608259, 14.517823257585759, 14.803383613563257, 15.08894396954076, 15.374504325518258, 15.660064681495758, 15.945625037473258, 16.231185393450758, 16.51674574942826, 16.80230610540576, 17.08786646138326, 17.37342681736076, 17.658987173338257, 17.94454752931576, 18.230107885293254, 13.116578590804165, 13.116578590804165, 13.116578590804165, 13.116578590804165, 13.116578590804165, 13.116578590804165, 13.116578590804165, 13.116578590804165, 13.116578590804165, 13.116578590804165, 13.116578590804165, 13.116578590804165, 13.116578590804165, 13.116578590804165, 13.116578590804165, 13.116578590804165, 13.116578590804165, 13.116578590804165, 13.116578590804165, 13.116578590804165, 13.116578590804165, 13.116578590804165, 13.116578590804165, 13.116578590804165, 13.116578590804165, 13.116578590804165, 13.116578590804165, 13.116578590804165, 13.116578590804165, 13.116578590804165, 13.116578590804165, 13.116578590804165, 13.116578590804165, 13.116578590804165, 13.116578590804165, 13.116578590804165, 13.116578590804165, 13.116578590804165, 13.116578590804165, 13.116578590804165, 13.116578590804165, 13.116578590804165, 13.116578590804165, 13.116578590804165, 13.116578590804165, 13.116578590804165, 13.116578590804165, 13.116578590804165, 13.116578590804165, 13.116578590804165, 13.116578590804165, 13.116578590804165, 13.116578590804165, 13.116578590804165, 13.116578590804165, 13.116578590804165, 12.876773132093406], "time_cpu_usage_rate": [1681786753.0, 1681786754.0, 1681786755.0, 1681786756.0, 1681786757.0, 1681786758.0, 1681786759.0, 1681786760.0, 1681786761.0, 1681786762.0, 1681786763.0, 1681786764.0, 1681786765.0, 1681786766.0, 1681786767.0, 1681786768.0, 1681786769.0, 1681786770.0, 1681786771.0, 1681786772.0, 1681786773.0, 1681786774.0, 1681786775.0, 1681786776.0, 1681786777.0, 1681786778.0, 1681786779.0, 1681786780.0, 1681786781.0, 1681786782.0, 1681786783.0, 1681786784.0, 1681786785.0, 1681786786.0, 1681786787.0, 1681786788.0, 1681786789.0, 1681786790.0, 1681786791.0, 1681786792.0, 1681786793.0, 1681786794.0, 1681786795.0, 1681786796.0, 1681786797.0, 1681786798.0, 1681786799.0, 1681786800.0, 1681786801.0, 1681786802.0, 1681786803.0, 1681786804.0, 1681786805.0, 1681786806.0, 1681786807.0, 1681786808.0, 1681786809.0, 1681786810.0, 1681786811.0, 1681786812.0, 1681786813.0, 1681786814.0, 1681786815.0, 1681786816.0, 1681786817.0, 1681786818.0, 1681786819.0, 1681786820.0, 1681786821.0, 1681786822.0, 1681786823.0, 1681786824.0, 1681786825.0, 1681786826.0, 1681786827.0, 1681786828.0, 1681786829.0, 1681786830.0, 1681786831.0, 1681786832.0, 1681786833.0, 1681786834.0, 1681786835.0, 1681786836.0, 1681786837.0, 1681786838.0, 1681786839.0, 1681786840.0, 1681786841.0, 1681786842.0], "cpu_throttled_count": [2.446890027, 2.446890027, 2.446890027, 2.446890027, 2.446890027, 2.446890027, 2.446890027, 2.446890027, 2.446890027, 2.446890027, 2.446890027, 2.446890027, 2.446890027, 2.446890027, 2.446890027, 2.446890027, 2.446890027, 2.446890027, 2.446890027, 2.446890027, 2.446890027, 2.446890027, 2.446890027, 2.446890027, 2.446890027, 2.446890027, 2.446890027, 2.446890027, 2.446890027, 2.446890027, 4.862134811, 4.862134811, 4.862134811, 4.862134811, 4.862134811, 4.862134811, 4.862134811, 4.862134811, 4.862134811, 4.862134811, 4.862134811, 4.862134811, 4.862134811, 4.862134811, 4.862134811, 4.862134811, 4.862134811, 4.862134811, 4.862134811, 4.862134811, 4.862134811, 4.862134811, 4.862134811, 4.862134811, 4.862134811, 4.862134811, 4.862134811, 4.862134811, 4.862134811, 4.862134811], "time_cpu_throttled_count": [1681786723.0, 1681786724.0, 1681786725.0, 1681786726.0, 1681786727.0, 1681786728.0, 1681786729.0, 1681786730.0, 1681786731.0, 1681786732.0, 1681786733.0, 1681786734.0, 1681786735.0, 1681786736.0, 1681786737.0, 1681786738.0, 1681786739.0, 1681786740.0, 1681786741.0, 1681786742.0, 1681786743.0, 1681786744.0, 1681786745.0, 1681786746.0, 1681786747.0, 1681786748.0, 1681786749.0, 1681786750.0, 1681786751.0, 1681786752.0, 1681786753.0, 1681786754.0, 1681786755.0, 1681786756.0, 1681786757.0, 1681786758.0, 1681786759.0, 1681786760.0, 1681786761.0, 1681786762.0, 1681786763.0, 1681786764.0, 1681786765.0, 1681786766.0, 1681786767.0, 1681786768.0, 1681786769.0, 1681786770.0, 1681786771.0, 1681786772.0, 1681786773.0, 1681786774.0, 1681786775.0, 1681786776.0, 1681786777.0, 1681786778.0, 1681786779.0, 1681786780.0, 1681786781.0, 1681786782.0],