{"cpu_usage_count": [101.407903313, 101.407903313, 101.407903313, 101.407903313, 101.407903313, 101.407903313, 101.407903313, 101.407903313, 101.407903313, 101.407903313, 101.407903313, 101.407903313, 101.407903313, 101.407903313, 101.407903313, 101.407903313, 101.407903313, 101.407903313, 101.407903313, 101.407903313, 101.407903313, 101.407903313, 101.407903313, 101.407903313, 101.407903313, 101.407903313, 101.407903313, 101.407903313, 101.407903313, 101.407903313], "time_cpu_usage_count": [1681786903.0, 1681786904.0, 1681786905.0, 1681786906.0, 1681786907.0, 1681786908.0, 1681786909.0, 1681786910.0, 1681786911.0, 1681786912.0, 1681786913.0, 1681786914.0, 1681786915.0, 1681786916.0, 1681786917.0, 1681786918.0, 1681786919.0, 1681786920.0, 1681786921.0, 1681786922.0, 1681786923.0, 1681786924.0, 1681786925.0, 1681786926.0, 1681786927.0, 1681786928.0, 1681786929.0, 1681786930.0, 1681786931.0, 1681786932.0], "cpu_usage_rate": null, "time_cpu_usage_rate": null, "cpu_throttled_count": [1.882859628, 1.882859628, 1.882859628, 1.882859628, 1.882859628, 1.882859628, 1.882859628, 1.882859628, 1.882859628, 1.882859628, 1.882859628, 1.882859628, 1.882859628, 1.882859628, 1.882859628, 1.882859628, 1.882859628, 1.882859628, 1.882859628, 1.882859628, 1.882859628, 1.882859628, 1.882859628, 1.882859628, 1.882859628, 1.882859628, 1.882859628, 1.882859628, 1.882859628, 1.882859628], "time_cpu_throttled_count": [1681786903.0, 1681786904.0, 1681786905.0, 1681786906.0, 1681786907.0, 1681786908.0, 1681786909.0, 1681786910.0, 1681786911.0, 1681786912.0, 1681786913.0, 1681786914.0, 1681786915.0, 1681786916.0, 1681786917.0, 1681786918.0, 1681786919.0, 1681786920.0, 1681786921.0, 1681786922.0, 1681786923.0, 1681786924.0, 1681786925.0, 1681786926.0, 1681786927.0, 1681786928.0, 1681786929.0, 1681786930.0, 1681786931.0, 1681786932.0], "cpu_throttled_rate": null, "time_cpu_throttled_rate": null, "memory_usage": [3331969024.0, 3331969024.0, 3331969024.0, 3331969024.0, 3331969024.0, 3331969024.0, 3331969024.0, 3331969024.0, 3331969024.0, 3331969024.0, 3331969024.0, 3331969024.0, 3331969024.0, 3331969024.0, 3331969024.0, 3331969024.0, 3331969024.0, 3331969024.0, 3331969024.0, 3331969024.0, 3331969024.0, 3331969024.0, 3331969024.0, 3331969024.0, 3331969024.0, 3331969024.0, 3331969024.0, 3331969024.0, 3331969024.0, 3331969024.0], "time_memory_usage": [1681786903.0, 1681786904.0, 1681786905.0, 1681786906.0, 1681786907.0, 1681786908.0, 1681786909.0, 1681786910.0, 1681786911.0, 1681786912.0, 1681786913.0, 1681786914.0, 1681786915.0, 1681786916.0, 1681786917.0, 1681786918.0, 1681786919.0, 1681786920.0, 1681786921.0, 1681786922.0, 1681786923.0, 1681786924.0, 1681786925.0, 1681786926.0, 1681786927.0, 1681786928.0, 1681786929.0, 1681786930.0, 1681786931.0, 1681786932.0], "throughput": [0.009432234432234433, 0.00922, 0.010886666666666666, 0.012553333333333333, 0.010416666666666666, 0.010416666666666666, 0.010416666666666666, 0.010416666666666666, 0.02609311235112851, 0.02602307692307692, 0.02794615384615385, 0.02986923076923077, 0.03179230769230769, 0.028125, 0.028125, 0.028125, 0.028125, 0.028125, 0.0853058319325186, 0.08526086956521738, 0.08888405797101448, 0.09250724637681158, 0.0935315155943545, 0.09347283950617284, 0.0968679012345679, 0.10026296296296296, 0.10365802469135801, 0.09739583333333333, 0.09739583333333333, 0.09739583333333333, 0.09739583333333333, 0.09739583333333333, 0.09739583333333333, 0.09739583333333333, 0.09739583333333333, 0.09739583333333333, 0.09739583333333333, 0.09739583333333333, 0.09739583333333333, 0.09739583333333333, 0.09739583333333333, 0.09739583333333333, 0.09739583333333333, 0.09739583333333333, 0.09739583333333333, 0.09739583333333333, 0.09739583333333333, 0.09739583333333333, 0.09739583333333333, 0.09739583333333333, 0.09739583333333333, 0.09739583333333333, 0.09739583333333333, 0.09739583333333333, 0.09739583333333333, 0.09739583333333333, 0.09739583333333333, 0.09739583333333333, 0.09739583333333333, 0.09739583333333333, 0.09739583333333333, 0.09739583333333333, 0.09739583333333333, 0.09739583333333333, 0.09739583333333333, 0.09739583333333333, 0.09739583333333333, 0.09739583333333333, 0.09739583333333333, 0.09739583333333333, 0.09739583333333333, 0.09739583333333333, 0.09739583333333333, 0.09739583333333333, 0.09739583333333333, 0.09739583333333333, 0.09739583333333333, 0.09739583333333333, 0.09739583333333333, 0.09739583333333333, 0.09739583333333333, 0.09739583333333333, 0.09739583333333333, 0.09739583333333333, 0.09739583333333333, 0.09739583333333333, 0.09739583333333333, 0.09739583333333333, 0.09739583333333333, 0.09739583333333333, 0.09739583333333333, 0.09739583333333333, 0.09739583333333333, 0.09739583333333333, 0.09739583333333333, 0.09739583333333333, 0.09739583333333333, 0.09739583333333333, 0.09739583333333333, 0.09739583333333333, 0.09739583333333333, 0.09739583333333333, 0.09739583333333333, 0.09739583333333333, 0.09739583333333333, 0.09739583333333333, 0.09739583333333333, 0.09739583333333333, 0.09739583333333333, 0.09739583333333333, 0.09739583333333333, 0.09739583333333333, 0.09739583333333333, 0.09739583333333333, 0.09739583333333333, 0.09739583333333333, 0.09761904761904763, 0.09761904761904763, 0.09461997531661821, 0.09099615668149326, 0.09205050505050506, 0.08000000000000002, 0.08000000000000002, 0.08000000000000002, 0.08000000000000002, 0.08433846906334068, 0.07989194957646902, 0.07544543008959738, 0.07722857142857142, 0.011111111111111112, 0.011111111111111112, 0.011111111111111112, 0.011111111111111112, 0.011111111111111112, 0.011111111111111112, 0.011111111111111112, 0.012192657179127413, 0.010522315761341617, 0.011391666666666666, 0.0, 0.0, 0.0], "time_throughput": [1681786896.0, 1681786897.0, 1681786898.0, 1681786899.0, 1681786900.0, 1681786901.0, 1681786902.0, 1681786903.0, 1681786904.0, 1681786905.0, 1681786906.0, 1681786907.0, 1681786908.0, 1681786909.0, 1681786910.0, 1681786911.0, 1681786912.0, 1681786913.0, 1681786914.0, 1681786915.0, 1681786916.0, 1681786917.0, 1681786918.0, 1681786919.0, 1681786920.0, 1681786921.0, 1681786922.0, 1681786923.0, 1681786924.0, 1681786925.0, 1681786926.0, 1681786927.0, 1681786928.0, 1681786929.0, 1681786930.0, 1681786931.0, 1681786932.0, 1681786933.0, 1681786934.0, 1681786935.0, 1681786936.0, 1681786937.0, 1681786938.0, 1681786939.0, 1681786940.0, 1681786941.0, 1681786942.0, 1681786943.0, 1681786944.0, 1681786945.0, 1681786946.0, 1681786947.0, 1681786948.0, 1681786949.0, 1681786950.0, 1681786951.0, 1681786952.0, 1681786953.0, 1681786954.0, 1681786955.0, 1681786956.0, 1681786957.0, 1681786958.0, 1681786959.0, 1681786960.0, 1681786961.0, 1681786962.0, 1681786963.0, 1681786964.0, 1681786965.0, 1681786966.0, 1681786967.0, 1681786968.0, 1681786969.0, 1681786970.0, 1681786971.0, 1681786972.0, 1681786973.0, 1681786974.0, 1681786975.0, 1681786976.0, 1681786977.0, 1681786978.0, 1681786979.0, 1681786980.0, 1681786981.0, 1681786982.0, 1681786983.0, 1681786984.0, 1681786985.0, 1681786986.0, 1681786987.0, 1681786988.0, 1681786989.0, 1681786990.0, 1681786991.0, 1681786992.0, 1681786993.0, 1681786994.0, 1681786995.0, 1681786996.0, 1681786997.0, 1681786998.0, 1681786999.0, 1681787000.0, 1681787001.0, 1681787002.0, 1681787003.0, 1681787004.0, 1681787005.0, 1681787006.0, 1681787007.0, 1681787008.0, 1681787009.0, 1681787010.0, 1681787011.0, 1681787012.0, 1681787013.0, 1681787014.0, 1681787015.0, 1681787016.0, 1681787017.0, 1681787018.0, 1681787019.0, 1681787020.0, 1681787021.0, 1681787022.0, 1681787023.0, 1681787024.0, 1681787025.0, 1681787026.0, 1681787027.0, 1681787028.0, 1681787029.0, 1681787030.0, 1681787031.0, 1681787032.0, 1681787033.0, 1681787034.0, 1681787035.0, 1681787036.0, 1681787037.0], "responses": [], "start_time_experiment": 1681786917.6892695, "end_time_experiment": 1681787037.827672}