{"cpu_usage_count": [13.194640037, 13.194640037, 13.194640037, 13.194640037, 13.194640037, 13.194640037, 13.194640037, 13.194640037, 13.194640037, 13.194640037, 13.194640037, 13.194640037, 13.194640037], "time_cpu_usage_count": [1681789243.0, 1681789244.0, 1681789245.0, 1681789246.0, 1681789247.0, 1681789248.0, 1681789249.0, 1681789250.0, 1681789251.0, 1681789252.0, 1681789253.0, 1681789254.0, 1681789255.0], "cpu_usage_rate": [0.9772633051846941, 1.0037646962005276, 1.0302660872163607, 1.0567674782321943, 1.0832688692480275, 1.1097702602638608, 1.1362716512796942, 1.1627730422955274, 1.1892744333113607, 1.2157758243271943, 1.2422772153430273, 1.2687786063588609, 1.2952799973746942, 1.3217813883905274, 1.3482827794063608, 1.3747841704221941, 1.4012855614380275, 1.4277869524538607, 1.4542883434696943, 1.4807897344855274, 1.5072911255013608, 1.5337925165171942, 1.5602939075330273, 1.5867952985488607, 1.613296689564694, 1.6397980805805275, 1.6662994715963608, 1.6928008626121942, 1.7193022536280271, 1.745803644643861, 1.996781733750243, 2.026968689612326, 2.0571556454744093, 2.087342601336493, 2.117529557198576, 2.1477165130606592, 2.1779034689227426, 2.2080904247848263, 2.238277380646909, 2.2684643365089925, 2.2986512923710762, 2.3288382482331595, 2.3590252040952424, 2.389212159957326, 2.4193991158194095, 2.4495860716814932, 2.4797730275435765, 2.5099599834056594, 2.540146939267743, 2.5703338951298265, 2.6005208509919098, 2.6307078068539926, 2.6608947627160764, 2.6910817185781597, 2.721268674440243, 2.7514556303023263, 2.7816425861644096, 2.811829542026493, 2.8420164978885762, 2.8722034537506596, 2.902390409612743, 2.932577365474826, 2.9627643213369095, 2.422206502714583, 2.422206502714583, 2.422206502714583, 2.422206502714583, 2.422206502714583, 2.422206502714583, 2.422206502714583, 2.422206502714583, 2.422206502714583, 2.422206502714583, 2.422206502714583, 2.422206502714583, 2.422206502714583, 2.422206502714583, 2.422206502714583, 2.422206502714583, 2.422206502714583, 2.422206502714583, 2.422206502714583, 2.422206502714583, 2.422206502714583, 2.417763855861841, 2.3875768999997575, 2.3573899441376738, 2.3272029882755905, 2.297016032413507, 2.266829076551424, 2.477489975408333, 2.475844156134208, 2.441971635425875, 2.4080991147175417, 2.374226594009208, 2.3403540733008747, 2.306481552592542, 2.2726090318842083, 2.238736511175875, 2.204863990467542, 2.1709914697592088, 2.137118949050875, 2.103246428342542, 2.0693739076342084, 2.0355013869258753, 2.001628866217542, 1.9677563455092084, 1.933883824800875, 1.9000113040925417, 1.8661387833842082, 1.8322662626758752, 1.7983937419675415, 1.7645212212592085, 1.730648700550875, 1.6967761798425418, 1.6629036591342083, 1.6290311384258753, 1.5951586177175416, 1.5612860970092084, 1.5274135763008752], "time_cpu_usage_rate": [1681789123.0, 1681789124.0, 1681789125.0, 1681789126.0, 1681789127.0, 1681789128.0, 1681789129.0, 1681789130.0, 1681789131.0, 1681789132.0, 1681789133.0, 1681789134.0, 1681789135.0, 1681789136.0, 1681789137.0, 1681789138.0, 1681789139.0, 1681789140.0, 1681789141.0, 1681789142.0, 1681789143.0, 1681789144.0, 1681789145.0, 1681789146.0, 1681789147.0, 1681789148.0, 1681789149.0, 1681789150.0, 1681789151.0, 1681789152.0, 1681789153.0, 1681789154.0, 1681789155.0, 1681789156.0, 1681789157.0, 1681789158.0, 1681789159.0, 1681789160.0, 1681789161.0, 1681789162.0, 1681789163.0, 1681789164.0, 1681789165.0, 1681789166.0, 1681789167.0, 1681789168.0, 1681789169.0, 1681789170.0, 1681789171.0, 1681789172.0, 1681789173.0, 1681789174.0, 1681789175.0, 1681789176.0, 1681789177.0, 1681789178.0, 1681789179.0, 1681789180.0, 1681789181.0, 1681789182.0, 1681789183.0, 1681789184.0, 1681789185.0, 1681789186.0, 1681789187.0, 1681789188.0, 1681789189.0, 1681789190.0, 1681789191.0, 1681789192.0, 1681789193.0, 1681789194.0, 1681789195.0, 1681789196.0, 1681789197.0, 1681789198.0, 1681789199.0, 1681789200.0, 1681789201.0, 1681789202.0, 1681789203.0, 1681789204.0, 1681789205.0, 1681789206.0, 1681789207.0, 1681789208.0, 1681789209.0, 1681789210.0, 1681789211.0, 1681789212.0, 1681789213.0, 1681789214.0, 1681789215.0, 1681789216.0, 1681789217.0, 1681789218.0, 1681789219.0, 1681789220.0, 1681789221.0, 1681789222.0, 1681789223.0, 1681789224.0, 1681789225.0, 1681789226.0, 1681789227.0, 1681789228.0, 1681789229.0, 1681789230.0, 1681789231.0, 1681789232.0, 1681789233.0, 1681789234.0, 1681789235.0, 1681789236.0, 1681789237.0, 1681789238.0, 1681789239.0, 1681789240.0, 1681789241.0, 1681789242.0], "cpu_throttled_count": [27.79146831, 27.79146831, 27.79146831, 27.79146831, 27.79146831, 27.79146831, 27.79146831, 27.79146831, 27.79146831, 27.79146831, 27.79146831, 27.79146831, 27.79146831], "time_cpu_throttled_count": [1681789243.0, 1681789244.0, 1681789245.0, 1681789246.0, 1681789247.0, 1681789248.0, 1681789249.0, 1681789250.0, 1681789251.0, 1681789252.0, 1681789253.0, 1681789254.0, 1681789255.0], "cpu_throttled_rate": [0.0024992724262886076, 0.002553714503233052, 0.0026081565801774967, 0.002662598657121941, 0.0027170407340663854, 0.0027714828110108293, 0.002825924887955274, 0.0028803669648997184, 0.0029348090418441627, 0.002989251118788607, 0.003043693195733052, 0.0030981352726774957, 0.00315257734962194, 0.0032070194265663844, 0.003261461503510829, 0.0033159035804552735, 0.0033703456573997174, 0.0034247877343441618, 0.0034792298112886065, 0.003533671888233051, 0.003588113965177495, 0.003642556042121939, 0.003696998119066384, 0.003751440196010828, 0.0038058822729552725, 0.003860324349899717, 0.003914766426844162, 0.0039692085037886056, 0.00402365058073305, 0.004078092657677494, 0.006901333173603215, 0.006992251444297659, 0.007083169714992104, 0.00717408798568655, 0.007265006256380994, 0.007355924527075439, 0.007446842797769883, 0.0075377610684643276, 0.0076286793391587724, 0.007719597609853217, 0.007810515880547661, 0.007901434151242108, 0.007992352421936551, 0.008083270692630996, 0.008174188963325441, 0.008265107234019886, 0.00835602550471433, 0.008446943775408776, 0.00853786204610322, 0.008628780316797665, 0.008719698587492108, 0.008810616858186553, 0.008901535128881, 0.008992453399575443, 0.009083371670269886, 0.009174289940964333, 0.009265208211658778, 0.010910192483333365, 0.010910192483333365, 0.010910192483333365, 0.010910192483333365, 0.010910192483333365, 0.010910192483333365, 0.0091912007393135, 0.009100282468619054, 0.009009364197924611, 0.008918445927230166, 0.00882752765653572, 0.008736609385841277, 0.008645691115146832, 0.008554772844452387, 0.008463854573757942, 0.008372936303063497, 0.008282018032369052, 0.008191099761674609, 0.008100181490980162, 0.00800926322028572, 0.007918344949591274, 0.00782742667889683, 0.007736508408202384, 0.00764559013750794, 0.007554671866813496, 0.00746375359611905, 0.007372835325424606, 0.007281917054730161, 0.007190998784035717, 0.0071000805133412705, 0.007009162242646827, 0.006918243971952382, 0.0068273257012579375, 0.009439038054082268, 0.009311643589637823, 0.009184249125193378, 0.009056854660748933, 0.008929460196304488, 0.008802065731860043, 0.008674671267415597, 0.008547276802971153, 0.008419882338526707, 0.008292487874082263, 0.008165093409637818, 0.008037698945193373, 0.007910304480748927, 0.0077829100163044835, 0.007655515551860038, 0.007528121087415593, 0.007400726622971147, 0.007273332158526702, 0.007145937694082257, 0.007018543229637812, 0.006891148765193367, 0.006763754300748922, 0.006636359836304477, 0.006508965371860032, 0.006381570907415588, 0.006254176442971142, 0.006126781978526698, 0.005999387514082252, 0.005871993049637808, 0.005744598585193361],