{"cpu_usage_count": [12.425304465, 12.425304465, 12.425304465, 12.425304465, 12.425304465, 12.425304465, 12.425304465, 12.425304465, 12.425304465, 12.425304465], "time_cpu_usage_count": [1681789603.0, 1681789604.0, 1681789605.0, 1681789606.0, 1681789607.0, 1681789608.0, 1681789609.0, 1681789610.0, 1681789611.0, 1681789612.0], "cpu_usage_rate": [1.1368922455656536, 1.1736335203256532, 1.2103747950856534, 1.2471160698456534, 1.2838573446056534, 1.3205986193656534, 1.3573398941256536, 1.3940811688856531, 1.4308224436456534, 1.4675637184056534, 1.5043049931656534, 1.5410462679256534, 1.5777875426856534, 1.6145288174456534, 1.6512700922056534, 1.6880113669656536, 1.7247526417256533, 1.7614939164856536, 1.7982351912456533, 1.8349764660056533, 1.8717177407656533, 1.9084590155256536, 1.9452002902856533, 1.9819415650456533, 2.0186828398056536, 2.0554241145656533, 2.092165389325653, 2.1289066640856533, 2.1656479388456535, 2.2023892136056533, 2.563353436032102, 2.6054179568502964, 2.6474824776684907, 2.6895469984866853, 2.7316115193048796, 2.773676040123074, 2.815740560941268, 2.8578050817594636, 2.899869602577658, 2.941934123395852, 2.9839986442140463, 3.026063165032241, 3.068127685850435, 3.1101922066686294, 3.152256727486824, 3.1943212483050183, 3.236385769123213, 3.2784502899414076, 3.3205148107596023, 3.3625793315777965, 3.4046438523959908, 3.446708373214185, 3.4887728940323797, 3.530837414850574, 3.572901935668768, 3.614966456486963, 3.6570309773051575, 3.6990954981233517, 3.7411600189415464, 3.783224539759741, 3.8252890605779353, 3.8673535813961295, 3.9094181022143237, 3.1561687279229163, 3.1561687279229163, 3.1561687279229163, 3.1561687279229163, 3.1561687279229163, 3.1561687279229163, 3.1561687279229163, 3.1561687279229163, 3.1561687279229163, 3.1561687279229163, 3.1561687279229163, 3.1561687279229163, 3.1561687279229163, 3.1561687279229163, 3.1561687279229163, 3.1561687279229163, 3.1561687279229163, 3.1561687279229163, 3.1561687279229163, 3.1561687279229163, 3.1561687279229163, 3.1561687279229163, 3.1561687279229163, 3.1561687279229163, 3.1561687279229163, 3.1561687279229163, 3.1561687279229163, 3.236017418795833, 3.236017418795833, 3.236017418795833, 3.236017418795833, 3.236017418795833, 3.236017418795833, 3.226775209913949, 3.1793874430375597, 3.131999676161171, 3.084611909284782, 3.0372241424083932, 2.9898363755320037, 2.9424486086556154, 2.8950608417792267, 2.8476730749028376, 2.8002853080264485, 2.75289754115006, 2.7055097742736707, 2.658122007397282, 2.610734240520893, 2.5633464736445046, 2.5159587067681155, 2.4685709398917264, 2.4211831730153373, 2.3737954061389486, 2.32640763926256, 2.279019872386171, 2.231632105509782, 2.184244338633393, 2.136856571757004], "time_cpu_usage_rate": [1681789483.0, 1681789484.0, 1681789485.0, 1681789486.0, 1681789487.0, 1681789488.0, 1681789489.0, 1681789490.0, 1681789491.0, 1681789492.0, 1681789493.0, 1681789494.0, 1681789495.0, 1681789496.0, 1681789497.0, 1681789498.0, 1681789499.0, 1681789500.0, 1681789501.0, 1681789502.0, 1681789503.0, 1681789504.0, 1681789505.0, 1681789506.0, 1681789507.0, 1681789508.0, 1681789509.0, 1681789510.0, 1681789511.0, 1681789512.0, 1681789513.0, 1681789514.0, 1681789515.0, 1681789516.0, 1681789517.0, 1681789518.0, 1681789519.0, 1681789520.0, 1681789521.0, 1681789522.0, 1681789523.0, 1681789524.0, 1681789525.0, 1681789526.0, 1681789527.0, 1681789528.0, 1681789529.0, 1681789530.0, 1681789531.0, 1681789532.0, 1681789533.0, 1681789534.0, 1681789535.0, 1681789536.0, 1681789537.0, 1681789538.0, 1681789539.0, 1681789540.0, 1681789541.0, 1681789542.0, 1681789543.0, 1681789544.0, 1681789545.0, 1681789546.0, 1681789547.0, 1681789548.0, 1681789549.0, 1681789550.0, 1681789551.0, 1681789552.0, 1681789553.0, 1681789554.0, 1681789555.0, 1681789556.0, 1681789557.0, 1681789558.0, 1681789559.0, 1681789560.0, 1681789561.0, 1681789562.0, 1681789563.0, 1681789564.0, 1681789565.0, 1681789566.0, 1681789567.0, 1681789568.0, 1681789569.0, 1681789570.0, 1681789571.0, 1681789572.0, 1681789573.0, 1681789574.0, 1681789575.0, 1681789576.0, 1681789577.0, 1681789578.0, 1681789579.0, 1681789580.0, 1681789581.0, 1681789582.0, 1681789583.0, 1681789584.0, 1681789585.0, 1681789586.0, 1681789587.0, 1681789588.0, 1681789589.0, 1681789590.0, 1681789591.0, 1681789592.0, 1681789593.0, 1681789594.0, 1681789595.0, 1681789596.0, 1681789597.0, 1681789598.0, 1681789599.0, 1681789600.0, 1681789601.0, 1681789602.0], "cpu_throttled_count": [18.229510301, 18.229510301, 18.229510301, 18.229510301, 18.229510301, 18.229510301, 18.229510301, 18.229510301, 18.229510301, 18.229510301], "time_cpu_throttled_count": [1681789603.0, 1681789604.0, 1681789605.0, 1681789606.0, 1681789607.0, 1681789608.0, 1681789609.0, 1681789610.0, 1681789611.0, 1681789612.0], "cpu_throttled_rate": [0.20450217423289332, 0.2111188686462267, 0.21773556305956002, 0.22435225747289333, 0.23096895188622668, 0.23758564629955997, 0.24420234071289335, 0.25081903512622666, 0.25743572953956, 0.2640524239528933, 0.2706691183662267, 0.27728581277956, 0.28390250719289334, 0.29051920160622663, 0.29713589601956, 0.30375259043289327, 0.3103692848462266, 0.31698597925956, 0.32360267367289336, 0.3302193680862267, 0.33683606249956, 0.34345275691289334, 0.35006945132622663, 0.35668614573956, 0.3633028401528933, 0.36991953456622667, 0.37653622897956, 0.38315292339289336, 0.38976961780622665, 0.39638631221956, 0.20698366362185266, 0.21038201953532487, 0.21378037544879708, 0.21717873136226934, 0.22057708727574152, 0.22397544318921372, 0.22737379910268596, 0.2307721550161582, 0.23417051092963043, 0.23756886684310263, 0.24096722275657484, 0.2443655786700471, 0.2477639345835193, 0.2511622904969915, 0.2545606464104637, 0.257959002323936, 0.2613573582374082, 0.2647557141508804, 0.26815407006435266, 0.2715524259778249, 0.27495078189129707, 0.2783491378047693, 0.28174749371824154, 0.28514584963171374, 0.28854420554518595, 0.29194256145865816, 0.2953409173721304, 0.2987392732856026, 0.3021376291990749, 0.30553598511254704, 0.30893434102601935, 0.3123326969394915, 0.3157310528529637, 0.2548766935104167, 0.2548766935104167, 0.2548766935104167, 0.2548766935104167, 0.2548766935104167, 0.2548766935104167, 0.2548766935104167, 0.2548766935104167, 0.2548766935104167, 0.2548766935104167, 0.2548766935104167, 0.2548766935104167, 0.2548766935104167, 0.2548766935104167, 0.2548766935104167, 0.2548766935104167, 0.2548766935104167, 0.2548766935104167, 0.2548766935104167, 0.2548766935104167, 0.2548766935104167, 0.2548766935104167, 0.2548766935104167, 0.2548766935104167, 0.2548766935104167, 0.2548766935104167, 0.2548766935104167, 0.01333803022668805, 0.013158012813076938, 0.012977995399465826, 0.012797977985854714, 0.012617960572243604, 0.012437943158632494, 0.012257925745021383, 0.012077908331410269, 0.01189789091779916, 0.011717873504188049, 0.011537856090576941, 0.011357838676965827, 0.011177821263354716, 0.010997803849743606, 0.010817786436132496, 0.010637769022521384, 0.010457751608910272, 0.01027773419529916, 0.01009771678168805, 0.009917699368076939, 0.009737681954465829, 0.009557664540854717, 0.009377647127243606, 0.009197629713632496, 0.009017612300021384, 0.008837594886410274, 0.008657577472799162, 0.00847756005918805, 0.00829754264557694, 0.008117525231965829],