{"cpu_usage_count": [0.075325521, 0.075325521, 0.075325521, 0.075325521, 0.075325521, 0.075325521, 0.075325521, 0.075325521, 0.075325521, 0.075325521, 0.075325521, 0.075325521, 0.075325521, 0.075325521, 0.075325521, 0.075325521, 0.075325521, 0.075325521, 0.075325521, 0.075325521, 0.075325521, 0.075325521, 0.075325521, 0.075325521, 0.075325521, 0.075325521, 0.075325521, 0.075325521, 0.075325521, 0.075325521, 24.271682095, 24.271682095, 24.271682095, 24.271682095, 24.271682095, 24.271682095, 24.271682095, 24.271682095, 24.271682095, 24.271682095, 24.271682095, 24.271682095, 24.271682095, 24.271682095, 24.271682095, 24.271682095, 24.271682095, 24.271682095, 24.271682095, 24.271682095, 24.271682095], "time_cpu_usage_count": [1681789753.0, 1681789754.0, 1681789755.0, 1681789756.0, 1681789757.0, 1681789758.0, 1681789759.0, 1681789760.0, 1681789761.0, 1681789762.0, 1681789763.0, 1681789764.0, 1681789765.0, 1681789766.0, 1681789767.0, 1681789768.0, 1681789769.0, 1681789770.0, 1681789771.0, 1681789772.0, 1681789773.0, 1681789774.0, 1681789775.0, 1681789776.0, 1681789777.0, 1681789778.0, 1681789779.0, 1681789780.0, 1681789781.0, 1681789782.0, 1681789783.0, 1681789784.0, 1681789785.0, 1681789786.0, 1681789787.0, 1681789788.0, 1681789789.0, 1681789790.0, 1681789791.0, 1681789792.0, 1681789793.0, 1681789794.0, 1681789795.0, 1681789796.0, 1681789797.0, 1681789798.0, 1681789799.0, 1681789800.0, 1681789801.0, 1681789802.0, 1681789803.0], "cpu_usage_rate": [0.20836015507294942, 0.2150813652323939, 0.22180257539183834, 0.2285237855512828, 0.23524499571072724, 0.2419662058701717, 0.2486874160296161, 0.2554086261890606, 0.262129836348505, 0.26885104650794944, 0.2755722566673939, 0.28229346682683837, 0.2890146769862828, 0.29573588714572724, 0.3024570973051716, 0.3091783074646161, 0.3158995176240606, 0.32262072778350503, 0.32934193794294947, 0.3360631481023939, 0.34278435826183834], "time_cpu_usage_rate": [1681789783.0, 1681789784.0, 1681789785.0, 1681789786.0, 1681789787.0, 1681789788.0, 1681789789.0, 1681789790.0, 1681789791.0, 1681789792.0, 1681789793.0, 1681789794.0, 1681789795.0, 1681789796.0, 1681789797.0, 1681789798.0, 1681789799.0, 1681789800.0, 1681789801.0, 1681789802.0, 1681789803.0], "cpu_throttled_count": [0.0, 0.0, 0.0, 0.0, 0.0, 0.0, 0.0, 0.0, 0.0, 0.0, 0.0, 0.0, 0.0, 0.0, 0.0, 0.0, 0.0, 0.0, 0.0, 0.0, 0.0, 0.0, 0.0, 0.0, 0.0, 0.0, 0.0, 0.0, 0.0, 0.0, 18.641319459, 18.641319459, 18.641319459, 18.641319459, 18.641319459, 18.641319459, 18.641319459, 18.641319459, 18.641319459, 18.641319459, 18.641319459, 18.641319459, 18.641319459, 18.641319459, 18.641319459, 18.641319459, 18.641319459, 18.641319459, 18.641319459, 18.641319459, 18.641319459], "time_cpu_throttled_count": [1681789753.0, 1681789754.0, 1681789755.0, 1681789756.0, 1681789757.0, 1681789758.0, 1681789759.0, 1681789760.0, 1681789761.0, 1681789762.0, 1681789763.0, 1681789764.0, 1681789765.0, 1681789766.0, 1681789767.0, 1681789768.0, 1681789769.0, 1681789770.0, 1681789771.0, 1681789772.0, 1681789773.0, 1681789774.0, 1681789775.0, 1681789776.0, 1681789777.0, 1681789778.0, 1681789779.0, 1681789780.0, 1681789781.0, 1681789782.0, 1681789783.0, 1681789784.0, 1681789785.0, 1681789786.0, 1681789787.0, 1681789788.0, 1681789789.0, 1681789790.0, 1681789791.0, 1681789792.0, 1681789793.0, 1681789794.0, 1681789795.0, 1681789796.0, 1681789797.0, 1681789798.0, 1681789799.0, 1681789800.0, 1681789801.0, 1681789802.0, 1681789803.0], "cpu_throttled_rate": [0.1600409056998092, 0.16521904999397588, 0.1703971942881425, 0.17557533858230917, 0.18075348287647586, 0.1859316271706425, 0.19110977146480917, 0.1962879157589758, 0.2014660600531425, 0.20664420434730915, 0.21182234864147584, 0.2170004929356425, 0.22217863722980918, 0.22735678152397581, 0.2325349258181425, 0.23771307011230916, 0.24289121440647585, 0.24806935870064253, 0.2532475029948092, 0.2584256472889759, 0.2636037915831425], "time_cpu_throttled_rate": [1681789783.0, 1681789784.0, 1681789785.0, 1681789786.0, 1681789787.0, 1681789788.0, 1681789789.0, 1681789790.0, 1681789791.0, 1681789792.0, 1681789793.0, 1681789794.0, 1681789795.0, 1681789796.0, 1681789797.0, 1681789798.0, 1681789799.0, 1681789800.0, 1681789801.0, 1681789802.0, 1681789803.0], "memory_usage": [9306112.0, 9306112.0, 9306112.0, 9306112.0, 9306112.0, 9306112.0, 9306112.0, 9306112.0, 9306112.0, 9306112.0, 9306112.0, 9306112.0, 9306112.0, 9306112.0, 9306112.0, 9306112.0, 9306112.0, 9306112.0, 9306112.0, 9306112.0, 9306112.0, 9306112.0, 9306112.0, 9306112.0, 9306112.0, 9306112.0, 9306112.0, 9306112.0, 9306112.0, 9306112.0, 4828651520.0, 4828651520.0, 4828651520.0, 4828651520.0, 4828651520.0, 4828651520.0, 4828651520.0, 4828651520.0, 4828651520.0, 4828651520.0, 4828651520.0, 4828651520.0, 4828651520.0, 4828651520.0, 4828651520.0, 4828651520.0, 4828651520.0, 4828651520.0, 4828651520.0, 4828651520.0, 4828651520.0], "time_memory_usage": [1681789753.0, 1681789754.0, 1681789755.0, 1681789756.0, 1681789757.0, 1681789758.0, 1681789759.0, 1681789760.0, 1681789761.0, 1681789762.0, 1681789763.0, 1681789764.0, 1681789765.0, 1681789766.0, 1681789767.0, 1681789768.0, 1681789769.0, 1681789770.0, 1681789771.0, 1681789772.0, 1681789773.0, 1681789774.0, 1681789775.0, 1681789776.0, 1681789777.0, 1681789778.0, 1681789779.0, 1681789780.0, 1681789781.0, 1681789782.0, 1681789783.0, 1681789784.0, 1681789785.0, 1681789786.0, 1681789787.0, 1681789788.0, 1681789789.0, 1681789790.0, 1681789791.0, 1681789792.0, 1681789793.0, 1681789794.0, 1681789795.0, 1681789796.0, 1681789797.0, 1681789798.0, 1681789799.0, 1681789800.0, 1681789801.0, 1681789802.0, 1681789803.0],