{"cpu_usage_count": [0.077139077, 0.077139077, 0.077139077, 0.077139077, 0.077139077, 0.077139077, 0.077139077, 0.077139077, 0.077139077, 0.077139077, 0.077139077, 0.077139077, 0.077139077, 0.077139077, 0.077139077, 0.077139077, 0.077139077, 0.077139077, 0.077139077, 0.077139077, 0.077139077, 0.077139077, 0.077139077, 0.077139077, 0.077139077, 0.077139077, 0.077139077, 0.077139077, 0.077139077, 0.077139077], "time_cpu_usage_count": [1681790053.0, 1681790054.0, 1681790055.0, 1681790056.0, 1681790057.0, 1681790058.0, 1681790059.0, 1681790060.0, 1681790061.0, 1681790062.0, 1681790063.0, 1681790064.0, 1681790065.0, 1681790066.0, 1681790067.0, 1681790068.0, 1681790069.0, 1681790070.0, 1681790071.0, 1681790072.0, 1681790073.0, 1681790074.0, 1681790075.0, 1681790076.0, 1681790077.0, 1681790078.0, 1681790079.0, 1681790080.0, 1681790081.0, 1681790082.0], "cpu_usage_rate": [2.4113544946160763, 2.4857358050435763, 2.560117115471076, 2.634498425898576, 2.708879736326076, 2.783261046753576, 2.857642357181076, 2.932023667608576, 3.006404978036076, 3.0807862884635764, 3.155167598891076, 3.2295489093185763, 3.3039302197460767, 3.378311530173576, 3.452692840601076, 3.5270741510285766, 3.6014554614560765, 3.675836771883576, 3.7502180823110765, 3.8245993927385764, 3.8989807031660764, 3.9733620135935763, 4.047743324021076, 4.122124634448577, 4.196505944876076, 4.270887255303577, 4.345268565731076, 4.4196498761585765, 4.494031186586077, 4.568412497013577, 4.642793807441077, 4.717175117868576, 4.791556428296077, 3.4596103024708342, 3.4596103024708342, 3.4596103024708342, 3.4596103024708342, 3.4596103024708342, 3.4596103024708342, 3.4596103024708342, 3.4596103024708342, 3.4596103024708342, 3.4596103024708342, 3.4596103024708342, 3.4596103024708342, 3.4596103024708342, 3.4596103024708342, 3.4596103024708342, 3.4596103024708342, 3.4596103024708342, 3.4596103024708342, 3.4596103024708342, 3.4596103024708342, 3.4596103024708342, 3.4596103024708342, 3.4596103024708342, 3.4596103024708342, 3.4596103024708342, 3.4596103024708342, 3.4596103024708342, 3.4596103024708342, 3.4596103024708342, 3.4596103024708342, 3.4596103024708342, 3.4596103024708342, 3.4596103024708342, 3.4596103024708342, 3.4596103024708342, 3.4596103024708342, 3.4596103024708342, 3.4596103024708342, 3.4596103024708342, 3.4596103024708342, 3.4596103024708342, 3.4596103024708342, 3.4596103024708342, 3.4596103024708342, 3.4596103024708342, 3.4596103024708342, 3.4596103024708342, 3.4596103024708342, 3.4596103024708342, 3.4596103024708342, 3.4596103024708342, 3.4596103024708342, 3.4596103024708342, 3.4596103024708342, 3.4596103024708342, 3.4284577415347584, 3.3540764311072584], "time_cpu_usage_rate": [1681790023.0, 1681790024.0, 1681790025.0, 1681790026.0, 1681790027.0, 1681790028.0, 1681790029.0, 1681790030.0, 1681790031.0, 1681790032.0, 1681790033.0, 1681790034.0, 1681790035.0, 1681790036.0, 1681790037.0, 1681790038.0, 1681790039.0, 1681790040.0, 1681790041.0, 1681790042.0, 1681790043.0, 1681790044.0, 1681790045.0, 1681790046.0, 1681790047.0, 1681790048.0, 1681790049.0, 1681790050.0, 1681790051.0, 1681790052.0, 1681790053.0, 1681790054.0, 1681790055.0, 1681790056.0, 1681790057.0, 1681790058.0, 1681790059.0, 1681790060.0, 1681790061.0, 1681790062.0, 1681790063.0, 1681790064.0, 1681790065.0, 1681790066.0, 1681790067.0, 1681790068.0, 1681790069.0, 1681790070.0, 1681790071.0, 1681790072.0, 1681790073.0, 1681790074.0, 1681790075.0, 1681790076.0, 1681790077.0, 1681790078.0, 1681790079.0, 1681790080.0, 1681790081.0, 1681790082.0, 1681790083.0, 1681790084.0, 1681790085.0, 1681790086.0, 1681790087.0, 1681790088.0, 1681790089.0, 1681790090.0, 1681790091.0, 1681790092.0, 1681790093.0, 1681790094.0, 1681790095.0, 1681790096.0, 1681790097.0, 1681790098.0, 1681790099.0, 1681790100.0, 1681790101.0, 1681790102.0, 1681790103.0, 1681790104.0, 1681790105.0, 1681790106.0, 1681790107.0, 1681790108.0, 1681790109.0, 1681790110.0, 1681790111.0, 1681790112.0], "cpu_throttled_count": [0.0, 0.0, 0.0, 0.0, 0.0, 0.0, 0.0, 0.0, 0.0, 0.0, 0.0, 0.0, 0.0, 0.0, 0.0, 0.0, 0.0, 0.0, 0.0, 0.0, 0.0, 0.0, 0.0, 0.0, 0.0, 0.0, 0.0, 0.0, 0.0, 0.0], "time_cpu_throttled_count": [1681790053.0, 1681790054.0, 1681790055.0, 1681790056.0, 1681790057.0, 1681790058.0, 1681790059.0, 1681790060.0, 1681790061.0, 1681790062.0, 1681790063.0, 1681790064.0, 1681790065.0, 1681790066.0, 1681790067.0, 1681790068.0, 1681790069.0, 1681790070.0, 1681790071.0, 1681790072.0, 1681790073.0, 1681790074.0, 1681790075.0, 1681790076.0, 1681790077.0, 1681790078.0, 1681790079.0, 1681790080.0, 1681790081.0, 1681790082.0], "cpu_throttled_rate": [0.009521624147623876, 0.009729035308179432, 0.009936446468734988, 0.010143857629290544, 0.0103512687898461, 0.010558679950401655, 0.01076609111095721, 0.010973502271512765, 0.011180913432068321, 0.011388324592623875, 0.011595735753179431, 0.011803146913734986, 0.012010558074290542, 0.012217969234846098, 0.012425380395401652, 0.012632791555957208, 0.012840202716512763, 0.013047613877068319, 0.013255025037623875, 0.01346243619817943, 0.013669847358734983, 0.013877258519290538, 0.014084669679846095, 0.014292080840401651, 0.014499492000957206, 0.01470690316151276, 0.014914314322068318, 0.01512172548262387, 0.015329136643179427, 0.01553654780373498, 0.01574395896429054, 0.01595137012484609, 0.016158781285401647, 0.01244466963333332, 0.01244466963333332, 0.01244466963333332, 0.01244466963333332, 0.01244466963333332, 0.01244466963333332, 0.01244466963333332, 0.01244466963333332, 0.01244466963333332, 0.01244466963333332, 0.01244466963333332, 0.01244466963333332, 0.01244466963333332, 0.01244466963333332, 0.01244466963333332, 0.01244466963333332, 0.01244466963333332, 0.01244466963333332, 0.01244466963333332, 0.01244466963333332, 0.01244466963333332, 0.01244466963333332, 0.01244466963333332, 0.01244466963333332, 0.015989948600709427, 0.015782537440153874, 0.015575126279598318, 0.01536771511904276, 0.015160303958487208, 0.014952892797931652, 0.014745481637376096, 0.01453807047682054, 0.014330659316264985, 0.014123248155709431, 0.013915836995153873, 0.013708425834598319, 0.013501014674042765, 0.01329360351348721, 0.013086192352931653, 0.012878781192376098, 0.012671370031820542, 0.01246395887126499, 0.012256547710709434, 0.012049136550153878, 0.011841725389598321, 0.011634314229042765, 0.01142690306848721, 0.011219491907931655, 0.0110120807473761, 0.010804669586820545, 0.010597258426264989, 0.010389847265709434, 0.010182436105153878, 0.009975024944598324, 0.009767613784042768, 0.009560202623487214, 0.009352791462931657], "time_cpu_throttled_rate": [1681790023.0, 1681790024.0, 1681790025.0, 1681790026.0, 1681790027.0, 1681790028.0, 1681790029.0, 1681790030.0, 1681790031.0, 1681790032.0, 1681790033.0, 1681790034.0, 1681790035.0, 1681790036.0, 1681790037.0, 1681790038.0, 1681790039.0, 1681790040.0, 1681790041.0, 1681790042.0, 1681790043.0, 1681790044.0, 1681790045.0, 1681790046.0, 1681790047.0, 1681790048.0, 1681790049.0, 1681790050.0, 1681790051.0, 1681790052.0, 1681790053.0, 1681790054.0, 1681790055.0, 1681790056.0, 1681790057.0, 1681790058.0, 1681790059.0, 1681790060.0, 1681790061.0, 1681790062.0, 1681790063.0, 1681790064.0, 1681790065.0, 1681790066.0, 1681790067.0, 1681790068.0, 1681790069.0, 1681790070.0, 1681790071.0, 1681790072.0, 1681790073.0, 1681790074.0, 1681790075.0, 1681790076.0, 1681790077.0, 1681790078.0, 1681790079.0, 1681790080.0, 1681790081.0, 1681790082.0, 1681790083.0, 1681790084.0, 1681790085.0, 1681790086.0, 1681790087.0, 1681790088.0, 1681790089.0, 1681790090.0, 1681790091.0, 1681790092.0, 1681790093.0, 1681790094.0, 1681790095.0, 1681790096.0, 1681790097.0, 1681790098.0, 1681790099.0, 1681790100.0, 1681790101.0, 1681790102.0, 1681790103.0, 1681790104.0, 1681790105.0, 1681790106.0, 1681790107.0, 1681790108.0, 1681790109.0, 1681790110.0, 1681790111.0, 1681790112.0],