{"cpu_usage_count": [12.822557306, 12.822557306, 12.822557306, 12.822557306, 12.822557306, 12.822557306, 12.822557306, 12.822557306, 12.822557306, 12.822557306, 12.822557306, 12.822557306, 12.822557306, 12.822557306, 12.822557306, 12.822557306, 12.822557306, 12.822557306, 12.822557306, 12.822557306, 12.822557306, 12.822557306, 12.822557306, 12.822557306, 12.822557306, 12.822557306, 12.822557306, 12.822557306, 12.822557306, 12.822557306], "time_cpu_usage_count": [1681790293.0, 1681790294.0, 1681790295.0, 1681790296.0, 1681790297.0, 1681790298.0, 1681790299.0, 1681790300.0, 1681790301.0, 1681790302.0, 1681790303.0, 1681790304.0, 1681790305.0, 1681790306.0, 1681790307.0, 1681790308.0, 1681790309.0, 1681790310.0, 1681790311.0, 1681790312.0, 1681790313.0, 1681790314.0, 1681790315.0, 1681790316.0, 1681790317.0, 1681790318.0, 1681790319.0, 1681790320.0, 1681790321.0, 1681790322.0], "cpu_usage_rate": [1.7465853658626906, 1.803054383223246, 1.8595234005838017, 1.9159924179443577, 1.9724614353049128, 2.0289304526654686, 2.085399470026024, 2.1418684873865796, 2.1983375047471356, 2.2548065221076907, 2.3112755394682467, 2.367744556828802, 2.424213574189358, 2.4806825915499133, 2.537151608910469, 2.5936206262710244, 2.65008964363158, 2.7065586609921355, 2.763027678352691, 2.8194966957132466, 2.875965713073802, 2.9324347304343577, 2.988903747794913, 3.0453727651554687, 3.1018417825160243, 3.15831079987658, 3.2147798172371354, 3.271248834597691, 3.3277178519582464, 3.384186869318802, 3.4406558866793575, 3.497124904039913, 3.553593921400468, 2.5424032275250004, 2.5424032275250004, 2.5424032275250004, 2.5424032275250004, 2.5424032275250004, 2.5424032275250004, 2.5424032275250004, 2.5424032275250004, 2.5424032275250004, 2.5424032275250004, 2.5424032275250004, 2.5424032275250004, 2.5424032275250004, 2.5424032275250004, 2.5424032275250004, 2.5424032275250004, 2.5424032275250004, 2.5424032275250004, 2.5424032275250004, 2.5424032275250004, 2.5424032275250004, 2.5424032275250004, 2.5424032275250004, 2.5424032275250004, 2.5424032275250004, 2.5424032275250004, 2.5424032275250004, 2.5424032275250004, 2.5424032275250004, 2.5424032275250004, 2.5424032275250004, 2.5424032275250004, 2.5424032275250004, 2.5424032275250004, 2.5424032275250004, 2.5424032275250004, 2.5424032275250004, 2.5424032275250004, 2.5424032275250004, 2.5424032275250004, 2.5424032275250004, 2.5424032275250004, 2.5424032275250004, 2.5424032275250004, 2.5424032275250004, 2.5424032275250004, 2.5424032275250004, 2.5424032275250004, 2.5424032275250004, 2.5424032275250004, 2.5424032275250004, 2.5424032275250004, 2.5424032275250004, 2.5424032275250004, 2.5424032275250004, 2.5424032275250004, 2.5424032275250004], "time_cpu_usage_rate": [1681790203.0, 1681790204.0, 1681790205.0, 1681790206.0, 1681790207.0, 1681790208.0, 1681790209.0, 1681790210.0, 1681790211.0, 1681790212.0, 1681790213.0, 1681790214.0, 1681790215.0, 1681790216.0, 1681790217.0, 1681790218.0, 1681790219.0, 1681790220.0, 1681790221.0, 1681790222.0, 1681790223.0, 1681790224.0, 1681790225.0, 1681790226.0, 1681790227.0, 1681790228.0, 1681790229.0, 1681790230.0, 1681790231.0, 1681790232.0, 1681790233.0, 1681790234.0, 1681790235.0, 1681790236.0, 1681790237.0, 1681790238.0, 1681790239.0, 1681790240.0, 1681790241.0, 1681790242.0, 1681790243.0, 1681790244.0, 1681790245.0, 1681790246.0, 1681790247.0, 1681790248.0, 1681790249.0, 1681790250.0, 1681790251.0, 1681790252.0, 1681790253.0, 1681790254.0, 1681790255.0, 1681790256.0, 1681790257.0, 1681790258.0, 1681790259.0, 1681790260.0, 1681790261.0, 1681790262.0, 1681790263.0, 1681790264.0, 1681790265.0, 1681790266.0, 1681790267.0, 1681790268.0, 1681790269.0, 1681790270.0, 1681790271.0, 1681790272.0, 1681790273.0, 1681790274.0, 1681790275.0, 1681790276.0, 1681790277.0, 1681790278.0, 1681790279.0, 1681790280.0, 1681790281.0, 1681790282.0, 1681790283.0, 1681790284.0, 1681790285.0, 1681790286.0, 1681790287.0, 1681790288.0, 1681790289.0, 1681790290.0, 1681790291.0, 1681790292.0], "cpu_throttled_count": [10.629030456, 10.629030456, 10.629030456, 10.629030456, 10.629030456, 10.629030456, 10.629030456, 10.629030456, 10.629030456, 10.629030456, 10.629030456, 10.629030456, 10.629030456, 10.629030456, 10.629030456, 10.629030456, 10.629030456, 10.629030456, 10.629030456, 10.629030456, 10.629030456, 10.629030456, 10.629030456, 10.629030456, 10.629030456, 10.629030456, 10.629030456, 10.629030456, 10.629030456, 10.629030456], "time_cpu_throttled_count": [1681790293.0, 1681790294.0, 1681790295.0, 1681790296.0, 1681790297.0, 1681790298.0, 1681790299.0, 1681790300.0, 1681790301.0, 1681790302.0, 1681790303.0, 1681790304.0, 1681790305.0, 1681790306.0, 1681790307.0, 1681790308.0, 1681790309.0, 1681790310.0, 1681790311.0, 1681790312.0, 1681790313.0, 1681790314.0, 1681790315.0, 1681790316.0, 1681790317.0, 1681790318.0, 1681790319.0, 1681790320.0, 1681790321.0, 1681790322.0], "cpu_throttled_rate": [0.06184693121103861, 0.06384799670464973, 0.06584906219826084, 0.06785012769187193, 0.06985119318548305, 0.07185225867909416, 0.07385332417270528, 0.07585438966631639, 0.0778554551599275, 0.0798565206535386, 0.08185758614714972, 0.08385865164076083, 0.08585971713437195, 0.08786078262798305, 0.08986184812159417, 0.09186291361520525, 0.09386397910881637, 0.0958650446024275, 0.0978661100960386, 0.09986717558964972, 0.10186824108326083, 0.10386930657687193, 0.10587037207048304, 0.10787143756409416, 0.10987250305770527, 0.11187356855131639, 0.1138746340449275, 0.1158756995385386, 0.11787676503214971, 0.11987783052576083, 0.12187889601937195, 0.12387996151298306, 0.12588102700659415, 0.09004794721249999, 0.09004794721249999, 0.09004794721249999, 0.09004794721249999, 0.09004794721249999, 0.09004794721249999, 0.09004794721249999, 0.09004794721249999, 0.09004794721249999, 0.09004794721249999, 0.09004794721249999, 0.09004794721249999, 0.09004794721249999, 0.09004794721249999, 0.09004794721249999, 0.09004794721249999, 0.09004794721249999, 0.09004794721249999, 0.09004794721249999, 0.09004794721249999, 0.09004794721249999, 0.09004794721249999, 0.09004794721249999, 0.09004794721249999, 0.09004794721249999, 0.09004794721249999, 0.09004794721249999, 0.09004794721249999, 0.09004794721249999, 0.09004794721249999, 0.09004794721249999, 0.09004794721249999, 0.09004794721249999, 0.09004794721249999, 0.09004794721249999, 0.09004794721249999, 0.09004794721249999, 0.09004794721249999, 0.09004794721249999, 0.09004794721249999, 0.09004794721249999, 0.09004794721249999, 0.09004794721249999, 0.09004794721249999, 0.09004794721249999, 0.09004794721249999, 0.09004794721249999, 0.09004794721249999, 0.09004794721249999, 0.09004794721249999, 0.09004794721249999, 0.09004794721249999, 0.09004794721249999, 0.09004794721249999, 0.09004794721249999, 0.09004794721249999, 0.09004794721249999],