{"cpu_usage_count": [0.147632669, 0.147632669, 0.147632669, 0.147632669, 0.147632669, 0.147632669, 0.147632669, 0.147632669, 0.147632669, 0.147632669, 0.147632669, 0.147632669, 0.147632669, 0.147632669, 0.147632669, 0.147632669, 0.147632669, 0.147632669, 0.147632669, 0.147632669, 0.147632669, 0.147632669, 0.147632669, 0.147632669, 0.147632669, 0.147632669, 0.147632669, 0.147632669, 0.147632669, 0.147632669, 415.253361893, 415.253361893, 415.253361893, 415.253361893, 415.253361893, 415.253361893, 415.253361893, 415.253361893, 415.253361893, 415.253361893, 415.253361893, 415.253361893, 415.253361893, 415.253361893, 415.253361893, 415.253361893, 415.253361893, 415.253361893, 415.253361893, 415.253361893, 415.253361893, 415.253361893, 415.253361893, 415.253361893, 415.253361893, 415.253361893, 415.253361893, 415.253361893, 415.253361893, 415.253361893], "time_cpu_usage_count": [1681790503.0, 1681790504.0, 1681790505.0, 1681790506.0, 1681790507.0, 1681790508.0, 1681790509.0, 1681790510.0, 1681790511.0, 1681790512.0, 1681790513.0, 1681790514.0, 1681790515.0, 1681790516.0, 1681790517.0, 1681790518.0, 1681790519.0, 1681790520.0, 1681790521.0, 1681790522.0, 1681790523.0, 1681790524.0, 1681790525.0, 1681790526.0, 1681790527.0, 1681790528.0, 1681790529.0, 1681790530.0, 1681790531.0, 1681790532.0, 1681790533.0, 1681790534.0, 1681790535.0, 1681790536.0, 1681790537.0, 1681790538.0, 1681790539.0, 1681790540.0, 1681790541.0, 1681790542.0, 1681790543.0, 1681790544.0, 1681790545.0, 1681790546.0, 1681790547.0, 1681790548.0, 1681790549.0, 1681790550.0, 1681790551.0, 1681790552.0, 1681790553.0, 1681790554.0, 1681790555.0, 1681790556.0, 1681790557.0, 1681790558.0, 1681790559.0, 1681790560.0, 1681790561.0, 1681790562.0], "cpu_usage_rate": [3.5650282647767133, 3.6803354117833798, 3.7956425587900466, 3.9109497057967135, 4.02625685280338, 4.141563999810047, 4.256871146816713, 4.37217829382338, 4.487485440830047, 4.6027925878367135, 4.71809973484338, 4.833406881850047, 4.948714028856713, 5.064021175863379, 5.179328322870047, 5.294635469876713, 5.40994261688338, 5.525249763890046, 5.640556910896714, 5.75586405790338, 5.871171204910047, 5.986478351916713, 6.1017854989233795, 6.217092645930047, 6.332399792936713, 6.447706939943379, 6.563014086950046, 6.678321233956713, 6.79362838096338, 6.908935527970047, 7.024242674976714, 7.139549821983379, 7.254856968990045, 5.190051887541666, 5.190051887541666, 5.190051887541666, 5.190051887541666, 5.190051887541666, 5.190051887541666, 5.190051887541666, 5.190051887541666, 5.190051887541666, 5.190051887541666, 5.190051887541666, 5.190051887541666, 5.190051887541666, 5.190051887541666, 5.190051887541666, 5.190051887541666, 5.190051887541666, 5.190051887541666, 5.190051887541666, 5.190051887541666, 5.190051887541666, 5.190051887541666, 5.190051887541666, 5.190051887541666, 5.190051887541666, 5.190051887541666, 5.190051887541666, 5.190051887541666, 5.190051887541666, 5.190051887541666, 5.190051887541666, 5.190051887541666, 5.190051887541666, 5.190051887541666, 5.190051887541666, 5.190051887541666, 5.190051887541666, 5.190051887541666, 5.190051887541666, 5.190051887541666, 5.190051887541666, 5.190051887541666, 5.190051887541666, 5.190051887541666, 5.190051887541666, 5.190051887541666, 5.190051887541666, 5.190051887541666, 5.190051887541666, 5.190051887541666, 5.190051887541666, 5.190051887541666, 5.190051887541666, 5.190051887541666, 5.190051887541666, 5.190051887541666, 5.190051887541666], "time_cpu_usage_rate": [1681790533.0, 1681790534.0, 1681790535.0, 1681790536.0, 1681790537.0, 1681790538.0, 1681790539.0, 1681790540.0, 1681790541.0, 1681790542.0, 1681790543.0, 1681790544.0, 1681790545.0, 1681790546.0, 1681790547.0, 1681790548.0, 1681790549.0, 1681790550.0, 1681790551.0, 1681790552.0, 1681790553.0, 1681790554.0, 1681790555.0, 1681790556.0, 1681790557.0, 1681790558.0, 1681790559.0, 1681790560.0, 1681790561.0, 1681790562.0, 1681790563.0, 1681790564.0, 1681790565.0, 1681790566.0, 1681790567.0, 1681790568.0, 1681790569.0, 1681790570.0, 1681790571.0, 1681790572.0, 1681790573.0, 1681790574.0, 1681790575.0, 1681790576.0, 1681790577.0, 1681790578.0, 1681790579.0, 1681790580.0, 1681790581.0, 1681790582.0, 1681790583.0, 1681790584.0, 1681790585.0, 1681790586.0, 1681790587.0, 1681790588.0, 1681790589.0, 1681790590.0, 1681790591.0, 1681790592.0, 1681790593.0, 1681790594.0, 1681790595.0, 1681790596.0, 1681790597.0, 1681790598.0, 1681790599.0, 1681790600.0, 1681790601.0, 1681790602.0, 1681790603.0, 1681790604.0, 1681790605.0, 1681790606.0, 1681790607.0, 1681790608.0, 1681790609.0, 1681790610.0, 1681790611.0, 1681790612.0, 1681790613.0, 1681790614.0, 1681790615.0, 1681790616.0, 1681790617.0, 1681790618.0, 1681790619.0, 1681790620.0, 1681790621.0, 1681790622.0], "cpu_throttled_count": [0.0, 0.0, 0.0, 0.0, 0.0, 0.0, 0.0, 0.0, 0.0, 0.0, 0.0, 0.0, 0.0, 0.0, 0.0, 0.0, 0.0, 0.0, 0.0, 0.0, 0.0, 0.0, 0.0, 0.0, 0.0, 0.0, 0.0, 0.0, 0.0, 0.0, 4.285756093, 4.285756093, 4.285756093, 4.285756093, 4.285756093, 4.285756093, 4.285756093, 4.285756093, 4.285756093, 4.285756093, 4.285756093, 4.285756093, 4.285756093, 4.285756093, 4.285756093, 4.285756093, 4.285756093, 4.285756093, 4.285756093, 4.285756093, 4.285756093, 4.285756093, 4.285756093, 4.285756093, 4.285756093, 4.285756093, 4.285756093, 4.285756093, 4.285756093, 4.285756093], "time_cpu_throttled_count": [1681790503.0, 1681790504.0, 1681790505.0, 1681790506.0, 1681790507.0, 1681790508.0, 1681790509.0, 1681790510.0, 1681790511.0, 1681790512.0, 1681790513.0, 1681790514.0, 1681790515.0, 1681790516.0, 1681790517.0, 1681790518.0, 1681790519.0, 1681790520.0, 1681790521.0, 1681790522.0, 1681790523.0, 1681790524.0, 1681790525.0, 1681790526.0, 1681790527.0, 1681790528.0, 1681790529.0, 1681790530.0, 1681790531.0, 1681790532.0, 1681790533.0, 1681790534.0, 1681790535.0, 1681790536.0, 1681790537.0, 1681790538.0, 1681790539.0, 1681790540.0, 1681790541.0, 1681790542.0, 1681790543.0, 1681790544.0, 1681790545.0, 1681790546.0, 1681790547.0, 1681790548.0, 1681790549.0, 1681790550.0, 1681790551.0, 1681790552.0, 1681790553.0, 1681790554.0, 1681790555.0, 1681790556.0, 1681790557.0, 1681790558.0, 1681790559.0, 1681790560.0, 1681790561.0, 1681790562.0], "cpu_throttled_rate": [0.03679440654620861, 0.03798489434981973, 0.03917538215343083, 0.04036586995704194, 0.04155635776065305, 0.042746845564264155, 0.043937333367875274, 0.04512782117148638, 0.0463183089750975, 0.047508796778708604, 0.04869928458231972, 0.04988977238593083, 0.05108026018954194, 0.052270747993153045, 0.053461235796764164, 0.05465172360037527, 0.05584221140398638, 0.057032699207597494, 0.058223187011208606, 0.05941367481481972, 0.060604162618430824, 0.061794650422041936, 0.06298513822565305, 0.06417562602926416, 0.06536611383287527, 0.06655660163648638, 0.0677470894400975, 0.06893757724370861, 0.07012806504731971, 0.07131855285093082, 0.07250904065454193, 0.07369952845815304, 0.07489001626176416, 0.0535719511625, 0.0535719511625, 0.0535719511625, 0.0535719511625, 0.0535719511625, 0.0535719511625, 0.0535719511625, 0.0535719511625, 0.0535719511625, 0.0535719511625, 0.0535719511625, 0.0535719511625, 0.0535719511625, 0.0535719511625, 0.0535719511625, 0.0535719511625, 0.0535719511625, 0.0535719511625, 0.0535719511625, 0.0535719511625, 0.0535719511625, 0.0535719511625, 0.0535719511625, 0.0535719511625, 0.0535719511625, 0.0535719511625, 0.0535719511625, 0.0535719511625, 0.0535719511625, 0.0535719511625, 0.0535719511625, 0.0535719511625, 0.0535719511625, 0.0535719511625, 0.0535719511625, 0.0535719511625, 0.0535719511625, 0.0535719511625, 0.0535719511625, 0.0535719511625, 0.0535719511625, 0.0535719511625, 0.0535719511625, 0.0535719511625, 0.0535719511625, 0.0535719511625, 0.0535719511625, 0.0535719511625, 0.0535719511625, 0.0535719511625, 0.0535719511625, 0.0535719511625, 0.0535719511625, 0.0535719511625, 0.0535719511625, 0.0535719511625, 0.0535719511625],