{"cpu_usage_count": [57.478505387, 57.478505387, 57.478505387, 57.478505387, 57.478505387, 57.478505387, 57.478505387, 57.478505387, 57.478505387, 57.478505387, 57.478505387, 57.478505387, 57.478505387, 57.478505387, 57.478505387, 57.478505387, 57.478505387, 57.478505387, 57.478505387, 57.478505387, 57.478505387, 57.478505387, 57.478505387, 57.478505387, 57.478505387, 57.478505387, 57.478505387, 57.478505387, 57.478505387, 57.478505387], "time_cpu_usage_count": [1681790713.0, 1681790714.0, 1681790715.0, 1681790716.0, 1681790717.0, 1681790718.0, 1681790719.0, 1681790720.0, 1681790721.0, 1681790722.0, 1681790723.0, 1681790724.0, 1681790725.0, 1681790726.0, 1681790727.0, 1681790728.0, 1681790729.0, 1681790730.0, 1681790731.0, 1681790732.0, 1681790733.0, 1681790734.0, 1681790735.0, 1681790736.0, 1681790737.0, 1681790738.0, 1681790739.0, 1681790740.0, 1681790741.0, 1681790742.0], "cpu_usage_rate": null, "time_cpu_usage_rate": null, "cpu_throttled_count": [3.104658363, 3.104658363, 3.104658363, 3.104658363, 3.104658363, 3.104658363, 3.104658363, 3.104658363, 3.104658363, 3.104658363, 3.104658363, 3.104658363, 3.104658363, 3.104658363, 3.104658363, 3.104658363, 3.104658363, 3.104658363, 3.104658363, 3.104658363, 3.104658363, 3.104658363, 3.104658363, 3.104658363, 3.104658363, 3.104658363, 3.104658363, 3.104658363, 3.104658363, 3.104658363], "time_cpu_throttled_count": [1681790713.0, 1681790714.0, 1681790715.0, 1681790716.0, 1681790717.0, 1681790718.0, 1681790719.0, 1681790720.0, 1681790721.0, 1681790722.0, 1681790723.0, 1681790724.0, 1681790725.0, 1681790726.0, 1681790727.0, 1681790728.0, 1681790729.0, 1681790730.0, 1681790731.0, 1681790732.0, 1681790733.0, 1681790734.0, 1681790735.0, 1681790736.0, 1681790737.0, 1681790738.0, 1681790739.0, 1681790740.0, 1681790741.0, 1681790742.0], "cpu_throttled_rate": null, "time_cpu_throttled_rate": null, "memory_usage": [4838223872.0, 4838223872.0, 4838223872.0, 4838223872.0, 4838223872.0, 4838223872.0, 4838223872.0, 4838223872.0, 4838223872.0, 4838223872.0, 4838223872.0, 4838223872.0, 4838223872.0, 4838223872.0, 4838223872.0, 4838223872.0, 4838223872.0, 4838223872.0, 4838223872.0, 4838223872.0, 4838223872.0, 4838223872.0, 4838223872.0, 4838223872.0, 4838223872.0, 4838223872.0, 4838223872.0, 4838223872.0, 4838223872.0, 4838223872.0], "time_memory_usage": [1681790713.0, 1681790714.0, 1681790715.0, 1681790716.0, 1681790717.0, 1681790718.0, 1681790719.0, 1681790720.0, 1681790721.0, 1681790722.0, 1681790723.0, 1681790724.0, 1681790725.0, 1681790726.0, 1681790727.0, 1681790728.0, 1681790729.0, 1681790730.0, 1681790731.0, 1681790732.0, 1681790733.0, 1681790734.0, 1681790735.0, 1681790736.0, 1681790737.0, 1681790738.0, 1681790739.0, 1681790740.0, 1681790741.0, 1681790742.0], "throughput": [0.010770597379524762, 0.010166666666666666, 0.01225, 0.010416666666666666, 0.010416666666666666, 0.010416666666666666, 0.027432252332296757, 0.027200000000000002, 0.0297, 0.028125, 0.028125, 0.028125, 0.028125, 0.028125, 0.028125, 0.06989874308139427, 0.06975438596491228, 0.07326315789473685, 0.07677192982456141, 0.07222222222222222, 0.07222222222222222, 0.07222222222222222, 0.09487056439787783, 0.09476923076923077, 0.09829487179487179, 0.10182051282051281, 0.09739583333333333, 0.09739583333333333, 0.09739583333333333, 0.09739583333333333, 0.09739583333333333, 0.09739583333333333, 0.09739583333333333, 0.09739583333333333, 0.09739583333333333, 0.09739583333333333, 0.09739583333333333, 0.09739583333333333, 0.09739583333333333, 0.09739583333333333, 0.09739583333333333, 0.09739583333333333, 0.09739583333333333, 0.09739583333333333, 0.09739583333333333, 0.09739583333333333, 0.09739583333333333, 0.09739583333333333, 0.09739583333333333, 0.09739583333333333, 0.09739583333333333, 0.09739583333333333, 0.09739583333333333, 0.09739583333333333, 0.09739583333333333, 0.09739583333333333, 0.09739583333333333, 0.09739583333333333, 0.09739583333333333, 0.09739583333333333, 0.09739583333333333, 0.09739583333333333, 0.09739583333333333, 0.09739583333333333, 0.09739583333333333, 0.09739583333333333, 0.09739583333333333, 0.09739583333333333, 0.09739583333333333, 0.09739583333333333, 0.09739583333333333, 0.09739583333333333, 0.09739583333333333, 0.09739583333333333, 0.09739583333333333, 0.09739583333333333, 0.09739583333333333, 0.09739583333333333, 0.09739583333333333, 0.09739583333333333, 0.09739583333333333, 0.09739583333333333, 0.09739583333333333, 0.09739583333333333, 0.09739583333333333, 0.09739583333333333, 0.09739583333333333, 0.09739583333333333, 0.09739583333333333, 0.09739583333333333, 0.09739583333333333, 0.09739583333333333, 0.09739583333333333, 0.09739583333333333, 0.09739583333333333, 0.09739583333333333, 0.09739583333333333, 0.09739583333333333, 0.09739583333333333, 0.09739583333333333, 0.09739583333333333, 0.09739583333333333, 0.09739583333333333, 0.09739583333333333, 0.09739583333333333, 0.09739583333333333, 0.09739583333333333, 0.09739583333333333, 0.09739583333333333, 0.09739583333333333, 0.09739583333333333, 0.09739583333333333, 0.09739583333333333, 0.09739583333333333, 0.09739583333333333, 0.09739583333333333, 0.09739583333333333, 0.09697478869798201, 0.09335128520492467, 0.0897277817118673, 0.09073232323232323, 0.08, 0.08558719698752647, 0.08166470542088335, 0.07774221385424021, 0.07381972228759709, 0.0755, 0.03333333333333333, 0.03333333333333333, 0.03333333333333333, 0.03333333333333333, 0.03333333333333333, 0.03581936277576213, 0.03269162600608866, 0.029563889236415196, 0.03167857142857143, 0.0, 0.0, 0.0, 0.0, 0.0, 0.0], "time_throughput": [1681790705.0, 1681790706.0, 1681790707.0, 1681790708.0, 1681790709.0, 1681790710.0, 1681790711.0, 1681790712.0, 1681790713.0, 1681790714.0, 1681790715.0, 1681790716.0, 1681790717.0, 1681790718.0, 1681790719.0, 1681790720.0, 1681790721.0, 1681790722.0, 1681790723.0, 1681790724.0, 1681790725.0, 1681790726.0, 1681790727.0, 1681790728.0, 1681790729.0, 1681790730.0, 1681790731.0, 1681790732.0, 1681790733.0, 1681790734.0, 1681790735.0, 1681790736.0, 1681790737.0, 1681790738.0, 1681790739.0, 1681790740.0, 1681790741.0, 1681790742.0, 1681790743.0, 1681790744.0, 1681790745.0, 1681790746.0, 1681790747.0, 1681790748.0, 1681790749.0, 1681790750.0, 1681790751.0, 1681790752.0, 1681790753.0, 1681790754.0, 1681790755.0, 1681790756.0, 1681790757.0, 1681790758.0, 1681790759.0, 1681790760.0, 1681790761.0, 1681790762.0, 1681790763.0, 1681790764.0, 1681790765.0, 1681790766.0, 1681790767.0, 1681790768.0, 1681790769.0, 1681790770.0, 1681790771.0, 1681790772.0, 1681790773.0, 1681790774.0, 1681790775.0, 1681790776.0, 1681790777.0, 1681790778.0, 1681790779.0, 1681790780.0, 1681790781.0, 1681790782.0, 1681790783.0, 1681790784.0, 1681790785.0, 1681790786.0, 1681790787.0, 1681790788.0, 1681790789.0, 1681790790.0, 1681790791.0, 1681790792.0, 1681790793.0, 1681790794.0, 1681790795.0, 1681790796.0, 1681790797.0, 1681790798.0, 1681790799.0, 1681790800.0, 1681790801.0, 1681790802.0, 1681790803.0, 1681790804.0, 1681790805.0, 1681790806.0, 1681790807.0, 1681790808.0, 1681790809.0, 1681790810.0, 1681790811.0, 1681790812.0, 1681790813.0, 1681790814.0, 1681790815.0, 1681790816.0, 1681790817.0, 1681790818.0, 1681790819.0, 1681790820.0, 1681790821.0, 1681790822.0, 1681790823.0, 1681790824.0, 1681790825.0, 1681790826.0, 1681790827.0, 1681790828.0, 1681790829.0, 1681790830.0, 1681790831.0, 1681790832.0, 1681790833.0, 1681790834.0, 1681790835.0, 1681790836.0, 1681790837.0, 1681790838.0, 1681790839.0, 1681790840.0, 1681790841.0, 1681790842.0, 1681790843.0, 1681790844.0, 1681790845.0, 1681790846.0], "responses": [], "start_time_experiment": 1681790726.7237139, "end_time_experiment": 1681790846.8556612}