{"cpu_usage_count": [376.912303389, 376.912303389, 376.912303389, 376.912303389, 376.912303389, 376.912303389, 376.912303389, 376.912303389, 376.912303389, 376.912303389, 376.912303389, 376.912303389, 376.912303389, 376.912303389, 376.912303389, 376.912303389, 376.912303389, 376.912303389, 376.912303389, 376.912303389, 376.912303389, 376.912303389, 376.912303389, 376.912303389, 376.912303389, 376.912303389, 376.912303389, 376.912303389, 376.912303389, 376.912303389, 1385.820795173, 1385.820795173, 1385.820795173, 1385.820795173, 1385.820795173, 1385.820795173, 1385.820795173, 1385.820795173, 1385.820795173, 1385.820795173, 1385.820795173, 1385.820795173, 1385.820795173, 1385.820795173, 1385.820795173, 1385.820795173, 1385.820795173, 1385.820795173, 1385.820795173, 1385.820795173, 1385.820795173, 1385.820795173, 1385.820795173, 1385.820795173, 1385.820795173, 1385.820795173, 1385.820795173, 1385.820795173, 1385.820795173, 1385.820795173, 2221.805286705, 2221.805286705, 2221.805286705, 2221.805286705, 2221.805286705, 2221.805286705, 2221.805286705, 2221.805286705, 2221.805286705, 2221.805286705, 2221.805286705, 2221.805286705, 2221.805286705, 2221.805286705, 2221.805286705, 2221.805286705, 2221.805286705, 2221.805286705, 2221.805286705, 2221.805286705, 2221.805286705, 2221.805286705, 2221.805286705, 2221.805286705, 2221.805286705, 2221.805286705, 2221.805286705, 2221.805286705, 2221.805286705, 2221.805286705, 3193.126252415, 3193.126252415, 3193.126252415, 3193.126252415, 3193.126252415, 3193.126252415, 3193.126252415, 3193.126252415, 3193.126252415, 3193.126252415, 3193.126252415, 3193.126252415, 3193.126252415, 3193.126252415, 3193.126252415, 3193.126252415, 3193.126252415, 3193.126252415, 3193.126252415, 3193.126252415, 3193.126252415, 3193.126252415, 3193.126252415], "time_cpu_usage_count": [1681793683.0, 1681793684.0, 1681793685.0, 1681793686.0, 1681793687.0, 1681793688.0, 1681793689.0, 1681793690.0, 1681793691.0, 1681793692.0, 1681793693.0, 1681793694.0, 1681793695.0, 1681793696.0, 1681793697.0, 1681793698.0, 1681793699.0, 1681793700.0, 1681793701.0, 1681793702.0, 1681793703.0, 1681793704.0, 1681793705.0, 1681793706.0, 1681793707.0, 1681793708.0, 1681793709.0, 1681793710.0, 1681793711.0, 1681793712.0, 1681793713.0, 1681793714.0, 1681793715.0, 1681793716.0, 1681793717.0, 1681793718.0, 1681793719.0, 1681793720.0, 1681793721.0, 1681793722.0, 1681793723.0, 1681793724.0, 1681793725.0, 1681793726.0, 1681793727.0, 1681793728.0, 1681793729.0, 1681793730.0, 1681793731.0, 1681793732.0, 1681793733.0, 1681793734.0, 1681793735.0, 1681793736.0, 1681793737.0, 1681793738.0, 1681793739.0, 1681793740.0, 1681793741.0, 1681793742.0, 1681793743.0, 1681793744.0, 1681793745.0, 1681793746.0, 1681793747.0, 1681793748.0, 1681793749.0, 1681793750.0, 1681793751.0, 1681793752.0, 1681793753.0, 1681793754.0, 1681793755.0, 1681793756.0, 1681793757.0, 1681793758.0, 1681793759.0, 1681793760.0, 1681793761.0, 1681793762.0, 1681793763.0, 1681793764.0, 1681793765.0, 1681793766.0, 1681793767.0, 1681793768.0, 1681793769.0, 1681793770.0, 1681793771.0, 1681793772.0, 1681793773.0, 1681793774.0, 1681793775.0, 1681793776.0, 1681793777.0, 1681793778.0, 1681793779.0, 1681793780.0, 1681793781.0, 1681793782.0, 1681793783.0, 1681793784.0, 1681793785.0, 1681793786.0, 1681793787.0, 1681793788.0, 1681793789.0, 1681793790.0, 1681793791.0, 1681793792.0, 1681793793.0, 1681793794.0, 1681793795.0], "cpu_usage_rate": [11.80269551589947, 12.08294787472836, 12.363200233557247, 12.643452592386137, 12.923704951215026, 13.203957310043915, 13.484209668872804, 13.764462027701692, 14.04471438653058, 14.32496674535947, 14.60521910418836, 14.885471463017248, 15.165723821846138, 15.445976180675025, 15.726228539503916, 16.006480898332804, 16.286733257161693, 16.566985615990582, 16.84723797481947, 17.12749033364836, 17.407742692477246, 17.68799505130614, 17.968247410135024, 18.248499768963917, 18.528752127792803, 18.809004486621692, 19.08925684545058, 19.36950920427947, 19.649761563108363, 19.93001392193725, 18.7474493247455, 19.003684461317167, 19.259919597888832, 19.516154734460496, 19.772389871032164, 20.028625007603832, 20.2848601441755, 20.541095280747165, 20.797330417318836, 21.0535655538905, 21.309800690462165, 21.566035827033833, 21.8222709636055, 22.078506100177165, 22.33474123674883, 22.590976373320498, 22.84721150989217, 23.103446646463834, 23.359681783035498, 23.615916919607166, 23.872152056178834, 24.1283871927505, 24.384622329322163, 24.640857465893834, 24.8970926024655, 25.153327739037163, 25.409562875608835, 25.665798012180502, 25.922033148752167, 26.17826828532383, 26.845895256399682, 27.106655807235423, 27.367416358071164, 27.628176908906905, 27.888937459742646, 28.149698010578387, 28.410458561414128, 28.671219112249865, 28.931979663085606, 29.19274021392135, 29.45350076475709, 29.71426131559283, 29.97502186642857, 30.23578241726431, 30.49654296810006, 30.757303518935796, 31.018064069771537, 31.278824620607274, 31.29126610028889, 31.29126610028889, 31.29126610028889, 31.29126610028889, 31.29126610028889], "time_cpu_usage_rate": [1681793713.0, 1681793714.0, 1681793715.0, 1681793716.0, 1681793717.0, 1681793718.0, 1681793719.0, 1681793720.0, 1681793721.0, 1681793722.0, 1681793723.0, 1681793724.0, 1681793725.0, 1681793726.0, 1681793727.0, 1681793728.0, 1681793729.0, 1681793730.0, 1681793731.0, 1681793732.0, 1681793733.0, 1681793734.0, 1681793735.0, 1681793736.0, 1681793737.0, 1681793738.0, 1681793739.0, 1681793740.0, 1681793741.0, 1681793742.0, 1681793743.0, 1681793744.0, 1681793745.0, 1681793746.0, 1681793747.0, 1681793748.0, 1681793749.0, 1681793750.0, 1681793751.0, 1681793752.0, 1681793753.0, 1681793754.0, 1681793755.0, 1681793756.0, 1681793757.0, 1681793758.0, 1681793759.0, 1681793760.0, 1681793761.0, 1681793762.0, 1681793763.0, 1681793764.0, 1681793765.0, 1681793766.0, 1681793767.0, 1681793768.0, 1681793769.0, 1681793770.0, 1681793771.0, 1681793772.0, 1681793773.0, 1681793774.0, 1681793775.0, 1681793776.0, 1681793777.0, 1681793778.0, 1681793779.0, 1681793780.0, 1681793781.0, 1681793782.0, 1681793783.0, 1681793784.0, 1681793785.0, 1681793786.0, 1681793787.0, 1681793788.0, 1681793789.0, 1681793790.0, 1681793791.0, 1681793792.0, 1681793793.0, 1681793794.0, 1681793795.0], "cpu_throttled_count": [4.036723108, 4.036723108, 4.036723108, 4.036723108, 4.036723108, 4.036723108, 4.036723108, 4.036723108, 4.036723108, 4.036723108, 4.036723108, 4.036723108, 4.036723108, 4.036723108, 4.036723108, 4.036723108, 4.036723108, 4.036723108, 4.036723108, 4.036723108, 4.036723108, 4.036723108, 4.036723108, 4.036723108, 4.036723108, 4.036723108, 4.036723108, 4.036723108, 4.036723108, 4.036723108, 6.546581714, 6.546581714, 6.546581714, 6.546581714, 6.546581714, 6.546581714, 6.546581714, 6.546581714, 6.546581714, 6.546581714, 6.546581714, 6.546581714, 6.546581714, 6.546581714, 6.546581714, 6.546581714, 6.546581714, 6.546581714, 6.546581714, 6.546581714, 6.546581714, 6.546581714, 6.546581714, 6.546581714, 6.546581714, 6.546581714, 6.546581714, 6.546581714, 6.546581714, 6.546581714, 8.599618597, 8.599618597, 8.599618597, 8.599618597, 8.599618597, 8.599618597, 8.599618597, 8.599618597, 8.599618597, 8.599618597, 8.599618597, 8.599618597, 8.599618597, 8.599618597, 8.599618597, 8.599618597, 8.599618597, 8.599618597, 8.599618597, 8.599618597, 8.599618597, 8.599618597, 8.599618597, 8.599618597, 8.599618597, 8.599618597, 8.599618597, 8.599618597, 8.599618597, 8.599618597, 10.912750668, 10.912750668, 10.912750668, 10.912750668, 10.912750668, 10.912750668, 10.912750668, 10.912750668, 10.912750668, 10.912750668, 10.912750668, 10.912750668, 10.912750668, 10.912750668, 10.912750668, 10.912750668, 10.912750668, 10.912750668, 10.912750668, 10.912750668, 10.912750668, 10.912750668, 10.912750668],