{"cpu_usage_count": [11.271835663, 11.271835663, 11.271835663, 11.271835663, 11.271835663, 11.271835663, 11.271835663, 11.271835663, 11.271835663, 11.271835663, 11.271835663, 11.271835663, 11.271835663, 11.271835663, 11.271835663, 11.271835663, 11.271835663, 11.271835663, 11.271835663, 11.271835663, 11.271835663, 11.271835663, 11.271835663, 11.271835663, 11.271835663, 11.271835663, 11.271835663, 11.271835663, 11.271835663, 11.271835663, 11.805109764, 11.805109764, 11.805109764, 11.805109764, 11.805109764, 11.805109764, 11.805109764, 11.805109764, 11.805109764, 11.805109764, 11.805109764, 11.805109764, 11.805109764, 11.805109764, 11.805109764, 11.805109764], "time_cpu_usage_count": [1711302778.0, 1711302779.0, 1711302780.0, 1711302781.0, 1711302782.0, 1711302783.0, 1711302784.0, 1711302785.0, 1711302786.0, 1711302787.0, 1711302788.0, 1711302789.0, 1711302790.0, 1711302791.0, 1711302792.0, 1711302793.0, 1711302794.0, 1711302795.0, 1711302796.0, 1711302797.0, 1711302798.0, 1711302799.0, 1711302800.0, 1711302801.0, 1711302802.0, 1711302803.0, 1711302804.0, 1711302805.0, 1711302806.0, 1711302807.0, 1711302808.0, 1711302809.0, 1711302810.0, 1711302811.0, 1711302812.0, 1711302813.0, 1711302814.0, 1711302815.0, 1711302816.0, 1711302817.0, 1711302818.0, 1711302819.0, 1711302820.0, 1711302821.0, 1711302822.0, 1711302823.0], "cpu_usage_rate": [0.017775803366666666, 0.017775803366666666, 0.017775803366666666, 0.017775803366666666, 0.017775803366666666, 0.017775803366666666, 0.017775803366666666, 0.017775803366666666, 0.017775803366666666, 0.017775803366666666, 0.017775803366666666, 0.017775803366666666, 0.017775803366666666, 0.017775803366666666, 0.017775803366666666, 0.017775803366666666], "time_cpu_usage_rate": [1711302808.0, 1711302809.0, 1711302810.0, 1711302811.0, 1711302812.0, 1711302813.0, 1711302814.0, 1711302815.0, 1711302816.0, 1711302817.0, 1711302818.0, 1711302819.0, 1711302820.0, 1711302821.0, 1711302822.0, 1711302823.0], "cpu_throttled_count": [20.477085259, 20.477085259, 20.477085259, 20.477085259, 20.477085259, 20.477085259, 20.477085259, 20.477085259, 20.477085259, 20.477085259, 20.477085259, 20.477085259, 20.477085259, 20.477085259, 20.477085259, 20.477085259, 20.477085259, 20.477085259, 20.477085259, 20.477085259, 20.477085259, 20.477085259, 20.477085259, 20.477085259, 20.477085259, 20.477085259, 20.477085259, 20.477085259, 20.477085259, 20.477085259, 20.477085259, 20.477085259, 20.477085259, 20.477085259, 20.477085259, 20.477085259, 20.477085259, 20.477085259, 20.477085259, 20.477085259, 20.477085259, 20.477085259, 20.477085259, 20.477085259, 20.477085259, 20.477085259], "time_cpu_throttled_count": [1711302778.0, 1711302779.0, 1711302780.0, 1711302781.0, 1711302782.0, 1711302783.0, 1711302784.0, 1711302785.0, 1711302786.0, 1711302787.0, 1711302788.0, 1711302789.0, 1711302790.0, 1711302791.0, 1711302792.0, 1711302793.0, 1711302794.0, 1711302795.0, 1711302796.0, 1711302797.0, 1711302798.0, 1711302799.0, 1711302800.0, 1711302801.0, 1711302802.0, 1711302803.0, 1711302804.0, 1711302805.0, 1711302806.0, 1711302807.0, 1711302808.0, 1711302809.0, 1711302810.0, 1711302811.0, 1711302812.0, 1711302813.0, 1711302814.0, 1711302815.0, 1711302816.0, 1711302817.0, 1711302818.0, 1711302819.0, 1711302820.0, 1711302821.0, 1711302822.0, 1711302823.0], "cpu_throttled_rate": [0.0, 0.0, 0.0, 0.0, 0.0, 0.0, 0.0, 0.0, 0.0, 0.0, 0.0, 0.0, 0.0, 0.0, 0.0, 0.0], "time_cpu_throttled_rate": [1711302808.0, 1711302809.0, 1711302810.0, 1711302811.0, 1711302812.0, 1711302813.0, 1711302814.0, 1711302815.0, 1711302816.0, 1711302817.0, 1711302818.0, 1711302819.0, 1711302820.0, 1711302821.0, 1711302822.0, 1711302823.0], "memory_usage": [2127425536.0, 2127425536.0, 2127425536.0, 2127425536.0, 2127425536.0, 2127425536.0, 2127425536.0, 2127425536.0, 2127425536.0, 2127425536.0, 2127425536.0, 2127425536.0, 2127425536.0, 2127425536.0, 2127425536.0, 2127425536.0, 2127425536.0, 2127425536.0, 2127425536.0, 2127425536.0, 2127425536.0, 2127425536.0, 2127425536.0, 2127425536.0, 2127425536.0, 2127425536.0, 2127425536.0, 2127425536.0, 2127425536.0, 2127425536.0, 2127773696.0, 2127773696.0, 2127773696.0, 2127773696.0, 2127773696.0, 2127773696.0, 2127773696.0, 2127773696.0, 2127773696.0, 2127773696.0, 2127773696.0, 2127773696.0, 2127773696.0, 2127773696.0, 2127773696.0, 2127773696.0], "time_memory_usage": [1711302778.0, 1711302779.0, 1711302780.0, 1711302781.0, 1711302782.0, 1711302783.0, 1711302784.0, 1711302785.0, 1711302786.0, 1711302787.0, 1711302788.0, 1711302789.0, 1711302790.0, 1711302791.0, 1711302792.0, 1711302793.0, 1711302794.0, 1711302795.0, 1711302796.0, 1711302797.0, 1711302798.0, 1711302799.0, 1711302800.0, 1711302801.0, 1711302802.0, 1711302803.0, 1711302804.0, 1711302805.0, 1711302806.0, 1711302807.0, 1711302808.0, 1711302809.0, 1711302810.0, 1711302811.0, 1711302812.0, 1711302813.0, 1711302814.0, 1711302815.0, 1711302816.0, 1711302817.0, 1711302818.0, 1711302819.0, 1711302820.0, 1711302821.0, 1711302822.0, 1711302823.0], "throughput": [0.02385483870967742, 0.01999193548387097, 0.018704301075268815, 0.01806048387096774, 0.017674193548387097, 0.017416666666666667, 0.03446543778801844, 0.03418951612903225, 0.03397491039426523, 0.05070483870967741, 0.0504941348973607, 0.05031854838709677, 0.050169975186104214, 0.050042626728110606, 0.0665763440860215, 0.06644758064516129, 0.06633396584440228, 0.08279121863799284, 0.08267826825127333, 0.08257661290322581, 0.0824846390168971, 0.09888123167155426, 0.09878962131837309, 0.09870564516129032, 0.11506645161290323, 0.11498325062034738, 0.11490621266427717, 0.11483467741935484, 0.11476807563959955, 0.13109247311827957, 0.13102601456815818, 0.13096370967741935, 0.13090518084066471, 0.14720635673624288, 0.1471479262672811, 0.14709274193548386, 0.14704054054054055, 0.16332342954159593, 0.16327129859387923, 0.16322177419354839, 0.1631746656176239, 0.17944278033794164, 0.17939572393098274, 0.1793508064516129, 0.1793078853046595, 0.19556381486676014, 0.19552093342484558, 0.19547983870967742, 0.2117271231073074, 0.21168612903225806, 0.21164674256799493, 0.21160887096774197, 0.21157242848447957, 0.21153733572281957, 0.22777302052785925, 0.22773790322580645, 0.2277040181097906, 0.22767130144605116, 0.24389967195188625, 0.24386693548387092, 0.2600909571655209, 0.2459016393442623, 0.2459016393442623], "time_throughput": [1711302761.0, 1711302762.0, 1711302763.0, 1711302764.0, 1711302765.0, 1711302766.0, 1711302767.0, 1711302768.0, 1711302769.0, 1711302770.0, 1711302771.0, 1711302772.0, 1711302773.0, 1711302774.0, 1711302775.0, 1711302776.0, 1711302777.0, 1711302778.0, 1711302779.0, 1711302780.0, 1711302781.0, 1711302782.0, 1711302783.0, 1711302784.0, 1711302785.0, 1711302786.0, 1711302787.0, 1711302788.0, 1711302789.0, 1711302790.0, 1711302791.0, 1711302792.0, 1711302793.0, 1711302794.0, 1711302795.0, 1711302796.0, 1711302797.0, 1711302798.0, 1711302799.0, 1711302800.0, 1711302801.0, 1711302802.0, 1711302803.0, 1711302804.0, 1711302805.0, 1711302806.0, 1711302807.0, 1711302808.0, 1711302809.0, 1711302810.0, 1711302811.0, 1711302812.0, 1711302813.0, 1711302814.0, 1711302815.0, 1711302816.0, 1711302817.0, 1711302818.0, 1711302819.0, 1711302820.0, 1711302821.0, 1711302822.0, 1711302823.0], "responses": [[{"times": {"request": {"sending": 1711302763.008436, "arrival": 1711302764.5409844}, "models": {"yolo": {"arrival": 1711302764.0357642, "serving": 1711302764.4940264}}}, "model_name": "yolo", "outputs": []}], [{"times": {"request": {"sending": 1711302765.2320983, "arrival": 1711302766.2701466}, "models": {"yolo": {"arrival": 1711302766.2465315, "serving": 1711302766.2646594}}}, "model_name": "yolo", "outputs": []}], [{"times": {"request": {"sending": 1711302765.107563, "arrival": 1711302766.6527295}, "models": {"yolo": {"arrival": 1711302766.1273017, "serving": 1711302766.5937562}}}, "model_name": "yolo", "outputs": []}], [{"times": {"request": {"sending": 1711302765.9949243, "arrival": 1711302767.059967},