{"cpu_usage_count": [11.036002335, 11.036002335, 11.036002335, 11.036002335, 11.036002335, 11.036002335, 11.036002335, 11.036002335, 11.036002335, 11.036002335, 11.036002335, 11.036002335, 11.036002335, 11.036002335, 11.036002335, 11.036002335, 11.036002335, 11.036002335, 11.036002335, 11.036002335, 11.036002335, 11.036002335, 11.036002335, 11.036002335, 11.036002335, 11.036002335, 11.036002335, 11.036002335, 11.036002335, 11.036002335, 11.475918925, 11.475918925, 11.475918925, 11.475918925, 11.475918925, 11.475918925, 11.475918925, 11.475918925, 11.475918925, 11.475918925, 11.475918925, 11.475918925, 11.475918925, 11.475918925, 11.475918925], "time_cpu_usage_count": [1711304968.0, 1711304969.0, 1711304970.0, 1711304971.0, 1711304972.0, 1711304973.0, 1711304974.0, 1711304975.0, 1711304976.0, 1711304977.0, 1711304978.0, 1711304979.0, 1711304980.0, 1711304981.0, 1711304982.0, 1711304983.0, 1711304984.0, 1711304985.0, 1711304986.0, 1711304987.0, 1711304988.0, 1711304989.0, 1711304990.0, 1711304991.0, 1711304992.0, 1711304993.0, 1711304994.0, 1711304995.0, 1711304996.0, 1711304997.0, 1711304998.0, 1711304999.0, 1711305000.0, 1711305001.0, 1711305002.0, 1711305003.0, 1711305004.0, 1711305005.0, 1711305006.0, 1711305007.0, 1711305008.0, 1711305009.0, 1711305010.0, 1711305011.0, 1711305012.0], "cpu_usage_rate": [0.014663886333333369, 0.014663886333333369, 0.014663886333333369, 0.014663886333333369, 0.014663886333333369, 0.014663886333333369, 0.014663886333333369, 0.014663886333333369, 0.014663886333333369, 0.014663886333333369, 0.014663886333333369, 0.014663886333333369, 0.014663886333333369, 0.014663886333333369, 0.014663886333333369], "time_cpu_usage_rate": [1711304998.0, 1711304999.0, 1711305000.0, 1711305001.0, 1711305002.0, 1711305003.0, 1711305004.0, 1711305005.0, 1711305006.0, 1711305007.0, 1711305008.0, 1711305009.0, 1711305010.0, 1711305011.0, 1711305012.0], "cpu_throttled_count": [23.659629049, 23.659629049, 23.659629049, 23.659629049, 23.659629049, 23.659629049, 23.659629049, 23.659629049, 23.659629049, 23.659629049, 23.659629049, 23.659629049, 23.659629049, 23.659629049, 23.659629049, 23.659629049, 23.659629049, 23.659629049, 23.659629049, 23.659629049, 23.659629049, 23.659629049, 23.659629049, 23.659629049, 23.659629049, 23.659629049, 23.659629049, 23.659629049, 23.659629049, 23.659629049, 23.659629049, 23.659629049, 23.659629049, 23.659629049, 23.659629049, 23.659629049, 23.659629049, 23.659629049, 23.659629049, 23.659629049, 23.659629049, 23.659629049, 23.659629049, 23.659629049, 23.659629049], "time_cpu_throttled_count": [1711304968.0, 1711304969.0, 1711304970.0, 1711304971.0, 1711304972.0, 1711304973.0, 1711304974.0, 1711304975.0, 1711304976.0, 1711304977.0, 1711304978.0, 1711304979.0, 1711304980.0, 1711304981.0, 1711304982.0, 1711304983.0, 1711304984.0, 1711304985.0, 1711304986.0, 1711304987.0, 1711304988.0, 1711304989.0, 1711304990.0, 1711304991.0, 1711304992.0, 1711304993.0, 1711304994.0, 1711304995.0, 1711304996.0, 1711304997.0, 1711304998.0, 1711304999.0, 1711305000.0, 1711305001.0, 1711305002.0, 1711305003.0, 1711305004.0, 1711305005.0, 1711305006.0, 1711305007.0, 1711305008.0, 1711305009.0, 1711305010.0, 1711305011.0, 1711305012.0], "cpu_throttled_rate": [0.0, 0.0, 0.0, 0.0, 0.0, 0.0, 0.0, 0.0, 0.0, 0.0, 0.0, 0.0, 0.0, 0.0, 0.0], "time_cpu_throttled_rate": [1711304998.0, 1711304999.0, 1711305000.0, 1711305001.0, 1711305002.0, 1711305003.0, 1711305004.0, 1711305005.0, 1711305006.0, 1711305007.0, 1711305008.0, 1711305009.0, 1711305010.0, 1711305011.0, 1711305012.0], "memory_usage": [2109591552.0, 2109591552.0, 2109591552.0, 2109591552.0, 2109591552.0, 2109591552.0, 2109591552.0, 2109591552.0, 2109591552.0, 2109591552.0, 2109591552.0, 2109591552.0, 2109591552.0, 2109591552.0, 2109591552.0, 2109591552.0, 2109591552.0, 2109591552.0, 2109591552.0, 2109591552.0, 2109591552.0, 2109591552.0, 2109591552.0, 2109591552.0, 2109591552.0, 2109591552.0, 2109591552.0, 2109591552.0, 2109591552.0, 2109591552.0, 2113224704.0, 2113224704.0, 2113224704.0, 2113224704.0, 2113224704.0, 2113224704.0, 2113224704.0, 2113224704.0, 2113224704.0, 2113224704.0, 2113224704.0, 2113224704.0, 2113224704.0, 2113224704.0, 2113224704.0], "time_memory_usage": [1711304968.0, 1711304969.0, 1711304970.0, 1711304971.0, 1711304972.0, 1711304973.0, 1711304974.0, 1711304975.0, 1711304976.0, 1711304977.0, 1711304978.0, 1711304979.0, 1711304980.0, 1711304981.0, 1711304982.0, 1711304983.0, 1711304984.0, 1711304985.0, 1711304986.0, 1711304987.0, 1711304988.0, 1711304989.0, 1711304990.0, 1711304991.0, 1711304992.0, 1711304993.0, 1711304994.0, 1711304995.0, 1711304996.0, 1711304997.0, 1711304998.0, 1711304999.0, 1711305000.0, 1711305001.0, 1711305002.0, 1711305003.0, 1711305004.0, 1711305005.0, 1711305006.0, 1711305007.0, 1711305008.0, 1711305009.0, 1711305010.0, 1711305011.0, 1711305012.0], "throughput": [0.02935, 0.023008333333333335, 0.04178888888888889, 0.039675, 0.03840666666666667, 0.037561111111111115, 0.03695714285714286, 0.036504166666666664, 0.03615185185185185, 0.05380499999999999, 0.07127878787878787, 0.07089444444444444, 0.07056923076923076, 0.07029047619047618, 0.07004888888888888, 0.087296875, 0.08706372549019606, 0.08685648148148147, 0.10400526315789473, 0.10380499999999998, 0.10362380952380952, 0.10345909090909092, 0.1033086956521739, 0.1203659722222222, 0.12021799999999999, 0.12008141025641027, 0.11995493827160493, 0.13695714285714286, 0.136832183908046, 0.13671555555555553, 0.15368225806451613, 0.15356718750000004, 0.15345909090909096, 0.1533573529411765, 0.1532614285714286, 0.17018981481481485, 0.1700945945945946, 0.17000438596491232, 0.16991880341880344, 0.1698375, 0.18673617886178864, 0.18665515873015873, 0.1865779069767442, 0.20345909090909095, 0.20338222222222224, 0.2033086956521739, 0.22017482269503544, 0.22010173611111114, 0.22003163265306122, 0.21996433333333335, 0.2198996732026144, 0.23674807692307695, 0.23668364779874215, 0.23662160493827158, 0.2534590909090909], "time_throughput": [1711304958.0, 1711304959.0, 1711304960.0, 1711304961.0, 1711304962.0, 1711304963.0, 1711304964.0, 1711304965.0, 1711304966.0, 1711304967.0, 1711304968.0, 1711304969.0, 1711304970.0, 1711304971.0, 1711304972.0, 1711304973.0, 1711304974.0, 1711304975.0, 1711304976.0, 1711304977.0, 1711304978.0, 1711304979.0, 1711304980.0, 1711304981.0, 1711304982.0, 1711304983.0, 1711304984.0, 1711304985.0, 1711304986.0, 1711304987.0, 1711304988.0, 1711304989.0, 1711304990.0, 1711304991.0, 1711304992.0, 1711304993.0, 1711304994.0, 1711304995.0, 1711304996.0, 1711304997.0, 1711304998.0, 1711304999.0, 1711305000.0, 1711305001.0, 1711305002.0, 1711305003.0, 1711305004.0, 1711305005.0, 1711305006.0, 1711305007.0, 1711305008.0, 1711305009.0, 1711305010.0, 1711305011.0, 1711305012.0], "responses": [[{"times": {"request": {"sending": 1711304953.2495253, "arrival": 1711304954.7649872}, "models": {"yolo": {"arrival": 1711304954.272535, "serving": 1711304954.7210374}}}, "model_name": "yolo", "outputs": []}], [{"times": {"request": {"sending": 1711304955.8122618, "arrival": 1711304956.8589995}, "models": {"yolo": {"arrival": 1711304956.819597, "serving": 1711304956.8533926}}}, "model_name": "yolo", "outputs": []}], [{"times": {"request": {"sending": 1711304955.5415578, "arrival": 1711304957.095934}, "models": {"yolo": {"arrival": 1711304956.5608187, "serving": 1711304957.0519}}}, "model_name": "yolo", "outputs": []}], [{"times": {"request": {"sending": 1711304956.5182629, "arrival": 1711304957.570661}, "models": {"yolo": {"arrival": 1711304957.5294404, "serving": 1711304957.5644588}}}, "model_name": "yolo", "outputs": []}], [{"times": {"request": {"sending": 1711304956.668337, "arrival": 1711304957.716859}, "models": {"yolo": {"arrival": 1711304957.6772768, "serving": 1711304957.7115896}}}, "model_name": "yolo", "outputs": []}], [{"times": {"request": {"sending": 1711304957.9416096, "arrival": 1711304958.9897342}, "models": {"yolo": {"arrival": 1711304958.9495718, "serving": 1711304958.983247}}},