{"cpu_usage_count": [13.267304575, 13.267304575, 13.267304575, 13.267304575, 13.267304575, 13.267304575, 13.267304575, 13.267304575, 13.267304575, 13.267304575, 13.267304575, 13.267304575, 13.267304575, 13.267304575, 13.267304575, 13.267304575, 13.267304575, 13.267304575, 13.267304575, 13.267304575, 13.267304575, 13.267304575, 13.267304575, 13.267304575, 13.267304575, 13.267304575, 13.267304575, 13.267304575, 13.267304575, 13.267304575, 14.082004691, 14.082004691, 14.082004691, 14.082004691, 14.082004691, 14.082004691, 14.082004691, 14.082004691, 14.082004691, 14.082004691, 14.082004691, 14.082004691, 14.082004691, 14.082004691, 14.082004691], "time_cpu_usage_count": [1711379188.0, 1711379189.0, 1711379190.0, 1711379191.0, 1711379192.0, 1711379193.0, 1711379194.0, 1711379195.0, 1711379196.0, 1711379197.0, 1711379198.0, 1711379199.0, 1711379200.0, 1711379201.0, 1711379202.0, 1711379203.0, 1711379204.0, 1711379205.0, 1711379206.0, 1711379207.0, 1711379208.0, 1711379209.0, 1711379210.0, 1711379211.0, 1711379212.0, 1711379213.0, 1711379214.0, 1711379215.0, 1711379216.0, 1711379217.0, 1711379218.0, 1711379219.0, 1711379220.0, 1711379221.0, 1711379222.0, 1711379223.0, 1711379224.0, 1711379225.0, 1711379226.0, 1711379227.0, 1711379228.0, 1711379229.0, 1711379230.0, 1711379231.0, 1711379232.0], "cpu_usage_rate": [0.027156670533333305, 0.027156670533333305, 0.027156670533333305, 0.027156670533333305, 0.027156670533333305, 0.027156670533333305, 0.027156670533333305, 0.027156670533333305, 0.027156670533333305, 0.027156670533333305, 0.027156670533333305, 0.027156670533333305, 0.027156670533333305, 0.027156670533333305, 0.027156670533333305], "time_cpu_usage_rate": [1711379218.0, 1711379219.0, 1711379220.0, 1711379221.0, 1711379222.0, 1711379223.0, 1711379224.0, 1711379225.0, 1711379226.0, 1711379227.0, 1711379228.0, 1711379229.0, 1711379230.0, 1711379231.0, 1711379232.0], "cpu_throttled_count": [46.164470092, 46.164470092, 46.164470092, 46.164470092, 46.164470092, 46.164470092, 46.164470092, 46.164470092, 46.164470092, 46.164470092, 46.164470092, 46.164470092, 46.164470092, 46.164470092, 46.164470092, 46.164470092, 46.164470092, 46.164470092, 46.164470092, 46.164470092, 46.164470092, 46.164470092, 46.164470092, 46.164470092, 46.164470092, 46.164470092, 46.164470092, 46.164470092, 46.164470092, 46.164470092, 46.164470092, 46.164470092, 46.164470092, 46.164470092, 46.164470092, 46.164470092, 46.164470092, 46.164470092, 46.164470092, 46.164470092, 46.164470092, 46.164470092, 46.164470092, 46.164470092, 46.164470092], "time_cpu_throttled_count": [1711379188.0, 1711379189.0, 1711379190.0, 1711379191.0, 1711379192.0, 1711379193.0, 1711379194.0, 1711379195.0, 1711379196.0, 1711379197.0, 1711379198.0, 1711379199.0, 1711379200.0, 1711379201.0, 1711379202.0, 1711379203.0, 1711379204.0, 1711379205.0, 1711379206.0, 1711379207.0, 1711379208.0, 1711379209.0, 1711379210.0, 1711379211.0, 1711379212.0, 1711379213.0, 1711379214.0, 1711379215.0, 1711379216.0, 1711379217.0, 1711379218.0, 1711379219.0, 1711379220.0, 1711379221.0, 1711379222.0, 1711379223.0, 1711379224.0, 1711379225.0, 1711379226.0, 1711379227.0, 1711379228.0, 1711379229.0, 1711379230.0, 1711379231.0, 1711379232.0], "cpu_throttled_rate": [0.0, 0.0, 0.0, 0.0, 0.0, 0.0, 0.0, 0.0, 0.0, 0.0, 0.0, 0.0, 0.0, 0.0, 0.0], "time_cpu_throttled_rate": [1711379218.0, 1711379219.0, 1711379220.0, 1711379221.0, 1711379222.0, 1711379223.0, 1711379224.0, 1711379225.0, 1711379226.0, 1711379227.0, 1711379228.0, 1711379229.0, 1711379230.0, 1711379231.0, 1711379232.0], "memory_usage": [2122887168.0, 2122887168.0, 2122887168.0, 2122887168.0, 2122887168.0, 2122887168.0, 2122887168.0, 2122887168.0, 2122887168.0, 2122887168.0, 2122887168.0, 2122887168.0, 2122887168.0, 2122887168.0, 2122887168.0, 2122887168.0, 2122887168.0, 2122887168.0, 2122887168.0, 2122887168.0, 2122887168.0, 2122887168.0, 2122887168.0, 2122887168.0, 2122887168.0, 2122887168.0, 2122887168.0, 2122887168.0, 2122887168.0, 2122887168.0, 2126786560.0, 2126786560.0, 2126786560.0, 2126786560.0, 2126786560.0, 2126786560.0, 2126786560.0, 2126786560.0, 2126786560.0, 2126786560.0, 2126786560.0, 2126786560.0, 2126786560.0, 2126786560.0, 2126786560.0], "time_memory_usage": [1711379188.0, 1711379189.0, 1711379190.0, 1711379191.0, 1711379192.0, 1711379193.0, 1711379194.0, 1711379195.0, 1711379196.0, 1711379197.0, 1711379198.0, 1711379199.0, 1711379200.0, 1711379201.0, 1711379202.0, 1711379203.0, 1711379204.0, 1711379205.0, 1711379206.0, 1711379207.0, 1711379208.0, 1711379209.0, 1711379210.0, 1711379211.0, 1711379212.0, 1711379213.0, 1711379214.0, 1711379215.0, 1711379216.0, 1711379217.0, 1711379218.0, 1711379219.0, 1711379220.0, 1711379221.0, 1711379222.0, 1711379223.0, 1711379224.0, 1711379225.0, 1711379226.0, 1711379227.0, 1711379228.0, 1711379229.0, 1711379230.0, 1711379231.0, 1711379232.0], "throughput": [0.020849999999999997, 0.01875833333333333, 0.018061111111111108, 0.017712500000000003, 0.035006666666666665, 0.05209166666666667, 0.051792857142857134, 0.051568750000000003, 0.051394444444444444, 0.085425, 0.08523484848484848, 0.10209166666666668, 0.10193076923076921, 0.10179285714285712, 0.11861888888888888, 0.118496875, 0.15221470588235295, 0.15209166666666668, 0.15198157894736844, 0.15188250000000003, 0.16865873015873015, 0.1685681818181818, 0.1853340579710145, 0.2020916666666667, 0.20200800000000002, 0.21875833333333333, 0.21868086419753088, 0.23542500000000002, 0.2353528735632184, 0.23528555555555555, 0.2520241935483871, 0.2519609375, 0.2686949494949495, 0.2686352941176471, 0.2853652380952381, 0.2853087962962963, 0.3020351351351351, 0.30198157894736843, 0.3187047008547008, 0.33542500000000003, 0.3353739837398374, 0.33532539682539675, 0.352043023255814, 0.3519965909090909, 0.3687118518518518, 0.385425, 0.3853804964539007, 0.3853378472222222, 0.3852969387755102, 0.40200800000000003, 0.4187173202614379, 0.41867788461538463, 0.4353855345911949, 0.43534753086419753, 0.4520536363636364, 0.45201696428571425, 0.4519815789473684, 0.485425, 0.4853895480225988, 0.47457627118644063, 0.4915254237288135], "time_throughput": [1711379172.0, 1711379173.0, 1711379174.0, 1711379175.0, 1711379176.0, 1711379177.0, 1711379178.0, 1711379179.0, 1711379180.0, 1711379181.0, 1711379182.0, 1711379183.0, 1711379184.0, 1711379185.0, 1711379186.0, 1711379187.0, 1711379188.0, 1711379189.0, 1711379190.0, 1711379191.0, 1711379192.0, 1711379193.0, 1711379194.0, 1711379195.0, 1711379196.0, 1711379197.0, 1711379198.0, 1711379199.0, 1711379200.0, 1711379201.0, 1711379202.0, 1711379203.0, 1711379204.0, 1711379205.0, 1711379206.0, 1711379207.0, 1711379208.0, 1711379209.0, 1711379210.0, 1711379211.0, 1711379212.0, 1711379213.0, 1711379214.0, 1711379215.0, 1711379216.0, 1711379217.0, 1711379218.0, 1711379219.0, 1711379220.0, 1711379221.0, 1711379222.0, 1711379223.0, 1711379224.0, 1711379225.0, 1711379226.0, 1711379227.0, 1711379228.0, 1711379229.0, 1711379230.0, 1711379231.0, 1711379232.0], "responses": [[{"times": {"request": {"sending": 1711379173.3762848, "arrival": 1711379174.4597938}, "models": {"yolo": {"arrival": 1711379174.397031, "serving": 1711379174.4343324}}}, "model_name": "yolo", "outputs": []}], [{"times": {"request": {"sending": 1711379173.9677432, "arrival": 1711379175.0311458}, "models": {"yolo": {"arrival": 1711379174.9824305, "serving": 1711379175.0249288}}}, "model_name": "yolo", "outputs": []}], [{"times": {"request": {"sending": 1711379174.9894936, "arrival": 1711379176.0439723}, "models": {"yolo": {"arrival": 1711379175.9982488, "serving": 1711379176.0360632}}}, "model_name": "yolo", "outputs": []}], [{"times": {"request": {"sending": 1711379175.4788997, "arrival": 1711379176.5348802}, "models": {"yolo": {"arrival": 1711379176.4879663, "serving": 1711379176.5266106}}}, "model_name": "yolo", "outputs": []}], [{"times": {"request": {"sending": 1711379177.0719981, "arrival": 1711379178.1263826}, "models": {"yolo": {"arrival": 1711379178.0810857, "serving": 1711379178.1168058}}},