{"cpu_usage_count": [10.887621397, 10.887621397, 10.887621397, 10.887621397, 10.887621397, 10.887621397, 10.887621397, 10.887621397, 10.887621397, 10.887621397, 10.887621397, 10.887621397, 10.887621397, 10.887621397, 10.887621397, 10.887621397, 10.887621397, 10.887621397, 10.887621397, 10.887621397, 10.887621397, 10.887621397, 10.887621397, 10.887621397, 10.887621397, 10.887621397, 10.887621397, 10.887621397, 10.887621397, 10.887621397, 12.088865832, 12.088865832, 12.088865832, 12.088865832, 12.088865832, 12.088865832, 12.088865832, 12.088865832, 12.088865832, 12.088865832, 12.088865832, 12.088865832, 12.088865832, 12.088865832], "time_cpu_usage_count": [1711407868.0, 1711407869.0, 1711407870.0, 1711407871.0, 1711407872.0, 1711407873.0, 1711407874.0, 1711407875.0, 1711407876.0, 1711407877.0, 1711407878.0, 1711407879.0, 1711407880.0, 1711407881.0, 1711407882.0, 1711407883.0, 1711407884.0, 1711407885.0, 1711407886.0, 1711407887.0, 1711407888.0, 1711407889.0, 1711407890.0, 1711407891.0, 1711407892.0, 1711407893.0, 1711407894.0, 1711407895.0, 1711407896.0, 1711407897.0, 1711407898.0, 1711407899.0, 1711407900.0, 1711407901.0, 1711407902.0, 1711407903.0, 1711407904.0, 1711407905.0, 1711407906.0, 1711407907.0, 1711407908.0, 1711407909.0, 1711407910.0, 1711407911.0], "cpu_usage_rate": [0.04004148116666665, 0.04004148116666665, 0.04004148116666665, 0.04004148116666665, 0.04004148116666665, 0.04004148116666665, 0.04004148116666665, 0.04004148116666665, 0.04004148116666665, 0.04004148116666665, 0.04004148116666665, 0.04004148116666665, 0.04004148116666665, 0.04004148116666665], "time_cpu_usage_rate": [1711407898.0, 1711407899.0, 1711407900.0, 1711407901.0, 1711407902.0, 1711407903.0, 1711407904.0, 1711407905.0, 1711407906.0, 1711407907.0, 1711407908.0, 1711407909.0, 1711407910.0, 1711407911.0], "cpu_throttled_count": [23.232635757, 23.232635757, 23.232635757, 23.232635757, 23.232635757, 23.232635757, 23.232635757, 23.232635757, 23.232635757, 23.232635757, 23.232635757, 23.232635757, 23.232635757, 23.232635757, 23.232635757, 23.232635757, 23.232635757, 23.232635757, 23.232635757, 23.232635757, 23.232635757, 23.232635757, 23.232635757, 23.232635757, 23.232635757, 23.232635757, 23.232635757, 23.232635757, 23.232635757, 23.232635757, 23.232635757, 23.232635757, 23.232635757, 23.232635757, 23.232635757, 23.232635757, 23.232635757, 23.232635757, 23.232635757, 23.232635757, 23.232635757, 23.232635757, 23.232635757, 23.232635757], "time_cpu_throttled_count": [1711407868.0, 1711407869.0, 1711407870.0, 1711407871.0, 1711407872.0, 1711407873.0, 1711407874.0, 1711407875.0, 1711407876.0, 1711407877.0, 1711407878.0, 1711407879.0, 1711407880.0, 1711407881.0, 1711407882.0, 1711407883.0, 1711407884.0, 1711407885.0, 1711407886.0, 1711407887.0, 1711407888.0, 1711407889.0, 1711407890.0, 1711407891.0, 1711407892.0, 1711407893.0, 1711407894.0, 1711407895.0, 1711407896.0, 1711407897.0, 1711407898.0, 1711407899.0, 1711407900.0, 1711407901.0, 1711407902.0, 1711407903.0, 1711407904.0, 1711407905.0, 1711407906.0, 1711407907.0, 1711407908.0, 1711407909.0, 1711407910.0, 1711407911.0], "cpu_throttled_rate": [0.0, 0.0, 0.0, 0.0, 0.0, 0.0, 0.0, 0.0, 0.0, 0.0, 0.0, 0.0, 0.0, 0.0], "time_cpu_throttled_rate": [1711407898.0, 1711407899.0, 1711407900.0, 1711407901.0, 1711407902.0, 1711407903.0, 1711407904.0, 1711407905.0, 1711407906.0, 1711407907.0, 1711407908.0, 1711407909.0, 1711407910.0, 1711407911.0], "memory_usage": [2142654464.0, 2142654464.0, 2142654464.0, 2142654464.0, 2142654464.0, 2142654464.0, 2142654464.0, 2142654464.0, 2142654464.0, 2142654464.0, 2142654464.0, 2142654464.0, 2142654464.0, 2142654464.0, 2142654464.0, 2142654464.0, 2142654464.0, 2142654464.0, 2142654464.0, 2142654464.0, 2142654464.0, 2142654464.0, 2142654464.0, 2142654464.0, 2142654464.0, 2142654464.0, 2142654464.0, 2142654464.0, 2142654464.0, 2142654464.0, 2146504704.0, 2146504704.0, 2146504704.0, 2146504704.0, 2146504704.0, 2146504704.0, 2146504704.0, 2146504704.0, 2146504704.0, 2146504704.0, 2146504704.0, 2146504704.0, 2146504704.0, 2146504704.0], "time_memory_usage": [1711407868.0, 1711407869.0, 1711407870.0, 1711407871.0, 1711407872.0, 1711407873.0, 1711407874.0, 1711407875.0, 1711407876.0, 1711407877.0, 1711407878.0, 1711407879.0, 1711407880.0, 1711407881.0, 1711407882.0, 1711407883.0, 1711407884.0, 1711407885.0, 1711407886.0, 1711407887.0, 1711407888.0, 1711407889.0, 1711407890.0, 1711407891.0, 1711407892.0, 1711407893.0, 1711407894.0, 1711407895.0, 1711407896.0, 1711407897.0, 1711407898.0, 1711407899.0, 1711407900.0, 1711407901.0, 1711407902.0, 1711407903.0, 1711407904.0, 1711407905.0, 1711407906.0, 1711407907.0, 1711407908.0, 1711407909.0, 1711407910.0, 1711407911.0], "throughput": [0.04452459016393443, 0.038655737704918036, 0.055049180327868846, 0.05358196721311475, 0.08783606557377048, 0.10422950819672129, 0.10339110070257611, 0.11988934426229508, 0.1704553734061931, 0.1698032786885246, 0.16926974664679584, 0.20259016393442625, 0.21898360655737706, 0.21856440281030445, 0.23498579234972677, 0.26816393442622954, 0.26781870781099326, 0.30095081967213116, 0.317344262295082, 0.31705081967213117, 0.33345823575331773, 0.36652459016393435, 0.3662694226657163, 0.3993114754098361, 0.3990767213114755, 0.41547919293820934, 0.43188099574984823, 0.4482822014051523, 0.4812786885245901, 0.4810830601092896, 0.5140655737704919, 0.5138821721311475, 0.5468524590163933, 0.5632459016393443, 0.5630782201405151, 0.5794763205828779, 0.5958741692512183, 0.6288196721311474, 0.6286691887347624, 0.6616065573770492, 0.6945365853658536, 0.6943934426229508, 0.6942569576820433, 0.7271803278688524, 0.7270499089253187, 0.759967213114754, 0.7598423439134983, 0.7927540983606558, 0.8256607561057209, 0.8255409836065573, 0.8254259080681453, 0.8583278688524589, 0.8582171357871945, 0.8746126290224651, 0.9075081967213114, 0.9074033957845433, 0.9402950819672132, 0.9566885245901638, 0.9565890525145874, 0.9894754098360656, 0.9666666666666666, 0.9833333333333333], "time_throughput": [1711407850.0, 1711407851.0, 1711407852.0, 1711407853.0, 1711407854.0, 1711407855.0, 1711407856.0, 1711407857.0, 1711407858.0, 1711407859.0, 1711407860.0, 1711407861.0, 1711407862.0, 1711407863.0, 1711407864.0, 1711407865.0, 1711407866.0, 1711407867.0, 1711407868.0, 1711407869.0, 1711407870.0, 1711407871.0, 1711407872.0, 1711407873.0, 1711407874.0, 1711407875.0, 1711407876.0, 1711407877.0, 1711407878.0, 1711407879.0, 1711407880.0, 1711407881.0, 1711407882.0, 1711407883.0, 1711407884.0, 1711407885.0, 1711407886.0, 1711407887.0, 1711407888.0, 1711407889.0, 1711407890.0, 1711407891.0, 1711407892.0, 1711407893.0, 1711407894.0, 1711407895.0, 1711407896.0, 1711407897.0, 1711407898.0, 1711407899.0, 1711407900.0, 1711407901.0, 1711407902.0, 1711407903.0, 1711407904.0, 1711407905.0, 1711407906.0, 1711407907.0, 1711407908.0, 1711407909.0, 1711407910.0, 1711407911.0], "responses": [[{"times": {"request": {"sending": 1711407850.43432, "arrival": 1711407851.5207453}, "models": {"yolo": {"arrival": 1711407851.447273, "serving": 1711407851.4906437}}}, "model_name": "yolo", "outputs": []}], [{"times": {"request": {"sending": 1711407851.9723907, "arrival": 1711407853.0348918}, "models": {"yolo": {"arrival": 1711407852.980669, "serving": 1711407853.0258276}}}, "model_name": "yolo", "outputs": []}], [{"times": {"request": {"sending": 1711407852.6896176, "arrival": 1711407853.0358136}, "models": {"yolo": {"arrival": 1711407852.980669, "serving": 1711407853.0258276}}}, "model_name": "yolo", "outputs": []}], [{"times": {"request": {"sending": 1711407853.0679078, "arrival": 1711407854.1130033}, "models": {"yolo": {"arrival": 1711407854.074685, "serving": 1711407854.1073034}}}, "model_name": "yolo", "outputs": []}], [{"times": {"request": {"sending": 1711407855.3974798, "arrival": 1711407856.4464629}, "models": {"yolo": {"arrival": 1711407856.4060602, "serving": 1711407856.4397972}}}, "model_name": "yolo", "outputs": []}], [{"times": {"request": {"sending": 1711407856.5857882,