{"cpu_usage_count": [9.925507654, 9.925507654, 9.925507654, 9.925507654, 9.925507654, 9.925507654, 9.925507654, 9.925507654, 9.925507654, 9.925507654, 9.925507654, 9.925507654, 9.925507654, 9.925507654, 9.925507654, 9.925507654, 9.925507654, 9.925507654, 9.925507654, 9.925507654, 9.925507654, 9.925507654, 9.925507654, 9.925507654, 9.925507654, 9.925507654, 9.925507654, 9.925507654, 9.925507654, 9.925507654, 11.07791785, 11.07791785, 11.07791785, 11.07791785, 11.07791785, 11.07791785, 11.07791785, 11.07791785, 11.07791785, 11.07791785, 11.07791785, 11.07791785], "time_cpu_usage_count": [1711408618.0, 1711408619.0, 1711408620.0, 1711408621.0, 1711408622.0, 1711408623.0, 1711408624.0, 1711408625.0, 1711408626.0, 1711408627.0, 1711408628.0, 1711408629.0, 1711408630.0, 1711408631.0, 1711408632.0, 1711408633.0, 1711408634.0, 1711408635.0, 1711408636.0, 1711408637.0, 1711408638.0, 1711408639.0, 1711408640.0, 1711408641.0, 1711408642.0, 1711408643.0, 1711408644.0, 1711408645.0, 1711408646.0, 1711408647.0, 1711408648.0, 1711408649.0, 1711408650.0, 1711408651.0, 1711408652.0, 1711408653.0, 1711408654.0, 1711408655.0, 1711408656.0, 1711408657.0, 1711408658.0, 1711408659.0], "cpu_usage_rate": [0.0384136732, 0.0384136732, 0.0384136732, 0.0384136732, 0.0384136732, 0.0384136732, 0.0384136732, 0.0384136732, 0.0384136732, 0.0384136732, 0.0384136732, 0.0384136732], "time_cpu_usage_rate": [1711408648.0, 1711408649.0, 1711408650.0, 1711408651.0, 1711408652.0, 1711408653.0, 1711408654.0, 1711408655.0, 1711408656.0, 1711408657.0, 1711408658.0, 1711408659.0], "cpu_throttled_count": [19.567011982, 19.567011982, 19.567011982, 19.567011982, 19.567011982, 19.567011982, 19.567011982, 19.567011982, 19.567011982, 19.567011982, 19.567011982, 19.567011982, 19.567011982, 19.567011982, 19.567011982, 19.567011982, 19.567011982, 19.567011982, 19.567011982, 19.567011982, 19.567011982, 19.567011982, 19.567011982, 19.567011982, 19.567011982, 19.567011982, 19.567011982, 19.567011982, 19.567011982, 19.567011982, 19.567011982, 19.567011982, 19.567011982, 19.567011982, 19.567011982, 19.567011982, 19.567011982, 19.567011982, 19.567011982, 19.567011982, 19.567011982, 19.567011982], "time_cpu_throttled_count": [1711408618.0, 1711408619.0, 1711408620.0, 1711408621.0, 1711408622.0, 1711408623.0, 1711408624.0, 1711408625.0, 1711408626.0, 1711408627.0, 1711408628.0, 1711408629.0, 1711408630.0, 1711408631.0, 1711408632.0, 1711408633.0, 1711408634.0, 1711408635.0, 1711408636.0, 1711408637.0, 1711408638.0, 1711408639.0, 1711408640.0, 1711408641.0, 1711408642.0, 1711408643.0, 1711408644.0, 1711408645.0, 1711408646.0, 1711408647.0, 1711408648.0, 1711408649.0, 1711408650.0, 1711408651.0, 1711408652.0, 1711408653.0, 1711408654.0, 1711408655.0, 1711408656.0, 1711408657.0, 1711408658.0, 1711408659.0], "cpu_throttled_rate": [0.0, 0.0, 0.0, 0.0, 0.0, 0.0, 0.0, 0.0, 0.0, 0.0, 0.0, 0.0], "time_cpu_throttled_rate": [1711408648.0, 1711408649.0, 1711408650.0, 1711408651.0, 1711408652.0, 1711408653.0, 1711408654.0, 1711408655.0, 1711408656.0, 1711408657.0, 1711408658.0, 1711408659.0], "memory_usage": [2142547968.0, 2142547968.0, 2142547968.0, 2142547968.0, 2142547968.0, 2142547968.0, 2142547968.0, 2142547968.0, 2142547968.0, 2142547968.0, 2142547968.0, 2142547968.0, 2142547968.0, 2142547968.0, 2142547968.0, 2142547968.0, 2142547968.0, 2142547968.0, 2142547968.0, 2142547968.0, 2142547968.0, 2142547968.0, 2142547968.0, 2142547968.0, 2142547968.0, 2142547968.0, 2142547968.0, 2142547968.0, 2142547968.0, 2142547968.0, 2142744576.0, 2142744576.0, 2142744576.0, 2142744576.0, 2142744576.0, 2142744576.0, 2142744576.0, 2142744576.0, 2142744576.0, 2142744576.0, 2142744576.0, 2142744576.0], "time_memory_usage": [1711408618.0, 1711408619.0, 1711408620.0, 1711408621.0, 1711408622.0, 1711408623.0, 1711408624.0, 1711408625.0, 1711408626.0, 1711408627.0, 1711408628.0, 1711408629.0, 1711408630.0, 1711408631.0, 1711408632.0, 1711408633.0, 1711408634.0, 1711408635.0, 1711408636.0, 1711408637.0, 1711408638.0, 1711408639.0, 1711408640.0, 1711408641.0, 1711408642.0, 1711408643.0, 1711408644.0, 1711408645.0, 1711408646.0, 1711408647.0, 1711408648.0, 1711408649.0, 1711408650.0, 1711408651.0, 1711408652.0, 1711408653.0, 1711408654.0, 1711408655.0, 1711408656.0, 1711408657.0, 1711408658.0, 1711408659.0], "throughput": [0.044000000000000004, 0.03866666666666666, 0.03688888888888889, 0.09000000000000001, 0.08866666666666667, 0.10533333333333333, 0.13942857142857143, 0.13866666666666666, 0.1725925925925926, 0.17200000000000001, 0.18866666666666668, 0.1882222222222222, 0.20492307692307693, 0.2557142857142857, 0.28937777777777784, 0.289, 0.32262745098039214, 0.32229629629629636, 0.322, 0.33866666666666667, 0.35533333333333333, 0.3889090909090909, 0.38866666666666666, 0.4053333333333333, 0.40512, 0.42179487179487185, 0.4384691358024691, 0.4382857142857143, 0.48866666666666664, 0.5221777777777777, 0.5219999999999999, 0.5386666666666666, 0.5721616161616161, 0.572, 0.5886666666666667, 0.5885185185185186, 0.6219999999999999, 0.6218105588155322, 0.6553333333333334, 0.6552, 0.7054634146341463, 0.7053333333333334, 0.7052093023255814, 0.7386666666666667, 0.7385481481481481, 0.7720000000000001, 0.8054468085106382, 0.8053333333333332, 0.8220000000000002, 0.85544, 0.8553333333333334, 0.8887692307692309, 0.8886666666666667, 0.9220987654320987, 0.9219999999999999, 0.9219047619047619, 0.9553333333333335, 0.972, 0.971909604519774, 0.983050847457627], "time_throughput": [1711408600.0, 1711408601.0, 1711408602.0, 1711408603.0, 1711408604.0, 1711408605.0, 1711408606.0, 1711408607.0, 1711408608.0, 1711408609.0, 1711408610.0, 1711408611.0, 1711408612.0, 1711408613.0, 1711408614.0, 1711408615.0, 1711408616.0, 1711408617.0, 1711408618.0, 1711408619.0, 1711408620.0, 1711408621.0, 1711408622.0, 1711408623.0, 1711408624.0, 1711408625.0, 1711408626.0, 1711408627.0, 1711408628.0, 1711408629.0, 1711408630.0, 1711408631.0, 1711408632.0, 1711408633.0, 1711408634.0, 1711408635.0, 1711408636.0, 1711408637.0, 1711408638.0, 1711408639.0, 1711408640.0, 1711408641.0, 1711408642.0, 1711408643.0, 1711408644.0, 1711408645.0, 1711408646.0, 1711408647.0, 1711408648.0, 1711408649.0, 1711408650.0, 1711408651.0, 1711408652.0, 1711408653.0, 1711408654.0, 1711408655.0, 1711408656.0, 1711408657.0, 1711408658.0, 1711408659.0], "responses": [[{"times": {"request": {"sending": 1711408601.4533813, "arrival": 1711408602.487384}, "models": {"yolo": {"arrival": 1711408602.393456, "serving": 1711408602.4511523}}}, "model_name": "yolo", "outputs": []}], [{"times": {"request": {"sending": 1711408601.5330644, "arrival": 1711408602.4883463}, "models": {"yolo": {"arrival": 1711408602.393456, "serving": 1711408602.4511523}}}, "model_name": "yolo", "outputs": []}], [{"times": {"request": {"sending": 1711408601.683432, "arrival": 1711408602.4889944}, "models": {"yolo": {"arrival": 1711408602.393456, "serving": 1711408602.4511523}}}, "model_name": "yolo", "outputs": []}], [{"times": {"request": {"sending": 1711408602.9294512, "arrival": 1711408603.981688}, "models": {"yolo": {"arrival": 1711408603.9379458, "serving": 1711408603.9763415}}}, "model_name": "yolo", "outputs": []}], [{"times": {"request": {"sending": 1711408604.0269125, "arrival": 1711408605.0867512}, "models": {"yolo": {"arrival": 1711408605.034638, "serving": 1711408605.0766077}}}, "model_name": "yolo", "outputs": []}], [{"times": {"request": {"sending": 1711408604.8679123, "arrival": 1711408605.0876753}, "models": {"yolo": {"arrival": 1711408605.034638, "serving": 1711408605.0766077}}}, "model_name": "yolo", "outputs": []}], [{"times": {"request": {"sending": 1711408606.01967, "arrival": 1711408607.0727017}, "models": {"yolo": {"arrival": 1711408607.0270915, "serving": 1711408607.0642283}}}, "model_name": "yolo", "outputs": []}], [{"times": {"request": {"sending": 1711408606.7808306, "arrival": 1711408607.0736177}, "models": {"yolo": {"arrival": 1711408607.0270915, "serving": 1711408607.0642283}}}, "model_name": "yolo",