{"cpu_usage_count": [10.049471734, 10.049471734, 10.049471734, 10.049471734, 10.049471734, 10.049471734, 10.049471734, 10.049471734, 10.049471734, 10.049471734, 10.049471734, 10.049471734, 10.049471734, 10.049471734, 10.049471734, 10.049471734, 10.049471734, 10.049471734, 10.049471734, 10.049471734, 10.049471734, 10.049471734, 10.049471734, 10.049471734, 10.049471734, 10.049471734, 10.049471734, 10.049471734, 10.049471734, 10.049471734, 10.373897188, 10.373897188, 10.373897188, 10.373897188, 10.373897188, 10.373897188, 10.373897188, 10.373897188, 10.373897188, 10.373897188, 10.373897188, 10.373897188, 10.373897188, 10.373897188], "time_cpu_usage_count": [1711366978.0, 1711366979.0, 1711366980.0, 1711366981.0, 1711366982.0, 1711366983.0, 1711366984.0, 1711366985.0, 1711366986.0, 1711366987.0, 1711366988.0, 1711366989.0, 1711366990.0, 1711366991.0, 1711366992.0, 1711366993.0, 1711366994.0, 1711366995.0, 1711366996.0, 1711366997.0, 1711366998.0, 1711366999.0, 1711367000.0, 1711367001.0, 1711367002.0, 1711367003.0, 1711367004.0, 1711367005.0, 1711367006.0, 1711367007.0, 1711367008.0, 1711367009.0, 1711367010.0, 1711367011.0, 1711367012.0, 1711367013.0, 1711367014.0, 1711367015.0, 1711367016.0, 1711367017.0, 1711367018.0, 1711367019.0, 1711367020.0, 1711367021.0], "cpu_usage_rate": [0.0108141818, 0.0108141818, 0.0108141818, 0.0108141818, 0.0108141818, 0.0108141818, 0.0108141818, 0.0108141818, 0.0108141818, 0.0108141818, 0.0108141818, 0.0108141818, 0.0108141818, 0.0108141818], "time_cpu_usage_rate": [1711367008.0, 1711367009.0, 1711367010.0, 1711367011.0, 1711367012.0, 1711367013.0, 1711367014.0, 1711367015.0, 1711367016.0, 1711367017.0, 1711367018.0, 1711367019.0, 1711367020.0, 1711367021.0], "cpu_throttled_count": [12.017171356, 12.017171356, 12.017171356, 12.017171356, 12.017171356, 12.017171356, 12.017171356, 12.017171356, 12.017171356, 12.017171356, 12.017171356, 12.017171356, 12.017171356, 12.017171356, 12.017171356, 12.017171356, 12.017171356, 12.017171356, 12.017171356, 12.017171356, 12.017171356, 12.017171356, 12.017171356, 12.017171356, 12.017171356, 12.017171356, 12.017171356, 12.017171356, 12.017171356, 12.017171356, 12.017171356, 12.017171356, 12.017171356, 12.017171356, 12.017171356, 12.017171356, 12.017171356, 12.017171356, 12.017171356, 12.017171356, 12.017171356, 12.017171356, 12.017171356, 12.017171356], "time_cpu_throttled_count": [1711366978.0, 1711366979.0, 1711366980.0, 1711366981.0, 1711366982.0, 1711366983.0, 1711366984.0, 1711366985.0, 1711366986.0, 1711366987.0, 1711366988.0, 1711366989.0, 1711366990.0, 1711366991.0, 1711366992.0, 1711366993.0, 1711366994.0, 1711366995.0, 1711366996.0, 1711366997.0, 1711366998.0, 1711366999.0, 1711367000.0, 1711367001.0, 1711367002.0, 1711367003.0, 1711367004.0, 1711367005.0, 1711367006.0, 1711367007.0, 1711367008.0, 1711367009.0, 1711367010.0, 1711367011.0, 1711367012.0, 1711367013.0, 1711367014.0, 1711367015.0, 1711367016.0, 1711367017.0, 1711367018.0, 1711367019.0, 1711367020.0, 1711367021.0], "cpu_throttled_rate": [0.0, 0.0, 0.0, 0.0, 0.0, 0.0, 0.0, 0.0, 0.0, 0.0, 0.0, 0.0, 0.0, 0.0], "time_cpu_throttled_rate": [1711367008.0, 1711367009.0, 1711367010.0, 1711367011.0, 1711367012.0, 1711367013.0, 1711367014.0, 1711367015.0, 1711367016.0, 1711367017.0, 1711367018.0, 1711367019.0, 1711367020.0, 1711367021.0], "memory_usage": [2152112128.0, 2152112128.0, 2152112128.0, 2152112128.0, 2152112128.0, 2152112128.0, 2152112128.0, 2152112128.0, 2152112128.0, 2152112128.0, 2152112128.0, 2152112128.0, 2152112128.0, 2152112128.0, 2152112128.0, 2152112128.0, 2152112128.0, 2152112128.0, 2152112128.0, 2152112128.0, 2152112128.0, 2152112128.0, 2152112128.0, 2152112128.0, 2152112128.0, 2152112128.0, 2152112128.0, 2152112128.0, 2152112128.0, 2152112128.0, 2152255488.0, 2152255488.0, 2152255488.0, 2152255488.0, 2152255488.0, 2152255488.0, 2152255488.0, 2152255488.0, 2152255488.0, 2152255488.0, 2152255488.0, 2152255488.0, 2152255488.0, 2152255488.0], "time_memory_usage": [1711366978.0, 1711366979.0, 1711366980.0, 1711366981.0, 1711366982.0, 1711366983.0, 1711366984.0, 1711366985.0, 1711366986.0, 1711366987.0, 1711366988.0, 1711366989.0, 1711366990.0, 1711366991.0, 1711366992.0, 1711366993.0, 1711366994.0, 1711366995.0, 1711366996.0, 1711366997.0, 1711366998.0, 1711366999.0, 1711367000.0, 1711367001.0, 1711367002.0, 1711367003.0, 1711367004.0, 1711367005.0, 1711367006.0, 1711367007.0, 1711367008.0, 1711367009.0, 1711367010.0, 1711367011.0, 1711367012.0, 1711367013.0, 1711367014.0, 1711367015.0, 1711367016.0, 1711367017.0, 1711367018.0, 1711367019.0, 1711367020.0, 1711367021.0], "throughput": [0.025083333333333332, 0.020874999999999998, 0.01947222222222222, 0.018770833333333334, 0.018349999999999998, 0.036138888888888894, 0.035738095238095235, 0.035437500000000004, 0.052805555555555564, 0.052525, 0.05229545454545455, 0.05210416666666668, 0.0519423076923077, 0.06907142857142858, 0.06891111111111112, 0.06877083333333332, 0.06864705882352941, 0.08567129629629629, 0.08554824561403508, 0.0854375, 0.10240476190476192, 0.10229545454545455, 0.10219565217391305, 0.10210416666666666, 0.11902333333333333, 0.11893269230769231, 0.11884876543209875, 0.11877083333333331, 0.13565517241379307, 0.13557777777777777, 0.13550537634408602, 0.13543750000000002, 0.15229545454545457, 0.1522279411764706, 0.1521642857142857, 0.15210416666666665, 0.15204729729729732, 0.16888157894736844, 0.16882478632478634, 0.16877083333333334, 0.18559146341463417, 0.18553769841269843, 0.18548643410852714, 0.1854375, 0.18539074074074074, 0.20219565217391305, 0.20214893617021276, 0.20210416666666664, 0.21889965986394558, 0.218855, 0.218812091503268, 0.21877083333333333, 0.2187311320754717, 0.23551543209876544, 0.2354757575757576, 0.23543750000000002, 0.23540058479532164, 0.252176724137931, 0.2521398305084746, 0.23728813559322032, 0.23728813559322032], "time_throughput": [1711366961.0, 1711366962.0, 1711366963.0, 1711366964.0, 1711366965.0, 1711366966.0, 1711366967.0, 1711366968.0, 1711366969.0, 1711366970.0, 1711366971.0, 1711366972.0, 1711366973.0, 1711366974.0, 1711366975.0, 1711366976.0, 1711366977.0, 1711366978.0, 1711366979.0, 1711366980.0, 1711366981.0, 1711366982.0, 1711366983.0, 1711366984.0, 1711366985.0, 1711366986.0, 1711366987.0, 1711366988.0, 1711366989.0, 1711366990.0, 1711366991.0, 1711366992.0, 1711366993.0, 1711366994.0, 1711366995.0, 1711366996.0, 1711366997.0, 1711366998.0, 1711366999.0, 1711367000.0, 1711367001.0, 1711367002.0, 1711367003.0, 1711367004.0, 1711367005.0, 1711367006.0, 1711367007.0, 1711367008.0, 1711367009.0, 1711367010.0, 1711367011.0, 1711367012.0, 1711367013.0, 1711367014.0, 1711367015.0, 1711367016.0, 1711367017.0, 1711367018.0, 1711367019.0, 1711367020.0, 1711367021.0], "responses": [[{"times": {"request": {"sending": 1711366962.1005507, "arrival": 1711366963.6289413}, "models": {"yolo": {"arrival": 1711366963.126788, "serving": 1711366963.5876737}}}, "model_name": "yolo", "outputs": []}], [{"times": {"request": {"sending": 1711366963.5776145, "arrival": 1711366964.6253364}, "models": {"yolo": {"arrival": 1711366964.5837302, "serving": 1711366964.619883}}}, "model_name": "yolo", "outputs": []}], [{"times": {"request": {"sending": 1711366963.6712284, "arrival": 1711366964.71759}, "models": {"yolo": {"arrival": 1711366964.678102, "serving": 1711366964.7126987}}}, "model_name": "yolo", "outputs": []}], [{"times": {"request": {"sending": 1711366963.4912162, "arrival": 1711366965.0208704}, "models": {"yolo": {"arrival": 1711366964.5120296, "serving": 1711366964.9790769}}}, "model_name": "yolo", "outputs": []}], [{"times": {"request": {"sending": 1711366964.896019, "arrival": 1711366965.9488313}, "models": {"yolo": {"arrival": 1711366965.9035227, "serving": 1711366965.9396846}}}, "model_name": "yolo", "outputs": []}], [{"times": {"request": {"sending": 1711366966.4286857, "arrival": 1711366967.4832084}, "models": {"yolo": {"arrival": 1711366967.437084, "serving": 1711366967.4764764}}}, "model_name": "yolo",