{"cpu_usage_count": [0.043480946, 0.043480946, 0.043480946, 0.043480946, 0.043480946, 0.043480946, 0.043480946, 0.043480946, 0.043480946, 0.043480946, 0.043480946, 0.043480946, 0.043480946, 0.043480946, 0.043480946, 0.043480946, 0.043480946, 0.043480946, 0.043480946, 0.043480946, 0.043480946, 0.043480946, 0.043480946, 0.043480946, 0.043480946, 0.043480946, 0.043480946, 0.043480946, 0.043480946, 0.043480946, 6.393049402, 6.393049402, 6.393049402, 6.393049402, 6.393049402, 6.393049402, 6.393049402, 6.393049402, 6.393049402, 6.393049402, 6.393049402, 6.393049402, 6.393049402, 6.393049402, 6.393049402, 6.393049402, 6.393049402, 6.393049402, 6.393049402, 6.393049402, 6.393049402, 6.393049402, 6.393049402, 6.393049402, 6.393049402, 6.393049402, 6.393049402, 6.393049402, 6.393049402, 6.393049402, 37.216825322, 37.216825322, 37.216825322, 37.216825322, 37.216825322, 37.216825322, 37.216825322, 37.216825322, 37.216825322, 37.216825322, 37.216825322, 37.216825322, 37.216825322, 37.216825322, 37.216825322, 37.216825322, 37.216825322, 37.216825322, 37.216825322, 37.216825322, 37.216825322, 37.216825322, 37.216825322, 37.216825322, 37.216825322, 37.216825322, 37.216825322, 37.216825322, 37.216825322, 37.216825322, 67.418838165, 67.418838165, 67.418838165, 67.418838165, 67.418838165, 67.418838165, 67.418838165, 67.418838165, 67.418838165, 67.418838165, 67.418838165, 67.418838165, 67.418838165, 67.418838165, 67.418838165, 67.418838165, 67.418838165, 67.418838165, 67.418838165, 67.418838165, 67.418838165, 67.418838165, 67.418838165, 67.418838165, 67.418838165, 67.418838165], "time_cpu_usage_count": [1683947412.0, 1683947413.0, 1683947414.0, 1683947415.0, 1683947416.0, 1683947417.0, 1683947418.0, 1683947419.0, 1683947420.0, 1683947421.0, 1683947422.0, 1683947423.0, 1683947424.0, 1683947425.0, 1683947426.0, 1683947427.0, 1683947428.0, 1683947429.0, 1683947430.0, 1683947431.0, 1683947432.0, 1683947433.0, 1683947434.0, 1683947435.0, 1683947436.0, 1683947437.0, 1683947438.0, 1683947439.0, 1683947440.0, 1683947441.0, 1683947442.0, 1683947443.0, 1683947444.0, 1683947445.0, 1683947446.0, 1683947447.0, 1683947448.0, 1683947449.0, 1683947450.0, 1683947451.0, 1683947452.0, 1683947453.0, 1683947454.0, 1683947455.0, 1683947456.0, 1683947457.0, 1683947458.0, 1683947459.0, 1683947460.0, 1683947461.0, 1683947462.0, 1683947463.0, 1683947464.0, 1683947465.0, 1683947466.0, 1683947467.0, 1683947468.0, 1683947469.0, 1683947470.0, 1683947471.0, 1683947472.0, 1683947473.0, 1683947474.0, 1683947475.0, 1683947476.0, 1683947477.0, 1683947478.0, 1683947479.0, 1683947480.0, 1683947481.0, 1683947482.0, 1683947483.0, 1683947484.0, 1683947485.0, 1683947486.0, 1683947487.0, 1683947488.0, 1683947489.0, 1683947490.0, 1683947491.0, 1683947492.0, 1683947493.0, 1683947494.0, 1683947495.0, 1683947496.0, 1683947497.0, 1683947498.0, 1683947499.0, 1683947500.0, 1683947501.0, 1683947502.0, 1683947503.0, 1683947504.0, 1683947505.0, 1683947506.0, 1683947507.0, 1683947508.0, 1683947509.0, 1683947510.0, 1683947511.0, 1683947512.0, 1683947513.0, 1683947514.0, 1683947515.0, 1683947516.0, 1683947517.0, 1683947518.0, 1683947519.0, 1683947520.0, 1683947521.0, 1683947522.0, 1683947523.0, 1683947524.0, 1683947525.0, 1683947526.0, 1683947527.0], "cpu_usage_rate": [0.0718969532160563, 0.07424864523679704, 0.07660033725753777, 0.07895202927827852, 0.08130372129901925, 0.08365541331976, 0.08600710534050074, 0.08835879736124147, 0.09071048938198223, 0.09306218140272296, 0.09541387342346372, 0.09776556544420445, 0.1001172574649452, 0.10246894948568595, 0.10482064150642668, 0.10717233352716743, 0.10952402554790815, 0.1118757175686489, 0.11422740958938964, 0.11657910161013038, 0.11893079363087113, 0.12128248565161187, 0.1236341776723526, 0.12598586969309333, 0.12833756171383406, 0.13068925373457482, 0.13304094575531555, 0.1353926377760563, 0.13774432979679707, 0.1400960218175378, 0.41604669198259103, 0.42293064464481334, 0.4298145973070355, 0.4366985499692577, 0.4435825026314799, 0.4504664552937022, 0.4573504079559244, 0.4642343606181466, 0.47111831328036874, 0.4780022659425911, 0.48488621860481324, 0.49177017126703554, 0.4986541239292577, 0.50553807659148, 0.5124220292537022, 0.5193059819159244, 0.5261899345781467, 0.5330738872403689, 0.539957839902591, 0.5468417925648132, 0.5537257452270355, 0.5606096978892577, 0.5674936505514799, 0.5743776032137021, 0.5812615558759244, 0.5881455085381465, 0.5950294612003688, 0.601913413862591, 0.6087973665248133, 0.6156813191870355, 0.7532456952548187, 0.7645467672479669, 0.7758478392411149, 0.787148911234263, 0.7984499832274112, 0.8097510552205592, 0.8210521272137075, 0.8323531992068557, 0.8436542712000038, 0.8549553431931519, 0.8662564151863001, 0.8775574871794484, 0.8888585591725964, 0.9001596311657445, 0.9114607031588926, 0.9227617751520409, 0.9340628471451891, 0.9453639191383371, 0.9566649911314852, 0.9679660631246334, 0.9792671351177816, 0.9905682071109296, 1.001869279104078, 1.013170351097226, 1.0170964793833333, 1.0170964793833333], "time_cpu_usage_rate": [1683947442.0, 1683947443.0, 1683947444.0, 1683947445.0, 1683947446.0, 1683947447.0, 1683947448.0, 1683947449.0, 1683947450.0, 1683947451.0, 1683947452.0, 1683947453.0, 1683947454.0, 1683947455.0, 1683947456.0, 1683947457.0, 1683947458.0, 1683947459.0, 1683947460.0, 1683947461.0, 1683947462.0, 1683947463.0, 1683947464.0, 1683947465.0, 1683947466.0, 1683947467.0, 1683947468.0, 1683947469.0, 1683947470.0, 1683947471.0, 1683947472.0, 1683947473.0, 1683947474.0, 1683947475.0, 1683947476.0, 1683947477.0, 1683947478.0, 1683947479.0, 1683947480.0, 1683947481.0, 1683947482.0, 1683947483.0, 1683947484.0, 1683947485.0, 1683947486.0, 1683947487.0, 1683947488.0, 1683947489.0, 1683947490.0, 1683947491.0, 1683947492.0, 1683947493.0, 1683947494.0, 1683947495.0, 1683947496.0, 1683947497.0, 1683947498.0, 1683947499.0, 1683947500.0, 1683947501.0, 1683947502.0, 1683947503.0, 1683947504.0, 1683947505.0, 1683947506.0, 1683947507.0, 1683947508.0, 1683947509.0, 1683947510.0, 1683947511.0, 1683947512.0, 1683947513.0, 1683947514.0, 1683947515.0, 1683947516.0, 1683947517.0, 1683947518.0, 1683947519.0, 1683947520.0, 1683947521.0, 1683947522.0, 1683947523.0, 1683947524.0, 1683947525.0, 1683947526.0, 1683947527.0], "cpu_throttled_count": [0.0, 0.0, 0.0, 0.0, 0.0, 0.0, 0.0, 0.0, 0.0, 0.0, 0.0, 0.0, 0.0, 0.0, 0.0, 0.0, 0.0, 0.0, 0.0, 0.0, 0.0, 0.0, 0.0, 0.0, 0.0, 0.0, 0.0, 0.0, 0.0, 0.0, 13.908255113, 13.908255113, 13.908255113, 13.908255113, 13.908255113, 13.908255113, 13.908255113, 13.908255113, 13.908255113, 13.908255113, 13.908255113, 13.908255113, 13.908255113, 13.908255113, 13.908255113, 13.908255113, 13.908255113, 13.908255113, 13.908255113, 13.908255113, 13.908255113, 13.908255113, 13.908255113, 13.908255113, 13.908255113, 13.908255113, 13.908255113, 13.908255113, 13.908255113, 13.908255113, 14.038573613, 14.038573613, 14.038573613, 14.038573613, 14.038573613, 14.038573613, 14.038573613, 14.038573613, 14.038573613, 14.038573613, 14.038573613, 14.038573613, 14.038573613, 14.038573613, 14.038573613, 14.038573613, 14.038573613, 14.038573613, 14.038573613, 14.038573613, 14.038573613, 14.038573613, 14.038573613, 14.038573613, 14.038573613, 14.038573613, 14.038573613, 14.038573613, 14.038573613, 14.038573613, 14.111169516, 14.111169516, 14.111169516, 14.111169516, 14.111169516, 14.111169516, 14.111169516, 14.111169516, 14.111169516, 14.111169516, 14.111169516, 14.111169516, 14.111169516, 14.111169516, 14.111169516, 14.111169516, 14.111169516, 14.111169516, 14.111169516, 14.111169516, 14.111169516, 14.111169516, 14.111169516, 14.111169516, 14.111169516, 14.111169516],