{"cpu_usage_count": [5.402702622, 5.402702622, 5.402702622, 5.402702622, 5.402702622, 5.402702622, 5.402702622, 5.402702622, 5.402702622, 5.402702622, 5.402702622, 5.402702622, 5.402702622, 5.402702622, 5.402702622, 5.402702622, 5.402702622, 5.402702622, 5.402702622, 5.402702622, 5.402702622, 5.402702622, 5.402702622, 5.402702622, 5.402702622, 5.402702622, 5.402702622, 5.402702622, 5.402702622, 5.402702622, 35.668900598, 35.668900598, 35.668900598, 35.668900598, 35.668900598, 35.668900598, 35.668900598, 35.668900598, 35.668900598, 35.668900598, 35.668900598, 35.668900598, 35.668900598, 35.668900598, 35.668900598, 35.668900598, 35.668900598, 35.668900598, 35.668900598, 35.668900598, 35.668900598, 35.668900598, 35.668900598, 35.668900598, 35.668900598, 35.668900598, 35.668900598, 35.668900598, 35.668900598, 35.668900598, 86.17952544, 86.17952544, 86.17952544, 86.17952544, 86.17952544, 86.17952544, 86.17952544, 86.17952544, 86.17952544, 86.17952544, 86.17952544, 86.17952544, 86.17952544, 86.17952544, 86.17952544, 86.17952544, 86.17952544, 86.17952544, 86.17952544, 86.17952544, 86.17952544, 86.17952544, 86.17952544, 86.17952544, 86.17952544, 86.17952544, 86.17952544, 86.17952544, 86.17952544, 86.17952544, 162.073416198, 162.073416198, 162.073416198, 162.073416198, 162.073416198, 162.073416198, 162.073416198, 162.073416198], "time_cpu_usage_count": [1683947592.0, 1683947593.0, 1683947594.0, 1683947595.0, 1683947596.0, 1683947597.0, 1683947598.0, 1683947599.0, 1683947600.0, 1683947601.0, 1683947602.0, 1683947603.0, 1683947604.0, 1683947605.0, 1683947606.0, 1683947607.0, 1683947608.0, 1683947609.0, 1683947610.0, 1683947611.0, 1683947612.0, 1683947613.0, 1683947614.0, 1683947615.0, 1683947616.0, 1683947617.0, 1683947618.0, 1683947619.0, 1683947620.0, 1683947621.0, 1683947622.0, 1683947623.0, 1683947624.0, 1683947625.0, 1683947626.0, 1683947627.0, 1683947628.0, 1683947629.0, 1683947630.0, 1683947631.0, 1683947632.0, 1683947633.0, 1683947634.0, 1683947635.0, 1683947636.0, 1683947637.0, 1683947638.0, 1683947639.0, 1683947640.0, 1683947641.0, 1683947642.0, 1683947643.0, 1683947644.0, 1683947645.0, 1683947646.0, 1683947647.0, 1683947648.0, 1683947649.0, 1683947650.0, 1683947651.0, 1683947652.0, 1683947653.0, 1683947654.0, 1683947655.0, 1683947656.0, 1683947657.0, 1683947658.0, 1683947659.0, 1683947660.0, 1683947661.0, 1683947662.0, 1683947663.0, 1683947664.0, 1683947665.0, 1683947666.0, 1683947667.0, 1683947668.0, 1683947669.0, 1683947670.0, 1683947671.0, 1683947672.0, 1683947673.0, 1683947674.0, 1683947675.0, 1683947676.0, 1683947677.0, 1683947678.0, 1683947679.0, 1683947680.0, 1683947681.0, 1683947682.0, 1683947683.0, 1683947684.0, 1683947685.0, 1683947686.0, 1683947687.0, 1683947688.0, 1683947689.0], "cpu_usage_rate": [0.4004350787397007, 0.4116447816937748, 0.4228544846478488, 0.4340641876019229, 0.445273890555997, 0.4564835935100711, 0.4676932964641451, 0.47890299941821923, 0.4901127023722934, 0.5013224053263674, 0.5125321082804416, 0.5237418112345156, 0.5349515141885897, 0.5461612171426637, 0.5573709200967378, 0.5685806230508119, 0.579790326004886, 0.59100002895896, 0.6022097319130341, 0.6134194348671081, 0.6246291378211823, 0.6358388407752564, 0.6470485437293304, 0.6582582466834045, 0.6694679496374785, 0.6806776525915527, 0.6918873555456267, 0.7030970584997008, 0.7143067614537748, 0.7255164644078489, 0.9630401148841122, 0.9779987857763344, 0.9929574566685567, 1.007916127560779, 1.022874798453001, 1.0378334693452234, 1.0527921402374456, 1.0677508111296679, 1.08270948202189, 1.0976681529141121, 1.1126268238063344, 1.1275854946985566, 1.1425441655907789, 1.1575028364830011, 1.1724615073752234, 1.1874201782674456, 1.2023788491596679, 1.21733752005189, 1.2322961909441121, 1.2472548618363344, 1.2622135327285566, 1.2771722036207789, 1.2921308745130011, 1.3070895454052232, 1.3220482162974454, 1.3370068871896679, 1.3462803803, 1.3462803803, 1.3462803803, 1.3462803803, 1.8094065609454077, 1.832814804575037, 1.8562230482046667, 1.8796312918342961, 1.9030395354639262, 1.9264477790935555, 1.9498560227231851, 1.9732642663528148], "time_cpu_usage_rate": [1683947622.0, 1683947623.0, 1683947624.0, 1683947625.0, 1683947626.0, 1683947627.0, 1683947628.0, 1683947629.0, 1683947630.0, 1683947631.0, 1683947632.0, 1683947633.0, 1683947634.0, 1683947635.0, 1683947636.0, 1683947637.0, 1683947638.0, 1683947639.0, 1683947640.0, 1683947641.0, 1683947642.0, 1683947643.0, 1683947644.0, 1683947645.0, 1683947646.0, 1683947647.0, 1683947648.0, 1683947649.0, 1683947650.0, 1683947651.0, 1683947652.0, 1683947653.0, 1683947654.0, 1683947655.0, 1683947656.0, 1683947657.0, 1683947658.0, 1683947659.0, 1683947660.0, 1683947661.0, 1683947662.0, 1683947663.0, 1683947664.0, 1683947665.0, 1683947666.0, 1683947667.0, 1683947668.0, 1683947669.0, 1683947670.0, 1683947671.0, 1683947672.0, 1683947673.0, 1683947674.0, 1683947675.0, 1683947676.0, 1683947677.0, 1683947678.0, 1683947679.0, 1683947680.0, 1683947681.0, 1683947682.0, 1683947683.0, 1683947684.0, 1683947685.0, 1683947686.0, 1683947687.0, 1683947688.0, 1683947689.0], "cpu_throttled_count": [10.290997733, 10.290997733, 10.290997733, 10.290997733, 10.290997733, 10.290997733, 10.290997733, 10.290997733, 10.290997733, 10.290997733, 10.290997733, 10.290997733, 10.290997733, 10.290997733, 10.290997733, 10.290997733, 10.290997733, 10.290997733, 10.290997733, 10.290997733, 10.290997733, 10.290997733, 10.290997733, 10.290997733, 10.290997733, 10.290997733, 10.290997733, 10.290997733, 10.290997733, 10.290997733, 10.302748106, 10.302748106, 10.302748106, 10.302748106, 10.302748106, 10.302748106, 10.302748106, 10.302748106, 10.302748106, 10.302748106, 10.302748106, 10.302748106, 10.302748106, 10.302748106, 10.302748106, 10.302748106, 10.302748106, 10.302748106, 10.302748106, 10.302748106, 10.302748106, 10.302748106, 10.302748106, 10.302748106, 10.302748106, 10.302748106, 10.302748106, 10.302748106, 10.302748106, 10.302748106, 10.352620056, 10.352620056, 10.352620056, 10.352620056, 10.352620056, 10.352620056, 10.352620056, 10.352620056, 10.352620056, 10.352620056, 10.352620056, 10.352620056, 10.352620056, 10.352620056, 10.352620056, 10.352620056, 10.352620056, 10.352620056, 10.352620056, 10.352620056, 10.352620056, 10.352620056, 10.352620056, 10.352620056, 10.352620056, 10.352620056, 10.352620056, 10.352620056, 10.352620056, 10.352620056, 10.431575308, 10.431575308, 10.431575308, 10.431575308, 10.431575308, 10.431575308, 10.431575308, 10.431575308], "time_cpu_throttled_count": [1683947592.0, 1683947593.0, 1683947594.0, 1683947595.0, 1683947596.0, 1683947597.0, 1683947598.0, 1683947599.0, 1683947600.0, 1683947601.0, 1683947602.0, 1683947603.0, 1683947604.0, 1683947605.0, 1683947606.0, 1683947607.0, 1683947608.0, 1683947609.0, 1683947610.0, 1683947611.0, 1683947612.0, 1683947613.0, 1683947614.0, 1683947615.0, 1683947616.0, 1683947617.0, 1683947618.0, 1683947619.0, 1683947620.0, 1683947621.0, 1683947622.0, 1683947623.0, 1683947624.0, 1683947625.0, 1683947626.0, 1683947627.0, 1683947628.0, 1683947629.0, 1683947630.0, 1683947631.0, 1683947632.0, 1683947633.0, 1683947634.0, 1683947635.0, 1683947636.0, 1683947637.0, 1683947638.0, 1683947639.0, 1683947640.0, 1683947641.0, 1683947642.0, 1683947643.0, 1683947644.0, 1683947645.0, 1683947646.0, 1683947647.0, 1683947648.0, 1683947649.0, 1683947650.0, 1683947651.0, 1683947652.0, 1683947653.0, 1683947654.0, 1683947655.0, 1683947656.0, 1683947657.0, 1683947658.0, 1683947659.0, 1683947660.0, 1683947661.0, 1683947662.0, 1683947663.0, 1683947664.0, 1683947665.0, 1683947666.0, 1683947667.0, 1683947668.0, 1683947669.0, 1683947670.0, 1683947671.0, 1683947672.0, 1683947673.0, 1683947674.0, 1683947675.0, 1683947676.0, 1683947677.0, 1683947678.0, 1683947679.0, 1683947680.0, 1683947681.0, 1683947682.0, 1683947683.0, 1683947684.0, 1683947685.0, 1683947686.0, 1683947687.0, 1683947688.0, 1683947689.0],