{"cpu_usage_count": [0.043819957, 0.043819957, 0.043819957, 0.043819957, 0.043819957, 0.043819957, 0.043819957, 0.043819957, 0.043819957, 0.043819957, 0.043819957, 0.043819957, 0.043819957, 0.043819957, 0.043819957, 0.043819957, 0.043819957, 0.043819957, 0.043819957, 0.043819957, 0.043819957, 0.043819957, 0.043819957, 0.043819957, 0.043819957, 0.043819957, 0.043819957, 0.043819957, 0.043819957, 0.043819957, 8.766132615, 8.766132615, 8.766132615, 8.766132615, 8.766132615, 8.766132615, 8.766132615, 8.766132615, 8.766132615, 8.766132615, 8.766132615, 8.766132615, 8.766132615, 8.766132615, 8.766132615, 8.766132615, 8.766132615, 8.766132615, 8.766132615, 8.766132615, 8.766132615, 8.766132615, 8.766132615, 8.766132615, 8.766132615, 8.766132615, 8.766132615, 8.766132615, 8.766132615, 8.766132615, 115.497478496, 115.497478496, 115.497478496, 115.497478496, 115.497478496, 115.497478496, 115.497478496, 115.497478496, 115.497478496, 115.497478496, 115.497478496, 115.497478496, 115.497478496, 115.497478496, 115.497478496, 115.497478496, 115.497478496, 115.497478496, 115.497478496, 115.497478496, 115.497478496, 115.497478496, 115.497478496, 115.497478496, 115.497478496, 115.497478496, 115.497478496, 115.497478496, 115.497478496, 115.497478496, 197.976048601, 197.976048601, 197.976048601, 197.976048601, 197.976048601, 197.976048601, 197.976048601, 197.976048601, 197.976048601, 197.976048601, 197.976048601, 197.976048601, 197.976048601, 197.976048601, 197.976048601, 197.976048601, 197.976048601, 197.976048601, 197.976048601, 197.976048601, 197.976048601], "time_cpu_usage_count": [1683947742.0, 1683947743.0, 1683947744.0, 1683947745.0, 1683947746.0, 1683947747.0, 1683947748.0, 1683947749.0, 1683947750.0, 1683947751.0, 1683947752.0, 1683947753.0, 1683947754.0, 1683947755.0, 1683947756.0, 1683947757.0, 1683947758.0, 1683947759.0, 1683947760.0, 1683947761.0, 1683947762.0, 1683947763.0, 1683947764.0, 1683947765.0, 1683947766.0, 1683947767.0, 1683947768.0, 1683947769.0, 1683947770.0, 1683947771.0, 1683947772.0, 1683947773.0, 1683947774.0, 1683947775.0, 1683947776.0, 1683947777.0, 1683947778.0, 1683947779.0, 1683947780.0, 1683947781.0, 1683947782.0, 1683947783.0, 1683947784.0, 1683947785.0, 1683947786.0, 1683947787.0, 1683947788.0, 1683947789.0, 1683947790.0, 1683947791.0, 1683947792.0, 1683947793.0, 1683947794.0, 1683947795.0, 1683947796.0, 1683947797.0, 1683947798.0, 1683947799.0, 1683947800.0, 1683947801.0, 1683947802.0, 1683947803.0, 1683947804.0, 1683947805.0, 1683947806.0, 1683947807.0, 1683947808.0, 1683947809.0, 1683947810.0, 1683947811.0, 1683947812.0, 1683947813.0, 1683947814.0, 1683947815.0, 1683947816.0, 1683947817.0, 1683947818.0, 1683947819.0, 1683947820.0, 1683947821.0, 1683947822.0, 1683947823.0, 1683947824.0, 1683947825.0, 1683947826.0, 1683947827.0, 1683947828.0, 1683947829.0, 1683947830.0, 1683947831.0, 1683947832.0, 1683947833.0, 1683947834.0, 1683947835.0, 1683947836.0, 1683947837.0, 1683947838.0, 1683947839.0, 1683947840.0, 1683947841.0, 1683947842.0, 1683947843.0, 1683947844.0, 1683947845.0, 1683947846.0, 1683947847.0, 1683947848.0, 1683947849.0, 1683947850.0, 1683947851.0, 1683947852.0], "cpu_usage_rate": [0.09858706192425408, 0.1018175480938837, 0.10504803426351332, 0.10827852043314297, 0.11150900660277259, 0.11473949277240222, 0.11796997894203183, 0.12120046511166148, 0.1244309512812911, 0.12766143745092073, 0.13089192362055038, 0.13412240979017997, 0.13735289595980962, 0.14058338212943924, 0.1438138682990689, 0.1470443544686985, 0.15027484063832813, 0.15350532680795775, 0.1567358129775874, 0.15996629914721702, 0.16319678531684667, 0.16642727148647626, 0.1696577576561059, 0.17288824382573553, 0.17611872999536518, 0.1793492161649948, 0.18257970233462445, 0.1858101885042541, 0.1890406746738837, 0.19227116084351334, 1.291151889341447, 1.3125321964782988, 1.3339125036151505, 1.3552928107520021, 1.3766731178888543, 1.398053425025706, 1.4194337321625579, 1.4408140392994098, 1.4621943464362617, 1.4835746535731134, 1.504954960709965, 1.5263352678468174, 1.547715574983669, 1.5690958821205208, 1.5904761892573729, 1.6118564963942248, 1.6332368035310765, 1.6546171106679282, 1.67599741780478, 1.6973777249416322, 1.7187580320784839, 1.7401383392153356, 1.7615186463521875, 1.7828989534890396, 1.8042792606258913, 1.825659567762743, 1.8470398748995953, 1.868420182036447, 1.8898004891732987, 1.9111807963101506, 2.212593139856826, 2.247632013187567, 2.2826708865183076, 2.3177097598490484, 2.352748633179789, 2.3877875065105294, 2.422826379841271, 2.4578652531720113, 2.492904126502752, 2.527942999833493, 2.5629818731642335, 2.5980207464949743, 2.633059619825715, 2.6680984931564558, 2.7031373664871965, 2.7381762398179372, 2.773215113148678, 2.808253986479419, 2.8432928598101594, 2.8783317331409006, 2.913370606471641], "time_cpu_usage_rate": [1683947772.0, 1683947773.0, 1683947774.0, 1683947775.0, 1683947776.0, 1683947777.0, 1683947778.0, 1683947779.0, 1683947780.0, 1683947781.0, 1683947782.0, 1683947783.0, 1683947784.0, 1683947785.0, 1683947786.0, 1683947787.0, 1683947788.0, 1683947789.0, 1683947790.0, 1683947791.0, 1683947792.0, 1683947793.0, 1683947794.0, 1683947795.0, 1683947796.0, 1683947797.0, 1683947798.0, 1683947799.0, 1683947800.0, 1683947801.0, 1683947802.0, 1683947803.0, 1683947804.0, 1683947805.0, 1683947806.0, 1683947807.0, 1683947808.0, 1683947809.0, 1683947810.0, 1683947811.0, 1683947812.0, 1683947813.0, 1683947814.0, 1683947815.0, 1683947816.0, 1683947817.0, 1683947818.0, 1683947819.0, 1683947820.0, 1683947821.0, 1683947822.0, 1683947823.0, 1683947824.0, 1683947825.0, 1683947826.0, 1683947827.0, 1683947828.0, 1683947829.0, 1683947830.0, 1683947831.0, 1683947832.0, 1683947833.0, 1683947834.0, 1683947835.0, 1683947836.0, 1683947837.0, 1683947838.0, 1683947839.0, 1683947840.0, 1683947841.0, 1683947842.0, 1683947843.0, 1683947844.0, 1683947845.0, 1683947846.0, 1683947847.0, 1683947848.0, 1683947849.0, 1683947850.0, 1683947851.0, 1683947852.0], "cpu_throttled_count": [0.0, 0.0, 0.0, 0.0, 0.0, 0.0, 0.0, 0.0, 0.0, 0.0, 0.0, 0.0, 0.0, 0.0, 0.0, 0.0, 0.0, 0.0, 0.0, 0.0, 0.0, 0.0, 0.0, 0.0, 0.0, 0.0, 0.0, 0.0, 0.0, 0.0, 7.413560265, 7.413560265, 7.413560265, 7.413560265, 7.413560265, 7.413560265, 7.413560265, 7.413560265, 7.413560265, 7.413560265, 7.413560265, 7.413560265, 7.413560265, 7.413560265, 7.413560265, 7.413560265, 7.413560265, 7.413560265, 7.413560265, 7.413560265, 7.413560265, 7.413560265, 7.413560265, 7.413560265, 7.413560265, 7.413560265, 7.413560265, 7.413560265, 7.413560265, 7.413560265, 7.419379426, 7.419379426, 7.419379426, 7.419379426, 7.419379426, 7.419379426, 7.419379426, 7.419379426, 7.419379426, 7.419379426, 7.419379426, 7.419379426, 7.419379426, 7.419379426, 7.419379426, 7.419379426, 7.419379426, 7.419379426, 7.419379426, 7.419379426, 7.419379426, 7.419379426, 7.419379426, 7.419379426, 7.419379426, 7.419379426, 7.419379426, 7.419379426, 7.419379426, 7.419379426, 7.425215611, 7.425215611, 7.425215611, 7.425215611, 7.425215611, 7.425215611, 7.425215611, 7.425215611, 7.425215611, 7.425215611, 7.425215611, 7.425215611, 7.425215611, 7.425215611, 7.425215611, 7.425215611, 7.425215611, 7.425215611, 7.425215611, 7.425215611, 7.425215611],