{"cpu_usage_count": [0.031995668, 0.031995668, 0.031995668, 0.031995668, 0.031995668, 0.031995668, 0.031995668, 0.031995668, 0.031995668, 0.031995668, 0.031995668, 0.031995668, 0.031995668, 0.031995668, 0.031995668, 0.031995668, 0.031995668, 0.031995668, 0.031995668, 0.031995668, 0.031995668, 0.031995668, 0.031995668, 0.031995668, 0.031995668, 0.031995668, 9.063970441, 9.063970441, 9.063970441, 9.063970441, 9.063970441, 9.063970441, 9.063970441, 9.063970441, 9.063970441, 9.063970441, 9.063970441, 9.063970441, 9.063970441, 9.063970441, 9.063970441, 9.063970441, 9.063970441, 9.063970441, 9.063970441, 9.063970441, 9.063970441, 9.063970441, 9.063970441, 9.063970441, 9.063970441, 9.063970441, 9.063970441, 9.063970441, 9.063970441, 9.063970441, 202.727745346, 202.727745346, 202.727745346, 202.727745346, 202.727745346, 202.727745346, 202.727745346, 202.727745346, 202.727745346, 202.727745346, 202.727745346, 202.727745346, 202.727745346, 202.727745346, 202.727745346, 202.727745346, 202.727745346, 202.727745346, 202.727745346, 202.727745346, 202.727745346, 202.727745346, 202.727745346, 202.727745346, 202.727745346, 202.727745346, 202.727745346, 202.727745346, 202.727745346, 202.727745346, 270.720308558, 270.720308558, 270.720308558, 270.720308558, 270.720308558, 270.720308558, 270.720308558, 270.720308558, 270.720308558, 270.720308558, 270.720308558, 270.720308558, 270.720308558, 270.720308558, 270.720308558, 270.720308558, 270.720308558, 270.720308558, 270.720308558, 270.720308558, 270.720308558, 270.720308558, 270.720308558, 270.720308558, 270.720308558, 270.720308558, 270.720308558, 270.720308558, 270.720308558, 270.720308558, 270.848223072, 270.848223072, 270.848223072, 270.848223072], "time_cpu_usage_count": [1683947896.0, 1683947897.0, 1683947898.0, 1683947899.0, 1683947900.0, 1683947901.0, 1683947902.0, 1683947903.0, 1683947904.0, 1683947905.0, 1683947906.0, 1683947907.0, 1683947908.0, 1683947909.0, 1683947910.0, 1683947911.0, 1683947912.0, 1683947913.0, 1683947914.0, 1683947915.0, 1683947916.0, 1683947917.0, 1683947918.0, 1683947919.0, 1683947920.0, 1683947921.0, 1683947922.0, 1683947923.0, 1683947924.0, 1683947925.0, 1683947926.0, 1683947927.0, 1683947928.0, 1683947929.0, 1683947930.0, 1683947931.0, 1683947932.0, 1683947933.0, 1683947934.0, 1683947935.0, 1683947936.0, 1683947937.0, 1683947938.0, 1683947939.0, 1683947940.0, 1683947941.0, 1683947942.0, 1683947943.0, 1683947944.0, 1683947945.0, 1683947946.0, 1683947947.0, 1683947948.0, 1683947949.0, 1683947950.0, 1683947951.0, 1683947952.0, 1683947953.0, 1683947954.0, 1683947955.0, 1683947956.0, 1683947957.0, 1683947958.0, 1683947959.0, 1683947960.0, 1683947961.0, 1683947962.0, 1683947963.0, 1683947964.0, 1683947965.0, 1683947966.0, 1683947967.0, 1683947968.0, 1683947969.0, 1683947970.0, 1683947971.0, 1683947972.0, 1683947973.0, 1683947974.0, 1683947975.0, 1683947976.0, 1683947977.0, 1683947978.0, 1683947979.0, 1683947980.0, 1683947981.0, 1683947982.0, 1683947983.0, 1683947984.0, 1683947985.0, 1683947986.0, 1683947987.0, 1683947988.0, 1683947989.0, 1683947990.0, 1683947991.0, 1683947992.0, 1683947993.0, 1683947994.0, 1683947995.0, 1683947996.0, 1683947997.0, 1683947998.0, 1683947999.0, 1683948000.0, 1683948001.0, 1683948002.0, 1683948003.0, 1683948004.0, 1683948005.0, 1683948006.0, 1683948007.0, 1683948008.0, 1683948009.0, 1683948010.0, 1683948011.0, 1683948012.0, 1683948013.0, 1683948014.0, 1683948015.0], "cpu_usage_rate": [0.1019384622117374, 0.10528363805358926, 0.10862881389544111, 0.11197398973729294, 0.1153191655791448, 0.11866434142099666, 0.12200951726284852, 0.12535469310470038, 0.12869986894655222, 0.1320450447884041, 0.1353902206302559, 0.13873539647210778, 0.14208057231395962, 0.14542574815581147, 0.1487709239976633, 0.15211609983951518, 0.15546127568136703, 0.15880645152321887, 0.16215162736507072, 0.1654968032069226, 0.16884197904877443, 0.17218715489062628, 0.17553233073247815, 0.17887750657433002, 0.18222268241618186, 0.18556785825803368, 0.18891303409988552, 0.1922582099417374, 0.19560338578358924, 0.1989485616254411, 2.2663063075725605, 2.3038425575129304, 2.341378807453301, 2.3789150573936713, 2.4164513073340417, 2.453987557274412, 2.491523807214783, 2.529060057155153, 2.5665963070955233, 2.6041325570358933, 2.641668806976264, 2.679205056916634, 2.7167413068570045, 2.7542775567973745, 2.791813806737746, 2.829350056678116, 2.8668863066184858, 2.9044225565588566, 2.941958806499227, 2.979495056439597, 3.0170313063799674, 3.054567556320338, 3.0921038062607087, 3.1296400562010787, 3.1671763061414486, 3.2047125560818195, 3.24224880602219, 3.2797850559625603, 3.3173213059029303, 3.3548575558433007, 3.0257863684386925, 3.0742412458677664, 3.1226961232968407, 3.1711510007259145, 3.2196058781549888, 3.2680607555840635, 3.316515633013137, 3.3649705104422107, 3.413425387871285, 3.4618802653003593, 3.510335142729433, 3.558790020158507, 3.6072448975875813, 3.6556997750166556, 3.7041546524457294, 3.7526095298748032, 3.801064407303878, 3.849519284732952, 3.897974162162025, 3.9464290395910995, 3.994883917020174, 4.043338794449248, 4.091793671878322, 4.140248549307396, 4.1887034267364704, 4.237158304165544, 4.285613181594618, 4.334068059023692, 4.360938968616667, 4.360938968616667, 1.135341295433333, 1.135341295433333, 1.135341295433333, 1.135341295433333], "time_cpu_usage_rate": [1683947922.0, 1683947923.0, 1683947924.0, 1683947925.0, 1683947926.0, 1683947927.0, 1683947928.0, 1683947929.0, 1683947930.0, 1683947931.0, 1683947932.0, 1683947933.0, 1683947934.0, 1683947935.0, 1683947936.0, 1683947937.0, 1683947938.0, 1683947939.0, 1683947940.0, 1683947941.0, 1683947942.0, 1683947943.0, 1683947944.0, 1683947945.0, 1683947946.0, 1683947947.0, 1683947948.0, 1683947949.0, 1683947950.0, 1683947951.0, 1683947952.0, 1683947953.0, 1683947954.0, 1683947955.0, 1683947956.0, 1683947957.0, 1683947958.0, 1683947959.0, 1683947960.0, 1683947961.0, 1683947962.0, 1683947963.0, 1683947964.0, 1683947965.0, 1683947966.0, 1683947967.0, 1683947968.0, 1683947969.0, 1683947970.0, 1683947971.0, 1683947972.0, 1683947973.0, 1683947974.0, 1683947975.0, 1683947976.0, 1683947977.0, 1683947978.0, 1683947979.0, 1683947980.0, 1683947981.0, 1683947982.0, 1683947983.0, 1683947984.0, 1683947985.0, 1683947986.0, 1683947987.0, 1683947988.0, 1683947989.0, 1683947990.0, 1683947991.0, 1683947992.0, 1683947993.0, 1683947994.0, 1683947995.0, 1683947996.0, 1683947997.0, 1683947998.0, 1683947999.0, 1683948000.0, 1683948001.0, 1683948002.0, 1683948003.0, 1683948004.0, 1683948005.0, 1683948006.0, 1683948007.0, 1683948008.0, 1683948009.0, 1683948010.0, 1683948011.0, 1683948012.0, 1683948013.0, 1683948014.0, 1683948015.0],