{"cpu_usage_count": [5.028648477, 5.028648477, 5.028648477, 5.028648477, 5.028648477, 5.028648477, 5.028648477, 5.028648477, 5.028648477, 5.028648477, 5.028648477, 5.028648477, 5.028648477, 5.028648477, 5.028648477, 5.028648477, 5.028648477, 5.028648477, 5.028648477, 5.028648477, 5.028648477, 5.028648477, 5.028648477, 5.028648477, 5.028648477, 5.028648477, 5.028648477, 5.028648477, 5.028648477, 5.028648477, 15.019770241, 15.019770241, 15.019770241, 15.019770241, 15.019770241, 15.019770241, 15.019770241, 15.019770241, 15.019770241, 15.019770241, 15.019770241, 15.019770241, 15.019770241, 15.019770241, 15.019770241, 15.019770241, 15.019770241, 15.019770241, 15.019770241, 15.019770241, 15.019770241, 15.019770241, 15.019770241, 15.019770241, 15.019770241, 15.019770241, 15.019770241, 15.019770241, 15.019770241, 15.019770241, 33.537426906, 33.537426906, 33.537426906, 33.537426906, 33.537426906, 33.537426906, 33.537426906, 33.537426906, 33.537426906, 33.537426906, 33.537426906, 33.537426906, 33.537426906, 33.537426906, 33.537426906, 33.537426906, 33.537426906, 33.537426906, 33.537426906, 33.537426906, 33.537426906, 33.537426906, 33.537426906, 33.537426906, 33.537426906, 33.537426906, 33.537426906, 33.537426906, 33.537426906, 33.537426906, 74.300974331, 74.300974331, 74.300974331, 74.300974331, 74.300974331, 74.300974331, 74.300974331, 74.300974331, 74.300974331, 74.300974331, 74.300974331, 74.300974331, 74.300974331, 74.300974331, 74.300974331, 74.300974331, 74.300974331], "time_cpu_usage_count": [1683948072.0, 1683948073.0, 1683948074.0, 1683948075.0, 1683948076.0, 1683948077.0, 1683948078.0, 1683948079.0, 1683948080.0, 1683948081.0, 1683948082.0, 1683948083.0, 1683948084.0, 1683948085.0, 1683948086.0, 1683948087.0, 1683948088.0, 1683948089.0, 1683948090.0, 1683948091.0, 1683948092.0, 1683948093.0, 1683948094.0, 1683948095.0, 1683948096.0, 1683948097.0, 1683948098.0, 1683948099.0, 1683948100.0, 1683948101.0, 1683948102.0, 1683948103.0, 1683948104.0, 1683948105.0, 1683948106.0, 1683948107.0, 1683948108.0, 1683948109.0, 1683948110.0, 1683948111.0, 1683948112.0, 1683948113.0, 1683948114.0, 1683948115.0, 1683948116.0, 1683948117.0, 1683948118.0, 1683948119.0, 1683948120.0, 1683948121.0, 1683948122.0, 1683948123.0, 1683948124.0, 1683948125.0, 1683948126.0, 1683948127.0, 1683948128.0, 1683948129.0, 1683948130.0, 1683948131.0, 1683948132.0, 1683948133.0, 1683948134.0, 1683948135.0, 1683948136.0, 1683948137.0, 1683948138.0, 1683948139.0, 1683948140.0, 1683948141.0, 1683948142.0, 1683948143.0, 1683948144.0, 1683948145.0, 1683948146.0, 1683948147.0, 1683948148.0, 1683948149.0, 1683948150.0, 1683948151.0, 1683948152.0, 1683948153.0, 1683948154.0, 1683948155.0, 1683948156.0, 1683948157.0, 1683948158.0, 1683948159.0, 1683948160.0, 1683948161.0, 1683948162.0, 1683948163.0, 1683948164.0, 1683948165.0, 1683948166.0, 1683948167.0, 1683948168.0, 1683948169.0, 1683948170.0, 1683948171.0, 1683948172.0, 1683948173.0, 1683948174.0, 1683948175.0, 1683948176.0, 1683948177.0, 1683948178.0], "cpu_usage_rate": [0.16824438848792148, 0.17194480395606962, 0.17564521942421776, 0.1793456348923659, 0.18304605036051408, 0.1867464658286622, 0.19044688129681037, 0.19414729676495848, 0.1978477122331067, 0.20154812770125485, 0.205248543169403, 0.20894895863755114, 0.21264937410569928, 0.21634978957384743, 0.22005020504199557, 0.2237506205101437, 0.2274510359782919, 0.23115145144644, 0.23485186691458815, 0.2385522823827363, 0.24225269785088446, 0.24595311331903263, 0.24965352878718075, 0.2533539442553289, 0.25705435972347707, 0.2607547751916252, 0.2644551906597733, 0.26815560612792155, 0.27185602159606964, 0.2755564370642178, 0.37457561778582277, 0.37985502119860054, 0.38513442461137826, 0.39041382802415614, 0.39569323143693386, 0.40097263484971163, 0.4062520382624894, 0.41153144167526723, 0.416810845088045, 0.4220902485008228, 0.4273696519136005, 0.4326490553263784, 0.4379284587391561, 0.44320786215193386, 0.4484872655647117, 0.45376666897748946, 0.45904607239026723, 0.464325475803045, 0.46960487921582283, 0.4748842826286006, 0.47514630714999995, 0.47514630714999995, 0.47514630714999995, 0.47514630714999995, 0.47514630714999995, 0.47514630714999995, 0.47514630714999995, 0.47514630714999995, 0.47514630714999995, 0.47514630714999995, 0.8295953077335241, 0.8405733084909316, 0.851551309248339, 0.8625293100057465, 0.8735073107631539, 0.8844853115205612, 0.8954633122779687, 0.9064413130353761, 0.9174193137927834, 0.9283973145501908, 0.9393753153075983, 0.9503533160650057, 0.961331316822413, 0.9723093175798204, 0.9832873183372279, 0.9880200681666667, 0.9880200681666667], "time_cpu_usage_rate": [1683948102.0, 1683948103.0, 1683948104.0, 1683948105.0, 1683948106.0, 1683948107.0, 1683948108.0, 1683948109.0, 1683948110.0, 1683948111.0, 1683948112.0, 1683948113.0, 1683948114.0, 1683948115.0, 1683948116.0, 1683948117.0, 1683948118.0, 1683948119.0, 1683948120.0, 1683948121.0, 1683948122.0, 1683948123.0, 1683948124.0, 1683948125.0, 1683948126.0, 1683948127.0, 1683948128.0, 1683948129.0, 1683948130.0, 1683948131.0, 1683948132.0, 1683948133.0, 1683948134.0, 1683948135.0, 1683948136.0, 1683948137.0, 1683948138.0, 1683948139.0, 1683948140.0, 1683948141.0, 1683948142.0, 1683948143.0, 1683948144.0, 1683948145.0, 1683948146.0, 1683948147.0, 1683948148.0, 1683948149.0, 1683948150.0, 1683948151.0, 1683948152.0, 1683948153.0, 1683948154.0, 1683948155.0, 1683948156.0, 1683948157.0, 1683948158.0, 1683948159.0, 1683948160.0, 1683948161.0, 1683948162.0, 1683948163.0, 1683948164.0, 1683948165.0, 1683948166.0, 1683948167.0, 1683948168.0, 1683948169.0, 1683948170.0, 1683948171.0, 1683948172.0, 1683948173.0, 1683948174.0, 1683948175.0, 1683948176.0, 1683948177.0, 1683948178.0], "cpu_throttled_count": [15.662731618, 15.662731618, 15.662731618, 15.662731618, 15.662731618, 15.662731618, 15.662731618, 15.662731618, 15.662731618, 15.662731618, 15.662731618, 15.662731618, 15.662731618, 15.662731618, 15.662731618, 15.662731618, 15.662731618, 15.662731618, 15.662731618, 15.662731618, 15.662731618, 15.662731618, 15.662731618, 15.662731618, 15.662731618, 15.662731618, 15.662731618, 15.662731618, 15.662731618, 15.662731618, 15.720092207, 15.720092207, 15.720092207, 15.720092207, 15.720092207, 15.720092207, 15.720092207, 15.720092207, 15.720092207, 15.720092207, 15.720092207, 15.720092207, 15.720092207, 15.720092207, 15.720092207, 15.720092207, 15.720092207, 15.720092207, 15.720092207, 15.720092207, 15.720092207, 15.720092207, 15.720092207, 15.720092207, 15.720092207, 15.720092207, 15.720092207, 15.720092207, 15.720092207, 15.720092207, 15.827272869, 15.827272869, 15.827272869, 15.827272869, 15.827272869, 15.827272869, 15.827272869, 15.827272869, 15.827272869, 15.827272869, 15.827272869, 15.827272869, 15.827272869, 15.827272869, 15.827272869, 15.827272869, 15.827272869, 15.827272869, 15.827272869, 15.827272869, 15.827272869, 15.827272869, 15.827272869, 15.827272869, 15.827272869, 15.827272869, 15.827272869, 15.827272869, 15.827272869, 15.827272869, 15.947804707, 15.947804707, 15.947804707, 15.947804707, 15.947804707, 15.947804707, 15.947804707, 15.947804707, 15.947804707, 15.947804707, 15.947804707, 15.947804707, 15.947804707, 15.947804707, 15.947804707, 15.947804707, 15.947804707],