{"cpu_usage_count": [0.042459767, 0.042459767, 0.042459767, 0.042459767, 0.042459767, 0.042459767, 0.042459767, 0.042459767, 0.042459767, 0.042459767, 0.042459767, 0.042459767, 0.042459767, 0.042459767, 0.042459767, 0.042459767, 0.042459767, 0.042459767, 0.042459767, 0.042459767, 0.042459767, 0.042459767, 0.042459767, 0.042459767, 0.042459767, 0.042459767, 0.042459767, 0.042459767, 0.042459767, 5.532411775, 5.532411775, 5.532411775, 5.532411775, 5.532411775, 5.532411775, 5.532411775, 5.532411775, 5.532411775, 5.532411775, 5.532411775, 5.532411775, 5.532411775, 5.532411775, 5.532411775, 5.532411775, 5.532411775, 5.532411775, 5.532411775, 5.532411775, 5.532411775, 5.532411775, 5.532411775, 5.532411775, 5.532411775, 5.532411775, 5.532411775, 5.532411775, 5.532411775, 5.532411775, 42.131025194, 42.131025194, 42.131025194, 42.131025194, 42.131025194, 42.131025194, 42.131025194, 42.131025194, 42.131025194, 42.131025194, 42.131025194, 42.131025194, 42.131025194, 42.131025194, 42.131025194, 42.131025194, 42.131025194, 42.131025194, 42.131025194, 42.131025194, 42.131025194, 42.131025194, 42.131025194, 42.131025194, 42.131025194, 42.131025194, 42.131025194, 42.131025194, 42.131025194, 42.131025194, 103.262972387, 103.262972387, 103.262972387, 103.262972387, 103.262972387, 103.262972387, 103.262972387, 103.262972387, 103.262972387, 103.262972387, 103.262972387, 103.262972387, 103.262972387, 103.262972387, 103.262972387, 103.262972387, 103.262972387, 103.262972387, 103.262972387, 103.262972387, 103.262972387, 103.262972387, 103.262972387, 103.262972387, 103.262972387, 103.262972387, 103.262972387, 103.262972387, 103.262972387, 103.262972387, 137.245882904], "time_cpu_usage_count": [1683948223.0, 1683948224.0, 1683948225.0, 1683948226.0, 1683948227.0, 1683948228.0, 1683948229.0, 1683948230.0, 1683948231.0, 1683948232.0, 1683948233.0, 1683948234.0, 1683948235.0, 1683948236.0, 1683948237.0, 1683948238.0, 1683948239.0, 1683948240.0, 1683948241.0, 1683948242.0, 1683948243.0, 1683948244.0, 1683948245.0, 1683948246.0, 1683948247.0, 1683948248.0, 1683948249.0, 1683948250.0, 1683948251.0, 1683948252.0, 1683948253.0, 1683948254.0, 1683948255.0, 1683948256.0, 1683948257.0, 1683948258.0, 1683948259.0, 1683948260.0, 1683948261.0, 1683948262.0, 1683948263.0, 1683948264.0, 1683948265.0, 1683948266.0, 1683948267.0, 1683948268.0, 1683948269.0, 1683948270.0, 1683948271.0, 1683948272.0, 1683948273.0, 1683948274.0, 1683948275.0, 1683948276.0, 1683948277.0, 1683948278.0, 1683948279.0, 1683948280.0, 1683948281.0, 1683948282.0, 1683948283.0, 1683948284.0, 1683948285.0, 1683948286.0, 1683948287.0, 1683948288.0, 1683948289.0, 1683948290.0, 1683948291.0, 1683948292.0, 1683948293.0, 1683948294.0, 1683948295.0, 1683948296.0, 1683948297.0, 1683948298.0, 1683948299.0, 1683948300.0, 1683948301.0, 1683948302.0, 1683948303.0, 1683948304.0, 1683948305.0, 1683948306.0, 1683948307.0, 1683948308.0, 1683948309.0, 1683948310.0, 1683948311.0, 1683948312.0, 1683948313.0, 1683948314.0, 1683948315.0, 1683948316.0, 1683948317.0, 1683948318.0, 1683948319.0, 1683948320.0, 1683948321.0, 1683948322.0, 1683948323.0, 1683948324.0, 1683948325.0, 1683948326.0, 1683948327.0, 1683948328.0, 1683948329.0, 1683948330.0, 1683948331.0, 1683948332.0, 1683948333.0, 1683948334.0, 1683948335.0, 1683948336.0, 1683948337.0, 1683948338.0, 1683948339.0, 1683948340.0, 1683948341.0, 1683948342.0], "cpu_usage_rate": [0.06221746875442074, 0.06425078431293925, 0.06628409987145777, 0.06831741542997628, 0.0703507309884948, 0.07238404654701332, 0.07441736210553185, 0.07645067766405036, 0.07848399322256888, 0.08051730878108741, 0.08255062433960593, 0.08458393989812445, 0.08661725545664296, 0.0886505710151615, 0.09068388657368001, 0.09271720213219851, 0.09475051769071705, 0.09678383324923556, 0.09881714880775407, 0.1008504643662726, 0.10288377992479113, 0.10491709548330963, 0.10695041104182816, 0.10898372660034666, 0.1110170421588652, 0.1130503577173837, 0.11508367327590222, 0.11711698883442073, 0.11915030439293925, 0.12118361995145778, 0.470982965768835, 0.4787771445516128, 0.4865713233343905, 0.4943655021171684, 0.5021596808999462, 0.5099538596827239, 0.5177480384655018, 0.5255422172482795, 0.5333363960310572, 0.5411305748138351, 0.5489247535966129, 0.5567189323793906, 0.5645131111621684, 0.5723072899449461, 0.580101468727724, 0.5878956475105017, 0.5956898262932795, 0.6034840050760573, 0.6112781838588351, 0.6190723626416128, 0.6268665414243906, 0.6346607202071685, 0.6424548989899462, 0.650249077772724, 0.6580432565555017, 0.6658374353382795, 0.6736316141210573, 0.6814257929038351, 0.6892199716866129, 0.6970141504693907, 1.1540084183267787, 1.1721066702919638, 1.1902049222571491, 1.2083031742223342, 1.2264014261875194, 1.2444996781527045, 1.2625979301178898, 1.2806961820830751, 1.29879443404826, 1.3168926860134453, 1.3349909379786307, 1.3530891899438158, 1.3711874419090009, 1.3892856938741862, 1.4073839458393713, 1.4254821978045564, 1.4435804497697418, 1.4616787017349269, 1.4797769537001122, 1.4978752056652973, 1.5159734576304822, 1.5340717095956677, 1.5521699615608529, 1.5702682135260377, 1.588366465491223, 1.6064647174564084, 1.6245629694215933, 1.6288426768666668, 1.6288426768666668, 1.6288426768666668, 1.5314185420406614], "time_cpu_usage_rate": [1683948252.0, 1683948253.0, 1683948254.0, 1683948255.0, 1683948256.0, 1683948257.0, 1683948258.0, 1683948259.0, 1683948260.0, 1683948261.0, 1683948262.0, 1683948263.0, 1683948264.0, 1683948265.0, 1683948266.0, 1683948267.0, 1683948268.0, 1683948269.0, 1683948270.0, 1683948271.0, 1683948272.0, 1683948273.0, 1683948274.0, 1683948275.0, 1683948276.0, 1683948277.0, 1683948278.0, 1683948279.0, 1683948280.0, 1683948281.0, 1683948282.0, 1683948283.0, 1683948284.0, 1683948285.0, 1683948286.0, 1683948287.0, 1683948288.0, 1683948289.0, 1683948290.0, 1683948291.0, 1683948292.0, 1683948293.0, 1683948294.0, 1683948295.0, 1683948296.0, 1683948297.0, 1683948298.0, 1683948299.0, 1683948300.0, 1683948301.0, 1683948302.0, 1683948303.0, 1683948304.0, 1683948305.0, 1683948306.0, 1683948307.0, 1683948308.0, 1683948309.0, 1683948310.0, 1683948311.0, 1683948312.0, 1683948313.0, 1683948314.0, 1683948315.0, 1683948316.0, 1683948317.0, 1683948318.0, 1683948319.0, 1683948320.0, 1683948321.0, 1683948322.0, 1683948323.0, 1683948324.0, 1683948325.0, 1683948326.0, 1683948327.0, 1683948328.0, 1683948329.0, 1683948330.0, 1683948331.0, 1683948332.0, 1683948333.0, 1683948334.0, 1683948335.0, 1683948336.0, 1683948337.0, 1683948338.0, 1683948339.0, 1683948340.0, 1683948341.0, 1683948342.0], "cpu_throttled_count": [0.0, 0.0, 0.0, 0.0, 0.0, 0.0, 0.0, 0.0, 0.0, 0.0, 0.0, 0.0, 0.0, 0.0, 0.0, 0.0, 0.0, 0.0, 0.0, 0.0, 0.0, 0.0, 0.0, 0.0, 0.0, 0.0, 0.0, 0.0, 0.0, 11.653418005, 11.653418005, 11.653418005, 11.653418005, 11.653418005, 11.653418005, 11.653418005, 11.653418005, 11.653418005, 11.653418005, 11.653418005, 11.653418005, 11.653418005, 11.653418005, 11.653418005, 11.653418005, 11.653418005, 11.653418005, 11.653418005, 11.653418005, 11.653418005, 11.653418005, 11.653418005, 11.653418005, 11.653418005, 11.653418005, 11.653418005, 11.653418005, 11.653418005, 11.653418005, 11.694021591, 11.694021591, 11.694021591, 11.694021591, 11.694021591, 11.694021591, 11.694021591, 11.694021591, 11.694021591, 11.694021591, 11.694021591, 11.694021591, 11.694021591, 11.694021591, 11.694021591, 11.694021591, 11.694021591, 11.694021591, 11.694021591, 11.694021591, 11.694021591, 11.694021591, 11.694021591, 11.694021591, 11.694021591, 11.694021591, 11.694021591, 11.694021591, 11.694021591, 11.694021591, 11.717760768, 11.717760768, 11.717760768, 11.717760768, 11.717760768, 11.717760768, 11.717760768, 11.717760768, 11.717760768, 11.717760768, 11.717760768, 11.717760768, 11.717760768, 11.717760768, 11.717760768, 11.717760768, 11.717760768, 11.717760768, 11.717760768, 11.717760768, 11.717760768, 11.717760768, 11.717760768, 11.717760768, 11.717760768, 11.717760768, 11.717760768, 11.717760768, 11.717760768, 11.717760768, 11.744112138],