{"cpu_usage_count": [5.773210773, 5.773210773, 5.773210773, 5.773210773, 5.773210773, 5.773210773, 5.773210773, 5.773210773, 5.773210773, 5.773210773, 5.773210773, 5.773210773, 5.773210773, 5.773210773, 5.773210773, 5.773210773, 5.773210773, 5.773210773, 5.773210773, 5.773210773, 5.773210773, 5.773210773, 5.773210773, 5.773210773, 5.773210773, 5.773210773, 5.773210773, 5.773210773, 5.773210773, 5.773210773, 40.594002698, 40.594002698, 40.594002698, 40.594002698, 40.594002698, 40.594002698, 40.594002698, 40.594002698, 40.594002698, 40.594002698, 40.594002698, 40.594002698, 40.594002698, 40.594002698, 40.594002698, 40.594002698, 40.594002698, 40.594002698, 40.594002698, 40.594002698, 40.594002698, 40.594002698, 40.594002698, 40.594002698, 40.594002698, 40.594002698, 40.594002698, 40.594002698, 40.594002698, 40.594002698, 163.248990311, 163.248990311, 163.248990311, 163.248990311, 163.248990311, 163.248990311, 163.248990311, 163.248990311, 163.248990311, 163.248990311, 163.248990311, 163.248990311, 163.248990311, 163.248990311, 163.248990311, 163.248990311, 163.248990311, 163.248990311, 163.248990311, 163.248990311, 163.248990311, 163.248990311, 163.248990311, 163.248990311, 163.248990311, 163.248990311, 163.248990311, 163.248990311, 163.248990311, 163.248990311, 179.616539848, 179.616539848, 179.616539848, 179.616539848, 179.616539848, 179.616539848, 179.616539848, 179.616539848, 179.616539848, 179.616539848, 179.616539848, 179.616539848, 179.616539848], "time_cpu_usage_count": [1683948402.0, 1683948403.0, 1683948404.0, 1683948405.0, 1683948406.0, 1683948407.0, 1683948408.0, 1683948409.0, 1683948410.0, 1683948411.0, 1683948412.0, 1683948413.0, 1683948414.0, 1683948415.0, 1683948416.0, 1683948417.0, 1683948418.0, 1683948419.0, 1683948420.0, 1683948421.0, 1683948422.0, 1683948423.0, 1683948424.0, 1683948425.0, 1683948426.0, 1683948427.0, 1683948428.0, 1683948429.0, 1683948430.0, 1683948431.0, 1683948432.0, 1683948433.0, 1683948434.0, 1683948435.0, 1683948436.0, 1683948437.0, 1683948438.0, 1683948439.0, 1683948440.0, 1683948441.0, 1683948442.0, 1683948443.0, 1683948444.0, 1683948445.0, 1683948446.0, 1683948447.0, 1683948448.0, 1683948449.0, 1683948450.0, 1683948451.0, 1683948452.0, 1683948453.0, 1683948454.0, 1683948455.0, 1683948456.0, 1683948457.0, 1683948458.0, 1683948459.0, 1683948460.0, 1683948461.0, 1683948462.0, 1683948463.0, 1683948464.0, 1683948465.0, 1683948466.0, 1683948467.0, 1683948468.0, 1683948469.0, 1683948470.0, 1683948471.0, 1683948472.0, 1683948473.0, 1683948474.0, 1683948475.0, 1683948476.0, 1683948477.0, 1683948478.0, 1683948479.0, 1683948480.0, 1683948481.0, 1683948482.0, 1683948483.0, 1683948484.0, 1683948485.0, 1683948486.0, 1683948487.0, 1683948488.0, 1683948489.0, 1683948490.0, 1683948491.0, 1683948492.0, 1683948493.0, 1683948494.0, 1683948495.0, 1683948496.0, 1683948497.0, 1683948498.0, 1683948499.0, 1683948500.0, 1683948501.0, 1683948502.0, 1683948503.0, 1683948504.0], "cpu_usage_rate": [0.45577752280610184, 0.4686741124079536, 0.4815707020098055, 0.49446729161165726, 0.5073638812135092, 0.520260470815361, 0.5331570604172129, 0.5460536500190647, 0.5589502396209166, 0.5718468292227685, 0.5847434188246202, 0.5976400084264721, 0.6105365980283239, 0.6234331876301759, 0.6363297772320277, 0.6492263668338796, 0.6621229564357314, 0.6750195460375833, 0.687916135639435, 0.7008127252412869, 0.7137093148431387, 0.7266059044449906, 0.7395024940468425, 0.7523990836486943, 0.7652956732505461, 0.7781922628523982, 0.7910888524542499, 0.8039854420561017, 0.8168820316579535, 0.8297786212598055, 1.8245801906945271, 1.8537423720904533, 1.8829045534863793, 1.912066734882305, 1.9412289162782308, 1.9703910976741572, 1.999553279070083, 2.028715460466009, 2.0578776418619347, 2.087039823257861, 2.1162020046537866, 2.1453641860497124, 2.1745263674456385, 2.2036885488415643, 2.2328507302374905, 2.2620129116334162, 2.2911750930293424, 2.320337274425268, 2.349499455821194, 2.37866163721712, 2.4078238186130463, 2.436986000008972, 2.4661481814048978, 2.4953103628008235, 2.5244725441967497, 2.5536347255926755, 2.582796906988601, 2.6119590883845274, 2.6245963256333336, 2.6245963256333336, 2.005187715187787, 2.030932629474824, 2.056677543761861, 2.082422458048898, 2.1081673723359353, 2.1339122866229725, 2.1596572009100092, 2.1854021151970464, 2.211147029484083, 2.2368919437711203, 2.262636858058157, 2.2883817723451947, 2.3141266866322314], "time_cpu_usage_rate": [1683948432.0, 1683948433.0, 1683948434.0, 1683948435.0, 1683948436.0, 1683948437.0, 1683948438.0, 1683948439.0, 1683948440.0, 1683948441.0, 1683948442.0, 1683948443.0, 1683948444.0, 1683948445.0, 1683948446.0, 1683948447.0, 1683948448.0, 1683948449.0, 1683948450.0, 1683948451.0, 1683948452.0, 1683948453.0, 1683948454.0, 1683948455.0, 1683948456.0, 1683948457.0, 1683948458.0, 1683948459.0, 1683948460.0, 1683948461.0, 1683948462.0, 1683948463.0, 1683948464.0, 1683948465.0, 1683948466.0, 1683948467.0, 1683948468.0, 1683948469.0, 1683948470.0, 1683948471.0, 1683948472.0, 1683948473.0, 1683948474.0, 1683948475.0, 1683948476.0, 1683948477.0, 1683948478.0, 1683948479.0, 1683948480.0, 1683948481.0, 1683948482.0, 1683948483.0, 1683948484.0, 1683948485.0, 1683948486.0, 1683948487.0, 1683948488.0, 1683948489.0, 1683948490.0, 1683948491.0, 1683948492.0, 1683948493.0, 1683948494.0, 1683948495.0, 1683948496.0, 1683948497.0, 1683948498.0, 1683948499.0, 1683948500.0, 1683948501.0, 1683948502.0, 1683948503.0, 1683948504.0], "cpu_throttled_count": [6.774078804, 6.774078804, 6.774078804, 6.774078804, 6.774078804, 6.774078804, 6.774078804, 6.774078804, 6.774078804, 6.774078804, 6.774078804, 6.774078804, 6.774078804, 6.774078804, 6.774078804, 6.774078804, 6.774078804, 6.774078804, 6.774078804, 6.774078804, 6.774078804, 6.774078804, 6.774078804, 6.774078804, 6.774078804, 6.774078804, 6.774078804, 6.774078804, 6.774078804, 6.774078804, 6.77700868, 6.77700868, 6.77700868, 6.77700868, 6.77700868, 6.77700868, 6.77700868, 6.77700868, 6.77700868, 6.77700868, 6.77700868, 6.77700868, 6.77700868, 6.77700868, 6.77700868, 6.77700868, 6.77700868, 6.77700868, 6.77700868, 6.77700868, 6.77700868, 6.77700868, 6.77700868, 6.77700868, 6.77700868, 6.77700868, 6.77700868, 6.77700868, 6.77700868, 6.77700868, 6.791928089, 6.791928089, 6.791928089, 6.791928089, 6.791928089, 6.791928089, 6.791928089, 6.791928089, 6.791928089, 6.791928089, 6.791928089, 6.791928089, 6.791928089, 6.791928089, 6.791928089, 6.791928089, 6.791928089, 6.791928089, 6.791928089, 6.791928089, 6.791928089, 6.791928089, 6.791928089, 6.791928089, 6.791928089, 6.791928089, 6.791928089, 6.791928089, 6.791928089, 6.791928089, 6.791928089, 6.791928089, 6.791928089, 6.791928089, 6.791928089, 6.791928089, 6.791928089, 6.791928089, 6.791928089, 6.791928089, 6.791928089, 6.791928089, 6.791928089],