{"cpu_usage_count": [0.189620599, 0.189620599, 0.189620599, 0.189620599, 0.189620599, 0.189620599, 0.189620599, 0.189620599, 0.189620599, 0.189620599, 0.189620599, 0.189620599, 0.189620599, 0.189620599, 0.189620599, 0.189620599, 0.189620599, 0.189620599, 0.189620599, 0.189620599, 0.189620599, 0.189620599, 0.189620599, 0.189620599, 0.189620599, 0.189620599, 0.189620599, 0.189620599, 0.189620599, 0.189620599, 9.150146966, 9.150146966, 9.150146966, 9.150146966, 9.150146966, 9.150146966, 9.150146966, 9.150146966, 9.150146966, 9.150146966, 9.150146966, 9.150146966, 9.150146966, 9.150146966, 9.150146966, 9.150146966, 9.150146966, 9.150146966, 9.150146966, 9.150146966, 9.150146966, 9.150146966, 9.150146966, 9.150146966, 9.150146966, 9.150146966, 9.150146966, 9.150146966, 9.150146966, 9.150146966, 233.00705107, 233.00705107, 233.00705107, 233.00705107, 233.00705107, 233.00705107, 233.00705107, 233.00705107, 233.00705107, 233.00705107, 233.00705107, 233.00705107, 233.00705107, 233.00705107, 233.00705107, 233.00705107, 233.00705107, 233.00705107, 233.00705107, 233.00705107, 233.00705107, 233.00705107, 233.00705107, 233.00705107, 233.00705107, 233.00705107, 233.00705107, 233.00705107, 233.00705107, 233.00705107, 233.152754033, 233.152754033, 233.152754033, 233.152754033, 233.152754033, 233.152754033, 233.152754033, 233.152754033, 233.152754033, 233.152754033, 233.152754033, 233.152754033, 233.152754033, 233.152754033, 233.152754033, 233.152754033, 233.152754033, 233.152754033, 233.152754033, 233.152754033, 233.152754033, 233.152754033, 233.152754033, 233.152754033, 233.152754033, 233.152754033], "time_cpu_usage_count": [1683948552.0, 1683948553.0, 1683948554.0, 1683948555.0, 1683948556.0, 1683948557.0, 1683948558.0, 1683948559.0, 1683948560.0, 1683948561.0, 1683948562.0, 1683948563.0, 1683948564.0, 1683948565.0, 1683948566.0, 1683948567.0, 1683948568.0, 1683948569.0, 1683948570.0, 1683948571.0, 1683948572.0, 1683948573.0, 1683948574.0, 1683948575.0, 1683948576.0, 1683948577.0, 1683948578.0, 1683948579.0, 1683948580.0, 1683948581.0, 1683948582.0, 1683948583.0, 1683948584.0, 1683948585.0, 1683948586.0, 1683948587.0, 1683948588.0, 1683948589.0, 1683948590.0, 1683948591.0, 1683948592.0, 1683948593.0, 1683948594.0, 1683948595.0, 1683948596.0, 1683948597.0, 1683948598.0, 1683948599.0, 1683948600.0, 1683948601.0, 1683948602.0, 1683948603.0, 1683948604.0, 1683948605.0, 1683948606.0, 1683948607.0, 1683948608.0, 1683948609.0, 1683948610.0, 1683948611.0, 1683948612.0, 1683948613.0, 1683948614.0, 1683948615.0, 1683948616.0, 1683948617.0, 1683948618.0, 1683948619.0, 1683948620.0, 1683948621.0, 1683948622.0, 1683948623.0, 1683948624.0, 1683948625.0, 1683948626.0, 1683948627.0, 1683948628.0, 1683948629.0, 1683948630.0, 1683948631.0, 1683948632.0, 1683948633.0, 1683948634.0, 1683948635.0, 1683948636.0, 1683948637.0, 1683948638.0, 1683948639.0, 1683948640.0, 1683948641.0, 1683948642.0, 1683948643.0, 1683948644.0, 1683948645.0, 1683948646.0, 1683948647.0, 1683948648.0, 1683948649.0, 1683948650.0, 1683948651.0, 1683948652.0, 1683948653.0, 1683948654.0, 1683948655.0, 1683948656.0, 1683948657.0, 1683948658.0, 1683948659.0, 1683948660.0, 1683948661.0, 1683948662.0, 1683948663.0, 1683948664.0, 1683948665.0, 1683948666.0, 1683948667.0], "cpu_usage_rate": [0.10288626746544036, 0.10620498093469961, 0.10952369440395887, 0.11284240787321814, 0.1161611213424774, 0.11947983481173667, 0.1227985482809959, 0.12611726175025517, 0.12943597521951444, 0.13275468868877371, 0.13607340215803296, 0.13939211562729223, 0.1427108290965515, 0.14602954256581077, 0.14934825603507, 0.15266696950432926, 0.15598568297358856, 0.1593043964428478, 0.16262310991210704, 0.16594182338136632, 0.1692605368506256, 0.17257925031988483, 0.17589796378914407, 0.17921667725840335, 0.1825353907276626, 0.18585410419692186, 0.18917281766618113, 0.19249153113544035, 0.19581024460469965, 0.19912895807395892, 2.6047901965153435, 2.647904535491455, 2.691018874467566, 2.734133213443677, 2.777247552419788, 2.8203618913958994, 2.8634762303720103, 2.9065905693481215, 2.949704908324233, 2.9928192473003437, 3.035933586276455, 3.0790479252525653, 3.1221622642286775, 3.1652766032047883, 3.2083909421808987, 3.2515052811570104, 3.2946196201331217, 3.337733959109232, 3.380848298085344, 3.423962637061455, 3.4670769760375664, 3.510191315013677, 3.5533056539897876, 3.5964199929658998, 3.63953433194201, 3.682648670918121, 3.7257630098942323, 3.7688773488703435, 3.8119916878464553, 3.8551060268225656, 2.6058100368099235, 2.647292001081591, 2.688773965353257, 2.7302559296249242, 2.7717378938965904, 2.8132198581682575, 2.854701822439924, 2.8961837867115907, 2.9376657509832573, 2.9791477152549244, 3.020629679526591, 3.0621116437982567, 3.1035936080699242, 3.145075572341591, 3.1865575366132575, 3.2280395008849236, 3.269521465156591, 3.3110034294282578, 3.352485393699924, 3.3939673579715905, 3.4354493222432576, 3.476931286514924, 3.5184132507865904, 3.559895215058258, 3.6013771793299245, 3.6428591436015907], "time_cpu_usage_rate": [1683948582.0, 1683948583.0, 1683948584.0, 1683948585.0, 1683948586.0, 1683948587.0, 1683948588.0, 1683948589.0, 1683948590.0, 1683948591.0, 1683948592.0, 1683948593.0, 1683948594.0, 1683948595.0, 1683948596.0, 1683948597.0, 1683948598.0, 1683948599.0, 1683948600.0, 1683948601.0, 1683948602.0, 1683948603.0, 1683948604.0, 1683948605.0, 1683948606.0, 1683948607.0, 1683948608.0, 1683948609.0, 1683948610.0, 1683948611.0, 1683948612.0, 1683948613.0, 1683948614.0, 1683948615.0, 1683948616.0, 1683948617.0, 1683948618.0, 1683948619.0, 1683948620.0, 1683948621.0, 1683948622.0, 1683948623.0, 1683948624.0, 1683948625.0, 1683948626.0, 1683948627.0, 1683948628.0, 1683948629.0, 1683948630.0, 1683948631.0, 1683948632.0, 1683948633.0, 1683948634.0, 1683948635.0, 1683948636.0, 1683948637.0, 1683948638.0, 1683948639.0, 1683948640.0, 1683948641.0, 1683948642.0, 1683948643.0, 1683948644.0, 1683948645.0, 1683948646.0, 1683948647.0, 1683948648.0, 1683948649.0, 1683948650.0, 1683948651.0, 1683948652.0, 1683948653.0, 1683948654.0, 1683948655.0, 1683948656.0, 1683948657.0, 1683948658.0, 1683948659.0, 1683948660.0, 1683948661.0, 1683948662.0, 1683948663.0, 1683948664.0, 1683948665.0, 1683948666.0, 1683948667.0], "cpu_throttled_count": [0.0, 0.0, 0.0, 0.0, 0.0, 0.0, 0.0, 0.0, 0.0, 0.0, 0.0, 0.0, 0.0, 0.0, 0.0, 0.0, 0.0, 0.0, 0.0, 0.0, 0.0, 0.0, 0.0, 0.0, 0.0, 0.0, 0.0, 0.0, 0.0, 0.0, 4.522854492, 4.522854492, 4.522854492, 4.522854492, 4.522854492, 4.522854492, 4.522854492, 4.522854492, 4.522854492, 4.522854492, 4.522854492, 4.522854492, 4.522854492, 4.522854492, 4.522854492, 4.522854492, 4.522854492, 4.522854492, 4.522854492, 4.522854492, 4.522854492, 4.522854492, 4.522854492, 4.522854492, 4.522854492, 4.522854492, 4.522854492, 4.522854492, 4.522854492, 4.522854492, 4.522854492, 4.522854492, 4.522854492, 4.522854492, 4.522854492, 4.522854492, 4.522854492, 4.522854492, 4.522854492, 4.522854492, 4.522854492, 4.522854492, 4.522854492, 4.522854492, 4.522854492, 4.522854492, 4.522854492, 4.522854492, 4.522854492, 4.522854492, 4.522854492, 4.522854492, 4.522854492, 4.522854492, 4.522854492, 4.522854492, 4.522854492, 4.522854492, 4.522854492, 4.522854492, 4.522854492, 4.522854492, 4.522854492, 4.522854492, 4.522854492, 4.522854492, 4.522854492, 4.522854492, 4.522854492, 4.522854492, 4.522854492, 4.522854492, 4.522854492, 4.522854492, 4.522854492, 4.522854492, 4.522854492, 4.522854492, 4.522854492, 4.522854492, 4.522854492, 4.522854492, 4.522854492, 4.522854492, 4.522854492, 4.522854492],