{"cpu_usage_count": [5.445213538, 5.445213538, 5.445213538, 5.445213538, 5.445213538, 5.445213538, 5.445213538, 5.445213538, 5.445213538, 5.445213538, 5.445213538, 5.445213538, 5.445213538, 5.445213538, 5.445213538, 5.445213538, 5.445213538, 5.445213538, 5.445213538, 5.445213538, 5.445213538, 5.445213538, 5.445213538, 5.445213538, 5.445213538, 5.445213538, 5.445213538, 5.445213538, 5.445213538, 5.445213538, 26.779575338, 26.779575338, 26.779575338, 26.779575338, 26.779575338, 26.779575338, 26.779575338, 26.779575338, 26.779575338, 26.779575338, 26.779575338, 26.779575338, 26.779575338, 26.779575338, 26.779575338, 26.779575338, 26.779575338, 26.779575338, 26.779575338, 26.779575338, 26.779575338, 26.779575338, 26.779575338, 26.779575338, 26.779575338, 26.779575338, 26.779575338, 26.779575338, 26.779575338, 26.779575338, 42.029891011, 42.029891011, 42.029891011, 42.029891011, 42.029891011, 42.029891011, 42.029891011, 42.029891011, 42.029891011, 42.029891011, 42.029891011, 42.029891011, 42.029891011, 42.029891011, 42.029891011, 42.029891011, 42.029891011, 42.029891011, 42.029891011, 42.029891011, 42.029891011, 42.029891011, 42.029891011, 42.029891011, 42.029891011, 42.029891011, 42.029891011, 42.029891011, 42.029891011, 42.029891011, 75.656790614, 75.656790614, 75.656790614, 75.656790614, 75.656790614, 75.656790614, 75.656790614, 75.656790614], "time_cpu_usage_count": [1683948732.0, 1683948733.0, 1683948734.0, 1683948735.0, 1683948736.0, 1683948737.0, 1683948738.0, 1683948739.0, 1683948740.0, 1683948741.0, 1683948742.0, 1683948743.0, 1683948744.0, 1683948745.0, 1683948746.0, 1683948747.0, 1683948748.0, 1683948749.0, 1683948750.0, 1683948751.0, 1683948752.0, 1683948753.0, 1683948754.0, 1683948755.0, 1683948756.0, 1683948757.0, 1683948758.0, 1683948759.0, 1683948760.0, 1683948761.0, 1683948762.0, 1683948763.0, 1683948764.0, 1683948765.0, 1683948766.0, 1683948767.0, 1683948768.0, 1683948769.0, 1683948770.0, 1683948771.0, 1683948772.0, 1683948773.0, 1683948774.0, 1683948775.0, 1683948776.0, 1683948777.0, 1683948778.0, 1683948779.0, 1683948780.0, 1683948781.0, 1683948782.0, 1683948783.0, 1683948784.0, 1683948785.0, 1683948786.0, 1683948787.0, 1683948788.0, 1683948789.0, 1683948790.0, 1683948791.0, 1683948792.0, 1683948793.0, 1683948794.0, 1683948795.0, 1683948796.0, 1683948797.0, 1683948798.0, 1683948799.0, 1683948800.0, 1683948801.0, 1683948802.0, 1683948803.0, 1683948804.0, 1683948805.0, 1683948806.0, 1683948807.0, 1683948808.0, 1683948809.0, 1683948810.0, 1683948811.0, 1683948812.0, 1683948813.0, 1683948814.0, 1683948815.0, 1683948816.0, 1683948817.0, 1683948818.0, 1683948819.0, 1683948820.0, 1683948821.0, 1683948822.0, 1683948823.0, 1683948824.0, 1683948825.0, 1683948826.0, 1683948827.0, 1683948828.0, 1683948829.0], "cpu_usage_rate": [0.3004507299705926, 0.3083523454520741, 0.3162539609335555, 0.324155576415037, 0.3320571918965185, 0.339958807378, 0.3478604228594815, 0.3557620383409629, 0.3636636538224445, 0.3715652693039259, 0.3794668847854074, 0.38736850026688885, 0.3952701157483704, 0.4031717312298519, 0.4110733467113334, 0.4189749621928148, 0.4268765776742963, 0.43477819315577787, 0.44267980863725925, 0.4505814241187408, 0.45848303960022224, 0.46638465508170374, 0.4742862705631853, 0.48218788604466667, 0.49008950152614816, 0.4979911170076296, 0.5058927324891112, 0.5137943479705926, 0.5216959634520741, 0.5295975789335556, 0.4694851920912205, 0.47626013236399833, 0.4830350726367761, 0.4898100129095539, 0.49658495318233165, 0.5033598934551095, 0.5101348337278873, 0.516909774000665, 0.5236847142734429, 0.5304596545462206, 0.5372345948189984, 0.5440095350917761, 0.5507844753645539, 0.5575594156373317, 0.5643343559101095, 0.5711092961828872, 0.577884236455665, 0.5846591767284427, 0.5914341170012206, 0.5982090572739983, 0.6049839975467761, 0.60974462455, 0.60974462455, 0.60974462455, 0.60974462455, 0.60974462455, 0.60974462455, 0.60974462455, 0.60974462455, 0.60974462455, 0.8146202546, 0.8146202546, 0.8146202546, 0.8146202546, 0.8146202546, 0.8146202546, 0.8146202546, 0.8146202546], "time_cpu_usage_rate": [1683948762.0, 1683948763.0, 1683948764.0, 1683948765.0, 1683948766.0, 1683948767.0, 1683948768.0, 1683948769.0, 1683948770.0, 1683948771.0, 1683948772.0, 1683948773.0, 1683948774.0, 1683948775.0, 1683948776.0, 1683948777.0, 1683948778.0, 1683948779.0, 1683948780.0, 1683948781.0, 1683948782.0, 1683948783.0, 1683948784.0, 1683948785.0, 1683948786.0, 1683948787.0, 1683948788.0, 1683948789.0, 1683948790.0, 1683948791.0, 1683948792.0, 1683948793.0, 1683948794.0, 1683948795.0, 1683948796.0, 1683948797.0, 1683948798.0, 1683948799.0, 1683948800.0, 1683948801.0, 1683948802.0, 1683948803.0, 1683948804.0, 1683948805.0, 1683948806.0, 1683948807.0, 1683948808.0, 1683948809.0, 1683948810.0, 1683948811.0, 1683948812.0, 1683948813.0, 1683948814.0, 1683948815.0, 1683948816.0, 1683948817.0, 1683948818.0, 1683948819.0, 1683948820.0, 1683948821.0, 1683948822.0, 1683948823.0, 1683948824.0, 1683948825.0, 1683948826.0, 1683948827.0, 1683948828.0, 1683948829.0], "cpu_throttled_count": [20.561999532, 20.561999532, 20.561999532, 20.561999532, 20.561999532, 20.561999532, 20.561999532, 20.561999532, 20.561999532, 20.561999532, 20.561999532, 20.561999532, 20.561999532, 20.561999532, 20.561999532, 20.561999532, 20.561999532, 20.561999532, 20.561999532, 20.561999532, 20.561999532, 20.561999532, 20.561999532, 20.561999532, 20.561999532, 20.561999532, 20.561999532, 20.561999532, 20.561999532, 20.561999532, 20.65224113, 20.65224113, 20.65224113, 20.65224113, 20.65224113, 20.65224113, 20.65224113, 20.65224113, 20.65224113, 20.65224113, 20.65224113, 20.65224113, 20.65224113, 20.65224113, 20.65224113, 20.65224113, 20.65224113, 20.65224113, 20.65224113, 20.65224113, 20.65224113, 20.65224113, 20.65224113, 20.65224113, 20.65224113, 20.65224113, 20.65224113, 20.65224113, 20.65224113, 20.65224113, 20.704748554, 20.704748554, 20.704748554, 20.704748554, 20.704748554, 20.704748554, 20.704748554, 20.704748554, 20.704748554, 20.704748554, 20.704748554, 20.704748554, 20.704748554, 20.704748554, 20.704748554, 20.704748554, 20.704748554, 20.704748554, 20.704748554, 20.704748554, 20.704748554, 20.704748554, 20.704748554, 20.704748554, 20.704748554, 20.704748554, 20.704748554, 20.704748554, 20.704748554, 20.704748554, 20.794222093, 20.794222093, 20.794222093, 20.794222093, 20.794222093, 20.794222093, 20.794222093, 20.794222093], "time_cpu_throttled_count": [1683948732.0, 1683948733.0, 1683948734.0, 1683948735.0, 1683948736.0, 1683948737.0, 1683948738.0, 1683948739.0, 1683948740.0, 1683948741.0, 1683948742.0, 1683948743.0, 1683948744.0, 1683948745.0, 1683948746.0, 1683948747.0, 1683948748.0, 1683948749.0, 1683948750.0, 1683948751.0, 1683948752.0, 1683948753.0, 1683948754.0, 1683948755.0, 1683948756.0, 1683948757.0, 1683948758.0, 1683948759.0, 1683948760.0, 1683948761.0, 1683948762.0, 1683948763.0, 1683948764.0, 1683948765.0, 1683948766.0, 1683948767.0, 1683948768.0, 1683948769.0, 1683948770.0, 1683948771.0, 1683948772.0, 1683948773.0, 1683948774.0, 1683948775.0, 1683948776.0, 1683948777.0, 1683948778.0, 1683948779.0, 1683948780.0, 1683948781.0, 1683948782.0, 1683948783.0, 1683948784.0, 1683948785.0, 1683948786.0, 1683948787.0, 1683948788.0, 1683948789.0, 1683948790.0, 1683948791.0, 1683948792.0, 1683948793.0, 1683948794.0, 1683948795.0, 1683948796.0, 1683948797.0, 1683948798.0, 1683948799.0, 1683948800.0, 1683948801.0, 1683948802.0, 1683948803.0, 1683948804.0, 1683948805.0, 1683948806.0, 1683948807.0, 1683948808.0, 1683948809.0, 1683948810.0, 1683948811.0, 1683948812.0, 1683948813.0, 1683948814.0, 1683948815.0, 1683948816.0, 1683948817.0, 1683948818.0, 1683948819.0, 1683948820.0, 1683948821.0, 1683948822.0, 1683948823.0, 1683948824.0, 1683948825.0, 1683948826.0, 1683948827.0, 1683948828.0, 1683948829.0],