{"cpu_usage_count": [0.214042997, 0.214042997, 0.214042997, 0.214042997, 0.214042997, 0.214042997, 0.214042997, 0.214042997, 0.214042997, 0.214042997, 0.214042997, 0.214042997, 0.214042997, 0.214042997, 0.214042997, 0.214042997, 0.214042997, 0.214042997, 0.214042997, 0.214042997, 0.214042997, 0.214042997, 0.214042997, 0.214042997, 0.214042997, 0.214042997, 0.214042997, 0.214042997, 0.214042997, 0.214042997, 6.733236508, 6.733236508, 6.733236508, 6.733236508, 6.733236508, 6.733236508, 6.733236508, 6.733236508, 6.733236508, 6.733236508, 6.733236508, 6.733236508, 6.733236508, 6.733236508, 6.733236508, 6.733236508, 6.733236508, 6.733236508, 6.733236508, 6.733236508, 6.733236508, 6.733236508, 6.733236508, 6.733236508, 6.733236508, 6.733236508, 6.733236508, 6.733236508, 6.733236508, 6.733236508, 55.541869296, 55.541869296, 55.541869296, 55.541869296, 55.541869296, 55.541869296, 55.541869296, 55.541869296, 55.541869296, 55.541869296, 55.541869296, 55.541869296, 55.541869296, 55.541869296, 55.541869296, 55.541869296, 55.541869296, 55.541869296, 55.541869296, 55.541869296, 55.541869296, 55.541869296, 55.541869296, 55.541869296, 55.541869296, 55.541869296, 55.541869296, 55.541869296, 55.541869296, 55.541869296, 110.691066824, 110.691066824, 110.691066824, 110.691066824, 110.691066824, 110.691066824, 110.691066824, 110.691066824, 110.691066824, 110.691066824, 110.691066824, 110.691066824, 110.691066824, 110.691066824, 110.691066824, 110.691066824, 110.691066824, 110.691066824, 110.691066824, 110.691066824, 110.691066824, 110.691066824], "time_cpu_usage_count": [1683948882.0, 1683948883.0, 1683948884.0, 1683948885.0, 1683948886.0, 1683948887.0, 1683948888.0, 1683948889.0, 1683948890.0, 1683948891.0, 1683948892.0, 1683948893.0, 1683948894.0, 1683948895.0, 1683948896.0, 1683948897.0, 1683948898.0, 1683948899.0, 1683948900.0, 1683948901.0, 1683948902.0, 1683948903.0, 1683948904.0, 1683948905.0, 1683948906.0, 1683948907.0, 1683948908.0, 1683948909.0, 1683948910.0, 1683948911.0, 1683948912.0, 1683948913.0, 1683948914.0, 1683948915.0, 1683948916.0, 1683948917.0, 1683948918.0, 1683948919.0, 1683948920.0, 1683948921.0, 1683948922.0, 1683948923.0, 1683948924.0, 1683948925.0, 1683948926.0, 1683948927.0, 1683948928.0, 1683948929.0, 1683948930.0, 1683948931.0, 1683948932.0, 1683948933.0, 1683948934.0, 1683948935.0, 1683948936.0, 1683948937.0, 1683948938.0, 1683948939.0, 1683948940.0, 1683948941.0, 1683948942.0, 1683948943.0, 1683948944.0, 1683948945.0, 1683948946.0, 1683948947.0, 1683948948.0, 1683948949.0, 1683948950.0, 1683948951.0, 1683948952.0, 1683948953.0, 1683948954.0, 1683948955.0, 1683948956.0, 1683948957.0, 1683948958.0, 1683948959.0, 1683948960.0, 1683948961.0, 1683948962.0, 1683948963.0, 1683948964.0, 1683948965.0, 1683948966.0, 1683948967.0, 1683948968.0, 1683948969.0, 1683948970.0, 1683948971.0, 1683948972.0, 1683948973.0, 1683948974.0, 1683948975.0, 1683948976.0, 1683948977.0, 1683948978.0, 1683948979.0, 1683948980.0, 1683948981.0, 1683948982.0, 1683948983.0, 1683948984.0, 1683948985.0, 1683948986.0, 1683948987.0, 1683948988.0, 1683948989.0, 1683948990.0, 1683948991.0, 1683948992.0, 1683948993.0], "cpu_usage_rate": [0.07569986639205074, 0.07811438250723592, 0.08052889862242112, 0.08294341473760629, 0.08535793085279147, 0.08777244696797666, 0.09018696308316185, 0.09260147919834703, 0.09501599531353223, 0.09743051142871742, 0.09984502754390259, 0.10225954365908778, 0.10467405977427295, 0.10708857588945815, 0.10950309200464332, 0.11191760811982854, 0.11433212423501371, 0.1167466403501989, 0.11916115646538407, 0.12157567258056926, 0.12399018869575443, 0.12640470481093963, 0.1288192209261248, 0.13123373704131, 0.1336482531564952, 0.13606276927168037, 0.13847728538686557, 0.14089180150205075, 0.14330631761723595, 0.14572083373242112, 0.6208921240762468, 0.6311380178353209, 0.641383911594395, 0.651629805353469, 0.6618756991125431, 0.6721215928716173, 0.6823674866306914, 0.6926133803897654, 0.7028592741488394, 0.7131051679079136, 0.7233510616669877, 0.7335969554260616, 0.7438428491851358, 0.7540887429442099, 0.7643346367032838, 0.774580530462358, 0.7848264242214319, 0.7950723179805063, 0.8053182117395802, 0.8155641054986543, 0.8258099992577285, 0.8360558930168024, 0.8463017867758765, 0.8565476805349505, 0.8667935742940247, 0.8770394680530987, 0.8872853618121727, 0.8975312555712468, 0.9077771493303209, 0.9180230430893951, 1.236966024660365, 1.256217474718884, 1.2754689247774025, 1.2947203748359208, 1.3139718248944392, 1.333223274952958, 1.3524747250114766, 1.371726175069995, 1.3909776251285135, 1.4102290751870319, 1.4294805252455505, 1.4487319753040688, 1.4679834253625874, 1.487234875421106, 1.5064863254796244, 1.5257377755381432, 1.544989225596662, 1.5642406756551803, 1.5834921257136987, 1.602743575772217, 1.6219950258307358, 1.6412464758892542], "time_cpu_usage_rate": [1683948912.0, 1683948913.0, 1683948914.0, 1683948915.0, 1683948916.0, 1683948917.0, 1683948918.0, 1683948919.0, 1683948920.0, 1683948921.0, 1683948922.0, 1683948923.0, 1683948924.0, 1683948925.0, 1683948926.0, 1683948927.0, 1683948928.0, 1683948929.0, 1683948930.0, 1683948931.0, 1683948932.0, 1683948933.0, 1683948934.0, 1683948935.0, 1683948936.0, 1683948937.0, 1683948938.0, 1683948939.0, 1683948940.0, 1683948941.0, 1683948942.0, 1683948943.0, 1683948944.0, 1683948945.0, 1683948946.0, 1683948947.0, 1683948948.0, 1683948949.0, 1683948950.0, 1683948951.0, 1683948952.0, 1683948953.0, 1683948954.0, 1683948955.0, 1683948956.0, 1683948957.0, 1683948958.0, 1683948959.0, 1683948960.0, 1683948961.0, 1683948962.0, 1683948963.0, 1683948964.0, 1683948965.0, 1683948966.0, 1683948967.0, 1683948968.0, 1683948969.0, 1683948970.0, 1683948971.0, 1683948972.0, 1683948973.0, 1683948974.0, 1683948975.0, 1683948976.0, 1683948977.0, 1683948978.0, 1683948979.0, 1683948980.0, 1683948981.0, 1683948982.0, 1683948983.0, 1683948984.0, 1683948985.0, 1683948986.0, 1683948987.0, 1683948988.0, 1683948989.0, 1683948990.0, 1683948991.0, 1683948992.0, 1683948993.0], "cpu_throttled_count": [0.0, 0.0, 0.0, 0.0, 0.0, 0.0, 0.0, 0.0, 0.0, 0.0, 0.0, 0.0, 0.0, 0.0, 0.0, 0.0, 0.0, 0.0, 0.0, 0.0, 0.0, 0.0, 0.0, 0.0, 0.0, 0.0, 0.0, 0.0, 0.0, 0.0, 9.20274342, 9.20274342, 9.20274342, 9.20274342, 9.20274342, 9.20274342, 9.20274342, 9.20274342, 9.20274342, 9.20274342, 9.20274342, 9.20274342, 9.20274342, 9.20274342, 9.20274342, 9.20274342, 9.20274342, 9.20274342, 9.20274342, 9.20274342, 9.20274342, 9.20274342, 9.20274342, 9.20274342, 9.20274342, 9.20274342, 9.20274342, 9.20274342, 9.20274342, 9.20274342, 9.326421851, 9.326421851, 9.326421851, 9.326421851, 9.326421851, 9.326421851, 9.326421851, 9.326421851, 9.326421851, 9.326421851, 9.326421851, 9.326421851, 9.326421851, 9.326421851, 9.326421851, 9.326421851, 9.326421851, 9.326421851, 9.326421851, 9.326421851, 9.326421851, 9.326421851, 9.326421851, 9.326421851, 9.326421851, 9.326421851, 9.326421851, 9.326421851, 9.326421851, 9.326421851, 9.421047826, 9.421047826, 9.421047826, 9.421047826, 9.421047826, 9.421047826, 9.421047826, 9.421047826, 9.421047826, 9.421047826, 9.421047826, 9.421047826, 9.421047826, 9.421047826, 9.421047826, 9.421047826, 9.421047826, 9.421047826, 9.421047826, 9.421047826, 9.421047826, 9.421047826],