{"cpu_usage_count": [0.04451693, 0.04451693, 0.04451693, 0.04451693, 0.04451693, 0.04451693, 0.04451693, 0.04451693, 0.04451693, 0.04451693, 0.04451693, 0.04451693, 0.04451693, 0.04451693, 0.04451693, 0.04451693, 0.04451693, 0.04451693, 0.04451693, 0.04451693, 0.04451693, 0.04451693, 0.04451693, 0.04451693, 0.04451693, 0.04451693, 6.618019483, 6.618019483, 6.618019483, 6.618019483, 6.618019483, 6.618019483, 6.618019483, 6.618019483, 6.618019483, 6.618019483, 6.618019483, 6.618019483, 6.618019483, 6.618019483, 6.618019483, 6.618019483, 6.618019483, 6.618019483, 6.618019483, 6.618019483, 6.618019483, 6.618019483, 6.618019483, 6.618019483, 6.618019483, 6.618019483, 6.618019483, 6.618019483, 6.618019483, 6.618019483, 87.065710297, 87.065710297, 87.065710297, 87.065710297, 87.065710297, 87.065710297, 87.065710297, 87.065710297, 87.065710297, 87.065710297, 87.065710297, 87.065710297, 87.065710297, 87.065710297, 87.065710297, 87.065710297, 87.065710297, 87.065710297, 87.065710297, 87.065710297, 87.065710297, 87.065710297, 87.065710297, 87.065710297, 87.065710297, 87.065710297, 87.065710297, 87.065710297, 87.065710297, 87.065710297, 122.754601203, 122.754601203, 122.754601203, 122.754601203, 122.754601203, 122.754601203, 122.754601203, 122.754601203, 122.754601203, 122.754601203, 122.754601203, 122.754601203, 122.754601203, 122.754601203, 122.754601203, 122.754601203, 122.754601203, 122.754601203, 122.754601203, 122.754601203, 122.754601203, 122.754601203, 122.754601203, 122.754601203, 122.754601203, 122.754601203, 122.754601203, 122.754601203, 122.754601203, 122.754601203, 122.89432381, 122.89432381, 122.89432381, 122.89432381], "time_cpu_usage_count": [1683949036.0, 1683949037.0, 1683949038.0, 1683949039.0, 1683949040.0, 1683949041.0, 1683949042.0, 1683949043.0, 1683949044.0, 1683949045.0, 1683949046.0, 1683949047.0, 1683949048.0, 1683949049.0, 1683949050.0, 1683949051.0, 1683949052.0, 1683949053.0, 1683949054.0, 1683949055.0, 1683949056.0, 1683949057.0, 1683949058.0, 1683949059.0, 1683949060.0, 1683949061.0, 1683949062.0, 1683949063.0, 1683949064.0, 1683949065.0, 1683949066.0, 1683949067.0, 1683949068.0, 1683949069.0, 1683949070.0, 1683949071.0, 1683949072.0, 1683949073.0, 1683949074.0, 1683949075.0, 1683949076.0, 1683949077.0, 1683949078.0, 1683949079.0, 1683949080.0, 1683949081.0, 1683949082.0, 1683949083.0, 1683949084.0, 1683949085.0, 1683949086.0, 1683949087.0, 1683949088.0, 1683949089.0, 1683949090.0, 1683949091.0, 1683949092.0, 1683949093.0, 1683949094.0, 1683949095.0, 1683949096.0, 1683949097.0, 1683949098.0, 1683949099.0, 1683949100.0, 1683949101.0, 1683949102.0, 1683949103.0, 1683949104.0, 1683949105.0, 1683949106.0, 1683949107.0, 1683949108.0, 1683949109.0, 1683949110.0, 1683949111.0, 1683949112.0, 1683949113.0, 1683949114.0, 1683949115.0, 1683949116.0, 1683949117.0, 1683949118.0, 1683949119.0, 1683949120.0, 1683949121.0, 1683949122.0, 1683949123.0, 1683949124.0, 1683949125.0, 1683949126.0, 1683949127.0, 1683949128.0, 1683949129.0, 1683949130.0, 1683949131.0, 1683949132.0, 1683949133.0, 1683949134.0, 1683949135.0, 1683949136.0, 1683949137.0, 1683949138.0, 1683949139.0, 1683949140.0, 1683949141.0, 1683949142.0, 1683949143.0, 1683949144.0, 1683949145.0, 1683949146.0, 1683949147.0, 1683949148.0, 1683949149.0, 1683949150.0, 1683949151.0, 1683949152.0, 1683949153.0, 1683949154.0, 1683949155.0], "cpu_usage_rate": [0.07442705923220408, 0.07686168980738928, 0.07929632038257445, 0.08173095095775965, 0.08416558153294482, 0.08660021210813001, 0.08903484268331519, 0.09146947325850038, 0.09390410383368557, 0.09633873440887074, 0.09877336498405592, 0.10120799555924112, 0.10364262613442629, 0.10607725670961149, 0.10851188728479667, 0.11094651785998186, 0.11338114843516706, 0.11581577901035221, 0.11825040958553742, 0.1206850401607226, 0.12311967073590778, 0.12555430131109296, 0.12798893188627816, 0.13042356246146333, 0.13285819303664853, 0.1352928236118337, 0.1377274541870189, 0.14016208476220407, 0.14259671533738927, 0.14503134591257444, 0.9733109992195719, 0.9894260350282755, 1.0055410708369794, 1.021656106645683, 1.037771142454387, 1.0538861782630906, 1.0700012140717943, 1.0861162498804982, 1.1022312856892018, 1.1183463214979052, 1.1344613573066091, 1.150576393115313, 1.1666914289240164, 1.18280646473272, 1.1989215005414238, 1.2150365363501276, 1.2311515721588313, 1.247266607967535, 1.2633816437762386, 1.2794966795849425, 1.2956117153936462, 1.3117267512023498, 1.3278417870110537, 1.3439568228197571, 1.360071858628461, 1.3761868944371645, 1.3923019302458683, 1.408416966054572, 1.4245320018632757, 1.4406470376719793, 1.3718329995687482, 1.3933397739613407, 1.4148465483539334, 1.4363533227465262, 1.4578600971391185, 1.4793668715317116, 1.500873645924304, 1.5223804203168965, 1.543887194709489, 1.565393969102082, 1.5869007434946742, 1.608407517887267, 1.6299142922798593, 1.651421066672452, 1.6729278410650446, 1.694434615457637, 1.7159413898502296, 1.7374481642428223, 1.758954938635415, 1.7804617130280074, 1.8019684874206003, 1.8234752618131926, 1.8449820362057854, 1.8664888105983777, 1.8879955849909709, 1.9095023593835632, 1.9310091337761557, 1.9356096953333337, 1.9356096953333337, 1.9356096953333337, 0.5971435585500001, 0.5971435585500001, 0.5971435585500001, 0.5971435585500001], "time_cpu_usage_rate": [1683949062.0, 1683949063.0, 1683949064.0, 1683949065.0, 1683949066.0, 1683949067.0, 1683949068.0, 1683949069.0, 1683949070.0, 1683949071.0, 1683949072.0, 1683949073.0, 1683949074.0, 1683949075.0, 1683949076.0, 1683949077.0, 1683949078.0, 1683949079.0, 1683949080.0, 1683949081.0, 1683949082.0, 1683949083.0, 1683949084.0, 1683949085.0, 1683949086.0, 1683949087.0, 1683949088.0, 1683949089.0, 1683949090.0, 1683949091.0, 1683949092.0, 1683949093.0, 1683949094.0, 1683949095.0, 1683949096.0, 1683949097.0, 1683949098.0, 1683949099.0, 1683949100.0, 1683949101.0, 1683949102.0, 1683949103.0, 1683949104.0, 1683949105.0, 1683949106.0, 1683949107.0, 1683949108.0, 1683949109.0, 1683949110.0, 1683949111.0, 1683949112.0, 1683949113.0, 1683949114.0, 1683949115.0, 1683949116.0, 1683949117.0, 1683949118.0, 1683949119.0, 1683949120.0, 1683949121.0, 1683949122.0, 1683949123.0, 1683949124.0, 1683949125.0, 1683949126.0, 1683949127.0, 1683949128.0, 1683949129.0, 1683949130.0, 1683949131.0, 1683949132.0, 1683949133.0, 1683949134.0, 1683949135.0, 1683949136.0, 1683949137.0, 1683949138.0, 1683949139.0, 1683949140.0, 1683949141.0, 1683949142.0, 1683949143.0, 1683949144.0, 1683949145.0, 1683949146.0, 1683949147.0, 1683949148.0, 1683949149.0, 1683949150.0, 1683949151.0, 1683949152.0, 1683949153.0, 1683949154.0, 1683949155.0], "cpu_throttled_count": [0.0, 0.0, 0.0, 0.0, 0.0, 0.0, 0.0, 0.0, 0.0, 0.0, 0.0, 0.0, 0.0, 0.0, 0.0, 0.0, 0.0, 0.0, 0.0, 0.0, 0.0, 0.0, 0.0, 0.0, 0.0, 0.0, 5.911330592, 5.911330592, 5.911330592, 5.911330592, 5.911330592, 5.911330592, 5.911330592, 5.911330592, 5.911330592, 5.911330592, 5.911330592, 5.911330592, 5.911330592, 5.911330592, 5.911330592, 5.911330592, 5.911330592, 5.911330592, 5.911330592, 5.911330592, 5.911330592, 5.911330592, 5.911330592, 5.911330592, 5.911330592, 5.911330592, 5.911330592, 5.911330592, 5.911330592, 5.911330592, 6.091349297, 6.091349297, 6.091349297, 6.091349297, 6.091349297, 6.091349297, 6.091349297, 6.091349297, 6.091349297, 6.091349297, 6.091349297, 6.091349297, 6.091349297, 6.091349297, 6.091349297, 6.091349297, 6.091349297, 6.091349297, 6.091349297, 6.091349297, 6.091349297, 6.091349297, 6.091349297, 6.091349297, 6.091349297, 6.091349297, 6.091349297, 6.091349297, 6.091349297, 6.091349297, 6.161134646, 6.161134646, 6.161134646, 6.161134646, 6.161134646, 6.161134646, 6.161134646, 6.161134646, 6.161134646, 6.161134646, 6.161134646, 6.161134646, 6.161134646, 6.161134646, 6.161134646, 6.161134646, 6.161134646, 6.161134646, 6.161134646, 6.161134646, 6.161134646, 6.161134646, 6.161134646, 6.161134646, 6.161134646, 6.161134646, 6.161134646, 6.161134646, 6.161134646, 6.161134646, 6.161134646, 6.161134646, 6.161134646, 6.161134646],