{"cpu_usage_count": [6.965203425, 6.965203425, 6.965203425, 6.965203425, 6.965203425, 6.965203425, 6.965203425, 6.965203425, 6.965203425, 6.965203425, 6.965203425, 6.965203425, 6.965203425, 6.965203425, 6.965203425, 6.965203425, 6.965203425, 6.965203425, 6.965203425, 6.965203425, 6.965203425, 6.965203425, 6.965203425, 6.965203425, 6.965203425, 6.965203425, 6.965203425, 6.965203425, 6.965203425, 6.965203425, 55.272671275, 55.272671275, 55.272671275, 55.272671275, 55.272671275, 55.272671275, 55.272671275, 55.272671275, 55.272671275, 55.272671275, 55.272671275, 55.272671275, 55.272671275, 55.272671275, 55.272671275, 55.272671275, 55.272671275, 55.272671275, 55.272671275, 55.272671275, 55.272671275, 55.272671275, 55.272671275, 55.272671275, 55.272671275, 55.272671275, 55.272671275, 55.272671275, 55.272671275, 55.272671275, 161.156642736, 161.156642736, 161.156642736, 161.156642736, 161.156642736, 161.156642736, 161.156642736, 161.156642736, 161.156642736, 161.156642736, 161.156642736, 161.156642736, 161.156642736, 161.156642736, 161.156642736, 161.156642736, 161.156642736, 161.156642736, 161.156642736, 161.156642736, 161.156642736, 161.156642736, 161.156642736, 161.156642736, 161.156642736, 161.156642736, 161.156642736, 161.156642736, 161.156642736, 161.156642736, 161.303846515, 161.303846515, 161.303846515, 161.303846515, 161.303846515, 161.303846515, 161.303846515], "time_cpu_usage_count": [1683949212.0, 1683949213.0, 1683949214.0, 1683949215.0, 1683949216.0, 1683949217.0, 1683949218.0, 1683949219.0, 1683949220.0, 1683949221.0, 1683949222.0, 1683949223.0, 1683949224.0, 1683949225.0, 1683949226.0, 1683949227.0, 1683949228.0, 1683949229.0, 1683949230.0, 1683949231.0, 1683949232.0, 1683949233.0, 1683949234.0, 1683949235.0, 1683949236.0, 1683949237.0, 1683949238.0, 1683949239.0, 1683949240.0, 1683949241.0, 1683949242.0, 1683949243.0, 1683949244.0, 1683949245.0, 1683949246.0, 1683949247.0, 1683949248.0, 1683949249.0, 1683949250.0, 1683949251.0, 1683949252.0, 1683949253.0, 1683949254.0, 1683949255.0, 1683949256.0, 1683949257.0, 1683949258.0, 1683949259.0, 1683949260.0, 1683949261.0, 1683949262.0, 1683949263.0, 1683949264.0, 1683949265.0, 1683949266.0, 1683949267.0, 1683949268.0, 1683949269.0, 1683949270.0, 1683949271.0, 1683949272.0, 1683949273.0, 1683949274.0, 1683949275.0, 1683949276.0, 1683949277.0, 1683949278.0, 1683949279.0, 1683949280.0, 1683949281.0, 1683949282.0, 1683949283.0, 1683949284.0, 1683949285.0, 1683949286.0, 1683949287.0, 1683949288.0, 1683949289.0, 1683949290.0, 1683949291.0, 1683949292.0, 1683949293.0, 1683949294.0, 1683949295.0, 1683949296.0, 1683949297.0, 1683949298.0, 1683949299.0, 1683949300.0, 1683949301.0, 1683949302.0, 1683949303.0, 1683949304.0, 1683949305.0, 1683949306.0, 1683949307.0, 1683949308.0], "cpu_usage_rate": [0.6207070292410926, 0.6385986840003519, 0.656490338759611, 0.6743819935188704, 0.6922736482781295, 0.7101653030373889, 0.728056957796648, 0.7459486125559074, 0.7638402673151667, 0.7817319220744261, 0.7996235768336853, 0.8175152315929446, 0.8354068863522038, 0.8532985411114631, 0.8711901958707224, 0.8890818506299817, 0.9069735053892409, 0.9248651601485001, 0.9427568149077594, 0.9606484696670186, 0.978540124426278, 0.996431779185537, 1.0143234339447964, 1.0322150887040558, 1.050106743463315, 1.0679983982225743, 1.0858900529818334, 1.1037817077410927, 1.121673362500352, 1.1395650172596112, 1.8011086708124326, 1.8296626410552104, 1.8582166112979883, 1.8867705815407663, 1.9153245517835438, 1.943878522026322, 1.9724324922690994, 2.0009864625118774, 2.029540432754655, 2.0580944029974333, 2.0866483732402106, 2.1152023434829883, 2.143756313725766, 2.172310283968544, 2.200864254211322, 2.2294182244540997, 2.257972194696877, 2.286526164939655, 2.315080135182433, 2.3436341054252106, 2.3721880756679883, 2.4007420459107665, 2.4292960161535437, 2.4578499863963215, 2.4864039566390996, 2.5149579268818774, 2.543511897124655, 2.5698573218500003, 2.5698573218500003, 2.5698573218500003, 1.767186254, 1.767186254, 1.767186254, 1.767186254, 1.767186254, 1.767186254, 1.767186254], "time_cpu_usage_rate": [1683949242.0, 1683949243.0, 1683949244.0, 1683949245.0, 1683949246.0, 1683949247.0, 1683949248.0, 1683949249.0, 1683949250.0, 1683949251.0, 1683949252.0, 1683949253.0, 1683949254.0, 1683949255.0, 1683949256.0, 1683949257.0, 1683949258.0, 1683949259.0, 1683949260.0, 1683949261.0, 1683949262.0, 1683949263.0, 1683949264.0, 1683949265.0, 1683949266.0, 1683949267.0, 1683949268.0, 1683949269.0, 1683949270.0, 1683949271.0, 1683949272.0, 1683949273.0, 1683949274.0, 1683949275.0, 1683949276.0, 1683949277.0, 1683949278.0, 1683949279.0, 1683949280.0, 1683949281.0, 1683949282.0, 1683949283.0, 1683949284.0, 1683949285.0, 1683949286.0, 1683949287.0, 1683949288.0, 1683949289.0, 1683949290.0, 1683949291.0, 1683949292.0, 1683949293.0, 1683949294.0, 1683949295.0, 1683949296.0, 1683949297.0, 1683949298.0, 1683949299.0, 1683949300.0, 1683949301.0, 1683949302.0, 1683949303.0, 1683949304.0, 1683949305.0, 1683949306.0, 1683949307.0, 1683949308.0], "cpu_throttled_count": [6.284388585, 6.284388585, 6.284388585, 6.284388585, 6.284388585, 6.284388585, 6.284388585, 6.284388585, 6.284388585, 6.284388585, 6.284388585, 6.284388585, 6.284388585, 6.284388585, 6.284388585, 6.284388585, 6.284388585, 6.284388585, 6.284388585, 6.284388585, 6.284388585, 6.284388585, 6.284388585, 6.284388585, 6.284388585, 6.284388585, 6.284388585, 6.284388585, 6.284388585, 6.284388585, 6.338195754, 6.338195754, 6.338195754, 6.338195754, 6.338195754, 6.338195754, 6.338195754, 6.338195754, 6.338195754, 6.338195754, 6.338195754, 6.338195754, 6.338195754, 6.338195754, 6.338195754, 6.338195754, 6.338195754, 6.338195754, 6.338195754, 6.338195754, 6.338195754, 6.338195754, 6.338195754, 6.338195754, 6.338195754, 6.338195754, 6.338195754, 6.338195754, 6.338195754, 6.338195754, 6.441495034, 6.441495034, 6.441495034, 6.441495034, 6.441495034, 6.441495034, 6.441495034, 6.441495034, 6.441495034, 6.441495034, 6.441495034, 6.441495034, 6.441495034, 6.441495034, 6.441495034, 6.441495034, 6.441495034, 6.441495034, 6.441495034, 6.441495034, 6.441495034, 6.441495034, 6.441495034, 6.441495034, 6.441495034, 6.441495034, 6.441495034, 6.441495034, 6.441495034, 6.441495034, 6.441495034, 6.441495034, 6.441495034, 6.441495034, 6.441495034, 6.441495034, 6.441495034], "time_cpu_throttled_count": [1683949212.0, 1683949213.0, 1683949214.0, 1683949215.0, 1683949216.0, 1683949217.0, 1683949218.0, 1683949219.0, 1683949220.0, 1683949221.0, 1683949222.0, 1683949223.0, 1683949224.0, 1683949225.0, 1683949226.0, 1683949227.0, 1683949228.0, 1683949229.0, 1683949230.0, 1683949231.0, 1683949232.0, 1683949233.0, 1683949234.0, 1683949235.0, 1683949236.0, 1683949237.0, 1683949238.0, 1683949239.0, 1683949240.0, 1683949241.0, 1683949242.0, 1683949243.0, 1683949244.0, 1683949245.0, 1683949246.0, 1683949247.0, 1683949248.0, 1683949249.0, 1683949250.0, 1683949251.0, 1683949252.0, 1683949253.0, 1683949254.0, 1683949255.0, 1683949256.0, 1683949257.0, 1683949258.0, 1683949259.0, 1683949260.0, 1683949261.0, 1683949262.0, 1683949263.0, 1683949264.0, 1683949265.0, 1683949266.0, 1683949267.0, 1683949268.0, 1683949269.0, 1683949270.0, 1683949271.0, 1683949272.0, 1683949273.0, 1683949274.0, 1683949275.0, 1683949276.0, 1683949277.0, 1683949278.0, 1683949279.0, 1683949280.0, 1683949281.0, 1683949282.0, 1683949283.0, 1683949284.0, 1683949285.0, 1683949286.0, 1683949287.0, 1683949288.0, 1683949289.0, 1683949290.0, 1683949291.0, 1683949292.0, 1683949293.0, 1683949294.0, 1683949295.0, 1683949296.0, 1683949297.0, 1683949298.0, 1683949299.0, 1683949300.0, 1683949301.0, 1683949302.0, 1683949303.0, 1683949304.0, 1683949305.0, 1683949306.0, 1683949307.0, 1683949308.0],