{"cpu_usage_count": [5.313921901, 5.313921901, 5.313921901, 5.313921901, 5.313921901, 5.313921901, 5.313921901, 5.313921901, 5.313921901, 5.313921901, 5.313921901, 5.313921901, 5.313921901, 5.313921901, 5.313921901, 5.313921901, 5.313921901, 5.313921901, 5.313921901, 5.313921901, 5.313921901, 5.313921901, 5.313921901, 5.313921901, 5.313921901, 5.313921901, 5.313921901, 5.313921901, 5.313921901, 5.313921901, 12.619198855, 12.619198855, 12.619198855, 12.619198855, 12.619198855, 12.619198855, 12.619198855, 12.619198855, 12.619198855, 12.619198855, 12.619198855, 12.619198855, 12.619198855, 12.619198855, 12.619198855, 12.619198855, 12.619198855, 12.619198855, 12.619198855, 12.619198855, 12.619198855, 12.619198855, 12.619198855, 12.619198855, 12.619198855, 12.619198855, 12.619198855, 12.619198855, 12.619198855, 12.619198855, 52.364764099, 52.364764099, 52.364764099, 52.364764099, 52.364764099, 52.364764099, 52.364764099, 52.364764099, 52.364764099, 52.364764099, 52.364764099, 52.364764099, 52.364764099, 52.364764099, 52.364764099, 52.364764099, 52.364764099, 52.364764099, 52.364764099, 52.364764099, 52.364764099, 52.364764099, 52.364764099, 52.364764099, 52.364764099, 52.364764099, 52.364764099, 52.364764099, 52.364764099, 52.364764099, 83.502507137, 83.502507137, 83.502507137, 83.502507137, 83.502507137, 83.502507137, 83.502507137, 83.502507137, 83.502507137, 83.502507137], "time_cpu_usage_count": [1683949362.0, 1683949363.0, 1683949364.0, 1683949365.0, 1683949366.0, 1683949367.0, 1683949368.0, 1683949369.0, 1683949370.0, 1683949371.0, 1683949372.0, 1683949373.0, 1683949374.0, 1683949375.0, 1683949376.0, 1683949377.0, 1683949378.0, 1683949379.0, 1683949380.0, 1683949381.0, 1683949382.0, 1683949383.0, 1683949384.0, 1683949385.0, 1683949386.0, 1683949387.0, 1683949388.0, 1683949389.0, 1683949390.0, 1683949391.0, 1683949392.0, 1683949393.0, 1683949394.0, 1683949395.0, 1683949396.0, 1683949397.0, 1683949398.0, 1683949399.0, 1683949400.0, 1683949401.0, 1683949402.0, 1683949403.0, 1683949404.0, 1683949405.0, 1683949406.0, 1683949407.0, 1683949408.0, 1683949409.0, 1683949410.0, 1683949411.0, 1683949412.0, 1683949413.0, 1683949414.0, 1683949415.0, 1683949416.0, 1683949417.0, 1683949418.0, 1683949419.0, 1683949420.0, 1683949421.0, 1683949422.0, 1683949423.0, 1683949424.0, 1683949425.0, 1683949426.0, 1683949427.0, 1683949428.0, 1683949429.0, 1683949430.0, 1683949431.0, 1683949432.0, 1683949433.0, 1683949434.0, 1683949435.0, 1683949436.0, 1683949437.0, 1683949438.0, 1683949439.0, 1683949440.0, 1683949441.0, 1683949442.0, 1683949443.0, 1683949444.0, 1683949445.0, 1683949446.0, 1683949447.0, 1683949448.0, 1683949449.0, 1683949450.0, 1683949451.0, 1683949452.0, 1683949453.0, 1683949454.0, 1683949455.0, 1683949456.0, 1683949457.0, 1683949458.0, 1683949459.0, 1683949460.0, 1683949461.0], "cpu_usage_rate": [0.1412062971452289, 0.14391195527634, 0.1466176134074511, 0.14932327153856223, 0.15202892966967332, 0.15473458780078445, 0.15744024593189557, 0.1601459040630067, 0.1628515621941178, 0.1655572203252289, 0.16826287845634003, 0.17096853658745112, 0.17367419471856224, 0.17637985284967334, 0.17908551098078448, 0.18179116911189558, 0.1844968272430067, 0.18720248537411782, 0.18990814350522894, 0.19261380163634, 0.19531945976745113, 0.19802511789856225, 0.20073077602967335, 0.20343643416078447, 0.20614209229189556, 0.2088477504230067, 0.2115534085541178, 0.21425906668522893, 0.21696472481634, 0.21967038294745117, 0.58502842685679, 0.5937415457823455, 0.6024546647079012, 0.6111677836334567, 0.6198809025590122, 0.6285940214845679, 0.6373071404101234, 0.646020259335679, 0.6547333782612345, 0.66344649718679, 0.6721596161123456, 0.6808727350379011, 0.6895858539634567, 0.6982989728890122, 0.7070120918145678, 0.7157252107401233, 0.7244383296656789, 0.7331514485912345, 0.7418645675167901, 0.7505776864423456, 0.7592908053679013, 0.7680039242934568, 0.7767170432190122, 0.7841807033, 0.7841807033, 0.7841807033, 0.7841807033, 0.7841807033, 0.7841807033, 0.7841807033, 0.9326230745110174, 0.9457496130817582, 0.9588761516524988, 0.9720026902232396, 0.9851292287939806, 0.9982557673647212, 1.0113823059354619, 1.0245088445062025, 1.0376353830769436, 1.0507619216476842], "time_cpu_usage_rate": [1683949392.0, 1683949393.0, 1683949394.0, 1683949395.0, 1683949396.0, 1683949397.0, 1683949398.0, 1683949399.0, 1683949400.0, 1683949401.0, 1683949402.0, 1683949403.0, 1683949404.0, 1683949405.0, 1683949406.0, 1683949407.0, 1683949408.0, 1683949409.0, 1683949410.0, 1683949411.0, 1683949412.0, 1683949413.0, 1683949414.0, 1683949415.0, 1683949416.0, 1683949417.0, 1683949418.0, 1683949419.0, 1683949420.0, 1683949421.0, 1683949422.0, 1683949423.0, 1683949424.0, 1683949425.0, 1683949426.0, 1683949427.0, 1683949428.0, 1683949429.0, 1683949430.0, 1683949431.0, 1683949432.0, 1683949433.0, 1683949434.0, 1683949435.0, 1683949436.0, 1683949437.0, 1683949438.0, 1683949439.0, 1683949440.0, 1683949441.0, 1683949442.0, 1683949443.0, 1683949444.0, 1683949445.0, 1683949446.0, 1683949447.0, 1683949448.0, 1683949449.0, 1683949450.0, 1683949451.0, 1683949452.0, 1683949453.0, 1683949454.0, 1683949455.0, 1683949456.0, 1683949457.0, 1683949458.0, 1683949459.0, 1683949460.0, 1683949461.0], "cpu_throttled_count": [10.951959803, 10.951959803, 10.951959803, 10.951959803, 10.951959803, 10.951959803, 10.951959803, 10.951959803, 10.951959803, 10.951959803, 10.951959803, 10.951959803, 10.951959803, 10.951959803, 10.951959803, 10.951959803, 10.951959803, 10.951959803, 10.951959803, 10.951959803, 10.951959803, 10.951959803, 10.951959803, 10.951959803, 10.951959803, 10.951959803, 10.951959803, 10.951959803, 10.951959803, 10.951959803, 10.978322011, 10.978322011, 10.978322011, 10.978322011, 10.978322011, 10.978322011, 10.978322011, 10.978322011, 10.978322011, 10.978322011, 10.978322011, 10.978322011, 10.978322011, 10.978322011, 10.978322011, 10.978322011, 10.978322011, 10.978322011, 10.978322011, 10.978322011, 10.978322011, 10.978322011, 10.978322011, 10.978322011, 10.978322011, 10.978322011, 10.978322011, 10.978322011, 10.978322011, 10.978322011, 11.123597587, 11.123597587, 11.123597587, 11.123597587, 11.123597587, 11.123597587, 11.123597587, 11.123597587, 11.123597587, 11.123597587, 11.123597587, 11.123597587, 11.123597587, 11.123597587, 11.123597587, 11.123597587, 11.123597587, 11.123597587, 11.123597587, 11.123597587, 11.123597587, 11.123597587, 11.123597587, 11.123597587, 11.123597587, 11.123597587, 11.123597587, 11.123597587, 11.123597587, 11.123597587, 11.21240745, 11.21240745, 11.21240745, 11.21240745, 11.21240745, 11.21240745, 11.21240745, 11.21240745, 11.21240745, 11.21240745],