{"cpu_usage_count": [5.267889383, 5.267889383, 5.267889383, 5.267889383, 5.267889383, 5.267889383, 5.267889383, 5.267889383, 5.267889383, 5.267889383, 5.267889383, 5.267889383, 5.267889383, 5.267889383, 5.267889383, 5.267889383, 5.267889383, 5.267889383, 5.267889383, 5.267889383, 5.267889383, 5.267889383, 5.267889383, 5.267889383, 5.267889383, 5.267889383, 5.267889383, 5.267889383, 5.267889383, 5.267889383, 17.340410533, 17.340410533, 17.340410533, 17.340410533, 17.340410533, 17.340410533, 17.340410533, 17.340410533, 17.340410533, 17.340410533, 17.340410533, 17.340410533, 17.340410533, 17.340410533, 17.340410533, 17.340410533, 17.340410533, 17.340410533, 17.340410533, 17.340410533, 17.340410533, 17.340410533, 17.340410533, 17.340410533, 17.340410533, 17.340410533, 17.340410533, 17.340410533, 17.340410533, 17.340410533, 70.221941715, 70.221941715, 70.221941715, 70.221941715, 70.221941715, 70.221941715, 70.221941715, 70.221941715, 70.221941715, 70.221941715, 70.221941715, 70.221941715, 70.221941715, 70.221941715, 70.221941715, 70.221941715, 70.221941715, 70.221941715, 70.221941715, 70.221941715, 70.221941715, 70.221941715, 70.221941715, 70.221941715, 70.221941715, 70.221941715, 70.221941715, 70.221941715, 70.221941715, 70.221941715, 104.875451442, 104.875451442, 104.875451442, 104.875451442, 104.875451442, 104.875451442, 104.875451442, 104.875451442, 104.875451442, 104.875451442, 104.875451442, 104.875451442], "time_cpu_usage_count": [1683949512.0, 1683949513.0, 1683949514.0, 1683949515.0, 1683949516.0, 1683949517.0, 1683949518.0, 1683949519.0, 1683949520.0, 1683949521.0, 1683949522.0, 1683949523.0, 1683949524.0, 1683949525.0, 1683949526.0, 1683949527.0, 1683949528.0, 1683949529.0, 1683949530.0, 1683949531.0, 1683949532.0, 1683949533.0, 1683949534.0, 1683949535.0, 1683949536.0, 1683949537.0, 1683949538.0, 1683949539.0, 1683949540.0, 1683949541.0, 1683949542.0, 1683949543.0, 1683949544.0, 1683949545.0, 1683949546.0, 1683949547.0, 1683949548.0, 1683949549.0, 1683949550.0, 1683949551.0, 1683949552.0, 1683949553.0, 1683949554.0, 1683949555.0, 1683949556.0, 1683949557.0, 1683949558.0, 1683949559.0, 1683949560.0, 1683949561.0, 1683949562.0, 1683949563.0, 1683949564.0, 1683949565.0, 1683949566.0, 1683949567.0, 1683949568.0, 1683949569.0, 1683949570.0, 1683949571.0, 1683949572.0, 1683949573.0, 1683949574.0, 1683949575.0, 1683949576.0, 1683949577.0, 1683949578.0, 1683949579.0, 1683949580.0, 1683949581.0, 1683949582.0, 1683949583.0, 1683949584.0, 1683949585.0, 1683949586.0, 1683949587.0, 1683949588.0, 1683949589.0, 1683949590.0, 1683949591.0, 1683949592.0, 1683949593.0, 1683949594.0, 1683949595.0, 1683949596.0, 1683949597.0, 1683949598.0, 1683949599.0, 1683949600.0, 1683949601.0, 1683949602.0, 1683949603.0, 1683949604.0, 1683949605.0, 1683949606.0, 1683949607.0, 1683949608.0, 1683949609.0, 1683949610.0, 1683949611.0, 1683949612.0, 1683949613.0], "cpu_usage_rate": [0.19431219676001849, 0.1987835008896481, 0.20325480501927776, 0.20772610914890738, 0.21219741327853703, 0.21666871740816665, 0.22114002153779624, 0.22561132566742587, 0.23008262979705557, 0.23455393392668522, 0.23902523805631481, 0.24349654218594444, 0.24796784631557406, 0.2524391504452037, 0.2569104545748333, 0.26138175870446295, 0.2658530628340926, 0.27032436696372225, 0.27479567109335185, 0.2792669752229815, 0.28373827935261114, 0.28820958348224074, 0.29268088761187033, 0.29715219174150004, 0.30162349587112963, 0.3060948000007593, 0.3105661041303889, 0.3150374082600185, 0.3195087123896482, 0.32398001651927777, 0.7846582666862676, 0.7966867948958971, 0.8087153231055269, 0.8207438513151563, 0.8327723795247861, 0.8448009077344156, 0.8568294359440453, 0.8688579641536748, 0.8808864923633046, 0.8929150205729341, 0.9049435487825638, 0.9169720769921933, 0.9290006052018231, 0.9410291334114527, 0.9530576616210823, 0.9650861898307121, 0.9771147180403416, 0.9891432462499713, 1.0011717744596007, 1.0132003026692307, 1.0252288308788602, 1.0372573590884897, 1.0492858872981192, 1.061314415507749, 1.0733429437173785, 1.0825675388666667, 1.0825675388666667, 1.0825675388666667, 1.0825675388666667, 1.0825675388666667, 1.17123193454326, 1.1874421273041857, 1.203652320065112, 1.2198625128260379, 1.2360727055869636, 1.2522828983478895, 1.2684930911088157, 1.2847032838697414, 1.3009134766306674, 1.317123669391593, 1.3333338621525193, 1.3495440549134452], "time_cpu_usage_rate": [1683949542.0, 1683949543.0, 1683949544.0, 1683949545.0, 1683949546.0, 1683949547.0, 1683949548.0, 1683949549.0, 1683949550.0, 1683949551.0, 1683949552.0, 1683949553.0, 1683949554.0, 1683949555.0, 1683949556.0, 1683949557.0, 1683949558.0, 1683949559.0, 1683949560.0, 1683949561.0, 1683949562.0, 1683949563.0, 1683949564.0, 1683949565.0, 1683949566.0, 1683949567.0, 1683949568.0, 1683949569.0, 1683949570.0, 1683949571.0, 1683949572.0, 1683949573.0, 1683949574.0, 1683949575.0, 1683949576.0, 1683949577.0, 1683949578.0, 1683949579.0, 1683949580.0, 1683949581.0, 1683949582.0, 1683949583.0, 1683949584.0, 1683949585.0, 1683949586.0, 1683949587.0, 1683949588.0, 1683949589.0, 1683949590.0, 1683949591.0, 1683949592.0, 1683949593.0, 1683949594.0, 1683949595.0, 1683949596.0, 1683949597.0, 1683949598.0, 1683949599.0, 1683949600.0, 1683949601.0, 1683949602.0, 1683949603.0, 1683949604.0, 1683949605.0, 1683949606.0, 1683949607.0, 1683949608.0, 1683949609.0, 1683949610.0, 1683949611.0, 1683949612.0, 1683949613.0], "cpu_throttled_count": [9.155409841, 9.155409841, 9.155409841, 9.155409841, 9.155409841, 9.155409841, 9.155409841, 9.155409841, 9.155409841, 9.155409841, 9.155409841, 9.155409841, 9.155409841, 9.155409841, 9.155409841, 9.155409841, 9.155409841, 9.155409841, 9.155409841, 9.155409841, 9.155409841, 9.155409841, 9.155409841, 9.155409841, 9.155409841, 9.155409841, 9.155409841, 9.155409841, 9.155409841, 9.155409841, 9.171129262, 9.171129262, 9.171129262, 9.171129262, 9.171129262, 9.171129262, 9.171129262, 9.171129262, 9.171129262, 9.171129262, 9.171129262, 9.171129262, 9.171129262, 9.171129262, 9.171129262, 9.171129262, 9.171129262, 9.171129262, 9.171129262, 9.171129262, 9.171129262, 9.171129262, 9.171129262, 9.171129262, 9.171129262, 9.171129262, 9.171129262, 9.171129262, 9.171129262, 9.171129262, 9.275734807, 9.275734807, 9.275734807, 9.275734807, 9.275734807, 9.275734807, 9.275734807, 9.275734807, 9.275734807, 9.275734807, 9.275734807, 9.275734807, 9.275734807, 9.275734807, 9.275734807, 9.275734807, 9.275734807, 9.275734807, 9.275734807, 9.275734807, 9.275734807, 9.275734807, 9.275734807, 9.275734807, 9.275734807, 9.275734807, 9.275734807, 9.275734807, 9.275734807, 9.275734807, 9.319724046, 9.319724046, 9.319724046, 9.319724046, 9.319724046, 9.319724046, 9.319724046, 9.319724046, 9.319724046, 9.319724046, 9.319724046, 9.319724046],