{"cpu_usage_count": [0.040360007, 0.040360007, 0.040360007, 0.040360007, 0.040360007, 0.040360007, 0.040360007, 0.040360007, 0.040360007, 0.040360007, 0.040360007, 0.040360007, 0.040360007, 0.040360007, 0.040360007, 0.040360007, 0.040360007, 0.040360007, 0.040360007, 0.040360007, 0.040360007, 0.040360007, 0.040360007, 0.040360007, 0.040360007, 0.040360007, 0.040360007, 0.040360007, 0.040360007, 0.040360007, 37.049324013, 37.049324013, 37.049324013, 37.049324013, 37.049324013, 37.049324013, 37.049324013, 37.049324013, 37.049324013, 37.049324013, 37.049324013, 37.049324013, 37.049324013, 37.049324013, 37.049324013, 37.049324013, 37.049324013, 37.049324013, 37.049324013, 37.049324013, 37.049324013, 37.049324013, 37.049324013, 37.049324013, 37.049324013, 37.049324013, 37.049324013, 37.049324013, 37.049324013, 37.049324013, 124.916651656, 124.916651656, 124.916651656, 124.916651656, 124.916651656, 124.916651656, 124.916651656, 124.916651656, 124.916651656, 124.916651656, 124.916651656, 124.916651656, 124.916651656, 124.916651656, 124.916651656, 124.916651656, 124.916651656, 124.916651656, 124.916651656, 124.916651656, 124.916651656, 124.916651656, 124.916651656, 124.916651656, 124.916651656, 124.916651656, 124.916651656, 124.916651656, 124.916651656, 124.916651656, 125.074180219, 125.074180219, 125.074180219, 125.074180219, 125.074180219, 125.074180219, 125.074180219, 125.074180219, 125.074180219, 125.074180219, 125.074180219, 125.074180219, 125.074180219, 125.074180219], "time_cpu_usage_count": [1683949662.0, 1683949663.0, 1683949664.0, 1683949665.0, 1683949666.0, 1683949667.0, 1683949668.0, 1683949669.0, 1683949670.0, 1683949671.0, 1683949672.0, 1683949673.0, 1683949674.0, 1683949675.0, 1683949676.0, 1683949677.0, 1683949678.0, 1683949679.0, 1683949680.0, 1683949681.0, 1683949682.0, 1683949683.0, 1683949684.0, 1683949685.0, 1683949686.0, 1683949687.0, 1683949688.0, 1683949689.0, 1683949690.0, 1683949691.0, 1683949692.0, 1683949693.0, 1683949694.0, 1683949695.0, 1683949696.0, 1683949697.0, 1683949698.0, 1683949699.0, 1683949700.0, 1683949701.0, 1683949702.0, 1683949703.0, 1683949704.0, 1683949705.0, 1683949706.0, 1683949707.0, 1683949708.0, 1683949709.0, 1683949710.0, 1683949711.0, 1683949712.0, 1683949713.0, 1683949714.0, 1683949715.0, 1683949716.0, 1683949717.0, 1683949718.0, 1683949719.0, 1683949720.0, 1683949721.0, 1683949722.0, 1683949723.0, 1683949724.0, 1683949725.0, 1683949726.0, 1683949727.0, 1683949728.0, 1683949729.0, 1683949730.0, 1683949731.0, 1683949732.0, 1683949733.0, 1683949734.0, 1683949735.0, 1683949736.0, 1683949737.0, 1683949738.0, 1683949739.0, 1683949740.0, 1683949741.0, 1683949742.0, 1683949743.0, 1683949744.0, 1683949745.0, 1683949746.0, 1683949747.0, 1683949748.0, 1683949749.0, 1683949750.0, 1683949751.0, 1683949752.0, 1683949753.0, 1683949754.0, 1683949755.0, 1683949756.0, 1683949757.0, 1683949758.0, 1683949759.0, 1683949760.0, 1683949761.0, 1683949762.0, 1683949763.0, 1683949764.0, 1683949765.0], "cpu_usage_rate": [0.41668963340007487, 0.43039665710600084, 0.4441036808119267, 0.4578107045178526, 0.4715177282237785, 0.4852247519297045, 0.4989317756356304, 0.5126387993415564, 0.5263458230474822, 0.5400528467534083, 0.5537598704593342, 0.5674668941652601, 0.581173917871186, 0.5948809415771119, 0.6085879652830378, 0.6222949889889637, 0.6360020126948897, 0.6497090364008157, 0.6634160601067415, 0.6771230838126675, 0.6908301075185933, 0.7045371312245193, 0.7182441549304454, 0.7319511786363712, 0.7456582023422972, 0.759365226048223, 0.7730722497541489, 0.7867792734600749, 0.8004862971660008, 0.8141933208719268, 1.3964497589620708, 1.4195749981563301, 1.4427002373505893, 1.4658254765448484, 1.4889507157391078, 1.512075954933367, 1.5352011941276262, 1.5583264333218854, 1.581451672516145, 1.604576911710404, 1.6277021509046632, 1.6508273900989228, 1.6739526292931821, 1.6970778684874412, 1.7202031076817004, 1.7433283468759595, 1.766453586070219, 1.7895788252644782, 1.8127040644587373, 1.8358293036529965, 1.858954542847256, 1.8820797820415152, 1.9052050212357743, 1.9283302604300339, 1.951455499624293, 1.9745807388185521, 1.9977059780128115, 2.020831217207071, 2.04395645640133, 2.0670816955955895, 1.395695543586593, 1.4119964428840004, 1.4282973421814076, 1.444598241478815, 1.4608991407762226, 1.4670809367666666, 1.4670809367666666, 1.4670809367666666, 1.4670809367666666, 1.4670809367666666, 1.4670809367666666, 1.4670809367666666, 1.4670809367666666, 1.4670809367666666], "time_cpu_usage_rate": [1683949692.0, 1683949693.0, 1683949694.0, 1683949695.0, 1683949696.0, 1683949697.0, 1683949698.0, 1683949699.0, 1683949700.0, 1683949701.0, 1683949702.0, 1683949703.0, 1683949704.0, 1683949705.0, 1683949706.0, 1683949707.0, 1683949708.0, 1683949709.0, 1683949710.0, 1683949711.0, 1683949712.0, 1683949713.0, 1683949714.0, 1683949715.0, 1683949716.0, 1683949717.0, 1683949718.0, 1683949719.0, 1683949720.0, 1683949721.0, 1683949722.0, 1683949723.0, 1683949724.0, 1683949725.0, 1683949726.0, 1683949727.0, 1683949728.0, 1683949729.0, 1683949730.0, 1683949731.0, 1683949732.0, 1683949733.0, 1683949734.0, 1683949735.0, 1683949736.0, 1683949737.0, 1683949738.0, 1683949739.0, 1683949740.0, 1683949741.0, 1683949742.0, 1683949743.0, 1683949744.0, 1683949745.0, 1683949746.0, 1683949747.0, 1683949748.0, 1683949749.0, 1683949750.0, 1683949751.0, 1683949752.0, 1683949753.0, 1683949754.0, 1683949755.0, 1683949756.0, 1683949757.0, 1683949758.0, 1683949759.0, 1683949760.0, 1683949761.0, 1683949762.0, 1683949763.0, 1683949764.0, 1683949765.0], "cpu_throttled_count": [0.0, 0.0, 0.0, 0.0, 0.0, 0.0, 0.0, 0.0, 0.0, 0.0, 0.0, 0.0, 0.0, 0.0, 0.0, 0.0, 0.0, 0.0, 0.0, 0.0, 0.0, 0.0, 0.0, 0.0, 0.0, 0.0, 0.0, 0.0, 0.0, 0.0, 9.565888422, 9.565888422, 9.565888422, 9.565888422, 9.565888422, 9.565888422, 9.565888422, 9.565888422, 9.565888422, 9.565888422, 9.565888422, 9.565888422, 9.565888422, 9.565888422, 9.565888422, 9.565888422, 9.565888422, 9.565888422, 9.565888422, 9.565888422, 9.565888422, 9.565888422, 9.565888422, 9.565888422, 9.565888422, 9.565888422, 9.565888422, 9.565888422, 9.565888422, 9.565888422, 9.780718732, 9.780718732, 9.780718732, 9.780718732, 9.780718732, 9.780718732, 9.780718732, 9.780718732, 9.780718732, 9.780718732, 9.780718732, 9.780718732, 9.780718732, 9.780718732, 9.780718732, 9.780718732, 9.780718732, 9.780718732, 9.780718732, 9.780718732, 9.780718732, 9.780718732, 9.780718732, 9.780718732, 9.780718732, 9.780718732, 9.780718732, 9.780718732, 9.780718732, 9.780718732, 9.780718732, 9.780718732, 9.780718732, 9.780718732, 9.780718732, 9.780718732, 9.780718732, 9.780718732, 9.780718732, 9.780718732, 9.780718732, 9.780718732, 9.780718732, 9.780718732],