{"cpu_usage_count": [0.04832863, 0.04832863, 0.04832863, 0.04832863, 0.04832863, 0.04832863, 0.04832863, 0.04832863, 0.04832863, 0.04832863, 0.04832863, 0.04832863, 0.04832863, 0.04832863, 0.04832863, 0.04832863, 0.04832863, 0.04832863, 0.04832863, 0.04832863, 0.04832863, 0.04832863, 0.04832863, 0.04832863, 0.04832863, 0.04832863, 0.04832863, 0.04832863, 0.04832863, 0.04832863, 30.209864098, 30.209864098, 30.209864098, 30.209864098, 30.209864098, 30.209864098, 30.209864098, 30.209864098, 30.209864098, 30.209864098, 30.209864098, 30.209864098, 30.209864098, 30.209864098, 30.209864098, 30.209864098, 30.209864098, 30.209864098, 30.209864098, 30.209864098, 30.209864098, 30.209864098, 30.209864098, 30.209864098, 30.209864098, 30.209864098, 30.209864098, 30.209864098, 30.209864098, 30.209864098, 146.455735756, 146.455735756, 146.455735756, 146.455735756, 146.455735756, 146.455735756, 146.455735756, 146.455735756, 146.455735756, 146.455735756, 146.455735756, 146.455735756, 146.455735756, 146.455735756, 146.455735756, 146.455735756, 146.455735756, 146.455735756, 146.455735756, 146.455735756, 146.455735756, 146.455735756, 146.455735756, 146.455735756, 146.455735756, 146.455735756, 146.455735756, 146.455735756, 146.455735756, 146.455735756, 146.575670908, 146.575670908, 146.575670908, 146.575670908, 146.575670908, 146.575670908, 146.575670908, 146.575670908, 146.575670908, 146.575670908, 146.575670908, 146.575670908, 146.575670908, 146.575670908, 146.575670908, 146.575670908, 146.575670908], "time_cpu_usage_count": [1683949812.0, 1683949813.0, 1683949814.0, 1683949815.0, 1683949816.0, 1683949817.0, 1683949818.0, 1683949819.0, 1683949820.0, 1683949821.0, 1683949822.0, 1683949823.0, 1683949824.0, 1683949825.0, 1683949826.0, 1683949827.0, 1683949828.0, 1683949829.0, 1683949830.0, 1683949831.0, 1683949832.0, 1683949833.0, 1683949834.0, 1683949835.0, 1683949836.0, 1683949837.0, 1683949838.0, 1683949839.0, 1683949840.0, 1683949841.0, 1683949842.0, 1683949843.0, 1683949844.0, 1683949845.0, 1683949846.0, 1683949847.0, 1683949848.0, 1683949849.0, 1683949850.0, 1683949851.0, 1683949852.0, 1683949853.0, 1683949854.0, 1683949855.0, 1683949856.0, 1683949857.0, 1683949858.0, 1683949859.0, 1683949860.0, 1683949861.0, 1683949862.0, 1683949863.0, 1683949864.0, 1683949865.0, 1683949866.0, 1683949867.0, 1683949868.0, 1683949869.0, 1683949870.0, 1683949871.0, 1683949872.0, 1683949873.0, 1683949874.0, 1683949875.0, 1683949876.0, 1683949877.0, 1683949878.0, 1683949879.0, 1683949880.0, 1683949881.0, 1683949882.0, 1683949883.0, 1683949884.0, 1683949885.0, 1683949886.0, 1683949887.0, 1683949888.0, 1683949889.0, 1683949890.0, 1683949891.0, 1683949892.0, 1683949893.0, 1683949894.0, 1683949895.0, 1683949896.0, 1683949897.0, 1683949898.0, 1683949899.0, 1683949900.0, 1683949901.0, 1683949902.0, 1683949903.0, 1683949904.0, 1683949905.0, 1683949906.0, 1683949907.0, 1683949908.0, 1683949909.0, 1683949910.0, 1683949911.0, 1683949912.0, 1683949913.0, 1683949914.0, 1683949915.0, 1683949916.0, 1683949917.0, 1683949918.0], "cpu_usage_rate": [0.33976489128028003, 0.3509358303425022, 0.3621067694047245, 0.37327770846694663, 0.3844486475291689, 0.39561958659139107, 0.40679052565361334, 0.41796146471583556, 0.4291324037780578, 0.44030334284028, 0.4514742819025022, 0.46264522096472444, 0.47381616002694665, 0.4849870990891689, 0.4961580381513911, 0.5073289772136134, 0.5184999162758355, 0.5296708553380578, 0.5408417944002799, 0.5520127334625022, 0.5631836725247243, 0.5743546115869467, 0.585525550649169, 0.5966964897113911, 0.6078674287736134, 0.6190383678358355, 0.6302093068980579, 0.64138024596028, 0.6525511850225023, 0.6637221240847244, 1.637236234032452, 1.6643487168335633, 1.6914611996346745, 1.7185736824357853, 1.7456861652368967, 1.7727986480380076, 1.7999111308391187, 1.82702361364023, 1.854136096441341, 1.8812485792424525, 1.9083610620435634, 1.9354735448446743, 1.9625860276457856, 1.9896985104468967, 2.016810993248008, 2.0439234760491187, 2.0710359588502296, 2.0981484416513414, 2.1252609244524523, 2.152373407253563, 2.1794858900546745, 2.206598372855786, 2.2337108556568968, 2.2608233384580076, 2.287935821259119, 2.31504830406023, 2.342160786861341, 2.369273269662452, 2.3963857524635634, 2.4234982352646743, 1.636527130662828, 1.6580763541461614, 1.6796255776294944, 1.7011748011128278, 1.7227240245961613, 1.7442732480794945, 1.7658224715628281, 1.7873716950461613, 1.8089209185294948, 1.830470142012828, 1.8520193654961614, 1.8735685889794949, 1.8951178124628278, 1.9166670359461613, 1.9382162594294947, 1.9394301135000003, 1.9394301135000003], "time_cpu_usage_rate": [1683949842.0, 1683949843.0, 1683949844.0, 1683949845.0, 1683949846.0, 1683949847.0, 1683949848.0, 1683949849.0, 1683949850.0, 1683949851.0, 1683949852.0, 1683949853.0, 1683949854.0, 1683949855.0, 1683949856.0, 1683949857.0, 1683949858.0, 1683949859.0, 1683949860.0, 1683949861.0, 1683949862.0, 1683949863.0, 1683949864.0, 1683949865.0, 1683949866.0, 1683949867.0, 1683949868.0, 1683949869.0, 1683949870.0, 1683949871.0, 1683949872.0, 1683949873.0, 1683949874.0, 1683949875.0, 1683949876.0, 1683949877.0, 1683949878.0, 1683949879.0, 1683949880.0, 1683949881.0, 1683949882.0, 1683949883.0, 1683949884.0, 1683949885.0, 1683949886.0, 1683949887.0, 1683949888.0, 1683949889.0, 1683949890.0, 1683949891.0, 1683949892.0, 1683949893.0, 1683949894.0, 1683949895.0, 1683949896.0, 1683949897.0, 1683949898.0, 1683949899.0, 1683949900.0, 1683949901.0, 1683949902.0, 1683949903.0, 1683949904.0, 1683949905.0, 1683949906.0, 1683949907.0, 1683949908.0, 1683949909.0, 1683949910.0, 1683949911.0, 1683949912.0, 1683949913.0, 1683949914.0, 1683949915.0, 1683949916.0, 1683949917.0, 1683949918.0], "cpu_throttled_count": [0.0, 0.0, 0.0, 0.0, 0.0, 0.0, 0.0, 0.0, 0.0, 0.0, 0.0, 0.0, 0.0, 0.0, 0.0, 0.0, 0.0, 0.0, 0.0, 0.0, 0.0, 0.0, 0.0, 0.0, 0.0, 0.0, 0.0, 0.0, 0.0, 0.0, 4.832924639, 4.832924639, 4.832924639, 4.832924639, 4.832924639, 4.832924639, 4.832924639, 4.832924639, 4.832924639, 4.832924639, 4.832924639, 4.832924639, 4.832924639, 4.832924639, 4.832924639, 4.832924639, 4.832924639, 4.832924639, 4.832924639, 4.832924639, 4.832924639, 4.832924639, 4.832924639, 4.832924639, 4.832924639, 4.832924639, 4.832924639, 4.832924639, 4.832924639, 4.832924639, 4.978906952, 4.978906952, 4.978906952, 4.978906952, 4.978906952, 4.978906952, 4.978906952, 4.978906952, 4.978906952, 4.978906952, 4.978906952, 4.978906952, 4.978906952, 4.978906952, 4.978906952, 4.978906952, 4.978906952, 4.978906952, 4.978906952, 4.978906952, 4.978906952, 4.978906952, 4.978906952, 4.978906952, 4.978906952, 4.978906952, 4.978906952, 4.978906952, 4.978906952, 4.978906952, 4.978906952, 4.978906952, 4.978906952, 4.978906952, 4.978906952, 4.978906952, 4.978906952, 4.978906952, 4.978906952, 4.978906952, 4.978906952, 4.978906952, 4.978906952, 4.978906952, 4.978906952, 4.978906952, 4.978906952],