{"cpu_usage_count": [0.04732511, 0.04732511, 0.04732511, 0.04732511, 0.04732511, 0.04732511, 0.04732511, 0.04732511, 0.04732511, 0.04732511, 0.04732511, 0.04732511, 0.04732511, 0.04732511, 0.04732511, 0.04732511, 0.04732511, 0.04732511, 0.04732511, 0.04732511, 0.04732511, 0.04732511, 0.04732511, 0.04732511, 0.04732511, 0.04732511, 0.04732511, 0.04732511, 0.04732511, 0.04732511, 5.976729215, 5.976729215, 5.976729215, 5.976729215, 5.976729215, 5.976729215, 5.976729215, 5.976729215, 5.976729215, 5.976729215, 5.976729215, 5.976729215, 5.976729215, 5.976729215, 5.976729215, 5.976729215, 5.976729215, 5.976729215, 5.976729215, 5.976729215, 5.976729215, 5.976729215, 5.976729215, 5.976729215, 5.976729215, 5.976729215, 5.976729215, 5.976729215, 5.976729215, 5.976729215, 31.252212737, 31.252212737, 31.252212737, 31.252212737, 31.252212737, 31.252212737, 31.252212737, 31.252212737, 31.252212737, 31.252212737, 31.252212737, 31.252212737, 31.252212737, 31.252212737, 31.252212737, 31.252212737, 31.252212737, 31.252212737, 31.252212737, 31.252212737, 31.252212737, 31.252212737, 31.252212737, 31.252212737, 31.252212737, 31.252212737, 31.252212737, 31.252212737, 31.252212737, 31.252212737, 53.350778702, 53.350778702, 53.350778702, 53.350778702, 53.350778702, 53.350778702, 53.350778702, 53.350778702, 53.350778702, 53.350778702, 53.350778702, 53.350778702, 53.350778702, 53.350778702, 53.350778702, 53.350778702, 53.350778702, 53.350778702, 53.350778702, 53.350778702, 53.350778702, 53.350778702, 53.350778702, 53.350778702, 53.350778702, 53.350778702, 53.350778702, 53.350778702, 53.350778702], "time_cpu_usage_count": [1683949962.0, 1683949963.0, 1683949964.0, 1683949965.0, 1683949966.0, 1683949967.0, 1683949968.0, 1683949969.0, 1683949970.0, 1683949971.0, 1683949972.0, 1683949973.0, 1683949974.0, 1683949975.0, 1683949976.0, 1683949977.0, 1683949978.0, 1683949979.0, 1683949980.0, 1683949981.0, 1683949982.0, 1683949983.0, 1683949984.0, 1683949985.0, 1683949986.0, 1683949987.0, 1683949988.0, 1683949989.0, 1683949990.0, 1683949991.0, 1683949992.0, 1683949993.0, 1683949994.0, 1683949995.0, 1683949996.0, 1683949997.0, 1683949998.0, 1683949999.0, 1683950000.0, 1683950001.0, 1683950002.0, 1683950003.0, 1683950004.0, 1683950005.0, 1683950006.0, 1683950007.0, 1683950008.0, 1683950009.0, 1683950010.0, 1683950011.0, 1683950012.0, 1683950013.0, 1683950014.0, 1683950015.0, 1683950016.0, 1683950017.0, 1683950018.0, 1683950019.0, 1683950020.0, 1683950021.0, 1683950022.0, 1683950023.0, 1683950024.0, 1683950025.0, 1683950026.0, 1683950027.0, 1683950028.0, 1683950029.0, 1683950030.0, 1683950031.0, 1683950032.0, 1683950033.0, 1683950034.0, 1683950035.0, 1683950036.0, 1683950037.0, 1683950038.0, 1683950039.0, 1683950040.0, 1683950041.0, 1683950042.0, 1683950043.0, 1683950044.0, 1683950045.0, 1683950046.0, 1683950047.0, 1683950048.0, 1683950049.0, 1683950050.0, 1683950051.0, 1683950052.0, 1683950053.0, 1683950054.0, 1683950055.0, 1683950056.0, 1683950057.0, 1683950058.0, 1683950059.0, 1683950060.0, 1683950061.0, 1683950062.0, 1683950063.0, 1683950064.0, 1683950065.0, 1683950066.0, 1683950067.0, 1683950068.0, 1683950069.0, 1683950070.0, 1683950071.0, 1683950072.0, 1683950073.0, 1683950074.0, 1683950075.0, 1683950076.0, 1683950077.0, 1683950078.0, 1683950079.0, 1683950080.0], "cpu_usage_rate": [0.06721406213205, 0.06941013772649443, 0.07160621332093887, 0.07380228891538333, 0.07599836450982776, 0.07819444010427222, 0.08039051569871665, 0.0825865912931611, 0.08478266688760555, 0.08697874248205, 0.08917481807649445, 0.0913708936709389, 0.09356696926538335, 0.09576304485982777, 0.09795912045427223, 0.10015519604871667, 0.10235127164316112, 0.10454734723760556, 0.10674342283205002, 0.10893949842649443, 0.11113557402093889, 0.11333164961538333, 0.11552772520982778, 0.11772380080427222, 0.11991987639871668, 0.12211595199316111, 0.12431202758760555, 0.12650810318205002, 0.12870417877649443, 0.13090025437093888, 0.34936758481094615, 0.35514626770483504, 0.36092495059872387, 0.36670363349261276, 0.37248231638650176, 0.3782609992803906, 0.3840396821742795, 0.3898183650681683, 0.39559704796205725, 0.4013757308559461, 0.40715441374983496, 0.41293309664372396, 0.4187117795376128, 0.4244904624315017, 0.4302691453253905, 0.4360478282192795, 0.4418265111131684, 0.4476051940070572, 0.4533838769009461, 0.459162559794835, 0.4649412426887239, 0.47071992558261283, 0.4764986084765016, 0.4822772913703906, 0.48805597426427944, 0.4938346571581683, 0.4996133400520573, 0.5053920229459461, 0.511170705839835, 0.5169493887337239, 0.5960061107929129, 0.604779082920135, 0.6135520550473572, 0.6223250271745795, 0.6310979993018018, 0.6398709714290239, 0.6486439435562461, 0.6574169156834684, 0.6661898878106906, 0.6749628599379128, 0.683735832065135, 0.6925088041923573, 0.7012817763195796, 0.7100547484468016, 0.7188277205740238, 0.7276006927012462, 0.7363736648284684, 0.7451466369556905, 0.7539196090829127, 0.7626925812101351, 0.7714655533373572, 0.7802385254645794, 0.7890114975918018, 0.7895674914499999, 0.7895674914499999, 0.7895674914499999, 0.7895674914499999, 0.7895674914499999, 0.7895674914499999], "time_cpu_usage_rate": [1683949992.0, 1683949993.0, 1683949994.0, 1683949995.0, 1683949996.0, 1683949997.0, 1683949998.0, 1683949999.0, 1683950000.0, 1683950001.0, 1683950002.0, 1683950003.0, 1683950004.0, 1683950005.0, 1683950006.0, 1683950007.0, 1683950008.0, 1683950009.0, 1683950010.0, 1683950011.0, 1683950012.0, 1683950013.0, 1683950014.0, 1683950015.0, 1683950016.0, 1683950017.0, 1683950018.0, 1683950019.0, 1683950020.0, 1683950021.0, 1683950022.0, 1683950023.0, 1683950024.0, 1683950025.0, 1683950026.0, 1683950027.0, 1683950028.0, 1683950029.0, 1683950030.0, 1683950031.0, 1683950032.0, 1683950033.0, 1683950034.0, 1683950035.0, 1683950036.0, 1683950037.0, 1683950038.0, 1683950039.0, 1683950040.0, 1683950041.0, 1683950042.0, 1683950043.0, 1683950044.0, 1683950045.0, 1683950046.0, 1683950047.0, 1683950048.0, 1683950049.0, 1683950050.0, 1683950051.0, 1683950052.0, 1683950053.0, 1683950054.0, 1683950055.0, 1683950056.0, 1683950057.0, 1683950058.0, 1683950059.0, 1683950060.0, 1683950061.0, 1683950062.0, 1683950063.0, 1683950064.0, 1683950065.0, 1683950066.0, 1683950067.0, 1683950068.0, 1683950069.0, 1683950070.0, 1683950071.0, 1683950072.0, 1683950073.0, 1683950074.0, 1683950075.0, 1683950076.0, 1683950077.0, 1683950078.0, 1683950079.0, 1683950080.0], "cpu_throttled_count": [0.0, 0.0, 0.0, 0.0, 0.0, 0.0, 0.0, 0.0, 0.0, 0.0, 0.0, 0.0, 0.0, 0.0, 0.0, 0.0, 0.0, 0.0, 0.0, 0.0, 0.0, 0.0, 0.0, 0.0, 0.0, 0.0, 0.0, 0.0, 0.0, 0.0, 20.174912461, 20.174912461, 20.174912461, 20.174912461, 20.174912461, 20.174912461, 20.174912461, 20.174912461, 20.174912461, 20.174912461, 20.174912461, 20.174912461, 20.174912461, 20.174912461, 20.174912461, 20.174912461, 20.174912461, 20.174912461, 20.174912461, 20.174912461, 20.174912461, 20.174912461, 20.174912461, 20.174912461, 20.174912461, 20.174912461, 20.174912461, 20.174912461, 20.174912461, 20.174912461, 20.296853823, 20.296853823, 20.296853823, 20.296853823, 20.296853823, 20.296853823, 20.296853823, 20.296853823, 20.296853823, 20.296853823, 20.296853823, 20.296853823, 20.296853823, 20.296853823, 20.296853823, 20.296853823, 20.296853823, 20.296853823, 20.296853823, 20.296853823, 20.296853823, 20.296853823, 20.296853823, 20.296853823, 20.296853823, 20.296853823, 20.296853823, 20.296853823, 20.296853823, 20.296853823, 20.36006181, 20.36006181, 20.36006181, 20.36006181, 20.36006181, 20.36006181, 20.36006181, 20.36006181, 20.36006181, 20.36006181, 20.36006181, 20.36006181, 20.36006181, 20.36006181, 20.36006181, 20.36006181, 20.36006181, 20.36006181, 20.36006181, 20.36006181, 20.36006181, 20.36006181, 20.36006181, 20.36006181, 20.36006181, 20.36006181, 20.36006181, 20.36006181, 20.36006181],