{"cpu_usage_count": [5.90646782, 5.90646782, 5.90646782, 5.90646782, 5.90646782, 5.90646782, 5.90646782, 5.90646782, 5.90646782, 5.90646782, 5.90646782, 5.90646782, 5.90646782, 5.90646782, 5.90646782, 5.90646782, 5.90646782, 5.90646782, 5.90646782, 5.90646782, 5.90646782, 5.90646782, 5.90646782, 5.90646782, 5.90646782, 5.90646782, 5.90646782, 5.90646782, 5.90646782, 5.90646782, 51.649216577, 51.649216577, 51.649216577, 51.649216577, 51.649216577, 51.649216577, 51.649216577, 51.649216577, 51.649216577, 51.649216577, 51.649216577, 51.649216577, 51.649216577, 51.649216577, 51.649216577, 51.649216577, 51.649216577, 51.649216577, 51.649216577, 51.649216577, 51.649216577, 51.649216577, 51.649216577, 51.649216577, 51.649216577, 51.649216577, 51.649216577, 51.649216577, 51.649216577, 51.649216577, 103.560133857, 103.560133857, 103.560133857, 103.560133857, 103.560133857, 103.560133857, 103.560133857, 103.560133857, 103.560133857, 103.560133857, 103.560133857, 103.560133857, 103.560133857, 103.560133857, 103.560133857, 103.560133857, 103.560133857, 103.560133857, 103.560133857, 103.560133857, 103.560133857, 103.560133857, 103.560133857, 103.560133857, 103.560133857, 103.560133857, 103.560133857, 103.560133857, 103.560133857, 103.560133857, 103.655723088], "time_cpu_usage_count": [1683950142.0, 1683950143.0, 1683950144.0, 1683950145.0, 1683950146.0, 1683950147.0, 1683950148.0, 1683950149.0, 1683950150.0, 1683950151.0, 1683950152.0, 1683950153.0, 1683950154.0, 1683950155.0, 1683950156.0, 1683950157.0, 1683950158.0, 1683950159.0, 1683950160.0, 1683950161.0, 1683950162.0, 1683950163.0, 1683950164.0, 1683950165.0, 1683950166.0, 1683950167.0, 1683950168.0, 1683950169.0, 1683950170.0, 1683950171.0, 1683950172.0, 1683950173.0, 1683950174.0, 1683950175.0, 1683950176.0, 1683950177.0, 1683950178.0, 1683950179.0, 1683950180.0, 1683950181.0, 1683950182.0, 1683950183.0, 1683950184.0, 1683950185.0, 1683950186.0, 1683950187.0, 1683950188.0, 1683950189.0, 1683950190.0, 1683950191.0, 1683950192.0, 1683950193.0, 1683950194.0, 1683950195.0, 1683950196.0, 1683950197.0, 1683950198.0, 1683950199.0, 1683950200.0, 1683950201.0, 1683950202.0, 1683950203.0, 1683950204.0, 1683950205.0, 1683950206.0, 1683950207.0, 1683950208.0, 1683950209.0, 1683950210.0, 1683950211.0, 1683950212.0, 1683950213.0, 1683950214.0, 1683950215.0, 1683950216.0, 1683950217.0, 1683950218.0, 1683950219.0, 1683950220.0, 1683950221.0, 1683950222.0, 1683950223.0, 1683950224.0, 1683950225.0, 1683950226.0, 1683950227.0, 1683950228.0, 1683950229.0, 1683950230.0, 1683950231.0, 1683950232.0], "cpu_usage_rate": [0.5800978096680811, 0.5970395684669699, 0.6139813272658589, 0.6309230860647477, 0.6478648448636366, 0.6648066036625254, 0.6817483624614145, 0.6986901212603033, 0.7156318800591922, 0.7325736388580809, 0.74951539765697, 0.7664571564558589, 0.7833989152547477, 0.8003406740536366, 0.8172824328525254, 0.8342241916514144, 0.8511659504503033, 0.8681077092491921, 0.885049468048081, 0.9019912268469699, 0.9189329856458588, 0.9358747444447477, 0.9528165032436365, 0.9697582620425255, 0.9867000208414143, 1.0036417796403032, 1.0205835384391921, 1.037525297238081, 1.05446705603697, 1.0714088148358587, 1.1573049864547367, 1.175388998683811, 1.193473010912885, 1.211557023141959, 1.229641035371033, 1.2477250476001072, 1.2658090598291813, 1.2838930720582553, 1.3019770842873293, 1.3200610965164035, 1.3381451087454774, 1.3562291209745514, 1.3743131332036258, 1.3923971454326998, 1.4104811576617737, 1.4285651698908477, 1.4466491821199219, 1.464733194348996, 1.48281720657807, 1.500901218807144, 1.5189852310362182, 1.5370692432652924, 1.5551532554943663, 1.5732372677234403, 1.5913212799525145, 1.6094052921815887, 1.6274893044106626, 1.6275611006166666, 1.6275611006166666, 1.6275611006166666, 0.8667751085166668], "time_cpu_usage_rate": [1683950172.0, 1683950173.0, 1683950174.0, 1683950175.0, 1683950176.0, 1683950177.0, 1683950178.0, 1683950179.0, 1683950180.0, 1683950181.0, 1683950182.0, 1683950183.0, 1683950184.0, 1683950185.0, 1683950186.0, 1683950187.0, 1683950188.0, 1683950189.0, 1683950190.0, 1683950191.0, 1683950192.0, 1683950193.0, 1683950194.0, 1683950195.0, 1683950196.0, 1683950197.0, 1683950198.0, 1683950199.0, 1683950200.0, 1683950201.0, 1683950202.0, 1683950203.0, 1683950204.0, 1683950205.0, 1683950206.0, 1683950207.0, 1683950208.0, 1683950209.0, 1683950210.0, 1683950211.0, 1683950212.0, 1683950213.0, 1683950214.0, 1683950215.0, 1683950216.0, 1683950217.0, 1683950218.0, 1683950219.0, 1683950220.0, 1683950221.0, 1683950222.0, 1683950223.0, 1683950224.0, 1683950225.0, 1683950226.0, 1683950227.0, 1683950228.0, 1683950229.0, 1683950230.0, 1683950231.0, 1683950232.0], "cpu_throttled_count": [11.15815912, 11.15815912, 11.15815912, 11.15815912, 11.15815912, 11.15815912, 11.15815912, 11.15815912, 11.15815912, 11.15815912, 11.15815912, 11.15815912, 11.15815912, 11.15815912, 11.15815912, 11.15815912, 11.15815912, 11.15815912, 11.15815912, 11.15815912, 11.15815912, 11.15815912, 11.15815912, 11.15815912, 11.15815912, 11.15815912, 11.15815912, 11.15815912, 11.15815912, 11.15815912, 11.243293294, 11.243293294, 11.243293294, 11.243293294, 11.243293294, 11.243293294, 11.243293294, 11.243293294, 11.243293294, 11.243293294, 11.243293294, 11.243293294, 11.243293294, 11.243293294, 11.243293294, 11.243293294, 11.243293294, 11.243293294, 11.243293294, 11.243293294, 11.243293294, 11.243293294, 11.243293294, 11.243293294, 11.243293294, 11.243293294, 11.243293294, 11.243293294, 11.243293294, 11.243293294, 11.316164187, 11.316164187, 11.316164187, 11.316164187, 11.316164187, 11.316164187, 11.316164187, 11.316164187, 11.316164187, 11.316164187, 11.316164187, 11.316164187, 11.316164187, 11.316164187, 11.316164187, 11.316164187, 11.316164187, 11.316164187, 11.316164187, 11.316164187, 11.316164187, 11.316164187, 11.316164187, 11.316164187, 11.316164187, 11.316164187, 11.316164187, 11.316164187, 11.316164187, 11.316164187, 11.316164187], "time_cpu_throttled_count": [1683950142.0, 1683950143.0, 1683950144.0, 1683950145.0, 1683950146.0, 1683950147.0, 1683950148.0, 1683950149.0, 1683950150.0, 1683950151.0, 1683950152.0, 1683950153.0, 1683950154.0, 1683950155.0, 1683950156.0, 1683950157.0, 1683950158.0, 1683950159.0, 1683950160.0, 1683950161.0, 1683950162.0, 1683950163.0, 1683950164.0, 1683950165.0, 1683950166.0, 1683950167.0, 1683950168.0, 1683950169.0, 1683950170.0, 1683950171.0, 1683950172.0, 1683950173.0, 1683950174.0, 1683950175.0, 1683950176.0, 1683950177.0, 1683950178.0, 1683950179.0, 1683950180.0, 1683950181.0, 1683950182.0, 1683950183.0, 1683950184.0, 1683950185.0, 1683950186.0, 1683950187.0, 1683950188.0, 1683950189.0, 1683950190.0, 1683950191.0, 1683950192.0, 1683950193.0, 1683950194.0, 1683950195.0, 1683950196.0, 1683950197.0, 1683950198.0, 1683950199.0, 1683950200.0, 1683950201.0, 1683950202.0, 1683950203.0, 1683950204.0, 1683950205.0, 1683950206.0, 1683950207.0, 1683950208.0, 1683950209.0, 1683950210.0, 1683950211.0, 1683950212.0, 1683950213.0, 1683950214.0, 1683950215.0, 1683950216.0, 1683950217.0, 1683950218.0, 1683950219.0, 1683950220.0, 1683950221.0, 1683950222.0, 1683950223.0, 1683950224.0, 1683950225.0, 1683950226.0, 1683950227.0, 1683950228.0, 1683950229.0, 1683950230.0, 1683950231.0, 1683950232.0],