{"cpu_usage_count": [5.804888783, 5.804888783, 5.804888783, 5.804888783, 5.804888783, 5.804888783, 5.804888783, 5.804888783, 5.804888783, 5.804888783, 5.804888783, 5.804888783, 5.804888783, 5.804888783, 5.804888783, 5.804888783, 5.804888783, 5.804888783, 5.804888783, 5.804888783, 5.804888783, 5.804888783, 5.804888783, 5.804888783, 5.804888783, 5.804888783, 5.804888783, 5.804888783, 5.804888783, 5.804888783, 70.483712125, 70.483712125, 70.483712125, 70.483712125, 70.483712125, 70.483712125, 70.483712125, 70.483712125, 70.483712125, 70.483712125, 70.483712125, 70.483712125, 70.483712125, 70.483712125, 70.483712125, 70.483712125, 70.483712125, 70.483712125, 70.483712125, 70.483712125, 70.483712125, 70.483712125, 70.483712125, 70.483712125, 70.483712125, 70.483712125, 70.483712125, 70.483712125, 70.483712125, 70.483712125, 122.183151204, 122.183151204, 122.183151204, 122.183151204, 122.183151204, 122.183151204, 122.183151204, 122.183151204, 122.183151204, 122.183151204, 122.183151204, 122.183151204, 122.183151204, 122.183151204, 122.183151204, 122.183151204, 122.183151204, 122.183151204, 122.183151204, 122.183151204, 122.183151204, 122.183151204, 122.183151204, 122.183151204, 122.183151204, 122.183151204, 122.183151204, 122.183151204, 122.183151204, 122.183151204, 122.263559554, 122.263559554, 122.263559554], "time_cpu_usage_count": [1683950292.0, 1683950293.0, 1683950294.0, 1683950295.0, 1683950296.0, 1683950297.0, 1683950298.0, 1683950299.0, 1683950300.0, 1683950301.0, 1683950302.0, 1683950303.0, 1683950304.0, 1683950305.0, 1683950306.0, 1683950307.0, 1683950308.0, 1683950309.0, 1683950310.0, 1683950311.0, 1683950312.0, 1683950313.0, 1683950314.0, 1683950315.0, 1683950316.0, 1683950317.0, 1683950318.0, 1683950319.0, 1683950320.0, 1683950321.0, 1683950322.0, 1683950323.0, 1683950324.0, 1683950325.0, 1683950326.0, 1683950327.0, 1683950328.0, 1683950329.0, 1683950330.0, 1683950331.0, 1683950332.0, 1683950333.0, 1683950334.0, 1683950335.0, 1683950336.0, 1683950337.0, 1683950338.0, 1683950339.0, 1683950340.0, 1683950341.0, 1683950342.0, 1683950343.0, 1683950344.0, 1683950345.0, 1683950346.0, 1683950347.0, 1683950348.0, 1683950349.0, 1683950350.0, 1683950351.0, 1683950352.0, 1683950353.0, 1683950354.0, 1683950355.0, 1683950356.0, 1683950357.0, 1683950358.0, 1683950359.0, 1683950360.0, 1683950361.0, 1683950362.0, 1683950363.0, 1683950364.0, 1683950365.0, 1683950366.0, 1683950367.0, 1683950368.0, 1683950369.0, 1683950370.0, 1683950371.0, 1683950372.0, 1683950373.0, 1683950374.0, 1683950375.0, 1683950376.0, 1683950377.0, 1683950378.0, 1683950379.0, 1683950380.0, 1683950381.0, 1683950382.0, 1683950383.0, 1683950384.0], "cpu_usage_rate": [0.7919438858950051, 0.8158990056513015, 0.8398541254075976, 0.863809245163894, 0.8877643649201902, 0.9117194846764867, 0.9356746044327828, 0.9596297241890792, 0.9835848439453757, 1.007539963701672, 1.0314950834579681, 1.0554502032142645, 1.079405322970561, 1.103360442726857, 1.1273155624831535, 1.1512706822394496, 1.175225801995746, 1.1991809217520424, 1.2231360415083388, 1.247091161264635, 1.2710462810209313, 1.2950014007772275, 1.3189565205335236, 1.3429116402898202, 1.3668667600461164, 1.3908218798024128, 1.414776999558709, 1.4387321193150056, 1.4626872390713017, 1.4866423588275979, 1.3654999804719457, 1.3870515105499088, 1.4086030406278718, 1.4301545707058345, 1.4517061007837977, 1.4732576308617606, 1.4948091609397236, 1.5163606910176868, 1.5379122210956495, 1.5594637511736125, 1.5810152812515752, 1.6025668113295384, 1.6241183414075013, 1.6456698714854643, 1.667221401563427, 1.6887729316413902, 1.7103244617193532, 1.7318759917973159, 1.753427521875279, 1.7749790519532422, 1.7965305820312052, 1.8180821121091681, 1.8396336421871313, 1.861185172265094, 1.882736702343057, 1.90428823242102, 1.9258397624989831, 1.9396377070166668, 1.9396377070166668, 1.9396377070166668, 0.86299745715, 0.86299745715, 0.86299745715], "time_cpu_usage_rate": [1683950322.0, 1683950323.0, 1683950324.0, 1683950325.0, 1683950326.0, 1683950327.0, 1683950328.0, 1683950329.0, 1683950330.0, 1683950331.0, 1683950332.0, 1683950333.0, 1683950334.0, 1683950335.0, 1683950336.0, 1683950337.0, 1683950338.0, 1683950339.0, 1683950340.0, 1683950341.0, 1683950342.0, 1683950343.0, 1683950344.0, 1683950345.0, 1683950346.0, 1683950347.0, 1683950348.0, 1683950349.0, 1683950350.0, 1683950351.0, 1683950352.0, 1683950353.0, 1683950354.0, 1683950355.0, 1683950356.0, 1683950357.0, 1683950358.0, 1683950359.0, 1683950360.0, 1683950361.0, 1683950362.0, 1683950363.0, 1683950364.0, 1683950365.0, 1683950366.0, 1683950367.0, 1683950368.0, 1683950369.0, 1683950370.0, 1683950371.0, 1683950372.0, 1683950373.0, 1683950374.0, 1683950375.0, 1683950376.0, 1683950377.0, 1683950378.0, 1683950379.0, 1683950380.0, 1683950381.0, 1683950382.0, 1683950383.0, 1683950384.0], "cpu_throttled_count": [6.902017258, 6.902017258, 6.902017258, 6.902017258, 6.902017258, 6.902017258, 6.902017258, 6.902017258, 6.902017258, 6.902017258, 6.902017258, 6.902017258, 6.902017258, 6.902017258, 6.902017258, 6.902017258, 6.902017258, 6.902017258, 6.902017258, 6.902017258, 6.902017258, 6.902017258, 6.902017258, 6.902017258, 6.902017258, 6.902017258, 6.902017258, 6.902017258, 6.902017258, 6.902017258, 7.011770043, 7.011770043, 7.011770043, 7.011770043, 7.011770043, 7.011770043, 7.011770043, 7.011770043, 7.011770043, 7.011770043, 7.011770043, 7.011770043, 7.011770043, 7.011770043, 7.011770043, 7.011770043, 7.011770043, 7.011770043, 7.011770043, 7.011770043, 7.011770043, 7.011770043, 7.011770043, 7.011770043, 7.011770043, 7.011770043, 7.011770043, 7.011770043, 7.011770043, 7.011770043, 7.13542073, 7.13542073, 7.13542073, 7.13542073, 7.13542073, 7.13542073, 7.13542073, 7.13542073, 7.13542073, 7.13542073, 7.13542073, 7.13542073, 7.13542073, 7.13542073, 7.13542073, 7.13542073, 7.13542073, 7.13542073, 7.13542073, 7.13542073, 7.13542073, 7.13542073, 7.13542073, 7.13542073, 7.13542073, 7.13542073, 7.13542073, 7.13542073, 7.13542073, 7.13542073, 7.13542073, 7.13542073, 7.13542073], "time_cpu_throttled_count": [1683950292.0, 1683950293.0, 1683950294.0, 1683950295.0, 1683950296.0, 1683950297.0, 1683950298.0, 1683950299.0, 1683950300.0, 1683950301.0, 1683950302.0, 1683950303.0, 1683950304.0, 1683950305.0, 1683950306.0, 1683950307.0, 1683950308.0, 1683950309.0, 1683950310.0, 1683950311.0, 1683950312.0, 1683950313.0, 1683950314.0, 1683950315.0, 1683950316.0, 1683950317.0, 1683950318.0, 1683950319.0, 1683950320.0, 1683950321.0, 1683950322.0, 1683950323.0, 1683950324.0, 1683950325.0, 1683950326.0, 1683950327.0, 1683950328.0, 1683950329.0, 1683950330.0, 1683950331.0, 1683950332.0, 1683950333.0, 1683950334.0, 1683950335.0, 1683950336.0, 1683950337.0, 1683950338.0, 1683950339.0, 1683950340.0, 1683950341.0, 1683950342.0, 1683950343.0, 1683950344.0, 1683950345.0, 1683950346.0, 1683950347.0, 1683950348.0, 1683950349.0, 1683950350.0, 1683950351.0, 1683950352.0, 1683950353.0, 1683950354.0, 1683950355.0, 1683950356.0, 1683950357.0, 1683950358.0, 1683950359.0, 1683950360.0, 1683950361.0, 1683950362.0, 1683950363.0, 1683950364.0, 1683950365.0, 1683950366.0, 1683950367.0, 1683950368.0, 1683950369.0, 1683950370.0, 1683950371.0, 1683950372.0, 1683950373.0, 1683950374.0, 1683950375.0, 1683950376.0, 1683950377.0, 1683950378.0, 1683950379.0, 1683950380.0, 1683950381.0, 1683950382.0, 1683950383.0, 1683950384.0],