{"cpu_usage_count": [7.248021751, 7.248021751, 7.248021751, 7.248021751, 7.248021751, 7.248021751, 7.248021751, 7.248021751, 7.248021751, 7.248021751, 7.248021751, 7.248021751, 7.248021751, 7.248021751, 7.248021751, 7.248021751, 7.248021751, 7.248021751, 7.248021751, 7.248021751, 7.248021751, 7.248021751, 7.248021751, 7.248021751, 7.248021751, 7.248021751, 7.248021751, 7.248021751, 7.248021751, 7.248021751, 8.955250588, 8.955250588, 8.955250588, 8.955250588, 8.955250588, 8.955250588, 8.955250588, 8.955250588, 8.955250588, 8.955250588, 8.955250588, 8.955250588, 8.955250588, 8.955250588, 8.955250588, 8.955250588, 8.955250588, 8.955250588, 8.955250588, 8.955250588, 8.955250588, 8.955250588, 8.955250588, 8.955250588, 8.955250588, 8.955250588, 8.955250588, 8.955250588, 8.955250588, 8.955250588, 132.782553777, 132.782553777, 132.782553777, 132.782553777, 132.782553777, 132.782553777, 132.782553777, 132.782553777, 132.782553777, 132.782553777, 132.782553777, 132.782553777, 132.782553777, 132.782553777, 132.782553777, 132.782553777, 132.782553777, 132.782553777, 132.782553777, 132.782553777, 132.782553777, 132.782553777, 132.782553777, 132.782553777, 132.782553777, 132.782553777, 132.782553777, 132.782553777, 132.782553777, 132.782553777, 132.904207523, 132.904207523, 132.904207523, 132.904207523, 132.904207523, 132.904207523, 132.904207523, 132.904207523, 132.904207523, 132.904207523, 132.904207523, 132.904207523, 132.904207523, 132.904207523, 132.904207523], "time_cpu_usage_count": [1683950442.0, 1683950443.0, 1683950444.0, 1683950445.0, 1683950446.0, 1683950447.0, 1683950448.0, 1683950449.0, 1683950450.0, 1683950451.0, 1683950452.0, 1683950453.0, 1683950454.0, 1683950455.0, 1683950456.0, 1683950457.0, 1683950458.0, 1683950459.0, 1683950460.0, 1683950461.0, 1683950462.0, 1683950463.0, 1683950464.0, 1683950465.0, 1683950466.0, 1683950467.0, 1683950468.0, 1683950469.0, 1683950470.0, 1683950471.0, 1683950472.0, 1683950473.0, 1683950474.0, 1683950475.0, 1683950476.0, 1683950477.0, 1683950478.0, 1683950479.0, 1683950480.0, 1683950481.0, 1683950482.0, 1683950483.0, 1683950484.0, 1683950485.0, 1683950486.0, 1683950487.0, 1683950488.0, 1683950489.0, 1683950490.0, 1683950491.0, 1683950492.0, 1683950493.0, 1683950494.0, 1683950495.0, 1683950496.0, 1683950497.0, 1683950498.0, 1683950499.0, 1683950500.0, 1683950501.0, 1683950502.0, 1683950503.0, 1683950504.0, 1683950505.0, 1683950506.0, 1683950507.0, 1683950508.0, 1683950509.0, 1683950510.0, 1683950511.0, 1683950512.0, 1683950513.0, 1683950514.0, 1683950515.0, 1683950516.0, 1683950517.0, 1683950518.0, 1683950519.0, 1683950520.0, 1683950521.0, 1683950522.0, 1683950523.0, 1683950524.0, 1683950525.0, 1683950526.0, 1683950527.0, 1683950528.0, 1683950529.0, 1683950530.0, 1683950531.0, 1683950532.0, 1683950533.0, 1683950534.0, 1683950535.0, 1683950536.0, 1683950537.0, 1683950538.0, 1683950539.0, 1683950540.0, 1683950541.0, 1683950542.0, 1683950543.0, 1683950544.0, 1683950545.0, 1683950546.0], "cpu_usage_rate": [0.02868587061043668, 0.029318177587103342, 0.02995048456377001, 0.030582791540436673, 0.031215098517103343, 0.031847405493770006, 0.03247971247043668, 0.03311201944710334, 0.03374432642377002, 0.03437663340043669, 0.03500894037710335, 0.03564124735377002, 0.036273554330436684, 0.036905861307103355, 0.03753816828377002, 0.03817047526043668, 0.038802782237103345, 0.03943508921377001, 0.040067396190436685, 0.04069970316710335, 0.04133201014377001, 0.04196431712043668, 0.04259662409710335, 0.043228931073770016, 0.043861238050436686, 0.04449354502710336, 0.04512585200377002, 0.05690762790000002, 0.05690762790000002, 0.05690762790000002, 1.4838934073839893, 1.5071405429443596, 1.5303876785047303, 1.5536348140651004, 1.5768819496254707, 1.6001290851858412, 1.6233762207462117, 1.6466233563065817, 1.6698704918669522, 1.6931176274273225, 1.7163647629876932, 1.7396118985480633, 1.7628590341084336, 1.7861061696688043, 1.8093533052291746, 1.8326004407895446, 1.8558475763499152, 1.8790947119102859, 1.9023418474706562, 1.9255889830310262, 1.9488361185913965, 1.9720832541517672, 1.9953303897121375, 2.0185775252725078, 2.041824660832878, 2.065071796393249, 2.088318931953619, 2.092242200433333, 2.092242200433333, 2.092242200433333, 1.4851373552916936, 1.5080908658352121, 1.5310443763787305, 1.5539978869222488, 1.5769513974657678, 1.5999049080092862, 1.6228584185528045, 1.6458119290963231, 1.6687654396398417, 1.69171895018336, 1.7146724607268784, 1.7376259712703974, 1.7605794818139158, 1.7835329923574341, 1.8064865029009527], "time_cpu_usage_rate": [1683950472.0, 1683950473.0, 1683950474.0, 1683950475.0, 1683950476.0, 1683950477.0, 1683950478.0, 1683950479.0, 1683950480.0, 1683950481.0, 1683950482.0, 1683950483.0, 1683950484.0, 1683950485.0, 1683950486.0, 1683950487.0, 1683950488.0, 1683950489.0, 1683950490.0, 1683950491.0, 1683950492.0, 1683950493.0, 1683950494.0, 1683950495.0, 1683950496.0, 1683950497.0, 1683950498.0, 1683950499.0, 1683950500.0, 1683950501.0, 1683950502.0, 1683950503.0, 1683950504.0, 1683950505.0, 1683950506.0, 1683950507.0, 1683950508.0, 1683950509.0, 1683950510.0, 1683950511.0, 1683950512.0, 1683950513.0, 1683950514.0, 1683950515.0, 1683950516.0, 1683950517.0, 1683950518.0, 1683950519.0, 1683950520.0, 1683950521.0, 1683950522.0, 1683950523.0, 1683950524.0, 1683950525.0, 1683950526.0, 1683950527.0, 1683950528.0, 1683950529.0, 1683950530.0, 1683950531.0, 1683950532.0, 1683950533.0, 1683950534.0, 1683950535.0, 1683950536.0, 1683950537.0, 1683950538.0, 1683950539.0, 1683950540.0, 1683950541.0, 1683950542.0, 1683950543.0, 1683950544.0, 1683950545.0, 1683950546.0], "cpu_throttled_count": [4.841884412, 4.841884412, 4.841884412, 4.841884412, 4.841884412, 4.841884412, 4.841884412, 4.841884412, 4.841884412, 4.841884412, 4.841884412, 4.841884412, 4.841884412, 4.841884412, 4.841884412, 4.841884412, 4.841884412, 4.841884412, 4.841884412, 4.841884412, 4.841884412, 4.841884412, 4.841884412, 4.841884412, 4.841884412, 4.841884412, 4.841884412, 4.841884412, 4.841884412, 4.841884412, 4.841884412, 4.841884412, 4.841884412, 4.841884412, 4.841884412, 4.841884412, 4.841884412, 4.841884412, 4.841884412, 4.841884412, 4.841884412, 4.841884412, 4.841884412, 4.841884412, 4.841884412, 4.841884412, 4.841884412, 4.841884412, 4.841884412, 4.841884412, 4.841884412, 4.841884412, 4.841884412, 4.841884412, 4.841884412, 4.841884412, 4.841884412, 4.841884412, 4.841884412, 4.841884412, 5.05543277, 5.05543277, 5.05543277, 5.05543277, 5.05543277, 5.05543277, 5.05543277, 5.05543277, 5.05543277, 5.05543277, 5.05543277, 5.05543277, 5.05543277, 5.05543277, 5.05543277, 5.05543277, 5.05543277, 5.05543277, 5.05543277, 5.05543277, 5.05543277, 5.05543277, 5.05543277, 5.05543277, 5.05543277, 5.05543277, 5.05543277, 5.05543277, 5.05543277, 5.05543277, 5.05543277, 5.05543277, 5.05543277, 5.05543277, 5.05543277, 5.05543277, 5.05543277, 5.05543277, 5.05543277, 5.05543277, 5.05543277, 5.05543277, 5.05543277, 5.05543277, 5.05543277],