{"cpu_usage_count": [4.264899192, 4.264899192, 4.264899192, 4.264899192, 4.264899192, 4.264899192, 4.264899192, 4.264899192, 4.264899192, 4.264899192, 4.264899192, 4.264899192, 4.264899192, 4.264899192, 4.264899192, 4.264899192, 4.264899192, 4.264899192, 4.264899192, 4.264899192, 4.264899192, 4.264899192, 4.264899192, 4.264899192, 4.264899192, 4.264899192, 4.264899192, 4.264899192, 4.264899192, 4.264899192, 26.94057451, 26.94057451, 26.94057451, 26.94057451, 26.94057451, 26.94057451, 26.94057451, 26.94057451, 26.94057451, 26.94057451, 26.94057451, 26.94057451, 26.94057451, 26.94057451, 26.94057451, 26.94057451, 26.94057451, 26.94057451, 26.94057451, 26.94057451, 26.94057451, 26.94057451, 26.94057451, 26.94057451, 26.94057451, 26.94057451, 26.94057451, 26.94057451, 26.94057451, 26.94057451, 59.184961535, 59.184961535, 59.184961535, 59.184961535, 59.184961535, 59.184961535, 59.184961535, 59.184961535, 59.184961535, 59.184961535, 59.184961535, 59.184961535, 59.184961535, 59.184961535, 59.184961535, 59.184961535, 59.184961535, 59.184961535, 59.184961535, 59.184961535, 59.184961535, 59.184961535, 59.184961535, 59.184961535, 59.184961535, 59.184961535, 59.184961535, 59.184961535, 59.184961535, 59.184961535, 71.2415823, 71.2415823, 71.2415823], "time_cpu_usage_count": [1684018362.0, 1684018363.0, 1684018364.0, 1684018365.0, 1684018366.0, 1684018367.0, 1684018368.0, 1684018369.0, 1684018370.0, 1684018371.0, 1684018372.0, 1684018373.0, 1684018374.0, 1684018375.0, 1684018376.0, 1684018377.0, 1684018378.0, 1684018379.0, 1684018380.0, 1684018381.0, 1684018382.0, 1684018383.0, 1684018384.0, 1684018385.0, 1684018386.0, 1684018387.0, 1684018388.0, 1684018389.0, 1684018390.0, 1684018391.0, 1684018392.0, 1684018393.0, 1684018394.0, 1684018395.0, 1684018396.0, 1684018397.0, 1684018398.0, 1684018399.0, 1684018400.0, 1684018401.0, 1684018402.0, 1684018403.0, 1684018404.0, 1684018405.0, 1684018406.0, 1684018407.0, 1684018408.0, 1684018409.0, 1684018410.0, 1684018411.0, 1684018412.0, 1684018413.0, 1684018414.0, 1684018415.0, 1684018416.0, 1684018417.0, 1684018418.0, 1684018419.0, 1684018420.0, 1684018421.0, 1684018422.0, 1684018423.0, 1684018424.0, 1684018425.0, 1684018426.0, 1684018427.0, 1684018428.0, 1684018429.0, 1684018430.0, 1684018431.0, 1684018432.0, 1684018433.0, 1684018434.0, 1684018435.0, 1684018436.0, 1684018437.0, 1684018438.0, 1684018439.0, 1684018440.0, 1684018441.0, 1684018442.0, 1684018443.0, 1684018444.0, 1684018445.0, 1684018446.0, 1684018447.0, 1684018448.0, 1684018449.0, 1684018450.0, 1684018451.0, 1684018452.0, 1684018453.0, 1684018454.0], "cpu_usage_rate": [0.3024219289413726, 0.3108203272072986, 0.31921872547322444, 0.3276171237391504, 0.33601552200507634, 0.34441392027100226, 0.3528123185369282, 0.36121071680285416, 0.36960911506878014, 0.37800751333470606, 0.386405911600632, 0.3948043098665579, 0.4032027081324838, 0.41160110639840974, 0.41999950466433567, 0.4283979029302616, 0.43679630119618756, 0.4451946994621134, 0.4535930977280394, 0.46199149599396533, 0.47038989425989125, 0.47878829252581717, 0.48718669079174304, 0.49558508905766907, 0.503983487323595, 0.5123818855895209, 0.5207802838554468, 0.5291786821213726, 0.5375770803872987, 0.5459754786532246, 0.661343213885163, 0.6715135958005335, 0.6816839777159037, 0.6918543596312742, 0.7020247415466446, 0.712195123462015, 0.7223655053773854, 0.7325358872927556, 0.742706269208126, 0.7528766511234964, 0.7630470330388669, 0.7732174149542372, 0.7833877968696075, 0.7935581787849778, 0.8037285607003483, 0.8138989426157186, 0.824069324531089, 0.8342397064464594, 0.8444100883618298, 0.8545804702772001, 0.8647508521925704, 0.8749212341079409, 0.8850916160233112, 0.8952619979386817, 0.905432379854052, 0.9153343723833334, 0.9153343723833334, 0.9153343723833334, 0.9153343723833334, 0.9153343723833334, 0.7383501298333334, 0.7383501298333334, 0.7383501298333334], "time_cpu_usage_rate": [1684018392.0, 1684018393.0, 1684018394.0, 1684018395.0, 1684018396.0, 1684018397.0, 1684018398.0, 1684018399.0, 1684018400.0, 1684018401.0, 1684018402.0, 1684018403.0, 1684018404.0, 1684018405.0, 1684018406.0, 1684018407.0, 1684018408.0, 1684018409.0, 1684018410.0, 1684018411.0, 1684018412.0, 1684018413.0, 1684018414.0, 1684018415.0, 1684018416.0, 1684018417.0, 1684018418.0, 1684018419.0, 1684018420.0, 1684018421.0, 1684018422.0, 1684018423.0, 1684018424.0, 1684018425.0, 1684018426.0, 1684018427.0, 1684018428.0, 1684018429.0, 1684018430.0, 1684018431.0, 1684018432.0, 1684018433.0, 1684018434.0, 1684018435.0, 1684018436.0, 1684018437.0, 1684018438.0, 1684018439.0, 1684018440.0, 1684018441.0, 1684018442.0, 1684018443.0, 1684018444.0, 1684018445.0, 1684018446.0, 1684018447.0, 1684018448.0, 1684018449.0, 1684018450.0, 1684018451.0, 1684018452.0, 1684018453.0, 1684018454.0], "cpu_throttled_count": [16.735864443, 16.735864443, 16.735864443, 16.735864443, 16.735864443, 16.735864443, 16.735864443, 16.735864443, 16.735864443, 16.735864443, 16.735864443, 16.735864443, 16.735864443, 16.735864443, 16.735864443, 16.735864443, 16.735864443, 16.735864443, 16.735864443, 16.735864443, 16.735864443, 16.735864443, 16.735864443, 16.735864443, 16.735864443, 16.735864443, 16.735864443, 16.735864443, 16.735864443, 16.735864443, 16.853075627, 16.853075627, 16.853075627, 16.853075627, 16.853075627, 16.853075627, 16.853075627, 16.853075627, 16.853075627, 16.853075627, 16.853075627, 16.853075627, 16.853075627, 16.853075627, 16.853075627, 16.853075627, 16.853075627, 16.853075627, 16.853075627, 16.853075627, 16.853075627, 16.853075627, 16.853075627, 16.853075627, 16.853075627, 16.853075627, 16.853075627, 16.853075627, 16.853075627, 16.853075627, 16.989943527, 16.989943527, 16.989943527, 16.989943527, 16.989943527, 16.989943527, 16.989943527, 16.989943527, 16.989943527, 16.989943527, 16.989943527, 16.989943527, 16.989943527, 16.989943527, 16.989943527, 16.989943527, 16.989943527, 16.989943527, 16.989943527, 16.989943527, 16.989943527, 16.989943527, 16.989943527, 16.989943527, 16.989943527, 16.989943527, 16.989943527, 16.989943527, 16.989943527, 16.989943527, 17.034122629, 17.034122629, 17.034122629], "time_cpu_throttled_count": [1684018362.0, 1684018363.0, 1684018364.0, 1684018365.0, 1684018366.0, 1684018367.0, 1684018368.0, 1684018369.0, 1684018370.0, 1684018371.0, 1684018372.0, 1684018373.0, 1684018374.0, 1684018375.0, 1684018376.0, 1684018377.0, 1684018378.0, 1684018379.0, 1684018380.0, 1684018381.0, 1684018382.0, 1684018383.0, 1684018384.0, 1684018385.0, 1684018386.0, 1684018387.0, 1684018388.0, 1684018389.0, 1684018390.0, 1684018391.0, 1684018392.0, 1684018393.0, 1684018394.0, 1684018395.0, 1684018396.0, 1684018397.0, 1684018398.0, 1684018399.0, 1684018400.0, 1684018401.0, 1684018402.0, 1684018403.0, 1684018404.0, 1684018405.0, 1684018406.0, 1684018407.0, 1684018408.0, 1684018409.0, 1684018410.0, 1684018411.0, 1684018412.0, 1684018413.0, 1684018414.0, 1684018415.0, 1684018416.0, 1684018417.0, 1684018418.0, 1684018419.0, 1684018420.0, 1684018421.0, 1684018422.0, 1684018423.0, 1684018424.0, 1684018425.0, 1684018426.0, 1684018427.0, 1684018428.0, 1684018429.0, 1684018430.0, 1684018431.0, 1684018432.0, 1684018433.0, 1684018434.0, 1684018435.0, 1684018436.0, 1684018437.0, 1684018438.0, 1684018439.0, 1684018440.0, 1684018441.0, 1684018442.0, 1684018443.0, 1684018444.0, 1684018445.0, 1684018446.0, 1684018447.0, 1684018448.0, 1684018449.0, 1684018450.0, 1684018451.0, 1684018452.0, 1684018453.0, 1684018454.0],