{"cpu_usage_count": [4.913308326, 4.913308326, 4.913308326, 4.913308326, 4.913308326, 4.913308326, 4.913308326, 4.913308326, 4.913308326, 4.913308326, 4.913308326, 4.913308326, 4.913308326, 4.913308326, 4.913308326, 4.913308326, 4.913308326, 4.913308326, 4.913308326, 4.913308326, 4.913308326, 4.913308326, 4.913308326, 4.913308326, 4.913308326, 4.913308326, 4.913308326, 4.913308326, 4.913308326, 4.913308326, 43.568066801, 43.568066801, 43.568066801, 43.568066801, 43.568066801, 43.568066801, 43.568066801, 43.568066801, 43.568066801, 43.568066801, 43.568066801, 43.568066801, 43.568066801, 43.568066801, 43.568066801, 43.568066801, 43.568066801, 43.568066801, 43.568066801, 43.568066801, 43.568066801, 43.568066801, 43.568066801, 43.568066801, 43.568066801, 43.568066801, 43.568066801, 43.568066801, 43.568066801, 43.568066801, 93.651492455, 93.651492455, 93.651492455, 93.651492455, 93.651492455, 93.651492455, 93.651492455, 93.651492455, 93.651492455, 93.651492455, 93.651492455, 93.651492455, 93.651492455, 93.651492455, 93.651492455, 93.651492455, 93.651492455, 93.651492455, 93.651492455, 93.651492455, 93.651492455, 93.651492455, 93.651492455, 93.651492455, 93.651492455, 93.651492455, 93.651492455, 93.651492455, 93.651492455, 93.651492455, 93.754421281, 93.754421281, 93.754421281, 93.754421281, 93.754421281, 93.754421281], "time_cpu_usage_count": [1684018512.0, 1684018513.0, 1684018514.0, 1684018515.0, 1684018516.0, 1684018517.0, 1684018518.0, 1684018519.0, 1684018520.0, 1684018521.0, 1684018522.0, 1684018523.0, 1684018524.0, 1684018525.0, 1684018526.0, 1684018527.0, 1684018528.0, 1684018529.0, 1684018530.0, 1684018531.0, 1684018532.0, 1684018533.0, 1684018534.0, 1684018535.0, 1684018536.0, 1684018537.0, 1684018538.0, 1684018539.0, 1684018540.0, 1684018541.0, 1684018542.0, 1684018543.0, 1684018544.0, 1684018545.0, 1684018546.0, 1684018547.0, 1684018548.0, 1684018549.0, 1684018550.0, 1684018551.0, 1684018552.0, 1684018553.0, 1684018554.0, 1684018555.0, 1684018556.0, 1684018557.0, 1684018558.0, 1684018559.0, 1684018560.0, 1684018561.0, 1684018562.0, 1684018563.0, 1684018564.0, 1684018565.0, 1684018566.0, 1684018567.0, 1684018568.0, 1684018569.0, 1684018570.0, 1684018571.0, 1684018572.0, 1684018573.0, 1684018574.0, 1684018575.0, 1684018576.0, 1684018577.0, 1684018578.0, 1684018579.0, 1684018580.0, 1684018581.0, 1684018582.0, 1684018583.0, 1684018584.0, 1684018585.0, 1684018586.0, 1684018587.0, 1684018588.0, 1684018589.0, 1684018590.0, 1684018591.0, 1684018592.0, 1684018593.0, 1684018594.0, 1684018595.0, 1684018596.0, 1684018597.0, 1684018598.0, 1684018599.0, 1684018600.0, 1684018601.0, 1684018602.0, 1684018603.0, 1684018604.0, 1684018605.0, 1684018606.0, 1684018607.0], "cpu_usage_rate": [0.4893438149593796, 0.5036603921723427, 0.5179769693853056, 0.5322935465982686, 0.5466101238112315, 0.5609267010241945, 0.5752432782371574, 0.5895598554501204, 0.6038764326630834, 0.6181930098760464, 0.6325095870890094, 0.6468261643019724, 0.6611427415149354, 0.6754593187278982, 0.6897758959408613, 0.7040924731538242, 0.7184090503667871, 0.7327256275797501, 0.7470422047927131, 0.761358782005676, 0.775675359218639, 0.7899919364316019, 0.804308513644565, 0.8186250908575278, 0.832941668070491, 0.847258245283454, 0.8615748224964169, 0.8758913997093798, 0.8902079769223428, 0.9045245541353056, 1.0466030483102486, 1.0630360453711745, 1.0794690424321005, 1.0959020394930263, 1.1123350365539522, 1.1287680336148782, 1.1452010306758043, 1.16163402773673, 1.178067024797656, 1.1945000218585817, 1.210933018919508, 1.2273660159804338, 1.2437990130413596, 1.2602320101022855, 1.2766650071632115, 1.2930980042241376, 1.3095310012850634, 1.3259639983459894, 1.3423969954069153, 1.358829992467841, 1.3752629895287671, 1.3916959865896932, 1.408128983650619, 1.4245619807115448, 1.4409949777724709, 1.4574279748333967, 1.4738609718943227, 1.478969735483333, 1.478969735483333, 1.478969735483333, 0.8364392413333335, 0.8364392413333335, 0.8364392413333335, 0.8364392413333335, 0.8364392413333335, 0.8364392413333335], "time_cpu_usage_rate": [1684018542.0, 1684018543.0, 1684018544.0, 1684018545.0, 1684018546.0, 1684018547.0, 1684018548.0, 1684018549.0, 1684018550.0, 1684018551.0, 1684018552.0, 1684018553.0, 1684018554.0, 1684018555.0, 1684018556.0, 1684018557.0, 1684018558.0, 1684018559.0, 1684018560.0, 1684018561.0, 1684018562.0, 1684018563.0, 1684018564.0, 1684018565.0, 1684018566.0, 1684018567.0, 1684018568.0, 1684018569.0, 1684018570.0, 1684018571.0, 1684018572.0, 1684018573.0, 1684018574.0, 1684018575.0, 1684018576.0, 1684018577.0, 1684018578.0, 1684018579.0, 1684018580.0, 1684018581.0, 1684018582.0, 1684018583.0, 1684018584.0, 1684018585.0, 1684018586.0, 1684018587.0, 1684018588.0, 1684018589.0, 1684018590.0, 1684018591.0, 1684018592.0, 1684018593.0, 1684018594.0, 1684018595.0, 1684018596.0, 1684018597.0, 1684018598.0, 1684018599.0, 1684018600.0, 1684018601.0, 1684018602.0, 1684018603.0, 1684018604.0, 1684018605.0, 1684018606.0, 1684018607.0], "cpu_throttled_count": [10.956621129, 10.956621129, 10.956621129, 10.956621129, 10.956621129, 10.956621129, 10.956621129, 10.956621129, 10.956621129, 10.956621129, 10.956621129, 10.956621129, 10.956621129, 10.956621129, 10.956621129, 10.956621129, 10.956621129, 10.956621129, 10.956621129, 10.956621129, 10.956621129, 10.956621129, 10.956621129, 10.956621129, 10.956621129, 10.956621129, 10.956621129, 10.956621129, 10.956621129, 10.956621129, 10.974706889, 10.974706889, 10.974706889, 10.974706889, 10.974706889, 10.974706889, 10.974706889, 10.974706889, 10.974706889, 10.974706889, 10.974706889, 10.974706889, 10.974706889, 10.974706889, 10.974706889, 10.974706889, 10.974706889, 10.974706889, 10.974706889, 10.974706889, 10.974706889, 10.974706889, 10.974706889, 10.974706889, 10.974706889, 10.974706889, 10.974706889, 10.974706889, 10.974706889, 10.974706889, 10.994974871, 10.994974871, 10.994974871, 10.994974871, 10.994974871, 10.994974871, 10.994974871, 10.994974871, 10.994974871, 10.994974871, 10.994974871, 10.994974871, 10.994974871, 10.994974871, 10.994974871, 10.994974871, 10.994974871, 10.994974871, 10.994974871, 10.994974871, 10.994974871, 10.994974871, 10.994974871, 10.994974871, 10.994974871, 10.994974871, 10.994974871, 10.994974871, 10.994974871, 10.994974871, 10.994974871, 10.994974871, 10.994974871, 10.994974871, 10.994974871, 10.994974871], "time_cpu_throttled_count": [1684018512.0, 1684018513.0, 1684018514.0, 1684018515.0, 1684018516.0, 1684018517.0, 1684018518.0, 1684018519.0, 1684018520.0, 1684018521.0, 1684018522.0, 1684018523.0, 1684018524.0, 1684018525.0, 1684018526.0, 1684018527.0, 1684018528.0, 1684018529.0, 1684018530.0, 1684018531.0, 1684018532.0, 1684018533.0, 1684018534.0, 1684018535.0, 1684018536.0, 1684018537.0, 1684018538.0, 1684018539.0, 1684018540.0, 1684018541.0, 1684018542.0, 1684018543.0, 1684018544.0, 1684018545.0, 1684018546.0, 1684018547.0, 1684018548.0, 1684018549.0, 1684018550.0, 1684018551.0, 1684018552.0, 1684018553.0, 1684018554.0, 1684018555.0, 1684018556.0, 1684018557.0, 1684018558.0, 1684018559.0, 1684018560.0, 1684018561.0, 1684018562.0, 1684018563.0, 1684018564.0, 1684018565.0, 1684018566.0, 1684018567.0, 1684018568.0, 1684018569.0, 1684018570.0, 1684018571.0, 1684018572.0, 1684018573.0, 1684018574.0, 1684018575.0, 1684018576.0, 1684018577.0, 1684018578.0, 1684018579.0, 1684018580.0, 1684018581.0, 1684018582.0, 1684018583.0, 1684018584.0, 1684018585.0, 1684018586.0, 1684018587.0, 1684018588.0, 1684018589.0, 1684018590.0, 1684018591.0, 1684018592.0, 1684018593.0, 1684018594.0, 1684018595.0, 1684018596.0, 1684018597.0, 1684018598.0, 1684018599.0, 1684018600.0, 1684018601.0, 1684018602.0, 1684018603.0, 1684018604.0, 1684018605.0, 1684018606.0, 1684018607.0],