{"cpu_usage_count": [5.455495523, 5.455495523, 5.455495523, 5.455495523, 5.455495523, 5.455495523, 5.455495523, 5.455495523, 5.455495523, 5.455495523, 5.455495523, 5.455495523, 5.455495523, 5.455495523, 5.455495523, 5.455495523, 5.455495523, 5.455495523, 5.455495523, 5.455495523, 5.455495523, 5.455495523, 5.455495523, 5.455495523, 5.455495523, 5.455495523, 5.455495523, 5.455495523, 5.455495523, 5.455495523, 75.78358412, 75.78358412, 75.78358412, 75.78358412, 75.78358412, 75.78358412, 75.78358412, 75.78358412, 75.78358412, 75.78358412, 75.78358412, 75.78358412, 75.78358412, 75.78358412, 75.78358412, 75.78358412, 75.78358412, 75.78358412, 75.78358412, 75.78358412, 75.78358412, 75.78358412, 75.78358412, 75.78358412, 75.78358412, 75.78358412, 75.78358412, 75.78358412, 75.78358412, 75.78358412, 112.646781, 112.646781, 112.646781, 112.646781, 112.646781, 112.646781, 112.646781, 112.646781, 112.646781, 112.646781, 112.646781, 112.646781, 112.646781, 112.646781, 112.646781, 112.646781, 112.646781, 112.646781, 112.646781, 112.646781, 112.646781, 112.646781, 112.646781, 112.646781, 112.646781, 112.646781, 112.646781, 112.646781, 112.646781, 112.646781, 112.816968427, 112.816968427, 112.816968427, 112.816968427, 112.816968427, 112.816968427, 112.816968427, 112.816968427, 112.816968427], "time_cpu_usage_count": [1684018662.0, 1684018663.0, 1684018664.0, 1684018665.0, 1684018666.0, 1684018667.0, 1684018668.0, 1684018669.0, 1684018670.0, 1684018671.0, 1684018672.0, 1684018673.0, 1684018674.0, 1684018675.0, 1684018676.0, 1684018677.0, 1684018678.0, 1684018679.0, 1684018680.0, 1684018681.0, 1684018682.0, 1684018683.0, 1684018684.0, 1684018685.0, 1684018686.0, 1684018687.0, 1684018688.0, 1684018689.0, 1684018690.0, 1684018691.0, 1684018692.0, 1684018693.0, 1684018694.0, 1684018695.0, 1684018696.0, 1684018697.0, 1684018698.0, 1684018699.0, 1684018700.0, 1684018701.0, 1684018702.0, 1684018703.0, 1684018704.0, 1684018705.0, 1684018706.0, 1684018707.0, 1684018708.0, 1684018709.0, 1684018710.0, 1684018711.0, 1684018712.0, 1684018713.0, 1684018714.0, 1684018715.0, 1684018716.0, 1684018717.0, 1684018718.0, 1684018719.0, 1684018720.0, 1684018721.0, 1684018722.0, 1684018723.0, 1684018724.0, 1684018725.0, 1684018726.0, 1684018727.0, 1684018728.0, 1684018729.0, 1684018730.0, 1684018731.0, 1684018732.0, 1684018733.0, 1684018734.0, 1684018735.0, 1684018736.0, 1684018737.0, 1684018738.0, 1684018739.0, 1684018740.0, 1684018741.0, 1684018742.0, 1684018743.0, 1684018744.0, 1684018745.0, 1684018746.0, 1684018747.0, 1684018748.0, 1684018749.0, 1684018750.0, 1684018751.0, 1684018752.0, 1684018753.0, 1684018754.0, 1684018755.0, 1684018756.0, 1684018757.0, 1684018758.0, 1684018759.0, 1684018760.0], "cpu_usage_rate": [0.8515992341167034, 0.8776466743378143, 0.9036941145589255, 0.9297415547800366, 0.9557889950011478, 0.9818364352222589, 1.0078838754433699, 1.0339313156644812, 1.0599787558855922, 1.0860261961067035, 1.1120736363278143, 1.1381210765489256, 1.1641685167700366, 1.190215956991148, 1.216263397212259, 1.24231083743337, 1.268358277654481, 1.294405717875592, 1.3204531580967034, 1.3465005983178144, 1.3725480385389257, 1.3985954787600365, 1.4246429189811478, 1.4506903592022589, 1.4767377994233701, 1.5027852396444812, 1.5288326798655925, 1.5548801200867035, 1.5809275603078143, 1.6069750005289256, 1.2589159373648258, 1.2787661754161221, 1.2986164134674183, 1.318466651518715, 1.338316889570011, 1.3581671276213072, 1.3780173656726038, 1.3978676037239, 1.4177178417751963, 1.4375680798264925, 1.4574183178777889, 1.477268555929085, 1.4971187939803814, 1.5169690320316778, 1.536819270082974, 1.5566695081342703, 1.5765197461855665, 1.5963699842368628, 1.6162202222881594, 1.6360704603394554, 1.6559206983907517, 1.6757709364420483, 1.6956211744933445, 1.7154714125446406, 1.7353216505959368, 1.7551718886472334, 1.7750221266985298, 1.7865214246166667, 1.7865214246166667, 1.7865214246166667, 0.6172230717833335, 0.6172230717833335, 0.6172230717833335, 0.6172230717833335, 0.6172230717833335, 0.6172230717833335, 0.6172230717833335, 0.6172230717833335, 0.6172230717833335], "time_cpu_usage_rate": [1684018692.0, 1684018693.0, 1684018694.0, 1684018695.0, 1684018696.0, 1684018697.0, 1684018698.0, 1684018699.0, 1684018700.0, 1684018701.0, 1684018702.0, 1684018703.0, 1684018704.0, 1684018705.0, 1684018706.0, 1684018707.0, 1684018708.0, 1684018709.0, 1684018710.0, 1684018711.0, 1684018712.0, 1684018713.0, 1684018714.0, 1684018715.0, 1684018716.0, 1684018717.0, 1684018718.0, 1684018719.0, 1684018720.0, 1684018721.0, 1684018722.0, 1684018723.0, 1684018724.0, 1684018725.0, 1684018726.0, 1684018727.0, 1684018728.0, 1684018729.0, 1684018730.0, 1684018731.0, 1684018732.0, 1684018733.0, 1684018734.0, 1684018735.0, 1684018736.0, 1684018737.0, 1684018738.0, 1684018739.0, 1684018740.0, 1684018741.0, 1684018742.0, 1684018743.0, 1684018744.0, 1684018745.0, 1684018746.0, 1684018747.0, 1684018748.0, 1684018749.0, 1684018750.0, 1684018751.0, 1684018752.0, 1684018753.0, 1684018754.0, 1684018755.0, 1684018756.0, 1684018757.0, 1684018758.0, 1684018759.0, 1684018760.0], "cpu_throttled_count": [6.041342976, 6.041342976, 6.041342976, 6.041342976, 6.041342976, 6.041342976, 6.041342976, 6.041342976, 6.041342976, 6.041342976, 6.041342976, 6.041342976, 6.041342976, 6.041342976, 6.041342976, 6.041342976, 6.041342976, 6.041342976, 6.041342976, 6.041342976, 6.041342976, 6.041342976, 6.041342976, 6.041342976, 6.041342976, 6.041342976, 6.041342976, 6.041342976, 6.041342976, 6.041342976, 6.041342976, 6.041342976, 6.041342976, 6.041342976, 6.041342976, 6.041342976, 6.041342976, 6.041342976, 6.041342976, 6.041342976, 6.041342976, 6.041342976, 6.041342976, 6.041342976, 6.041342976, 6.041342976, 6.041342976, 6.041342976, 6.041342976, 6.041342976, 6.041342976, 6.041342976, 6.041342976, 6.041342976, 6.041342976, 6.041342976, 6.041342976, 6.041342976, 6.041342976, 6.041342976, 6.041342976, 6.041342976, 6.041342976, 6.041342976, 6.041342976, 6.041342976, 6.041342976, 6.041342976, 6.041342976, 6.041342976, 6.041342976, 6.041342976, 6.041342976, 6.041342976, 6.041342976, 6.041342976, 6.041342976, 6.041342976, 6.041342976, 6.041342976, 6.041342976, 6.041342976, 6.041342976, 6.041342976, 6.041342976, 6.041342976, 6.041342976, 6.041342976, 6.041342976, 6.041342976, 6.041342976, 6.041342976, 6.041342976, 6.041342976, 6.041342976, 6.041342976, 6.041342976, 6.041342976, 6.041342976], "time_cpu_throttled_count": [1684018662.0, 1684018663.0, 1684018664.0, 1684018665.0, 1684018666.0, 1684018667.0, 1684018668.0, 1684018669.0, 1684018670.0, 1684018671.0, 1684018672.0, 1684018673.0, 1684018674.0, 1684018675.0, 1684018676.0, 1684018677.0, 1684018678.0, 1684018679.0, 1684018680.0, 1684018681.0, 1684018682.0, 1684018683.0, 1684018684.0, 1684018685.0, 1684018686.0, 1684018687.0, 1684018688.0, 1684018689.0, 1684018690.0, 1684018691.0, 1684018692.0, 1684018693.0, 1684018694.0, 1684018695.0, 1684018696.0, 1684018697.0, 1684018698.0, 1684018699.0, 1684018700.0, 1684018701.0, 1684018702.0, 1684018703.0, 1684018704.0, 1684018705.0, 1684018706.0, 1684018707.0, 1684018708.0, 1684018709.0, 1684018710.0, 1684018711.0, 1684018712.0, 1684018713.0, 1684018714.0, 1684018715.0, 1684018716.0, 1684018717.0, 1684018718.0, 1684018719.0, 1684018720.0, 1684018721.0, 1684018722.0, 1684018723.0, 1684018724.0, 1684018725.0, 1684018726.0, 1684018727.0, 1684018728.0, 1684018729.0, 1684018730.0, 1684018731.0, 1684018732.0, 1684018733.0, 1684018734.0, 1684018735.0, 1684018736.0, 1684018737.0, 1684018738.0, 1684018739.0, 1684018740.0, 1684018741.0, 1684018742.0, 1684018743.0, 1684018744.0, 1684018745.0, 1684018746.0, 1684018747.0, 1684018748.0, 1684018749.0, 1684018750.0, 1684018751.0, 1684018752.0, 1684018753.0, 1684018754.0, 1684018755.0, 1684018756.0, 1684018757.0, 1684018758.0, 1684018759.0, 1684018760.0],