{"cpu_usage_count": [7.8149861, 7.8149861, 7.8149861, 7.8149861, 7.8149861, 7.8149861, 7.8149861, 7.8149861, 7.8149861, 7.8149861, 7.8149861, 7.8149861, 7.8149861, 7.8149861, 7.8149861, 7.8149861, 7.8149861, 7.8149861, 7.8149861, 7.8149861, 7.8149861, 7.8149861, 7.8149861, 7.8149861, 7.8149861, 7.8149861, 7.8149861, 7.8149861, 7.8149861, 7.8149861, 126.54313454, 126.54313454, 126.54313454, 126.54313454, 126.54313454, 126.54313454, 126.54313454, 126.54313454, 126.54313454, 126.54313454, 126.54313454, 126.54313454, 126.54313454, 126.54313454, 126.54313454, 126.54313454, 126.54313454, 126.54313454, 126.54313454, 126.54313454, 126.54313454, 126.54313454, 126.54313454, 126.54313454, 126.54313454, 126.54313454, 126.54313454, 126.54313454, 126.54313454, 126.54313454, 156.182230771, 156.182230771, 156.182230771, 156.182230771, 156.182230771, 156.182230771, 156.182230771, 156.182230771, 156.182230771, 156.182230771, 156.182230771, 156.182230771, 156.182230771, 156.182230771, 156.182230771, 156.182230771, 156.182230771, 156.182230771, 156.182230771, 156.182230771, 156.182230771, 156.182230771, 156.182230771, 156.182230771, 156.182230771, 156.182230771, 156.182230771, 156.182230771, 156.182230771, 156.182230771, 156.292448873, 156.292448873], "time_cpu_usage_count": [1684018812.0, 1684018813.0, 1684018814.0, 1684018815.0, 1684018816.0, 1684018817.0, 1684018818.0, 1684018819.0, 1684018820.0, 1684018821.0, 1684018822.0, 1684018823.0, 1684018824.0, 1684018825.0, 1684018826.0, 1684018827.0, 1684018828.0, 1684018829.0, 1684018830.0, 1684018831.0, 1684018832.0, 1684018833.0, 1684018834.0, 1684018835.0, 1684018836.0, 1684018837.0, 1684018838.0, 1684018839.0, 1684018840.0, 1684018841.0, 1684018842.0, 1684018843.0, 1684018844.0, 1684018845.0, 1684018846.0, 1684018847.0, 1684018848.0, 1684018849.0, 1684018850.0, 1684018851.0, 1684018852.0, 1684018853.0, 1684018854.0, 1684018855.0, 1684018856.0, 1684018857.0, 1684018858.0, 1684018859.0, 1684018860.0, 1684018861.0, 1684018862.0, 1684018863.0, 1684018864.0, 1684018865.0, 1684018866.0, 1684018867.0, 1684018868.0, 1684018869.0, 1684018870.0, 1684018871.0, 1684018872.0, 1684018873.0, 1684018874.0, 1684018875.0, 1684018876.0, 1684018877.0, 1684018878.0, 1684018879.0, 1684018880.0, 1684018881.0, 1684018882.0, 1684018883.0, 1684018884.0, 1684018885.0, 1684018886.0, 1684018887.0, 1684018888.0, 1684018889.0, 1684018890.0, 1684018891.0, 1684018892.0, 1684018893.0, 1684018894.0, 1684018895.0, 1684018896.0, 1684018897.0, 1684018898.0, 1684018899.0, 1684018900.0, 1684018901.0, 1684018902.0, 1684018903.0], "cpu_usage_rate": [1.4221730617324, 1.466146450043511, 1.5101198383546224, 1.5540932266657332, 1.5980666149768445, 1.6420400032879554, 1.6860133915990667, 1.7299867799101776, 1.7739601682212889, 1.8179335565324, 1.8619069448435113, 1.9058803331546226, 1.9498537214657334, 1.9938271097768447, 2.0378004980879556, 2.0817738863990667, 2.1257472747101778, 2.169720663021289, 2.2136940513324, 2.257667439643511, 2.301640827954622, 2.345614216265733, 2.3895876045768443, 2.433560992887956, 2.477534381199067, 2.521507769510178, 2.565481157821289, 2.6094545461324, 2.6534279344435108, 2.6974013227546223, 1.7454415972322699, 1.772917012912085, 1.8003924285918997, 1.8278678442717142, 1.8553432599515294, 1.8828186756313443, 1.9102940913111588, 1.9377695069909735, 1.9652449226707887, 1.9927203383506036, 2.020195754030418, 2.047671169710233, 2.075146585390048, 2.1026220010698626, 2.130097416749677, 2.1575728324294925, 2.185048248109307, 2.212523663789122, 2.2399990794689364, 2.2674744951487518, 2.2949499108285663, 2.322425326508381, 2.3499007421881957, 2.377376157868011, 2.4048515735478255, 2.4323269892276405, 2.459802404907456, 2.4727874111833335, 2.4727874111833335, 2.4727874111833335, 0.4958219055500003, 0.4958219055500003], "time_cpu_usage_rate": [1684018842.0, 1684018843.0, 1684018844.0, 1684018845.0, 1684018846.0, 1684018847.0, 1684018848.0, 1684018849.0, 1684018850.0, 1684018851.0, 1684018852.0, 1684018853.0, 1684018854.0, 1684018855.0, 1684018856.0, 1684018857.0, 1684018858.0, 1684018859.0, 1684018860.0, 1684018861.0, 1684018862.0, 1684018863.0, 1684018864.0, 1684018865.0, 1684018866.0, 1684018867.0, 1684018868.0, 1684018869.0, 1684018870.0, 1684018871.0, 1684018872.0, 1684018873.0, 1684018874.0, 1684018875.0, 1684018876.0, 1684018877.0, 1684018878.0, 1684018879.0, 1684018880.0, 1684018881.0, 1684018882.0, 1684018883.0, 1684018884.0, 1684018885.0, 1684018886.0, 1684018887.0, 1684018888.0, 1684018889.0, 1684018890.0, 1684018891.0, 1684018892.0, 1684018893.0, 1684018894.0, 1684018895.0, 1684018896.0, 1684018897.0, 1684018898.0, 1684018899.0, 1684018900.0, 1684018901.0, 1684018902.0, 1684018903.0], "cpu_throttled_count": [4.658642845, 4.658642845, 4.658642845, 4.658642845, 4.658642845, 4.658642845, 4.658642845, 4.658642845, 4.658642845, 4.658642845, 4.658642845, 4.658642845, 4.658642845, 4.658642845, 4.658642845, 4.658642845, 4.658642845, 4.658642845, 4.658642845, 4.658642845, 4.658642845, 4.658642845, 4.658642845, 4.658642845, 4.658642845, 4.658642845, 4.658642845, 4.658642845, 4.658642845, 4.658642845, 4.658642845, 4.658642845, 4.658642845, 4.658642845, 4.658642845, 4.658642845, 4.658642845, 4.658642845, 4.658642845, 4.658642845, 4.658642845, 4.658642845, 4.658642845, 4.658642845, 4.658642845, 4.658642845, 4.658642845, 4.658642845, 4.658642845, 4.658642845, 4.658642845, 4.658642845, 4.658642845, 4.658642845, 4.658642845, 4.658642845, 4.658642845, 4.658642845, 4.658642845, 4.658642845, 4.658642845, 4.658642845, 4.658642845, 4.658642845, 4.658642845, 4.658642845, 4.658642845, 4.658642845, 4.658642845, 4.658642845, 4.658642845, 4.658642845, 4.658642845, 4.658642845, 4.658642845, 4.658642845, 4.658642845, 4.658642845, 4.658642845, 4.658642845, 4.658642845, 4.658642845, 4.658642845, 4.658642845, 4.658642845, 4.658642845, 4.658642845, 4.658642845, 4.658642845, 4.658642845, 4.658642845, 4.658642845], "time_cpu_throttled_count": [1684018812.0, 1684018813.0, 1684018814.0, 1684018815.0, 1684018816.0, 1684018817.0, 1684018818.0, 1684018819.0, 1684018820.0, 1684018821.0, 1684018822.0, 1684018823.0, 1684018824.0, 1684018825.0, 1684018826.0, 1684018827.0, 1684018828.0, 1684018829.0, 1684018830.0, 1684018831.0, 1684018832.0, 1684018833.0, 1684018834.0, 1684018835.0, 1684018836.0, 1684018837.0, 1684018838.0, 1684018839.0, 1684018840.0, 1684018841.0, 1684018842.0, 1684018843.0, 1684018844.0, 1684018845.0, 1684018846.0, 1684018847.0, 1684018848.0, 1684018849.0, 1684018850.0, 1684018851.0, 1684018852.0, 1684018853.0, 1684018854.0, 1684018855.0, 1684018856.0, 1684018857.0, 1684018858.0, 1684018859.0, 1684018860.0, 1684018861.0, 1684018862.0, 1684018863.0, 1684018864.0, 1684018865.0, 1684018866.0, 1684018867.0, 1684018868.0, 1684018869.0, 1684018870.0, 1684018871.0, 1684018872.0, 1684018873.0, 1684018874.0, 1684018875.0, 1684018876.0, 1684018877.0, 1684018878.0, 1684018879.0, 1684018880.0, 1684018881.0, 1684018882.0, 1684018883.0, 1684018884.0, 1684018885.0, 1684018886.0, 1684018887.0, 1684018888.0, 1684018889.0, 1684018890.0, 1684018891.0, 1684018892.0, 1684018893.0, 1684018894.0, 1684018895.0, 1684018896.0, 1684018897.0, 1684018898.0, 1684018899.0, 1684018900.0, 1684018901.0, 1684018902.0, 1684018903.0], "cpu_throttled_rate": [0.0, 0.0, 0.0, 0.0, 0.0, 0.0, 0.0, 0.0, 0.0, 0.0, 0.0, 0.0, 0.0, 0.0, 0.0, 0.0, 0.0, 0.0, 0.0, 0.0, 0.0, 0.0, 0.0, 0.0, 0.0, 0.0, 0.0, 0.0, 0.0, 0.0, 0.0, 0.0, 0.0, 0.0, 0.0, 0.0, 0.0, 0.0, 0.0, 0.0, 0.0, 0.0, 0.0, 0.0, 0.0, 0.0, 0.0, 0.0, 0.0, 0.0, 0.0, 0.0, 0.0, 0.0, 0.0, 0.0, 0.0, 0.0, 0.0, 0.0, 0.0, 0.0],