{"cpu_usage_count": [4.710003588, 4.710003588, 4.710003588, 4.710003588, 4.710003588, 4.710003588, 4.710003588, 4.710003588, 4.710003588, 4.710003588, 4.710003588, 4.710003588, 4.710003588, 4.710003588, 4.710003588, 4.710003588, 4.710003588, 4.710003588, 4.710003588, 4.710003588, 4.710003588, 4.710003588, 4.710003588, 4.710003588, 4.710003588, 4.710003588, 4.710003588, 4.710003588, 4.710003588, 4.710003588, 40.48685803, 40.48685803, 40.48685803, 40.48685803, 40.48685803, 40.48685803, 40.48685803, 40.48685803, 40.48685803, 40.48685803, 40.48685803, 40.48685803, 40.48685803, 40.48685803, 40.48685803, 40.48685803, 40.48685803, 40.48685803, 40.48685803, 40.48685803, 40.48685803, 40.48685803, 40.48685803, 40.48685803, 40.48685803, 40.48685803, 40.48685803, 40.48685803, 40.48685803, 40.48685803, 61.23761037, 61.23761037, 61.23761037, 61.23761037, 61.23761037, 61.23761037, 61.23761037, 61.23761037, 61.23761037, 61.23761037, 61.23761037, 61.23761037, 61.23761037, 61.23761037, 61.23761037, 61.23761037, 61.23761037, 61.23761037, 61.23761037, 61.23761037, 61.23761037, 61.23761037, 61.23761037, 61.23761037, 61.23761037], "time_cpu_usage_count": [1684018962.0, 1684018963.0, 1684018964.0, 1684018965.0, 1684018966.0, 1684018967.0, 1684018968.0, 1684018969.0, 1684018970.0, 1684018971.0, 1684018972.0, 1684018973.0, 1684018974.0, 1684018975.0, 1684018976.0, 1684018977.0, 1684018978.0, 1684018979.0, 1684018980.0, 1684018981.0, 1684018982.0, 1684018983.0, 1684018984.0, 1684018985.0, 1684018986.0, 1684018987.0, 1684018988.0, 1684018989.0, 1684018990.0, 1684018991.0, 1684018992.0, 1684018993.0, 1684018994.0, 1684018995.0, 1684018996.0, 1684018997.0, 1684018998.0, 1684018999.0, 1684019000.0, 1684019001.0, 1684019002.0, 1684019003.0, 1684019004.0, 1684019005.0, 1684019006.0, 1684019007.0, 1684019008.0, 1684019009.0, 1684019010.0, 1684019011.0, 1684019012.0, 1684019013.0, 1684019014.0, 1684019015.0, 1684019016.0, 1684019017.0, 1684019018.0, 1684019019.0, 1684019020.0, 1684019021.0, 1684019022.0, 1684019023.0, 1684019024.0, 1684019025.0, 1684019026.0, 1684019027.0, 1684019028.0, 1684019029.0, 1684019030.0, 1684019031.0, 1684019032.0, 1684019033.0, 1684019034.0, 1684019035.0, 1684019036.0, 1684019037.0, 1684019038.0, 1684019039.0, 1684019040.0, 1684019041.0, 1684019042.0, 1684019043.0, 1684019044.0, 1684019045.0, 1684019046.0], "cpu_usage_rate": [0.45471698017785706, 0.46796766700822745, 0.4812183538385978, 0.49446904066896813, 0.5077197274993385, 0.5209704143297089, 0.5342211011600793, 0.5474717879904497, 0.56072247482082, 0.5739731616511905, 0.5872238484815608, 0.6004745353119312, 0.6137252221423016, 0.626975908972672, 0.6402265958030423, 0.6534772826334126, 0.6667279694637831, 0.6799786562941534, 0.6932293431245239, 0.7064800299548941, 0.7197307167852646, 0.7329814036156348, 0.7462320904460052, 0.7594827772763757, 0.772733464106746, 0.7859841509371165, 0.7992348377674869, 0.8124855245978572, 0.8257362114282275, 0.8389868982585978, 0.6842596766461102, 0.6947277519761101, 0.7051958273061101, 0.7156639026361101, 0.7261319779661102, 0.7366000532961101, 0.74706812862611, 0.75753620395611, 0.7680042792861101, 0.7784723546161101, 0.7889404299461101, 0.7994085052761102, 0.8098765806061101, 0.8203446559361101, 0.8308127312661101, 0.8412808065961102, 0.8517488819261101, 0.8622169572561101, 0.87268503258611, 0.8831531079161101, 0.8936211832461101, 0.9040892585761101, 0.91455733390611, 0.9250254092361101, 0.9354934845661101], "time_cpu_usage_rate": [1684018992.0, 1684018993.0, 1684018994.0, 1684018995.0, 1684018996.0, 1684018997.0, 1684018998.0, 1684018999.0, 1684019000.0, 1684019001.0, 1684019002.0, 1684019003.0, 1684019004.0, 1684019005.0, 1684019006.0, 1684019007.0, 1684019008.0, 1684019009.0, 1684019010.0, 1684019011.0, 1684019012.0, 1684019013.0, 1684019014.0, 1684019015.0, 1684019016.0, 1684019017.0, 1684019018.0, 1684019019.0, 1684019020.0, 1684019021.0, 1684019022.0, 1684019023.0, 1684019024.0, 1684019025.0, 1684019026.0, 1684019027.0, 1684019028.0, 1684019029.0, 1684019030.0, 1684019031.0, 1684019032.0, 1684019033.0, 1684019034.0, 1684019035.0, 1684019036.0, 1684019037.0, 1684019038.0, 1684019039.0, 1684019040.0, 1684019041.0, 1684019042.0, 1684019043.0, 1684019044.0, 1684019045.0, 1684019046.0], "cpu_throttled_count": [15.293772987, 15.293772987, 15.293772987, 15.293772987, 15.293772987, 15.293772987, 15.293772987, 15.293772987, 15.293772987, 15.293772987, 15.293772987, 15.293772987, 15.293772987, 15.293772987, 15.293772987, 15.293772987, 15.293772987, 15.293772987, 15.293772987, 15.293772987, 15.293772987, 15.293772987, 15.293772987, 15.293772987, 15.293772987, 15.293772987, 15.293772987, 15.293772987, 15.293772987, 15.293772987, 15.484148062, 15.484148062, 15.484148062, 15.484148062, 15.484148062, 15.484148062, 15.484148062, 15.484148062, 15.484148062, 15.484148062, 15.484148062, 15.484148062, 15.484148062, 15.484148062, 15.484148062, 15.484148062, 15.484148062, 15.484148062, 15.484148062, 15.484148062, 15.484148062, 15.484148062, 15.484148062, 15.484148062, 15.484148062, 15.484148062, 15.484148062, 15.484148062, 15.484148062, 15.484148062, 15.574404718, 15.574404718, 15.574404718, 15.574404718, 15.574404718, 15.574404718, 15.574404718, 15.574404718, 15.574404718, 15.574404718, 15.574404718, 15.574404718, 15.574404718, 15.574404718, 15.574404718, 15.574404718, 15.574404718, 15.574404718, 15.574404718, 15.574404718, 15.574404718, 15.574404718, 15.574404718, 15.574404718, 15.574404718], "time_cpu_throttled_count": [1684018962.0, 1684018963.0, 1684018964.0, 1684018965.0, 1684018966.0, 1684018967.0, 1684018968.0, 1684018969.0, 1684018970.0, 1684018971.0, 1684018972.0, 1684018973.0, 1684018974.0, 1684018975.0, 1684018976.0, 1684018977.0, 1684018978.0, 1684018979.0, 1684018980.0, 1684018981.0, 1684018982.0, 1684018983.0, 1684018984.0, 1684018985.0, 1684018986.0, 1684018987.0, 1684018988.0, 1684018989.0, 1684018990.0, 1684018991.0, 1684018992.0, 1684018993.0, 1684018994.0, 1684018995.0, 1684018996.0, 1684018997.0, 1684018998.0, 1684018999.0, 1684019000.0, 1684019001.0, 1684019002.0, 1684019003.0, 1684019004.0, 1684019005.0, 1684019006.0, 1684019007.0, 1684019008.0, 1684019009.0, 1684019010.0, 1684019011.0, 1684019012.0, 1684019013.0, 1684019014.0, 1684019015.0, 1684019016.0, 1684019017.0, 1684019018.0, 1684019019.0, 1684019020.0, 1684019021.0, 1684019022.0, 1684019023.0, 1684019024.0, 1684019025.0, 1684019026.0, 1684019027.0, 1684019028.0, 1684019029.0, 1684019030.0, 1684019031.0, 1684019032.0, 1684019033.0, 1684019034.0, 1684019035.0, 1684019036.0, 1684019037.0, 1684019038.0, 1684019039.0, 1684019040.0, 1684019041.0, 1684019042.0, 1684019043.0, 1684019044.0, 1684019045.0, 1684019046.0], "cpu_throttled_rate": [0.0031987948250092363, 0.0032693041120462722, 0.003339813399083309, 0.0034103226861203454, 0.003480831973157382, 0.0035513412601944185, 0.0036218505472314553, 0.003692359834268491, 0.003762869121305529, 0.0038333784083425656, 0.003903887695379602, 0.003974396982416638, 0.004044906269453675, 0.004115415556490712, 0.004185924843527747, 0.004256434130564785, 0.004326943417601821, 0.004397452704638857, 0.004467961991675894, 0.004538471278712931, 0.004608980565749967, 0.004679489852787003, 0.004749999139824041, 0.004820508426861076, 0.004891017713898113, 0.00496152700093515, 0.005032036287972186, 0.006345835833333287, 0.006345835833333287, 0.006345835833333287, 0.004677195516666662, 0.004677195516666662, 0.004677195516666662, 0.004677195516666662, 0.004677195516666662, 0.004677195516666662, 0.004677195516666662, 0.004677195516666662, 0.004677195516666662, 0.004677195516666662, 0.004677195516666662, 0.004677195516666662, 0.004677195516666662, 0.004677195516666662, 0.004677195516666662, 0.004677195516666662, 0.004677195516666662, 0.004677195516666662, 0.004677195516666662, 0.004677195516666662, 0.004677195516666662, 0.004677195516666662, 0.004677195516666662, 0.004677195516666662, 0.004677195516666662],