{"cpu_usage_count": [0.03632303, 0.03632303, 0.03632303, 0.03632303, 0.03632303, 0.03632303, 0.03632303, 0.03632303, 0.03632303, 0.03632303, 0.03632303, 0.03632303, 0.03632303, 0.03632303, 0.03632303, 0.03632303, 0.03632303, 0.03632303, 0.03632303, 0.03632303, 0.03632303, 0.03632303, 0.03632303, 0.03632303, 0.03632303, 0.03632303, 0.03632303, 0.03632303, 0.03632303, 0.03632303, 15.149773122, 15.149773122, 15.149773122, 15.149773122, 15.149773122, 15.149773122, 15.149773122, 15.149773122, 15.149773122, 15.149773122, 15.149773122, 15.149773122, 15.149773122, 15.149773122, 15.149773122, 15.149773122, 15.149773122, 15.149773122, 15.149773122, 15.149773122, 15.149773122, 15.149773122, 15.149773122, 15.149773122, 15.149773122, 15.149773122, 15.149773122, 15.149773122, 15.149773122, 15.149773122, 76.639433739, 76.639433739, 76.639433739, 76.639433739, 76.639433739, 76.639433739, 76.639433739, 76.639433739, 76.639433739, 76.639433739, 76.639433739, 76.639433739, 76.639433739, 76.639433739, 76.639433739, 76.639433739, 76.639433739, 76.639433739, 76.639433739, 76.639433739, 76.639433739, 76.639433739, 76.639433739, 76.639433739, 76.639433739, 76.639433739, 76.639433739, 76.639433739, 76.639433739, 76.639433739, 76.747487412, 76.747487412, 76.747487412, 76.747487412, 76.747487412, 76.747487412, 76.747487412, 76.747487412, 76.747487412, 76.747487412, 76.747487412, 76.747487412, 76.747487412, 76.747487412, 76.747487412, 76.747487412, 76.747487412, 76.747487412], "time_cpu_usage_count": [1684019082.0, 1684019083.0, 1684019084.0, 1684019085.0, 1684019086.0, 1684019087.0, 1684019088.0, 1684019089.0, 1684019090.0, 1684019091.0, 1684019092.0, 1684019093.0, 1684019094.0, 1684019095.0, 1684019096.0, 1684019097.0, 1684019098.0, 1684019099.0, 1684019100.0, 1684019101.0, 1684019102.0, 1684019103.0, 1684019104.0, 1684019105.0, 1684019106.0, 1684019107.0, 1684019108.0, 1684019109.0, 1684019110.0, 1684019111.0, 1684019112.0, 1684019113.0, 1684019114.0, 1684019115.0, 1684019116.0, 1684019117.0, 1684019118.0, 1684019119.0, 1684019120.0, 1684019121.0, 1684019122.0, 1684019123.0, 1684019124.0, 1684019125.0, 1684019126.0, 1684019127.0, 1684019128.0, 1684019129.0, 1684019130.0, 1684019131.0, 1684019132.0, 1684019133.0, 1684019134.0, 1684019135.0, 1684019136.0, 1684019137.0, 1684019138.0, 1684019139.0, 1684019140.0, 1684019141.0, 1684019142.0, 1684019143.0, 1684019144.0, 1684019145.0, 1684019146.0, 1684019147.0, 1684019148.0, 1684019149.0, 1684019150.0, 1684019151.0, 1684019152.0, 1684019153.0, 1684019154.0, 1684019155.0, 1684019156.0, 1684019157.0, 1684019158.0, 1684019159.0, 1684019160.0, 1684019161.0, 1684019162.0, 1684019163.0, 1684019164.0, 1684019165.0, 1684019166.0, 1684019167.0, 1684019168.0, 1684019169.0, 1684019170.0, 1684019171.0, 1684019172.0, 1684019173.0, 1684019174.0, 1684019175.0, 1684019176.0, 1684019177.0, 1684019178.0, 1684019179.0, 1684019180.0, 1684019181.0, 1684019182.0, 1684019183.0, 1684019184.0, 1684019185.0, 1684019186.0, 1684019187.0, 1684019188.0, 1684019189.0], "cpu_usage_rate": [0.17038512216435703, 0.17598269627250518, 0.1815802703806533, 0.18717784448880148, 0.19277541859694963, 0.19837299270509778, 0.20397056681324588, 0.20956814092139406, 0.21516571502954218, 0.22076328913769036, 0.22636086324583848, 0.23195843735398666, 0.2375560114621348, 0.24315358557028294, 0.24875115967843106, 0.25434873378657924, 0.2599463078947274, 0.26554388200287554, 0.2711414561110237, 0.27673903021917184, 0.28233660432732, 0.2879341784354681, 0.2935317525436163, 0.2991293266517644, 0.3047269007599126, 0.3103244748680607, 0.31592204897620885, 0.321519623084357, 0.32711719719250515, 0.3327147713006533, 0.85675543814263, 0.8709411993850374, 0.8851269606274449, 0.8993127218698523, 0.9134984831122597, 0.9276842443546671, 0.9418700055970745, 0.956055766839482, 0.9702415280818895, 0.9844272893242967, 0.9986130505667041, 1.0127988118091116, 1.026984573051519, 1.0411703342939265, 1.0553560955363337, 1.0695418567787411, 1.0837276180211486, 1.0979133792635558, 1.1120991405059635, 1.126284901748371, 1.1404706629907782, 1.1546564242331856, 1.168842185475593, 1.1830279467180005, 1.197213707960408, 1.2113994692028152, 1.2255852304452226, 1.23977099168763, 1.2539567529300373, 1.268142514172445, 0.8569362233082278, 0.8683432074360056, 0.8797501915637835, 0.8911571756915613, 0.9025641598193388, 0.9139711439471166, 0.9253781280748945, 0.9367851122026722, 0.94819209633045, 0.9595990804582277, 0.9710060645860057, 0.9824130487137834, 0.9938200328415611, 1.005227016969339, 1.0166340010971167, 1.0266285715, 1.0266285715, 1.0266285715], "time_cpu_usage_rate": [1684019112.0, 1684019113.0, 1684019114.0, 1684019115.0, 1684019116.0, 1684019117.0, 1684019118.0, 1684019119.0, 1684019120.0, 1684019121.0, 1684019122.0, 1684019123.0, 1684019124.0, 1684019125.0, 1684019126.0, 1684019127.0, 1684019128.0, 1684019129.0, 1684019130.0, 1684019131.0, 1684019132.0, 1684019133.0, 1684019134.0, 1684019135.0, 1684019136.0, 1684019137.0, 1684019138.0, 1684019139.0, 1684019140.0, 1684019141.0, 1684019142.0, 1684019143.0, 1684019144.0, 1684019145.0, 1684019146.0, 1684019147.0, 1684019148.0, 1684019149.0, 1684019150.0, 1684019151.0, 1684019152.0, 1684019153.0, 1684019154.0, 1684019155.0, 1684019156.0, 1684019157.0, 1684019158.0, 1684019159.0, 1684019160.0, 1684019161.0, 1684019162.0, 1684019163.0, 1684019164.0, 1684019165.0, 1684019166.0, 1684019167.0, 1684019168.0, 1684019169.0, 1684019170.0, 1684019171.0, 1684019172.0, 1684019173.0, 1684019174.0, 1684019175.0, 1684019176.0, 1684019177.0, 1684019178.0, 1684019179.0, 1684019180.0, 1684019181.0, 1684019182.0, 1684019183.0, 1684019184.0, 1684019185.0, 1684019186.0, 1684019187.0, 1684019188.0, 1684019189.0], "cpu_throttled_count": [0.0, 0.0, 0.0, 0.0, 0.0, 0.0, 0.0, 0.0, 0.0, 0.0, 0.0, 0.0, 0.0, 0.0, 0.0, 0.0, 0.0, 0.0, 0.0, 0.0, 0.0, 0.0, 0.0, 0.0, 0.0, 0.0, 0.0, 0.0, 0.0, 0.0, 10.458443125, 10.458443125, 10.458443125, 10.458443125, 10.458443125, 10.458443125, 10.458443125, 10.458443125, 10.458443125, 10.458443125, 10.458443125, 10.458443125, 10.458443125, 10.458443125, 10.458443125, 10.458443125, 10.458443125, 10.458443125, 10.458443125, 10.458443125, 10.458443125, 10.458443125, 10.458443125, 10.458443125, 10.458443125, 10.458443125, 10.458443125, 10.458443125, 10.458443125, 10.458443125, 10.471128851, 10.471128851, 10.471128851, 10.471128851, 10.471128851, 10.471128851, 10.471128851, 10.471128851, 10.471128851, 10.471128851, 10.471128851, 10.471128851, 10.471128851, 10.471128851, 10.471128851, 10.471128851, 10.471128851, 10.471128851, 10.471128851, 10.471128851, 10.471128851, 10.471128851, 10.471128851, 10.471128851, 10.471128851, 10.471128851, 10.471128851, 10.471128851, 10.471128851, 10.471128851, 10.471128851, 10.471128851, 10.471128851, 10.471128851, 10.471128851, 10.471128851, 10.471128851, 10.471128851, 10.471128851, 10.471128851, 10.471128851, 10.471128851, 10.471128851, 10.471128851, 10.471128851, 10.471128851, 10.471128851, 10.471128851],