{"cpu_usage_count": [6.174166481, 6.174166481, 6.174166481, 6.174166481, 6.174166481, 6.174166481, 6.174166481, 6.174166481, 6.174166481, 6.174166481, 6.174166481, 6.174166481, 6.174166481, 6.174166481, 6.174166481, 6.174166481, 6.174166481, 6.174166481, 6.174166481, 6.174166481, 6.174166481, 6.174166481, 6.174166481, 6.174166481, 6.174166481, 6.174166481, 6.174166481, 6.174166481, 6.174166481, 6.174166481, 61.419292964, 61.419292964, 61.419292964, 61.419292964, 61.419292964, 61.419292964, 61.419292964, 61.419292964, 61.419292964, 61.419292964, 61.419292964, 61.419292964, 61.419292964, 61.419292964, 61.419292964, 61.419292964, 61.419292964, 61.419292964, 61.419292964, 61.419292964, 61.419292964, 61.419292964, 61.419292964, 61.419292964, 61.419292964, 61.419292964, 61.419292964, 61.419292964, 61.419292964, 61.419292964, 100.619858787, 100.619858787, 100.619858787, 100.619858787, 100.619858787, 100.619858787, 100.619858787, 100.619858787, 100.619858787, 100.619858787, 100.619858787, 100.619858787, 100.619858787, 100.619858787, 100.619858787, 100.619858787, 100.619858787, 100.619858787, 100.619858787, 100.619858787, 100.619858787, 100.619858787, 100.619858787, 100.619858787, 100.619858787, 100.619858787, 100.619858787, 100.619858787, 100.619858787, 100.619858787, 100.743892444, 100.743892444], "time_cpu_usage_count": [1684019262.0, 1684019263.0, 1684019264.0, 1684019265.0, 1684019266.0, 1684019267.0, 1684019268.0, 1684019269.0, 1684019270.0, 1684019271.0, 1684019272.0, 1684019273.0, 1684019274.0, 1684019275.0, 1684019276.0, 1684019277.0, 1684019278.0, 1684019279.0, 1684019280.0, 1684019281.0, 1684019282.0, 1684019283.0, 1684019284.0, 1684019285.0, 1684019286.0, 1684019287.0, 1684019288.0, 1684019289.0, 1684019290.0, 1684019291.0, 1684019292.0, 1684019293.0, 1684019294.0, 1684019295.0, 1684019296.0, 1684019297.0, 1684019298.0, 1684019299.0, 1684019300.0, 1684019301.0, 1684019302.0, 1684019303.0, 1684019304.0, 1684019305.0, 1684019306.0, 1684019307.0, 1684019308.0, 1684019309.0, 1684019310.0, 1684019311.0, 1684019312.0, 1684019313.0, 1684019314.0, 1684019315.0, 1684019316.0, 1684019317.0, 1684019318.0, 1684019319.0, 1684019320.0, 1684019321.0, 1684019322.0, 1684019323.0, 1684019324.0, 1684019325.0, 1684019326.0, 1684019327.0, 1684019328.0, 1684019329.0, 1684019330.0, 1684019331.0, 1684019332.0, 1684019333.0, 1684019334.0, 1684019335.0, 1684019336.0, 1684019337.0, 1684019338.0, 1684019339.0, 1684019340.0, 1684019341.0, 1684019342.0, 1684019343.0, 1684019344.0, 1684019345.0, 1684019346.0, 1684019347.0, 1684019348.0, 1684019349.0, 1684019350.0, 1684019351.0, 1684019352.0, 1684019353.0], "cpu_usage_rate": [0.6899458334589856, 0.7104069914156521, 0.7308681493723189, 0.7513293073289855, 0.7717904652856523, 0.7922516232423189, 0.8127127811989856, 0.8331739391556522, 0.853635097112319, 0.8740962550689858, 0.8945574130256524, 0.9150185709823191, 0.9354797289389857, 0.9559408868956524, 0.976402044852319, 0.9968632028089857, 1.0173243607656524, 1.037785518722319, 1.0582466766789855, 1.0787078346356522, 1.099168992592319, 1.1196301505489856, 1.1400913085056523, 1.160552466462319, 1.1810136244189857, 1.2014747823756524, 1.2219359403323191, 1.2423970982889858, 1.2628582562456523, 1.2833194142023192, 1.1244172400548709, 1.1419071830745002, 1.15939712609413, 1.1768870691137596, 1.1943770121333892, 1.2118669551530188, 1.2293568981726486, 1.2468468411922782, 1.2643367842119078, 1.2818267272315376, 1.2993166702511671, 1.3168066132707967, 1.3342965562904263, 1.3517864993100561, 1.3692764423296857, 1.3867663853493153, 1.4042563283689449, 1.4217462713885745, 1.439236214408204, 1.4567261574278338, 1.4742161004474632, 1.491706043467093, 1.5091959864867226, 1.5266859295063522, 1.5441758725259822, 1.5616658155456116, 1.5740948717666665, 1.5740948717666665, 1.5740948717666665, 1.5740948717666665, 0.6554099913333333, 0.6554099913333333], "time_cpu_usage_rate": [1684019292.0, 1684019293.0, 1684019294.0, 1684019295.0, 1684019296.0, 1684019297.0, 1684019298.0, 1684019299.0, 1684019300.0, 1684019301.0, 1684019302.0, 1684019303.0, 1684019304.0, 1684019305.0, 1684019306.0, 1684019307.0, 1684019308.0, 1684019309.0, 1684019310.0, 1684019311.0, 1684019312.0, 1684019313.0, 1684019314.0, 1684019315.0, 1684019316.0, 1684019317.0, 1684019318.0, 1684019319.0, 1684019320.0, 1684019321.0, 1684019322.0, 1684019323.0, 1684019324.0, 1684019325.0, 1684019326.0, 1684019327.0, 1684019328.0, 1684019329.0, 1684019330.0, 1684019331.0, 1684019332.0, 1684019333.0, 1684019334.0, 1684019335.0, 1684019336.0, 1684019337.0, 1684019338.0, 1684019339.0, 1684019340.0, 1684019341.0, 1684019342.0, 1684019343.0, 1684019344.0, 1684019345.0, 1684019346.0, 1684019347.0, 1684019348.0, 1684019349.0, 1684019350.0, 1684019351.0, 1684019352.0, 1684019353.0], "cpu_throttled_count": [8.529887722, 8.529887722, 8.529887722, 8.529887722, 8.529887722, 8.529887722, 8.529887722, 8.529887722, 8.529887722, 8.529887722, 8.529887722, 8.529887722, 8.529887722, 8.529887722, 8.529887722, 8.529887722, 8.529887722, 8.529887722, 8.529887722, 8.529887722, 8.529887722, 8.529887722, 8.529887722, 8.529887722, 8.529887722, 8.529887722, 8.529887722, 8.529887722, 8.529887722, 8.529887722, 8.529887722, 8.529887722, 8.529887722, 8.529887722, 8.529887722, 8.529887722, 8.529887722, 8.529887722, 8.529887722, 8.529887722, 8.529887722, 8.529887722, 8.529887722, 8.529887722, 8.529887722, 8.529887722, 8.529887722, 8.529887722, 8.529887722, 8.529887722, 8.529887722, 8.529887722, 8.529887722, 8.529887722, 8.529887722, 8.529887722, 8.529887722, 8.529887722, 8.529887722, 8.529887722, 8.529887722, 8.529887722, 8.529887722, 8.529887722, 8.529887722, 8.529887722, 8.529887722, 8.529887722, 8.529887722, 8.529887722, 8.529887722, 8.529887722, 8.529887722, 8.529887722, 8.529887722, 8.529887722, 8.529887722, 8.529887722, 8.529887722, 8.529887722, 8.529887722, 8.529887722, 8.529887722, 8.529887722, 8.529887722, 8.529887722, 8.529887722, 8.529887722, 8.529887722, 8.529887722, 8.529887722, 8.529887722], "time_cpu_throttled_count": [1684019262.0, 1684019263.0, 1684019264.0, 1684019265.0, 1684019266.0, 1684019267.0, 1684019268.0, 1684019269.0, 1684019270.0, 1684019271.0, 1684019272.0, 1684019273.0, 1684019274.0, 1684019275.0, 1684019276.0, 1684019277.0, 1684019278.0, 1684019279.0, 1684019280.0, 1684019281.0, 1684019282.0, 1684019283.0, 1684019284.0, 1684019285.0, 1684019286.0, 1684019287.0, 1684019288.0, 1684019289.0, 1684019290.0, 1684019291.0, 1684019292.0, 1684019293.0, 1684019294.0, 1684019295.0, 1684019296.0, 1684019297.0, 1684019298.0, 1684019299.0, 1684019300.0, 1684019301.0, 1684019302.0, 1684019303.0, 1684019304.0, 1684019305.0, 1684019306.0, 1684019307.0, 1684019308.0, 1684019309.0, 1684019310.0, 1684019311.0, 1684019312.0, 1684019313.0, 1684019314.0, 1684019315.0, 1684019316.0, 1684019317.0, 1684019318.0, 1684019319.0, 1684019320.0, 1684019321.0, 1684019322.0, 1684019323.0, 1684019324.0, 1684019325.0, 1684019326.0, 1684019327.0, 1684019328.0, 1684019329.0, 1684019330.0, 1684019331.0, 1684019332.0, 1684019333.0, 1684019334.0, 1684019335.0, 1684019336.0, 1684019337.0, 1684019338.0, 1684019339.0, 1684019340.0, 1684019341.0, 1684019342.0, 1684019343.0, 1684019344.0, 1684019345.0, 1684019346.0, 1684019347.0, 1684019348.0, 1684019349.0, 1684019350.0, 1684019351.0, 1684019352.0, 1684019353.0], "cpu_throttled_rate": [0.0, 0.0, 0.0, 0.0, 0.0, 0.0, 0.0, 0.0, 0.0, 0.0, 0.0, 0.0, 0.0, 0.0, 0.0, 0.0, 0.0, 0.0, 0.0, 0.0, 0.0, 0.0, 0.0, 0.0, 0.0, 0.0, 0.0, 0.0, 0.0, 0.0, 0.0, 0.0, 0.0, 0.0, 0.0, 0.0, 0.0, 0.0, 0.0, 0.0, 0.0, 0.0, 0.0, 0.0, 0.0, 0.0, 0.0, 0.0, 0.0, 0.0, 0.0, 0.0, 0.0, 0.0, 0.0, 0.0, 0.0, 0.0, 0.0, 0.0, 0.0, 0.0],