{"cpu_usage_count": [7.301195342, 7.301195342, 7.301195342, 7.301195342, 7.301195342, 7.301195342, 7.301195342, 7.301195342, 7.301195342, 7.301195342, 7.301195342, 7.301195342, 7.301195342, 7.301195342, 7.301195342, 7.301195342, 7.301195342, 7.301195342, 7.301195342, 7.301195342, 7.301195342, 7.301195342, 7.301195342, 7.301195342, 7.301195342, 7.301195342, 7.301195342, 7.301195342, 7.301195342, 7.301195342, 105.411844872, 105.411844872, 105.411844872, 105.411844872, 105.411844872, 105.411844872, 105.411844872, 105.411844872, 105.411844872, 105.411844872, 105.411844872, 105.411844872, 105.411844872, 105.411844872, 105.411844872, 105.411844872, 105.411844872, 105.411844872, 105.411844872, 105.411844872, 105.411844872, 105.411844872, 105.411844872, 105.411844872, 105.411844872, 105.411844872, 105.411844872, 105.411844872, 105.411844872, 105.411844872, 133.422610175, 133.422610175, 133.422610175, 133.422610175, 133.422610175, 133.422610175, 133.422610175, 133.422610175, 133.422610175, 133.422610175, 133.422610175, 133.422610175, 133.422610175, 133.422610175, 133.422610175, 133.422610175, 133.422610175, 133.422610175, 133.422610175, 133.422610175, 133.422610175, 133.422610175, 133.422610175, 133.422610175, 133.422610175], "time_cpu_usage_count": [1684019412.0, 1684019413.0, 1684019414.0, 1684019415.0, 1684019416.0, 1684019417.0, 1684019418.0, 1684019419.0, 1684019420.0, 1684019421.0, 1684019422.0, 1684019423.0, 1684019424.0, 1684019425.0, 1684019426.0, 1684019427.0, 1684019428.0, 1684019429.0, 1684019430.0, 1684019431.0, 1684019432.0, 1684019433.0, 1684019434.0, 1684019435.0, 1684019436.0, 1684019437.0, 1684019438.0, 1684019439.0, 1684019440.0, 1684019441.0, 1684019442.0, 1684019443.0, 1684019444.0, 1684019445.0, 1684019446.0, 1684019447.0, 1684019448.0, 1684019449.0, 1684019450.0, 1684019451.0, 1684019452.0, 1684019453.0, 1684019454.0, 1684019455.0, 1684019456.0, 1684019457.0, 1684019458.0, 1684019459.0, 1684019460.0, 1684019461.0, 1684019462.0, 1684019463.0, 1684019464.0, 1684019465.0, 1684019466.0, 1684019467.0, 1684019468.0, 1684019469.0, 1684019470.0, 1684019471.0, 1684019472.0, 1684019473.0, 1684019474.0, 1684019475.0, 1684019476.0, 1684019477.0, 1684019478.0, 1684019479.0, 1684019480.0, 1684019481.0, 1684019482.0, 1684019483.0, 1684019484.0, 1684019485.0, 1684019486.0, 1684019487.0, 1684019488.0, 1684019489.0, 1684019490.0, 1684019491.0, 1684019492.0, 1684019493.0, 1684019494.0, 1684019495.0, 1684019496.0], "cpu_usage_rate": [1.184578501680559, 1.2209157792842629, 1.2572530568879665, 1.2935903344916702, 1.3299276120953738, 1.3662648896990777, 1.402602167302781, 1.438939444906485, 1.475276722510189, 1.5116140001138925, 1.5479512777175966, 1.5842885553213, 1.620625832925004, 1.6569631105287075, 1.6933003881324111, 1.7296376657361148, 1.7659749433398186, 1.8023122209435223, 1.8386494985472261, 1.8749867761509298, 1.9113240537546334, 1.9476613313583369, 1.983998608962041, 2.0203358865657446, 2.0566731641694482, 2.093010441773152, 2.1293477193768555, 2.1656849969805596, 2.2020222745842633, 2.2383595521879665, 1.49104503143402, 1.514400848995687, 1.5377566665573537, 1.5611124841190203, 1.584468301680687, 1.607824119242354, 1.63117993680402, 1.6545357543656867, 1.6778915719273537, 1.7012473894890203, 1.724603207050687, 1.7479590246123535, 1.7713148421740206, 1.7946706597356867, 1.8180264772973536, 1.8413822948590202, 1.864738112420687, 1.8880939299823536, 1.9114497475440202, 1.9348055651056872, 1.9581613826673536, 1.9815172002290202, 2.0048730177906866, 2.028228835352354, 2.0515846529140203], "time_cpu_usage_rate": [1684019442.0, 1684019443.0, 1684019444.0, 1684019445.0, 1684019446.0, 1684019447.0, 1684019448.0, 1684019449.0, 1684019450.0, 1684019451.0, 1684019452.0, 1684019453.0, 1684019454.0, 1684019455.0, 1684019456.0, 1684019457.0, 1684019458.0, 1684019459.0, 1684019460.0, 1684019461.0, 1684019462.0, 1684019463.0, 1684019464.0, 1684019465.0, 1684019466.0, 1684019467.0, 1684019468.0, 1684019469.0, 1684019470.0, 1684019471.0, 1684019472.0, 1684019473.0, 1684019474.0, 1684019475.0, 1684019476.0, 1684019477.0, 1684019478.0, 1684019479.0, 1684019480.0, 1684019481.0, 1684019482.0, 1684019483.0, 1684019484.0, 1684019485.0, 1684019486.0, 1684019487.0, 1684019488.0, 1684019489.0, 1684019490.0, 1684019491.0, 1684019492.0, 1684019493.0, 1684019494.0, 1684019495.0, 1684019496.0], "cpu_throttled_count": [4.67296237, 4.67296237, 4.67296237, 4.67296237, 4.67296237, 4.67296237, 4.67296237, 4.67296237, 4.67296237, 4.67296237, 4.67296237, 4.67296237, 4.67296237, 4.67296237, 4.67296237, 4.67296237, 4.67296237, 4.67296237, 4.67296237, 4.67296237, 4.67296237, 4.67296237, 4.67296237, 4.67296237, 4.67296237, 4.67296237, 4.67296237, 4.67296237, 4.67296237, 4.67296237, 4.67296237, 4.67296237, 4.67296237, 4.67296237, 4.67296237, 4.67296237, 4.67296237, 4.67296237, 4.67296237, 4.67296237, 4.67296237, 4.67296237, 4.67296237, 4.67296237, 4.67296237, 4.67296237, 4.67296237, 4.67296237, 4.67296237, 4.67296237, 4.67296237, 4.67296237, 4.67296237, 4.67296237, 4.67296237, 4.67296237, 4.67296237, 4.67296237, 4.67296237, 4.67296237, 4.67296237, 4.67296237, 4.67296237, 4.67296237, 4.67296237, 4.67296237, 4.67296237, 4.67296237, 4.67296237, 4.67296237, 4.67296237, 4.67296237, 4.67296237, 4.67296237, 4.67296237, 4.67296237, 4.67296237, 4.67296237, 4.67296237, 4.67296237, 4.67296237, 4.67296237, 4.67296237, 4.67296237, 4.67296237], "time_cpu_throttled_count": [1684019412.0, 1684019413.0, 1684019414.0, 1684019415.0, 1684019416.0, 1684019417.0, 1684019418.0, 1684019419.0, 1684019420.0, 1684019421.0, 1684019422.0, 1684019423.0, 1684019424.0, 1684019425.0, 1684019426.0, 1684019427.0, 1684019428.0, 1684019429.0, 1684019430.0, 1684019431.0, 1684019432.0, 1684019433.0, 1684019434.0, 1684019435.0, 1684019436.0, 1684019437.0, 1684019438.0, 1684019439.0, 1684019440.0, 1684019441.0, 1684019442.0, 1684019443.0, 1684019444.0, 1684019445.0, 1684019446.0, 1684019447.0, 1684019448.0, 1684019449.0, 1684019450.0, 1684019451.0, 1684019452.0, 1684019453.0, 1684019454.0, 1684019455.0, 1684019456.0, 1684019457.0, 1684019458.0, 1684019459.0, 1684019460.0, 1684019461.0, 1684019462.0, 1684019463.0, 1684019464.0, 1684019465.0, 1684019466.0, 1684019467.0, 1684019468.0, 1684019469.0, 1684019470.0, 1684019471.0, 1684019472.0, 1684019473.0, 1684019474.0, 1684019475.0, 1684019476.0, 1684019477.0, 1684019478.0, 1684019479.0, 1684019480.0, 1684019481.0, 1684019482.0, 1684019483.0, 1684019484.0, 1684019485.0, 1684019486.0, 1684019487.0, 1684019488.0, 1684019489.0, 1684019490.0, 1684019491.0, 1684019492.0, 1684019493.0, 1684019494.0, 1684019495.0, 1684019496.0], "cpu_throttled_rate": [0.0, 0.0, 0.0, 0.0, 0.0, 0.0, 0.0, 0.0, 0.0, 0.0, 0.0, 0.0, 0.0, 0.0, 0.0, 0.0, 0.0, 0.0, 0.0, 0.0, 0.0, 0.0, 0.0, 0.0, 0.0, 0.0, 0.0, 0.0, 0.0, 0.0, 0.0, 0.0, 0.0, 0.0, 0.0, 0.0, 0.0, 0.0, 0.0, 0.0, 0.0, 0.0, 0.0, 0.0, 0.0, 0.0, 0.0, 0.0, 0.0, 0.0, 0.0, 0.0, 0.0, 0.0, 0.0], "time_cpu_throttled_rate": [1684019442.0, 1684019443.0, 1684019444.0, 1684019445.0, 1684019446.0, 1684019447.0, 1684019448.0, 1684019449.0, 1684019450.0, 1684019451.0, 1684019452.0, 1684019453.0, 1684019454.0, 1684019455.0, 1684019456.0, 1684019457.0, 1684019458.0, 1684019459.0, 1684019460.0, 1684019461.0, 1684019462.0, 1684019463.0, 1684019464.0, 1684019465.0, 1684019466.0, 1684019467.0, 1684019468.0, 1684019469.0, 1684019470.0, 1684019471.0, 1684019472.0, 1684019473.0, 1684019474.0, 1684019475.0, 1684019476.0, 1684019477.0, 1684019478.0, 1684019479.0, 1684019480.0, 1684019481.0, 1684019482.0, 1684019483.0, 1684019484.0, 1684019485.0, 1684019486.0, 1684019487.0, 1684019488.0, 1684019489.0, 1684019490.0, 1684019491.0, 1684019492.0, 1684019493.0, 1684019494.0, 1684019495.0, 1684019496.0],