{"cpu_usage_count": [0.049227163, 0.049227163, 0.049227163, 0.049227163, 0.049227163, 0.049227163, 0.049227163, 0.049227163, 0.049227163, 0.049227163, 0.049227163, 0.049227163, 0.049227163, 0.049227163, 0.049227163, 0.049227163, 0.049227163, 0.049227163, 0.049227163, 0.049227163, 0.049227163, 0.049227163, 0.049227163, 0.049227163, 0.049227163, 0.049227163, 0.049227163, 0.049227163, 0.049227163, 0.049227163, 16.519415684, 16.519415684, 16.519415684, 16.519415684, 16.519415684, 16.519415684, 16.519415684, 16.519415684, 16.519415684, 16.519415684, 16.519415684, 16.519415684, 16.519415684, 16.519415684, 16.519415684, 16.519415684, 16.519415684, 16.519415684, 16.519415684, 16.519415684, 16.519415684, 16.519415684, 16.519415684, 16.519415684, 16.519415684, 16.519415684, 16.519415684, 16.519415684, 16.519415684, 16.519415684, 44.479469984, 44.479469984, 44.479469984, 44.479469984, 44.479469984, 44.479469984, 44.479469984, 44.479469984, 44.479469984, 44.479469984, 44.479469984, 44.479469984, 44.479469984, 44.479469984, 44.479469984, 44.479469984, 44.479469984, 44.479469984, 44.479469984, 44.479469984, 44.479469984, 44.479469984, 44.479469984, 44.479469984, 44.479469984, 44.479469984, 44.479469984, 44.479469984, 44.479469984, 44.479469984, 52.387020122, 52.387020122, 52.387020122, 52.387020122, 52.387020122, 52.387020122, 52.387020122, 52.387020122, 52.387020122, 52.387020122, 52.387020122, 52.387020122, 52.387020122, 52.387020122, 52.387020122, 52.387020122, 52.387020122], "time_cpu_usage_count": [1684019532.0, 1684019533.0, 1684019534.0, 1684019535.0, 1684019536.0, 1684019537.0, 1684019538.0, 1684019539.0, 1684019540.0, 1684019541.0, 1684019542.0, 1684019543.0, 1684019544.0, 1684019545.0, 1684019546.0, 1684019547.0, 1684019548.0, 1684019549.0, 1684019550.0, 1684019551.0, 1684019552.0, 1684019553.0, 1684019554.0, 1684019555.0, 1684019556.0, 1684019557.0, 1684019558.0, 1684019559.0, 1684019560.0, 1684019561.0, 1684019562.0, 1684019563.0, 1684019564.0, 1684019565.0, 1684019566.0, 1684019567.0, 1684019568.0, 1684019569.0, 1684019570.0, 1684019571.0, 1684019572.0, 1684019573.0, 1684019574.0, 1684019575.0, 1684019576.0, 1684019577.0, 1684019578.0, 1684019579.0, 1684019580.0, 1684019581.0, 1684019582.0, 1684019583.0, 1684019584.0, 1684019585.0, 1684019586.0, 1684019587.0, 1684019588.0, 1684019589.0, 1684019590.0, 1684019591.0, 1684019592.0, 1684019593.0, 1684019594.0, 1684019595.0, 1684019596.0, 1684019597.0, 1684019598.0, 1684019599.0, 1684019600.0, 1684019601.0, 1684019602.0, 1684019603.0, 1684019604.0, 1684019605.0, 1684019606.0, 1684019607.0, 1684019608.0, 1684019609.0, 1684019610.0, 1684019611.0, 1684019612.0, 1684019613.0, 1684019614.0, 1684019615.0, 1684019616.0, 1684019617.0, 1684019618.0, 1684019619.0, 1684019620.0, 1684019621.0, 1684019622.0, 1684019623.0, 1684019624.0, 1684019625.0, 1684019626.0, 1684019627.0, 1684019628.0, 1684019629.0, 1684019630.0, 1684019631.0, 1684019632.0, 1684019633.0, 1684019634.0, 1684019635.0, 1684019636.0, 1684019637.0, 1684019638.0], "cpu_usage_rate": [0.18578778878044702, 0.19188785860303964, 0.19798792842563218, 0.2040879982482248, 0.21018806807081739, 0.21628813789340995, 0.22238820771600254, 0.22848827753859516, 0.23458834736118775, 0.2406884171837803, 0.2467884870063729, 0.25288855682896555, 0.2589886266515581, 0.2650886964741507, 0.2711887662967433, 0.2772888361193359, 0.2833889059419285, 0.28948897576452104, 0.2955890455871137, 0.3016891154097063, 0.3077891852322988, 0.3138892550548914, 0.31998932487748405, 0.32608939470007664, 0.3321894645226692, 0.33828953434526177, 0.3443896041678544, 0.350489673990447, 0.3565897438130396, 0.3626898136356322, 0.4972359441028346, 0.5054637668474642, 0.5136915895920938, 0.5219194123367236, 0.5301472350813532, 0.5383750578259828, 0.5466028805706125, 0.5548307033152421, 0.5630585260598716, 0.5712863488045014, 0.5795141715491309, 0.5877419942937605, 0.5959698170383901, 0.6041976397830199, 0.6124254625276495, 0.620653285272279, 0.6288811080169088, 0.6371089307615384, 0.6453367535061679, 0.6535645762507976, 0.6617923989954273, 0.6700202217400569, 0.6782480444846866, 0.6864758672293161, 0.6947036899739458, 0.7029315127185753, 0.7111593354632051, 0.7193871582078346, 0.7276149809524642, 0.735842803697094, 0.5845156700275456, 0.5911578189975456, 0.5977934073, 0.5977934073, 0.5977934073, 0.5977934073, 0.5977934073, 0.5977934073, 0.5977934073, 0.5977934073, 0.5977934073, 0.5977934073, 0.5977934073, 0.5977934073, 0.5977934073, 0.5977934073, 0.5977934073], "time_cpu_usage_rate": [1684019562.0, 1684019563.0, 1684019564.0, 1684019565.0, 1684019566.0, 1684019567.0, 1684019568.0, 1684019569.0, 1684019570.0, 1684019571.0, 1684019572.0, 1684019573.0, 1684019574.0, 1684019575.0, 1684019576.0, 1684019577.0, 1684019578.0, 1684019579.0, 1684019580.0, 1684019581.0, 1684019582.0, 1684019583.0, 1684019584.0, 1684019585.0, 1684019586.0, 1684019587.0, 1684019588.0, 1684019589.0, 1684019590.0, 1684019591.0, 1684019592.0, 1684019593.0, 1684019594.0, 1684019595.0, 1684019596.0, 1684019597.0, 1684019598.0, 1684019599.0, 1684019600.0, 1684019601.0, 1684019602.0, 1684019603.0, 1684019604.0, 1684019605.0, 1684019606.0, 1684019607.0, 1684019608.0, 1684019609.0, 1684019610.0, 1684019611.0, 1684019612.0, 1684019613.0, 1684019614.0, 1684019615.0, 1684019616.0, 1684019617.0, 1684019618.0, 1684019619.0, 1684019620.0, 1684019621.0, 1684019622.0, 1684019623.0, 1684019624.0, 1684019625.0, 1684019626.0, 1684019627.0, 1684019628.0, 1684019629.0, 1684019630.0, 1684019631.0, 1684019632.0, 1684019633.0, 1684019634.0, 1684019635.0, 1684019636.0, 1684019637.0, 1684019638.0], "cpu_throttled_count": [0.0, 0.0, 0.0, 0.0, 0.0, 0.0, 0.0, 0.0, 0.0, 0.0, 0.0, 0.0, 0.0, 0.0, 0.0, 0.0, 0.0, 0.0, 0.0, 0.0, 0.0, 0.0, 0.0, 0.0, 0.0, 0.0, 0.0, 0.0, 0.0, 0.0, 13.768952068, 13.768952068, 13.768952068, 13.768952068, 13.768952068, 13.768952068, 13.768952068, 13.768952068, 13.768952068, 13.768952068, 13.768952068, 13.768952068, 13.768952068, 13.768952068, 13.768952068, 13.768952068, 13.768952068, 13.768952068, 13.768952068, 13.768952068, 13.768952068, 13.768952068, 13.768952068, 13.768952068, 13.768952068, 13.768952068, 13.768952068, 13.768952068, 13.768952068, 13.768952068, 13.895637323, 13.895637323, 13.895637323, 13.895637323, 13.895637323, 13.895637323, 13.895637323, 13.895637323, 13.895637323, 13.895637323, 13.895637323, 13.895637323, 13.895637323, 13.895637323, 13.895637323, 13.895637323, 13.895637323, 13.895637323, 13.895637323, 13.895637323, 13.895637323, 13.895637323, 13.895637323, 13.895637323, 13.895637323, 13.895637323, 13.895637323, 13.895637323, 13.895637323, 13.895637323, 13.923102831, 13.923102831, 13.923102831, 13.923102831, 13.923102831, 13.923102831, 13.923102831, 13.923102831, 13.923102831, 13.923102831, 13.923102831, 13.923102831, 13.923102831, 13.923102831, 13.923102831, 13.923102831, 13.923102831],