{"cpu_usage_count": [0.031427182, 0.031427182, 0.031427182, 0.031427182, 0.031427182, 0.031427182, 0.031427182, 0.031427182, 0.031427182, 0.031427182, 0.031427182, 0.031427182, 0.031427182, 0.031427182, 0.031427182, 0.031427182, 0.031427182, 0.031427182, 0.031427182, 0.031427182, 0.031427182, 0.031427182, 0.031427182, 0.031427182, 0.031427182, 0.031427182, 0.031427182, 0.031427182, 0.031427182, 0.031427182, 5.539703994, 5.539703994, 5.539703994, 5.539703994, 5.539703994, 5.539703994, 5.539703994, 5.539703994, 5.539703994, 5.539703994, 5.539703994, 5.539703994, 5.539703994, 5.539703994, 5.539703994, 5.539703994, 5.539703994, 5.539703994, 5.539703994, 5.539703994, 5.539703994, 5.539703994, 5.539703994, 5.539703994, 5.539703994, 5.539703994, 5.539703994, 5.539703994, 5.539703994, 5.539703994, 58.372301714, 58.372301714, 58.372301714, 58.372301714, 58.372301714, 58.372301714, 58.372301714, 58.372301714, 58.372301714, 58.372301714, 58.372301714, 58.372301714, 58.372301714, 58.372301714, 58.372301714, 58.372301714, 58.372301714, 58.372301714, 58.372301714, 58.372301714, 58.372301714, 58.372301714, 58.372301714, 58.372301714, 58.372301714, 58.372301714, 58.372301714, 58.372301714, 58.372301714, 58.372301714, 58.524832037, 58.524832037, 58.524832037, 58.524832037, 58.524832037, 58.524832037, 58.524832037, 58.524832037, 58.524832037, 58.524832037, 58.524832037, 58.524832037, 58.524832037, 58.524832037, 58.524832037, 58.524832037, 58.524832037, 58.524832037, 58.524832037, 58.524832037, 58.524832037], "time_cpu_usage_count": [1684019682.0, 1684019683.0, 1684019684.0, 1684019685.0, 1684019686.0, 1684019687.0, 1684019688.0, 1684019689.0, 1684019690.0, 1684019691.0, 1684019692.0, 1684019693.0, 1684019694.0, 1684019695.0, 1684019696.0, 1684019697.0, 1684019698.0, 1684019699.0, 1684019700.0, 1684019701.0, 1684019702.0, 1684019703.0, 1684019704.0, 1684019705.0, 1684019706.0, 1684019707.0, 1684019708.0, 1684019709.0, 1684019710.0, 1684019711.0, 1684019712.0, 1684019713.0, 1684019714.0, 1684019715.0, 1684019716.0, 1684019717.0, 1684019718.0, 1684019719.0, 1684019720.0, 1684019721.0, 1684019722.0, 1684019723.0, 1684019724.0, 1684019725.0, 1684019726.0, 1684019727.0, 1684019728.0, 1684019729.0, 1684019730.0, 1684019731.0, 1684019732.0, 1684019733.0, 1684019734.0, 1684019735.0, 1684019736.0, 1684019737.0, 1684019738.0, 1684019739.0, 1684019740.0, 1684019741.0, 1684019742.0, 1684019743.0, 1684019744.0, 1684019745.0, 1684019746.0, 1684019747.0, 1684019748.0, 1684019749.0, 1684019750.0, 1684019751.0, 1684019752.0, 1684019753.0, 1684019754.0, 1684019755.0, 1684019756.0, 1684019757.0, 1684019758.0, 1684019759.0, 1684019760.0, 1684019761.0, 1684019762.0, 1684019763.0, 1684019764.0, 1684019765.0, 1684019766.0, 1684019767.0, 1684019768.0, 1684019769.0, 1684019770.0, 1684019771.0, 1684019772.0, 1684019773.0, 1684019774.0, 1684019775.0, 1684019776.0, 1684019777.0, 1684019778.0, 1684019779.0, 1684019780.0, 1684019781.0, 1684019782.0, 1684019783.0, 1684019784.0, 1684019785.0, 1684019786.0, 1684019787.0, 1684019788.0, 1684019789.0, 1684019790.0, 1684019791.0, 1684019792.0], "cpu_usage_rate": [0.062300984225927405, 0.06434108674889037, 0.06638118927185332, 0.06842129179481629, 0.07046139431777926, 0.07250149684074221, 0.07454159936370518, 0.07658170188666813, 0.07862180440963111, 0.08066190693259406, 0.08270200945555704, 0.08474211197851998, 0.08678221450148296, 0.08882231702444593, 0.0908624195474089, 0.09290252207037185, 0.09494262459333482, 0.09698272711629777, 0.09902282963926073, 0.1010629321622237, 0.10310303468518665, 0.10514313720814962, 0.10718323973111257, 0.10922334225407557, 0.1112634447770385, 0.11330354730000149, 0.11534364982296444, 0.1173837523459274, 0.11942385486889037, 0.12146395739185332, 0.6525461488506008, 0.6633500145046748, 0.6741538801587489, 0.6849577458128229, 0.6957616114668971, 0.7065654771209711, 0.7173693427750452, 0.7281732084291193, 0.7389770740831934, 0.7497809397372674, 0.7605848053913414, 0.7713886710454158, 0.7821925366994896, 0.7929964023535637, 0.8038002680076377, 0.814604133661712, 0.8254079993157859, 0.83621186496986, 0.8470157306239341, 0.8578195962780083, 0.8686234619320822, 0.8794273275861563, 0.8902311932402304, 0.9010350588943046, 0.9118389245483784, 0.9226427902024525, 0.9334466558565268, 0.9442505215106008, 0.9550543871646747, 0.9658582528187488, 0.6538769378169966, 0.6636889985657003, 0.673501059314404, 0.6833131200631077, 0.6931251808118114, 0.7029372415605151, 0.7127493023092187, 0.7225613630579226, 0.7323734238066262, 0.74218548455533, 0.7519975453040336, 0.7618096060527374, 0.7716216668014411, 0.7814337275501447, 0.7912457882988485, 0.8010578490475523, 0.8108699097962558, 0.8206819705449594, 0.8304940312936634, 0.840306092042367, 0.8501181527910707], "time_cpu_usage_rate": [1684019712.0, 1684019713.0, 1684019714.0, 1684019715.0, 1684019716.0, 1684019717.0, 1684019718.0, 1684019719.0, 1684019720.0, 1684019721.0, 1684019722.0, 1684019723.0, 1684019724.0, 1684019725.0, 1684019726.0, 1684019727.0, 1684019728.0, 1684019729.0, 1684019730.0, 1684019731.0, 1684019732.0, 1684019733.0, 1684019734.0, 1684019735.0, 1684019736.0, 1684019737.0, 1684019738.0, 1684019739.0, 1684019740.0, 1684019741.0, 1684019742.0, 1684019743.0, 1684019744.0, 1684019745.0, 1684019746.0, 1684019747.0, 1684019748.0, 1684019749.0, 1684019750.0, 1684019751.0, 1684019752.0, 1684019753.0, 1684019754.0, 1684019755.0, 1684019756.0, 1684019757.0, 1684019758.0, 1684019759.0, 1684019760.0, 1684019761.0, 1684019762.0, 1684019763.0, 1684019764.0, 1684019765.0, 1684019766.0, 1684019767.0, 1684019768.0, 1684019769.0, 1684019770.0, 1684019771.0, 1684019772.0, 1684019773.0, 1684019774.0, 1684019775.0, 1684019776.0, 1684019777.0, 1684019778.0, 1684019779.0, 1684019780.0, 1684019781.0, 1684019782.0, 1684019783.0, 1684019784.0, 1684019785.0, 1684019786.0, 1684019787.0, 1684019788.0, 1684019789.0, 1684019790.0, 1684019791.0, 1684019792.0], "cpu_throttled_count": [0.0, 0.0, 0.0, 0.0, 0.0, 0.0, 0.0, 0.0, 0.0, 0.0, 0.0, 0.0, 0.0, 0.0, 0.0, 0.0, 0.0, 0.0, 0.0, 0.0, 0.0, 0.0, 0.0, 0.0, 0.0, 0.0, 0.0, 0.0, 0.0, 0.0, 8.063730584, 8.063730584, 8.063730584, 8.063730584, 8.063730584, 8.063730584, 8.063730584, 8.063730584, 8.063730584, 8.063730584, 8.063730584, 8.063730584, 8.063730584, 8.063730584, 8.063730584, 8.063730584, 8.063730584, 8.063730584, 8.063730584, 8.063730584, 8.063730584, 8.063730584, 8.063730584, 8.063730584, 8.063730584, 8.063730584, 8.063730584, 8.063730584, 8.063730584, 8.063730584, 8.140053853, 8.140053853, 8.140053853, 8.140053853, 8.140053853, 8.140053853, 8.140053853, 8.140053853, 8.140053853, 8.140053853, 8.140053853, 8.140053853, 8.140053853, 8.140053853, 8.140053853, 8.140053853, 8.140053853, 8.140053853, 8.140053853, 8.140053853, 8.140053853, 8.140053853, 8.140053853, 8.140053853, 8.140053853, 8.140053853, 8.140053853, 8.140053853, 8.140053853, 8.140053853, 8.140053853, 8.140053853, 8.140053853, 8.140053853, 8.140053853, 8.140053853, 8.140053853, 8.140053853, 8.140053853, 8.140053853, 8.140053853, 8.140053853, 8.140053853, 8.140053853, 8.140053853, 8.140053853, 8.140053853, 8.140053853, 8.140053853, 8.140053853, 8.140053853],