{"cpu_usage_count": [0.04219663, 0.04219663, 0.04219663, 0.04219663, 0.04219663, 0.04219663, 0.04219663, 0.04219663, 0.04219663, 0.04219663, 0.04219663, 0.04219663, 0.04219663, 0.04219663, 0.04219663, 0.04219663, 0.04219663, 0.04219663, 0.04219663, 0.04219663, 0.04219663, 0.04219663, 0.04219663, 0.04219663, 0.04219663, 0.04219663, 0.04219663, 0.04219663, 0.04219663, 0.04219663, 42.848467562, 42.848467562, 42.848467562, 42.848467562, 42.848467562, 42.848467562, 42.848467562, 42.848467562, 42.848467562, 42.848467562, 42.848467562, 42.848467562, 42.848467562, 42.848467562, 42.848467562, 42.848467562, 42.848467562, 42.848467562, 42.848467562, 42.848467562, 42.848467562, 42.848467562, 42.848467562, 42.848467562, 42.848467562, 42.848467562, 42.848467562, 42.848467562, 42.848467562, 42.848467562, 71.467686808, 71.467686808, 71.467686808, 71.467686808, 71.467686808, 71.467686808, 71.467686808, 71.467686808, 71.467686808, 71.467686808, 71.467686808, 71.467686808, 71.467686808, 71.467686808, 71.467686808, 71.467686808, 71.467686808, 71.467686808, 71.467686808, 71.467686808, 71.467686808, 71.467686808, 71.467686808, 71.467686808, 71.467686808, 71.467686808, 71.467686808, 71.467686808, 71.467686808, 71.467686808, 71.630277056, 71.630277056, 71.630277056, 71.630277056, 71.630277056, 71.630277056, 71.630277056, 71.630277056, 71.630277056, 71.630277056, 71.630277056, 71.630277056, 71.630277056, 71.630277056], "time_cpu_usage_count": [1684019832.0, 1684019833.0, 1684019834.0, 1684019835.0, 1684019836.0, 1684019837.0, 1684019838.0, 1684019839.0, 1684019840.0, 1684019841.0, 1684019842.0, 1684019843.0, 1684019844.0, 1684019845.0, 1684019846.0, 1684019847.0, 1684019848.0, 1684019849.0, 1684019850.0, 1684019851.0, 1684019852.0, 1684019853.0, 1684019854.0, 1684019855.0, 1684019856.0, 1684019857.0, 1684019858.0, 1684019859.0, 1684019860.0, 1684019861.0, 1684019862.0, 1684019863.0, 1684019864.0, 1684019865.0, 1684019866.0, 1684019867.0, 1684019868.0, 1684019869.0, 1684019870.0, 1684019871.0, 1684019872.0, 1684019873.0, 1684019874.0, 1684019875.0, 1684019876.0, 1684019877.0, 1684019878.0, 1684019879.0, 1684019880.0, 1684019881.0, 1684019882.0, 1684019883.0, 1684019884.0, 1684019885.0, 1684019886.0, 1684019887.0, 1684019888.0, 1684019889.0, 1684019890.0, 1684019891.0, 1684019892.0, 1684019893.0, 1684019894.0, 1684019895.0, 1684019896.0, 1684019897.0, 1684019898.0, 1684019899.0, 1684019900.0, 1684019901.0, 1684019902.0, 1684019903.0, 1684019904.0, 1684019905.0, 1684019906.0, 1684019907.0, 1684019908.0, 1684019909.0, 1684019910.0, 1684019911.0, 1684019912.0, 1684019913.0, 1684019914.0, 1684019915.0, 1684019916.0, 1684019917.0, 1684019918.0, 1684019919.0, 1684019920.0, 1684019921.0, 1684019922.0, 1684019923.0, 1684019924.0, 1684019925.0, 1684019926.0, 1684019927.0, 1684019928.0, 1684019929.0, 1684019930.0, 1684019931.0, 1684019932.0, 1684019933.0, 1684019934.0, 1684019935.0], "cpu_usage_rate": [0.4819125660340905, 0.4977667404533496, 0.513620914872609, 0.5294750892918682, 0.5453292637111274, 0.5611834381303866, 0.5770376125496459, 0.5928917869689052, 0.6087459613881645, 0.6246001358074238, 0.640454310226683, 0.6563084846459424, 0.6721626590652015, 0.6880168334844609, 0.70387100790372, 0.7197251823229793, 0.7355793567422386, 0.7514335311614979, 0.7672877055807571, 0.7831418800000164, 0.7989960544192757, 0.814850228838535, 0.830704403257794, 0.8465585776770533, 0.8624127520963126, 0.8782669265155719, 0.8941211009348312, 0.9099752753540904, 0.9258294497733497, 0.941683624192609, 0.7989396969213565, 0.812166639546912, 0.8253935821724677, 0.8386205247980232, 0.8518474674235789, 0.8650744100491343, 0.8783013526746899, 0.8915282953002455, 0.904755237925801, 0.9179821805513566, 0.9312091231769121, 0.9444360658024676, 0.9576630084280233, 0.9708899510535788, 0.9841168936791344, 0.99734383630469, 1.0105707789302456, 1.023797721555801, 1.0370246641813565, 1.0502516068069123, 1.0634785494324677, 1.076705492058023, 1.0899324346835786, 1.1031593773091344, 1.1163863199346897, 1.1296132625602453, 1.1428402051858009, 1.1560671478113564, 1.169294090436912, 1.1825210330624676, 0.47969682489999993, 0.47969682489999993, 0.47969682489999993, 0.47969682489999993, 0.47969682489999993, 0.47969682489999993, 0.47969682489999993, 0.47969682489999993, 0.47969682489999993, 0.47969682489999993, 0.47969682489999993, 0.47969682489999993, 0.47969682489999993, 0.47969682489999993], "time_cpu_usage_rate": [1684019862.0, 1684019863.0, 1684019864.0, 1684019865.0, 1684019866.0, 1684019867.0, 1684019868.0, 1684019869.0, 1684019870.0, 1684019871.0, 1684019872.0, 1684019873.0, 1684019874.0, 1684019875.0, 1684019876.0, 1684019877.0, 1684019878.0, 1684019879.0, 1684019880.0, 1684019881.0, 1684019882.0, 1684019883.0, 1684019884.0, 1684019885.0, 1684019886.0, 1684019887.0, 1684019888.0, 1684019889.0, 1684019890.0, 1684019891.0, 1684019892.0, 1684019893.0, 1684019894.0, 1684019895.0, 1684019896.0, 1684019897.0, 1684019898.0, 1684019899.0, 1684019900.0, 1684019901.0, 1684019902.0, 1684019903.0, 1684019904.0, 1684019905.0, 1684019906.0, 1684019907.0, 1684019908.0, 1684019909.0, 1684019910.0, 1684019911.0, 1684019912.0, 1684019913.0, 1684019914.0, 1684019915.0, 1684019916.0, 1684019917.0, 1684019918.0, 1684019919.0, 1684019920.0, 1684019921.0, 1684019922.0, 1684019923.0, 1684019924.0, 1684019925.0, 1684019926.0, 1684019927.0, 1684019928.0, 1684019929.0, 1684019930.0, 1684019931.0, 1684019932.0, 1684019933.0, 1684019934.0, 1684019935.0], "cpu_throttled_count": [0.0, 0.0, 0.0, 0.0, 0.0, 0.0, 0.0, 0.0, 0.0, 0.0, 0.0, 0.0, 0.0, 0.0, 0.0, 0.0, 0.0, 0.0, 0.0, 0.0, 0.0, 0.0, 0.0, 0.0, 0.0, 0.0, 0.0, 0.0, 0.0, 0.0, 9.088578599, 9.088578599, 9.088578599, 9.088578599, 9.088578599, 9.088578599, 9.088578599, 9.088578599, 9.088578599, 9.088578599, 9.088578599, 9.088578599, 9.088578599, 9.088578599, 9.088578599, 9.088578599, 9.088578599, 9.088578599, 9.088578599, 9.088578599, 9.088578599, 9.088578599, 9.088578599, 9.088578599, 9.088578599, 9.088578599, 9.088578599, 9.088578599, 9.088578599, 9.088578599, 9.088578599, 9.088578599, 9.088578599, 9.088578599, 9.088578599, 9.088578599, 9.088578599, 9.088578599, 9.088578599, 9.088578599, 9.088578599, 9.088578599, 9.088578599, 9.088578599, 9.088578599, 9.088578599, 9.088578599, 9.088578599, 9.088578599, 9.088578599, 9.088578599, 9.088578599, 9.088578599, 9.088578599, 9.088578599, 9.088578599, 9.088578599, 9.088578599, 9.088578599, 9.088578599, 9.088578599, 9.088578599, 9.088578599, 9.088578599, 9.088578599, 9.088578599, 9.088578599, 9.088578599, 9.088578599, 9.088578599, 9.088578599, 9.088578599, 9.088578599, 9.088578599],