{"cpu_usage_count": [0.165469056, 0.165469056, 0.165469056, 0.165469056, 0.165469056, 0.165469056, 0.165469056, 0.165469056, 0.165469056, 0.165469056, 0.165469056, 0.165469056, 0.165469056, 0.165469056, 0.165469056, 0.165469056, 0.165469056, 0.165469056, 0.165469056, 0.165469056, 0.165469056, 0.165469056, 0.165469056, 0.165469056, 0.165469056, 0.165469056, 0.165469056, 0.165469056, 0.165469056, 0.165469056, 8.455457686, 8.455457686, 8.455457686, 8.455457686, 8.455457686, 8.455457686, 8.455457686, 8.455457686, 8.455457686, 8.455457686, 8.455457686, 8.455457686, 8.455457686, 8.455457686, 8.455457686, 8.455457686, 8.455457686, 8.455457686, 8.455457686, 8.455457686, 8.455457686, 8.455457686, 8.455457686, 8.455457686, 8.455457686, 8.455457686, 8.455457686, 8.455457686, 8.455457686, 8.455457686, 92.7517862, 92.7517862, 92.7517862, 92.7517862, 92.7517862, 92.7517862, 92.7517862, 92.7517862, 92.7517862, 92.7517862, 92.7517862, 92.7517862, 92.7517862, 92.7517862, 92.7517862, 92.7517862, 92.7517862, 92.7517862, 92.7517862, 92.7517862, 92.7517862, 92.7517862, 92.7517862, 92.7517862, 92.7517862, 92.7517862, 92.7517862, 92.7517862, 92.7517862, 92.7517862, 92.890749926, 92.890749926, 92.890749926, 92.890749926, 92.890749926, 92.890749926, 92.890749926, 92.890749926, 92.890749926, 92.890749926, 92.890749926, 92.890749926, 92.890749926, 92.890749926, 92.890749926, 92.890749926, 92.890749926, 92.890749926], "time_cpu_usage_count": [1684019982.0, 1684019983.0, 1684019984.0, 1684019985.0, 1684019986.0, 1684019987.0, 1684019988.0, 1684019989.0, 1684019990.0, 1684019991.0, 1684019992.0, 1684019993.0, 1684019994.0, 1684019995.0, 1684019996.0, 1684019997.0, 1684019998.0, 1684019999.0, 1684020000.0, 1684020001.0, 1684020002.0, 1684020003.0, 1684020004.0, 1684020005.0, 1684020006.0, 1684020007.0, 1684020008.0, 1684020009.0, 1684020010.0, 1684020011.0, 1684020012.0, 1684020013.0, 1684020014.0, 1684020015.0, 1684020016.0, 1684020017.0, 1684020018.0, 1684020019.0, 1684020020.0, 1684020021.0, 1684020022.0, 1684020023.0, 1684020024.0, 1684020025.0, 1684020026.0, 1684020027.0, 1684020028.0, 1684020029.0, 1684020030.0, 1684020031.0, 1684020032.0, 1684020033.0, 1684020034.0, 1684020035.0, 1684020036.0, 1684020037.0, 1684020038.0, 1684020039.0, 1684020040.0, 1684020041.0, 1684020042.0, 1684020043.0, 1684020044.0, 1684020045.0, 1684020046.0, 1684020047.0, 1684020048.0, 1684020049.0, 1684020050.0, 1684020051.0, 1684020052.0, 1684020053.0, 1684020054.0, 1684020055.0, 1684020056.0, 1684020057.0, 1684020058.0, 1684020059.0, 1684020060.0, 1684020061.0, 1684020062.0, 1684020063.0, 1684020064.0, 1684020065.0, 1684020066.0, 1684020067.0, 1684020068.0, 1684020069.0, 1684020070.0, 1684020071.0, 1684020072.0, 1684020073.0, 1684020074.0, 1684020075.0, 1684020076.0, 1684020077.0, 1684020078.0, 1684020079.0, 1684020080.0, 1684020081.0, 1684020082.0, 1684020083.0, 1684020084.0, 1684020085.0, 1684020086.0, 1684020087.0, 1684020088.0, 1684020089.0], "cpu_usage_rate": [0.09507635422489263, 0.09814672038415188, 0.10121708654341115, 0.1042874527026704, 0.10735781886192966, 0.11042818502118891, 0.11349855118044819, 0.11656891733970744, 0.1196392834989667, 0.12270964965822595, 0.1257800158174852, 0.12885038197674448, 0.13192074813600374, 0.13499111429526298, 0.13806148045452224, 0.14113184661378153, 0.14420221277304077, 0.14727257893230003, 0.1503429450915593, 0.15341331125081856, 0.1564836774100778, 0.15955404356933706, 0.16262440972859632, 0.16569477588785558, 0.16876514204711485, 0.1718355082063741, 0.17490587436563335, 0.17797624052489264, 0.18104660668415187, 0.18411697284341114, 1.036867842665157, 1.0540134569510828, 1.0711590712370087, 1.0883046855229346, 1.1054502998088607, 1.1225959140947865, 1.1397415283807124, 1.1568871426666383, 1.1740327569525644, 1.19117837123849, 1.208323985524416, 1.225469599810342, 1.242615214096268, 1.2597608283821937, 1.2769064426681198, 1.294052056954046, 1.3111976712399718, 1.3283432855258974, 1.3454888998118233, 1.3626345140977494, 1.3797801283836755, 1.3969257426696011, 1.414071356955527, 1.431216971241453, 1.4483625855273792, 1.465508199813305, 1.482653814099231, 1.4997994283851568, 1.5169450426710827, 1.5340906569570087, 1.0378579162614965, 1.053494081491126, 1.0691302467207555, 1.0847664119503853, 1.100402577180015, 1.1160387424096447, 1.131674907639274, 1.1473110728689035, 1.1629472380985335, 1.178583403328163, 1.1942195685577928, 1.2098557337874223, 1.225491899017052, 1.2411280642466815, 1.2567642294763113, 1.272400394705941, 1.2880365599355705, 1.3036727251652], "time_cpu_usage_rate": [1684020012.0, 1684020013.0, 1684020014.0, 1684020015.0, 1684020016.0, 1684020017.0, 1684020018.0, 1684020019.0, 1684020020.0, 1684020021.0, 1684020022.0, 1684020023.0, 1684020024.0, 1684020025.0, 1684020026.0, 1684020027.0, 1684020028.0, 1684020029.0, 1684020030.0, 1684020031.0, 1684020032.0, 1684020033.0, 1684020034.0, 1684020035.0, 1684020036.0, 1684020037.0, 1684020038.0, 1684020039.0, 1684020040.0, 1684020041.0, 1684020042.0, 1684020043.0, 1684020044.0, 1684020045.0, 1684020046.0, 1684020047.0, 1684020048.0, 1684020049.0, 1684020050.0, 1684020051.0, 1684020052.0, 1684020053.0, 1684020054.0, 1684020055.0, 1684020056.0, 1684020057.0, 1684020058.0, 1684020059.0, 1684020060.0, 1684020061.0, 1684020062.0, 1684020063.0, 1684020064.0, 1684020065.0, 1684020066.0, 1684020067.0, 1684020068.0, 1684020069.0, 1684020070.0, 1684020071.0, 1684020072.0, 1684020073.0, 1684020074.0, 1684020075.0, 1684020076.0, 1684020077.0, 1684020078.0, 1684020079.0, 1684020080.0, 1684020081.0, 1684020082.0, 1684020083.0, 1684020084.0, 1684020085.0, 1684020086.0, 1684020087.0, 1684020088.0, 1684020089.0], "cpu_throttled_count": [0.0, 0.0, 0.0, 0.0, 0.0, 0.0, 0.0, 0.0, 0.0, 0.0, 0.0, 0.0, 0.0, 0.0, 0.0, 0.0, 0.0, 0.0, 0.0, 0.0, 0.0, 0.0, 0.0, 0.0, 0.0, 0.0, 0.0, 0.0, 0.0, 0.0, 5.712145683, 5.712145683, 5.712145683, 5.712145683, 5.712145683, 5.712145683, 5.712145683, 5.712145683, 5.712145683, 5.712145683, 5.712145683, 5.712145683, 5.712145683, 5.712145683, 5.712145683, 5.712145683, 5.712145683, 5.712145683, 5.712145683, 5.712145683, 5.712145683, 5.712145683, 5.712145683, 5.712145683, 5.712145683, 5.712145683, 5.712145683, 5.712145683, 5.712145683, 5.712145683, 5.712145683, 5.712145683, 5.712145683, 5.712145683, 5.712145683, 5.712145683, 5.712145683, 5.712145683, 5.712145683, 5.712145683, 5.712145683, 5.712145683, 5.712145683, 5.712145683, 5.712145683, 5.712145683, 5.712145683, 5.712145683, 5.712145683, 5.712145683, 5.712145683, 5.712145683, 5.712145683, 5.712145683, 5.712145683, 5.712145683, 5.712145683, 5.712145683, 5.712145683, 5.712145683, 5.712145683, 5.712145683, 5.712145683, 5.712145683, 5.712145683, 5.712145683, 5.712145683, 5.712145683, 5.712145683, 5.712145683, 5.712145683, 5.712145683, 5.712145683, 5.712145683, 5.712145683, 5.712145683, 5.712145683, 5.712145683],