{"cpu_usage_count": [0.048506455, 0.048506455, 0.048506455, 0.048506455, 0.048506455, 0.048506455, 0.048506455, 0.048506455, 0.048506455, 0.048506455, 0.048506455, 0.048506455, 0.048506455, 0.048506455, 0.048506455, 0.048506455, 0.048506455, 0.048506455, 0.048506455, 0.048506455, 0.048506455, 0.048506455, 0.048506455, 0.048506455, 0.048506455, 0.048506455, 0.048506455, 0.048506455, 0.048506455, 0.048506455, 17.703630507, 17.703630507, 17.703630507, 17.703630507, 17.703630507, 17.703630507, 17.703630507, 17.703630507, 17.703630507, 17.703630507, 17.703630507, 17.703630507, 17.703630507, 17.703630507, 17.703630507, 17.703630507, 17.703630507, 17.703630507, 17.703630507, 17.703630507, 17.703630507, 17.703630507, 17.703630507, 17.703630507, 17.703630507, 17.703630507, 17.703630507, 17.703630507, 17.703630507, 17.703630507, 42.129255405, 42.129255405, 42.129255405, 42.129255405, 42.129255405, 42.129255405, 42.129255405, 42.129255405, 42.129255405, 42.129255405, 42.129255405, 42.129255405, 42.129255405, 42.129255405, 42.129255405, 42.129255405, 42.129255405, 42.129255405, 42.129255405, 42.129255405, 42.129255405, 42.129255405, 42.129255405, 42.129255405, 42.129255405, 42.129255405, 42.129255405, 42.129255405, 42.129255405, 42.129255405, 48.701459624, 48.701459624, 48.701459624, 48.701459624, 48.701459624, 48.701459624, 48.701459624, 48.701459624, 48.701459624, 48.701459624], "time_cpu_usage_count": [1684020132.0, 1684020133.0, 1684020134.0, 1684020135.0, 1684020136.0, 1684020137.0, 1684020138.0, 1684020139.0, 1684020140.0, 1684020141.0, 1684020142.0, 1684020143.0, 1684020144.0, 1684020145.0, 1684020146.0, 1684020147.0, 1684020148.0, 1684020149.0, 1684020150.0, 1684020151.0, 1684020152.0, 1684020153.0, 1684020154.0, 1684020155.0, 1684020156.0, 1684020157.0, 1684020158.0, 1684020159.0, 1684020160.0, 1684020161.0, 1684020162.0, 1684020163.0, 1684020164.0, 1684020165.0, 1684020166.0, 1684020167.0, 1684020168.0, 1684020169.0, 1684020170.0, 1684020171.0, 1684020172.0, 1684020173.0, 1684020174.0, 1684020175.0, 1684020176.0, 1684020177.0, 1684020178.0, 1684020179.0, 1684020180.0, 1684020181.0, 1684020182.0, 1684020183.0, 1684020184.0, 1684020185.0, 1684020186.0, 1684020187.0, 1684020188.0, 1684020189.0, 1684020190.0, 1684020191.0, 1684020192.0, 1684020193.0, 1684020194.0, 1684020195.0, 1684020196.0, 1684020197.0, 1684020198.0, 1684020199.0, 1684020200.0, 1684020201.0, 1684020202.0, 1684020203.0, 1684020204.0, 1684020205.0, 1684020206.0, 1684020207.0, 1684020208.0, 1684020209.0, 1684020210.0, 1684020211.0, 1684020212.0, 1684020213.0, 1684020214.0, 1684020215.0, 1684020216.0, 1684020217.0, 1684020218.0, 1684020219.0, 1684020220.0, 1684020221.0, 1684020222.0, 1684020223.0, 1684020224.0, 1684020225.0, 1684020226.0, 1684020227.0, 1684020228.0, 1684020229.0, 1684020230.0, 1684020231.0], "cpu_usage_rate": [0.19910679471743853, 0.20564572955151258, 0.21218466438558667, 0.21872359921966078, 0.22526253405373484, 0.23180146888780892, 0.23834040372188298, 0.2448793385559571, 0.25141827339003114, 0.25795720822410523, 0.26449614305817926, 0.2710350778922534, 0.2775740127263274, 0.2841129475604015, 0.29065188239447554, 0.2971908172285496, 0.3037297520626237, 0.3102686868966978, 0.31680762173077187, 0.32334655656484595, 0.32988549139892004, 0.3364244262329941, 0.3429633610670682, 0.34950229590114223, 0.3560412307352163, 0.36258016556929035, 0.3691191004033645, 0.3756580352374385, 0.38219697007151265, 0.3887359049055867, 0.47096277021567595, 0.47875550150271295, 0.48654823278975, 0.494340964076787, 0.5021336953638241, 0.5099264266508612, 0.5177191579378982, 0.5255118892249352, 0.5333046205119722, 0.5410973517990093, 0.5488900830860464, 0.5566828143730833, 0.5644755456601204, 0.5722682769471574, 0.5800610082341945, 0.5878537395212314, 0.5956464708082686, 0.6034392020953055, 0.6112319333823426, 0.6190246646693797, 0.6268173959564167, 0.6346101272434537, 0.6424028585304907, 0.6501955898175278, 0.6579883211045648, 0.6657810523916019, 0.673573783678639, 0.6813665149656759, 0.6891592462527131, 0.69695197753975, 0.5166304852833333, 0.5166304852833333, 0.5166304852833333, 0.5166304852833333, 0.5166304852833333, 0.5166304852833333, 0.5166304852833333, 0.5166304852833333, 0.5166304852833333, 0.5166304852833333], "time_cpu_usage_rate": [1684020162.0, 1684020163.0, 1684020164.0, 1684020165.0, 1684020166.0, 1684020167.0, 1684020168.0, 1684020169.0, 1684020170.0, 1684020171.0, 1684020172.0, 1684020173.0, 1684020174.0, 1684020175.0, 1684020176.0, 1684020177.0, 1684020178.0, 1684020179.0, 1684020180.0, 1684020181.0, 1684020182.0, 1684020183.0, 1684020184.0, 1684020185.0, 1684020186.0, 1684020187.0, 1684020188.0, 1684020189.0, 1684020190.0, 1684020191.0, 1684020192.0, 1684020193.0, 1684020194.0, 1684020195.0, 1684020196.0, 1684020197.0, 1684020198.0, 1684020199.0, 1684020200.0, 1684020201.0, 1684020202.0, 1684020203.0, 1684020204.0, 1684020205.0, 1684020206.0, 1684020207.0, 1684020208.0, 1684020209.0, 1684020210.0, 1684020211.0, 1684020212.0, 1684020213.0, 1684020214.0, 1684020215.0, 1684020216.0, 1684020217.0, 1684020218.0, 1684020219.0, 1684020220.0, 1684020221.0, 1684020222.0, 1684020223.0, 1684020224.0, 1684020225.0, 1684020226.0, 1684020227.0, 1684020228.0, 1684020229.0, 1684020230.0, 1684020231.0], "cpu_throttled_count": [0.0, 0.0, 0.0, 0.0, 0.0, 0.0, 0.0, 0.0, 0.0, 0.0, 0.0, 0.0, 0.0, 0.0, 0.0, 0.0, 0.0, 0.0, 0.0, 0.0, 0.0, 0.0, 0.0, 0.0, 0.0, 0.0, 0.0, 0.0, 0.0, 0.0, 18.214801333, 18.214801333, 18.214801333, 18.214801333, 18.214801333, 18.214801333, 18.214801333, 18.214801333, 18.214801333, 18.214801333, 18.214801333, 18.214801333, 18.214801333, 18.214801333, 18.214801333, 18.214801333, 18.214801333, 18.214801333, 18.214801333, 18.214801333, 18.214801333, 18.214801333, 18.214801333, 18.214801333, 18.214801333, 18.214801333, 18.214801333, 18.214801333, 18.214801333, 18.214801333, 18.341710697, 18.341710697, 18.341710697, 18.341710697, 18.341710697, 18.341710697, 18.341710697, 18.341710697, 18.341710697, 18.341710697, 18.341710697, 18.341710697, 18.341710697, 18.341710697, 18.341710697, 18.341710697, 18.341710697, 18.341710697, 18.341710697, 18.341710697, 18.341710697, 18.341710697, 18.341710697, 18.341710697, 18.341710697, 18.341710697, 18.341710697, 18.341710697, 18.341710697, 18.341710697, 18.365013175, 18.365013175, 18.365013175, 18.365013175, 18.365013175, 18.365013175, 18.365013175, 18.365013175, 18.365013175, 18.365013175], "time_cpu_throttled_count": [1684020132.0, 1684020133.0, 1684020134.0, 1684020135.0, 1684020136.0, 1684020137.0, 1684020138.0, 1684020139.0, 1684020140.0, 1684020141.0, 1684020142.0, 1684020143.0, 1684020144.0, 1684020145.0, 1684020146.0, 1684020147.0, 1684020148.0, 1684020149.0, 1684020150.0, 1684020151.0, 1684020152.0, 1684020153.0, 1684020154.0, 1684020155.0, 1684020156.0, 1684020157.0, 1684020158.0, 1684020159.0, 1684020160.0, 1684020161.0, 1684020162.0, 1684020163.0, 1684020164.0, 1684020165.0, 1684020166.0, 1684020167.0, 1684020168.0, 1684020169.0, 1684020170.0, 1684020171.0, 1684020172.0, 1684020173.0, 1684020174.0, 1684020175.0, 1684020176.0, 1684020177.0, 1684020178.0, 1684020179.0, 1684020180.0, 1684020181.0, 1684020182.0, 1684020183.0, 1684020184.0, 1684020185.0, 1684020186.0, 1684020187.0, 1684020188.0, 1684020189.0, 1684020190.0, 1684020191.0, 1684020192.0, 1684020193.0, 1684020194.0, 1684020195.0, 1684020196.0, 1684020197.0, 1684020198.0, 1684020199.0, 1684020200.0, 1684020201.0, 1684020202.0, 1684020203.0, 1684020204.0, 1684020205.0, 1684020206.0, 1684020207.0, 1684020208.0, 1684020209.0, 1684020210.0, 1684020211.0, 1684020212.0, 1684020213.0, 1684020214.0, 1684020215.0, 1684020216.0, 1684020217.0, 1684020218.0, 1684020219.0, 1684020220.0, 1684020221.0, 1684020222.0, 1684020223.0, 1684020224.0, 1684020225.0, 1684020226.0, 1684020227.0, 1684020228.0, 1684020229.0, 1684020230.0, 1684020231.0],