{"cpu_usage_count": [0.027776157, 0.027776157, 0.027776157, 0.027776157, 0.027776157, 0.027776157, 0.027776157, 0.027776157, 0.027776157, 0.027776157, 0.027776157, 0.027776157, 0.027776157, 0.027776157, 0.027776157, 0.027776157, 0.027776157, 0.027776157, 0.027776157, 0.027776157, 0.027776157, 0.027776157, 0.027776157, 0.027776157, 0.027776157, 0.027776157, 0.027776157, 0.027776157, 0.027776157, 0.027776157, 13.648174267, 13.648174267, 13.648174267, 13.648174267, 13.648174267, 13.648174267, 13.648174267, 13.648174267, 13.648174267, 13.648174267, 13.648174267, 13.648174267, 13.648174267, 13.648174267, 13.648174267, 13.648174267, 13.648174267, 13.648174267, 13.648174267, 13.648174267, 13.648174267, 13.648174267, 13.648174267, 13.648174267, 13.648174267, 13.648174267, 13.648174267, 13.648174267, 13.648174267, 13.648174267, 56.368668903, 56.368668903, 56.368668903, 56.368668903, 56.368668903, 56.368668903, 56.368668903, 56.368668903, 56.368668903, 56.368668903, 56.368668903, 56.368668903, 56.368668903, 56.368668903, 56.368668903, 56.368668903, 56.368668903, 56.368668903, 56.368668903, 56.368668903, 56.368668903, 56.368668903, 56.368668903, 56.368668903, 56.368668903, 56.368668903, 56.368668903, 56.368668903, 56.368668903, 56.368668903, 56.519082977, 56.519082977, 56.519082977, 56.519082977, 56.519082977, 56.519082977, 56.519082977, 56.519082977, 56.519082977, 56.519082977, 56.519082977, 56.519082977, 56.519082977, 56.519082977], "time_cpu_usage_count": [1684020282.0, 1684020283.0, 1684020284.0, 1684020285.0, 1684020286.0, 1684020287.0, 1684020288.0, 1684020289.0, 1684020290.0, 1684020291.0, 1684020292.0, 1684020293.0, 1684020294.0, 1684020295.0, 1684020296.0, 1684020297.0, 1684020298.0, 1684020299.0, 1684020300.0, 1684020301.0, 1684020302.0, 1684020303.0, 1684020304.0, 1684020305.0, 1684020306.0, 1684020307.0, 1684020308.0, 1684020309.0, 1684020310.0, 1684020311.0, 1684020312.0, 1684020313.0, 1684020314.0, 1684020315.0, 1684020316.0, 1684020317.0, 1684020318.0, 1684020319.0, 1684020320.0, 1684020321.0, 1684020322.0, 1684020323.0, 1684020324.0, 1684020325.0, 1684020326.0, 1684020327.0, 1684020328.0, 1684020329.0, 1684020330.0, 1684020331.0, 1684020332.0, 1684020333.0, 1684020334.0, 1684020335.0, 1684020336.0, 1684020337.0, 1684020338.0, 1684020339.0, 1684020340.0, 1684020341.0, 1684020342.0, 1684020343.0, 1684020344.0, 1684020345.0, 1684020346.0, 1684020347.0, 1684020348.0, 1684020349.0, 1684020350.0, 1684020351.0, 1684020352.0, 1684020353.0, 1684020354.0, 1684020355.0, 1684020356.0, 1684020357.0, 1684020358.0, 1684020359.0, 1684020360.0, 1684020361.0, 1684020362.0, 1684020363.0, 1684020364.0, 1684020365.0, 1684020366.0, 1684020367.0, 1684020368.0, 1684020369.0, 1684020370.0, 1684020371.0, 1684020372.0, 1684020373.0, 1684020374.0, 1684020375.0, 1684020376.0, 1684020377.0, 1684020378.0, 1684020379.0, 1684020380.0, 1684020381.0, 1684020382.0, 1684020383.0, 1684020384.0, 1684020385.0], "cpu_usage_rate": [0.1534977459690259, 0.15854233786161853, 0.16358692975421113, 0.1686315216468037, 0.1736761135393963, 0.17872070543198887, 0.18376529732458152, 0.18880988921717407, 0.19385448110976666, 0.19889907300235923, 0.2039436648949519, 0.20898825678754443, 0.21403284868013703, 0.2190774405727296, 0.2241220324653222, 0.2291666243579148, 0.23421121625050742, 0.23925580814310002, 0.24430040003569256, 0.24934499192828521, 0.2543895838208778, 0.2594341757134704, 0.2644787676060629, 0.2695233594986556, 0.2745679513912481, 0.2796125432838407, 0.2846571351764333, 0.2897017270690259, 0.2947463189616185, 0.2997909108542111, 0.6301476373736633, 0.6405811360303298, 0.6510146346869967, 0.6614481333436633, 0.6718816320003301, 0.6823151306569967, 0.6927486293136634, 0.7031821279703301, 0.7136156266269967, 0.7240491252836634, 0.73448262394033, 0.7449161225969967, 0.7553496212536633, 0.7657831199103301, 0.7762166185669968, 0.7866501172236634, 0.79708361588033, 0.8075171145369967, 0.8179506131936634, 0.8283841118503301, 0.8388176105069968, 0.8492511091636634, 0.8596846078203301, 0.8701181064769967, 0.8805516051336634, 0.89098510379033, 0.9014186024469968, 0.9118521011036634, 0.9222855997603301, 0.9327190984169966, 0.6309034448364018, 0.6388425020049204, 0.6467815591734389, 0.6547206163419574, 0.6626596735104758, 0.6705987306789944, 0.678537787847513, 0.6864768450160313, 0.6944159021845501, 0.7023549593530685, 0.710294016521587, 0.7145151451666667, 0.7145151451666667, 0.7145151451666667], "time_cpu_usage_rate": [1684020312.0, 1684020313.0, 1684020314.0, 1684020315.0, 1684020316.0, 1684020317.0, 1684020318.0, 1684020319.0, 1684020320.0, 1684020321.0, 1684020322.0, 1684020323.0, 1684020324.0, 1684020325.0, 1684020326.0, 1684020327.0, 1684020328.0, 1684020329.0, 1684020330.0, 1684020331.0, 1684020332.0, 1684020333.0, 1684020334.0, 1684020335.0, 1684020336.0, 1684020337.0, 1684020338.0, 1684020339.0, 1684020340.0, 1684020341.0, 1684020342.0, 1684020343.0, 1684020344.0, 1684020345.0, 1684020346.0, 1684020347.0, 1684020348.0, 1684020349.0, 1684020350.0, 1684020351.0, 1684020352.0, 1684020353.0, 1684020354.0, 1684020355.0, 1684020356.0, 1684020357.0, 1684020358.0, 1684020359.0, 1684020360.0, 1684020361.0, 1684020362.0, 1684020363.0, 1684020364.0, 1684020365.0, 1684020366.0, 1684020367.0, 1684020368.0, 1684020369.0, 1684020370.0, 1684020371.0, 1684020372.0, 1684020373.0, 1684020374.0, 1684020375.0, 1684020376.0, 1684020377.0, 1684020378.0, 1684020379.0, 1684020380.0, 1684020381.0, 1684020382.0, 1684020383.0, 1684020384.0, 1684020385.0], "cpu_throttled_count": [0.0, 0.0, 0.0, 0.0, 0.0, 0.0, 0.0, 0.0, 0.0, 0.0, 0.0, 0.0, 0.0, 0.0, 0.0, 0.0, 0.0, 0.0, 0.0, 0.0, 0.0, 0.0, 0.0, 0.0, 0.0, 0.0, 0.0, 0.0, 0.0, 0.0, 6.893939039, 6.893939039, 6.893939039, 6.893939039, 6.893939039, 6.893939039, 6.893939039, 6.893939039, 6.893939039, 6.893939039, 6.893939039, 6.893939039, 6.893939039, 6.893939039, 6.893939039, 6.893939039, 6.893939039, 6.893939039, 6.893939039, 6.893939039, 6.893939039, 6.893939039, 6.893939039, 6.893939039, 6.893939039, 6.893939039, 6.893939039, 6.893939039, 6.893939039, 6.893939039, 6.961219109, 6.961219109, 6.961219109, 6.961219109, 6.961219109, 6.961219109, 6.961219109, 6.961219109, 6.961219109, 6.961219109, 6.961219109, 6.961219109, 6.961219109, 6.961219109, 6.961219109, 6.961219109, 6.961219109, 6.961219109, 6.961219109, 6.961219109, 6.961219109, 6.961219109, 6.961219109, 6.961219109, 6.961219109, 6.961219109, 6.961219109, 6.961219109, 6.961219109, 6.961219109, 6.961219109, 6.961219109, 6.961219109, 6.961219109, 6.961219109, 6.961219109, 6.961219109, 6.961219109, 6.961219109, 6.961219109, 6.961219109, 6.961219109, 6.961219109, 6.961219109],