{"cpu_usage_count": [5.400316486, 5.400316486, 5.400316486, 5.400316486, 5.400316486, 5.400316486, 5.400316486, 5.400316486, 5.400316486, 5.400316486, 5.400316486, 5.400316486, 5.400316486, 5.400316486, 5.400316486, 5.400316486, 5.400316486, 5.400316486, 5.400316486, 5.400316486, 5.400316486, 5.400316486, 5.400316486, 5.400316486, 5.400316486, 5.400316486, 5.400316486, 5.400316486, 5.400316486, 5.400316486, 25.638214437, 25.638214437, 25.638214437, 25.638214437, 25.638214437, 25.638214437, 25.638214437, 25.638214437, 25.638214437, 25.638214437, 25.638214437, 25.638214437, 25.638214437, 25.638214437, 25.638214437, 25.638214437, 25.638214437, 25.638214437, 25.638214437, 25.638214437, 25.638214437, 25.638214437, 25.638214437, 25.638214437, 25.638214437, 25.638214437, 25.638214437, 25.638214437, 25.638214437, 25.638214437, 64.544287762, 64.544287762, 64.544287762, 64.544287762, 64.544287762, 64.544287762, 64.544287762, 64.544287762, 64.544287762, 64.544287762, 64.544287762, 64.544287762, 64.544287762, 64.544287762, 64.544287762, 64.544287762, 64.544287762, 64.544287762, 64.544287762, 64.544287762, 64.544287762, 64.544287762, 64.544287762, 64.544287762, 64.544287762, 64.544287762, 64.544287762, 64.544287762, 64.544287762, 64.544287762, 64.679719641, 64.679719641, 64.679719641, 64.679719641, 64.679719641, 64.679719641, 64.679719641, 64.679719641], "time_cpu_usage_count": [1684020432.0, 1684020433.0, 1684020434.0, 1684020435.0, 1684020436.0, 1684020437.0, 1684020438.0, 1684020439.0, 1684020440.0, 1684020441.0, 1684020442.0, 1684020443.0, 1684020444.0, 1684020445.0, 1684020446.0, 1684020447.0, 1684020448.0, 1684020449.0, 1684020450.0, 1684020451.0, 1684020452.0, 1684020453.0, 1684020454.0, 1684020455.0, 1684020456.0, 1684020457.0, 1684020458.0, 1684020459.0, 1684020460.0, 1684020461.0, 1684020462.0, 1684020463.0, 1684020464.0, 1684020465.0, 1684020466.0, 1684020467.0, 1684020468.0, 1684020469.0, 1684020470.0, 1684020471.0, 1684020472.0, 1684020473.0, 1684020474.0, 1684020475.0, 1684020476.0, 1684020477.0, 1684020478.0, 1684020479.0, 1684020480.0, 1684020481.0, 1684020482.0, 1684020483.0, 1684020484.0, 1684020485.0, 1684020486.0, 1684020487.0, 1684020488.0, 1684020489.0, 1684020490.0, 1684020491.0, 1684020492.0, 1684020493.0, 1684020494.0, 1684020495.0, 1684020496.0, 1684020497.0, 1684020498.0, 1684020499.0, 1684020500.0, 1684020501.0, 1684020502.0, 1684020503.0, 1684020504.0, 1684020505.0, 1684020506.0, 1684020507.0, 1684020508.0, 1684020509.0, 1684020510.0, 1684020511.0, 1684020512.0, 1684020513.0, 1684020514.0, 1684020515.0, 1684020516.0, 1684020517.0, 1684020518.0, 1684020519.0, 1684020520.0, 1684020521.0, 1684020522.0, 1684020523.0, 1684020524.0, 1684020525.0, 1684020526.0, 1684020527.0, 1684020528.0, 1684020529.0], "cpu_usage_rate": [0.287619904317784, 0.2951154220774137, 0.3026109398370433, 0.31010645759667294, 0.3176019753563025, 0.3250974931159322, 0.3325930108755618, 0.34008852863519146, 0.34758404639482104, 0.3550795641544507, 0.36257508191408033, 0.3700705996737099, 0.37756611743333957, 0.38506163519296926, 0.3925571529525988, 0.4000526707122285, 0.40754818847185814, 0.41504370623148773, 0.4225392239911174, 0.43003474175074696, 0.4375302595103766, 0.4450257772700062, 0.45252129502963584, 0.46001681278926554, 0.46751233054889507, 0.47500784830852477, 0.4825033660681544, 0.48999888382778406, 0.49749440158741365, 0.5049899193470432, 0.7211783524404244, 0.7321309397137576, 0.743083526987091, 0.7540361142604245, 0.7649887015337578, 0.775941288807091, 0.7868938760804243, 0.7978464633537578, 0.8087990506270911, 0.8197516379004243, 0.8307042251737579, 0.841656812447091, 0.8526093997204244, 0.8635619869937577, 0.8745145742670911, 0.8854671615404245, 0.8964197488137576, 0.907372336087091, 0.9183249233604244, 0.9292775106337577, 0.9402300979070911, 0.9511826851804243, 0.9621352724537577, 0.973087859727091, 0.9840404470004244, 0.9857328545999999, 0.9857328545999999, 0.9857328545999999, 0.9857328545999999, 0.9857328545999999, 0.6506917534000001, 0.6506917534000001, 0.6506917534000001, 0.6506917534000001, 0.6506917534000001, 0.6506917534000001, 0.6506917534000001, 0.6506917534000001], "time_cpu_usage_rate": [1684020462.0, 1684020463.0, 1684020464.0, 1684020465.0, 1684020466.0, 1684020467.0, 1684020468.0, 1684020469.0, 1684020470.0, 1684020471.0, 1684020472.0, 1684020473.0, 1684020474.0, 1684020475.0, 1684020476.0, 1684020477.0, 1684020478.0, 1684020479.0, 1684020480.0, 1684020481.0, 1684020482.0, 1684020483.0, 1684020484.0, 1684020485.0, 1684020486.0, 1684020487.0, 1684020488.0, 1684020489.0, 1684020490.0, 1684020491.0, 1684020492.0, 1684020493.0, 1684020494.0, 1684020495.0, 1684020496.0, 1684020497.0, 1684020498.0, 1684020499.0, 1684020500.0, 1684020501.0, 1684020502.0, 1684020503.0, 1684020504.0, 1684020505.0, 1684020506.0, 1684020507.0, 1684020508.0, 1684020509.0, 1684020510.0, 1684020511.0, 1684020512.0, 1684020513.0, 1684020514.0, 1684020515.0, 1684020516.0, 1684020517.0, 1684020518.0, 1684020519.0, 1684020520.0, 1684020521.0, 1684020522.0, 1684020523.0, 1684020524.0, 1684020525.0, 1684020526.0, 1684020527.0, 1684020528.0, 1684020529.0], "cpu_throttled_count": [8.102756519, 8.102756519, 8.102756519, 8.102756519, 8.102756519, 8.102756519, 8.102756519, 8.102756519, 8.102756519, 8.102756519, 8.102756519, 8.102756519, 8.102756519, 8.102756519, 8.102756519, 8.102756519, 8.102756519, 8.102756519, 8.102756519, 8.102756519, 8.102756519, 8.102756519, 8.102756519, 8.102756519, 8.102756519, 8.102756519, 8.102756519, 8.102756519, 8.102756519, 8.102756519, 8.113023103, 8.113023103, 8.113023103, 8.113023103, 8.113023103, 8.113023103, 8.113023103, 8.113023103, 8.113023103, 8.113023103, 8.113023103, 8.113023103, 8.113023103, 8.113023103, 8.113023103, 8.113023103, 8.113023103, 8.113023103, 8.113023103, 8.113023103, 8.113023103, 8.113023103, 8.113023103, 8.113023103, 8.113023103, 8.113023103, 8.113023103, 8.113023103, 8.113023103, 8.113023103, 8.168683476, 8.168683476, 8.168683476, 8.168683476, 8.168683476, 8.168683476, 8.168683476, 8.168683476, 8.168683476, 8.168683476, 8.168683476, 8.168683476, 8.168683476, 8.168683476, 8.168683476, 8.168683476, 8.168683476, 8.168683476, 8.168683476, 8.168683476, 8.168683476, 8.168683476, 8.168683476, 8.168683476, 8.168683476, 8.168683476, 8.168683476, 8.168683476, 8.168683476, 8.168683476, 8.168683476, 8.168683476, 8.168683476, 8.168683476, 8.168683476, 8.168683476, 8.168683476, 8.168683476], "time_cpu_throttled_count": [1684020432.0, 1684020433.0, 1684020434.0, 1684020435.0, 1684020436.0, 1684020437.0, 1684020438.0, 1684020439.0, 1684020440.0, 1684020441.0, 1684020442.0, 1684020443.0, 1684020444.0, 1684020445.0, 1684020446.0, 1684020447.0, 1684020448.0, 1684020449.0, 1684020450.0, 1684020451.0, 1684020452.0, 1684020453.0, 1684020454.0, 1684020455.0, 1684020456.0, 1684020457.0, 1684020458.0, 1684020459.0, 1684020460.0, 1684020461.0, 1684020462.0, 1684020463.0, 1684020464.0, 1684020465.0, 1684020466.0, 1684020467.0, 1684020468.0, 1684020469.0, 1684020470.0, 1684020471.0, 1684020472.0, 1684020473.0, 1684020474.0, 1684020475.0, 1684020476.0, 1684020477.0, 1684020478.0, 1684020479.0, 1684020480.0, 1684020481.0, 1684020482.0, 1684020483.0, 1684020484.0, 1684020485.0, 1684020486.0, 1684020487.0, 1684020488.0, 1684020489.0, 1684020490.0, 1684020491.0, 1684020492.0, 1684020493.0, 1684020494.0, 1684020495.0, 1684020496.0, 1684020497.0, 1684020498.0, 1684020499.0, 1684020500.0, 1684020501.0, 1684020502.0, 1684020503.0, 1684020504.0, 1684020505.0, 1684020506.0, 1684020507.0, 1684020508.0, 1684020509.0, 1684020510.0, 1684020511.0, 1684020512.0, 1684020513.0, 1684020514.0, 1684020515.0, 1684020516.0, 1684020517.0, 1684020518.0, 1684020519.0, 1684020520.0, 1684020521.0, 1684020522.0, 1684020523.0, 1684020524.0, 1684020525.0, 1684020526.0, 1684020527.0, 1684020528.0, 1684020529.0],