{"cpu_usage_count": [0.031653531, 0.031653531, 0.031653531, 0.031653531, 0.031653531, 0.031653531, 0.031653531, 0.031653531, 0.031653531, 0.031653531, 0.031653531, 0.031653531, 0.031653531, 0.031653531, 0.031653531, 0.031653531, 0.031653531, 0.031653531, 0.031653531, 0.031653531, 0.031653531, 0.031653531, 0.031653531, 0.031653531, 0.031653531, 0.031653531, 0.031653531, 0.031653531, 0.031653531, 0.031653531, 41.453225227, 41.453225227, 41.453225227, 41.453225227, 41.453225227, 41.453225227, 41.453225227, 41.453225227, 41.453225227, 41.453225227, 41.453225227, 41.453225227, 41.453225227, 41.453225227, 41.453225227, 41.453225227, 41.453225227, 41.453225227, 41.453225227, 41.453225227, 41.453225227, 41.453225227, 41.453225227, 41.453225227, 41.453225227, 41.453225227, 41.453225227, 41.453225227, 41.453225227, 41.453225227, 79.726457853, 79.726457853, 79.726457853, 79.726457853, 79.726457853, 79.726457853, 79.726457853, 79.726457853, 79.726457853, 79.726457853, 79.726457853, 79.726457853, 79.726457853, 79.726457853, 79.726457853, 79.726457853, 79.726457853, 79.726457853, 79.726457853, 79.726457853, 79.726457853, 79.726457853, 79.726457853, 79.726457853, 79.726457853, 79.726457853, 79.726457853, 79.726457853, 79.726457853, 79.726457853, 79.848083291, 79.848083291, 79.848083291, 79.848083291, 79.848083291, 79.848083291, 79.848083291, 79.848083291, 79.848083291, 79.848083291, 79.848083291, 79.848083291], "time_cpu_usage_count": [1684020582.0, 1684020583.0, 1684020584.0, 1684020585.0, 1684020586.0, 1684020587.0, 1684020588.0, 1684020589.0, 1684020590.0, 1684020591.0, 1684020592.0, 1684020593.0, 1684020594.0, 1684020595.0, 1684020596.0, 1684020597.0, 1684020598.0, 1684020599.0, 1684020600.0, 1684020601.0, 1684020602.0, 1684020603.0, 1684020604.0, 1684020605.0, 1684020606.0, 1684020607.0, 1684020608.0, 1684020609.0, 1684020610.0, 1684020611.0, 1684020612.0, 1684020613.0, 1684020614.0, 1684020615.0, 1684020616.0, 1684020617.0, 1684020618.0, 1684020619.0, 1684020620.0, 1684020621.0, 1684020622.0, 1684020623.0, 1684020624.0, 1684020625.0, 1684020626.0, 1684020627.0, 1684020628.0, 1684020629.0, 1684020630.0, 1684020631.0, 1684020632.0, 1684020633.0, 1684020634.0, 1684020635.0, 1684020636.0, 1684020637.0, 1684020638.0, 1684020639.0, 1684020640.0, 1684020641.0, 1684020642.0, 1684020643.0, 1684020644.0, 1684020645.0, 1684020646.0, 1684020647.0, 1684020648.0, 1684020649.0, 1684020650.0, 1684020651.0, 1684020652.0, 1684020653.0, 1684020654.0, 1684020655.0, 1684020656.0, 1684020657.0, 1684020658.0, 1684020659.0, 1684020660.0, 1684020661.0, 1684020662.0, 1684020663.0, 1684020664.0, 1684020665.0, 1684020666.0, 1684020667.0, 1684020668.0, 1684020669.0, 1684020670.0, 1684020671.0, 1684020672.0, 1684020673.0, 1684020674.0, 1684020675.0, 1684020676.0, 1684020677.0, 1684020678.0, 1684020679.0, 1684020680.0, 1684020681.0, 1684020682.0, 1684020683.0], "cpu_usage_rate": [0.466221656897197, 0.4815629797475674, 0.49690430259793766, 0.512245625448308, 0.5275869482986784, 0.5429282711490487, 0.5582695939994191, 0.5736109168497896, 0.58895223970016, 0.6042935625505303, 0.6196348854009007, 0.6349762082512711, 0.6503175311016414, 0.6656588539520119, 0.6810001768023821, 0.6963414996527526, 0.7116828225031229, 0.7270241453534934, 0.7423654682038635, 0.757706791054234, 0.7730481139046044, 0.7883894367549747, 0.8037307596053452, 0.8190720824557155, 0.8344134053060859, 0.8497547281564563, 0.8650960510068267, 0.880437373857197, 0.8957786967075674, 0.9111200195579376, 0.8912658267344765, 0.9060241238311431, 0.9207824209278099, 0.9355407180244767, 0.9502990151211433, 0.96505731221781, 0.9798156093144765, 0.9945739064111433, 1.00933220350781, 1.0240905006044767, 1.0388487977011431, 1.0536070947978098, 1.0683653918944767, 1.0831236889911433, 1.09788198608781, 1.1126402831844766, 1.1273985802811433, 1.14215687737781, 1.1569151744744766, 1.1716734715711434, 1.18643176866781, 1.2011900657644767, 1.2159483628611432, 1.23070665995781, 1.2454649570544767, 1.2602232541511433, 1.2749815512478098, 1.2897398483444766, 1.3044981454411433, 1.31925644253781, 0.6399143010666666, 0.6399143010666666, 0.6399143010666666, 0.6399143010666666, 0.6399143010666666, 0.6399143010666666, 0.6399143010666666, 0.6399143010666666, 0.6399143010666666, 0.6399143010666666, 0.6399143010666666, 0.6399143010666666], "time_cpu_usage_rate": [1684020612.0, 1684020613.0, 1684020614.0, 1684020615.0, 1684020616.0, 1684020617.0, 1684020618.0, 1684020619.0, 1684020620.0, 1684020621.0, 1684020622.0, 1684020623.0, 1684020624.0, 1684020625.0, 1684020626.0, 1684020627.0, 1684020628.0, 1684020629.0, 1684020630.0, 1684020631.0, 1684020632.0, 1684020633.0, 1684020634.0, 1684020635.0, 1684020636.0, 1684020637.0, 1684020638.0, 1684020639.0, 1684020640.0, 1684020641.0, 1684020642.0, 1684020643.0, 1684020644.0, 1684020645.0, 1684020646.0, 1684020647.0, 1684020648.0, 1684020649.0, 1684020650.0, 1684020651.0, 1684020652.0, 1684020653.0, 1684020654.0, 1684020655.0, 1684020656.0, 1684020657.0, 1684020658.0, 1684020659.0, 1684020660.0, 1684020661.0, 1684020662.0, 1684020663.0, 1684020664.0, 1684020665.0, 1684020666.0, 1684020667.0, 1684020668.0, 1684020669.0, 1684020670.0, 1684020671.0, 1684020672.0, 1684020673.0, 1684020674.0, 1684020675.0, 1684020676.0, 1684020677.0, 1684020678.0, 1684020679.0, 1684020680.0, 1684020681.0, 1684020682.0, 1684020683.0], "cpu_throttled_count": [0.0, 0.0, 0.0, 0.0, 0.0, 0.0, 0.0, 0.0, 0.0, 0.0, 0.0, 0.0, 0.0, 0.0, 0.0, 0.0, 0.0, 0.0, 0.0, 0.0, 0.0, 0.0, 0.0, 0.0, 0.0, 0.0, 0.0, 0.0, 0.0, 0.0, 4.421752161, 4.421752161, 4.421752161, 4.421752161, 4.421752161, 4.421752161, 4.421752161, 4.421752161, 4.421752161, 4.421752161, 4.421752161, 4.421752161, 4.421752161, 4.421752161, 4.421752161, 4.421752161, 4.421752161, 4.421752161, 4.421752161, 4.421752161, 4.421752161, 4.421752161, 4.421752161, 4.421752161, 4.421752161, 4.421752161, 4.421752161, 4.421752161, 4.421752161, 4.421752161, 4.44530922, 4.44530922, 4.44530922, 4.44530922, 4.44530922, 4.44530922, 4.44530922, 4.44530922, 4.44530922, 4.44530922, 4.44530922, 4.44530922, 4.44530922, 4.44530922, 4.44530922, 4.44530922, 4.44530922, 4.44530922, 4.44530922, 4.44530922, 4.44530922, 4.44530922, 4.44530922, 4.44530922, 4.44530922, 4.44530922, 4.44530922, 4.44530922, 4.44530922, 4.44530922, 4.44530922, 4.44530922, 4.44530922, 4.44530922, 4.44530922, 4.44530922, 4.44530922, 4.44530922, 4.44530922, 4.44530922, 4.44530922, 4.44530922], "time_cpu_throttled_count": [1684020582.0, 1684020583.0, 1684020584.0, 1684020585.0, 1684020586.0, 1684020587.0, 1684020588.0, 1684020589.0, 1684020590.0, 1684020591.0, 1684020592.0, 1684020593.0, 1684020594.0, 1684020595.0, 1684020596.0, 1684020597.0, 1684020598.0, 1684020599.0, 1684020600.0, 1684020601.0, 1684020602.0, 1684020603.0, 1684020604.0, 1684020605.0, 1684020606.0, 1684020607.0, 1684020608.0, 1684020609.0, 1684020610.0, 1684020611.0, 1684020612.0, 1684020613.0, 1684020614.0, 1684020615.0, 1684020616.0, 1684020617.0, 1684020618.0, 1684020619.0, 1684020620.0, 1684020621.0, 1684020622.0, 1684020623.0, 1684020624.0, 1684020625.0, 1684020626.0, 1684020627.0, 1684020628.0, 1684020629.0, 1684020630.0, 1684020631.0, 1684020632.0, 1684020633.0, 1684020634.0, 1684020635.0, 1684020636.0, 1684020637.0, 1684020638.0, 1684020639.0, 1684020640.0, 1684020641.0, 1684020642.0, 1684020643.0, 1684020644.0, 1684020645.0, 1684020646.0, 1684020647.0, 1684020648.0, 1684020649.0, 1684020650.0, 1684020651.0, 1684020652.0, 1684020653.0, 1684020654.0, 1684020655.0, 1684020656.0, 1684020657.0, 1684020658.0, 1684020659.0, 1684020660.0, 1684020661.0, 1684020662.0, 1684020663.0, 1684020664.0, 1684020665.0, 1684020666.0, 1684020667.0, 1684020668.0, 1684020669.0, 1684020670.0, 1684020671.0, 1684020672.0, 1684020673.0, 1684020674.0, 1684020675.0, 1684020676.0, 1684020677.0, 1684020678.0, 1684020679.0, 1684020680.0, 1684020681.0, 1684020682.0, 1684020683.0],