{"cpu_usage_count": [4.369184355, 4.369184355, 4.369184355, 4.369184355, 4.369184355, 4.369184355, 4.369184355, 4.369184355, 4.369184355, 4.369184355, 4.369184355, 4.369184355, 4.369184355, 4.369184355, 4.369184355, 4.369184355, 4.369184355, 4.369184355, 4.369184355, 4.369184355, 4.369184355, 4.369184355, 4.369184355, 4.369184355, 4.369184355, 4.369184355, 4.369184355, 4.369184355, 4.369184355, 4.369184355, 17.902659683, 17.902659683, 17.902659683, 17.902659683, 17.902659683, 17.902659683, 17.902659683, 17.902659683, 17.902659683, 17.902659683, 17.902659683, 17.902659683, 17.902659683, 17.902659683, 17.902659683, 17.902659683, 17.902659683, 17.902659683, 17.902659683, 17.902659683, 17.902659683, 17.902659683, 17.902659683, 17.902659683, 17.902659683, 17.902659683, 17.902659683, 17.902659683, 17.902659683, 17.902659683, 44.7851422, 44.7851422, 44.7851422, 44.7851422, 44.7851422, 44.7851422, 44.7851422, 44.7851422, 44.7851422, 44.7851422, 44.7851422, 44.7851422, 44.7851422, 44.7851422, 44.7851422, 44.7851422, 44.7851422, 44.7851422, 44.7851422, 44.7851422, 44.7851422, 44.7851422, 44.7851422, 44.7851422, 44.7851422, 44.7851422, 44.7851422, 44.7851422, 44.7851422, 44.7851422, 50.753861303, 50.753861303, 50.753861303, 50.753861303, 50.753861303, 50.753861303, 50.753861303, 50.753861303, 50.753861303, 50.753861303, 50.753861303, 50.753861303, 50.753861303, 50.753861303, 50.753861303], "time_cpu_usage_count": [1684020732.0, 1684020733.0, 1684020734.0, 1684020735.0, 1684020736.0, 1684020737.0, 1684020738.0, 1684020739.0, 1684020740.0, 1684020741.0, 1684020742.0, 1684020743.0, 1684020744.0, 1684020745.0, 1684020746.0, 1684020747.0, 1684020748.0, 1684020749.0, 1684020750.0, 1684020751.0, 1684020752.0, 1684020753.0, 1684020754.0, 1684020755.0, 1684020756.0, 1684020757.0, 1684020758.0, 1684020759.0, 1684020760.0, 1684020761.0, 1684020762.0, 1684020763.0, 1684020764.0, 1684020765.0, 1684020766.0, 1684020767.0, 1684020768.0, 1684020769.0, 1684020770.0, 1684020771.0, 1684020772.0, 1684020773.0, 1684020774.0, 1684020775.0, 1684020776.0, 1684020777.0, 1684020778.0, 1684020779.0, 1684020780.0, 1684020781.0, 1684020782.0, 1684020783.0, 1684020784.0, 1684020785.0, 1684020786.0, 1684020787.0, 1684020788.0, 1684020789.0, 1684020790.0, 1684020791.0, 1684020792.0, 1684020793.0, 1684020794.0, 1684020795.0, 1684020796.0, 1684020797.0, 1684020798.0, 1684020799.0, 1684020800.0, 1684020801.0, 1684020802.0, 1684020803.0, 1684020804.0, 1684020805.0, 1684020806.0, 1684020807.0, 1684020808.0, 1684020809.0, 1684020810.0, 1684020811.0, 1684020812.0, 1684020813.0, 1684020814.0, 1684020815.0, 1684020816.0, 1684020817.0, 1684020818.0, 1684020819.0, 1684020820.0, 1684020821.0, 1684020822.0, 1684020823.0, 1684020824.0, 1684020825.0, 1684020826.0, 1684020827.0, 1684020828.0, 1684020829.0, 1684020830.0, 1684020831.0, 1684020832.0, 1684020833.0, 1684020834.0, 1684020835.0, 1684020836.0], "cpu_usage_rate": [0.2007579910871763, 0.2057703893568059, 0.21078278762643557, 0.21579518589606517, 0.2208075841656948, 0.22581998243532442, 0.23083238070495404, 0.2358447789745837, 0.24085717724421332, 0.24586957551384292, 0.2508819737834726, 0.25589437205310217, 0.2609067703227318, 0.2659191685923615, 0.2709315668619911, 0.2759439651316207, 0.28095636340125035, 0.28596876167088, 0.2909811599405096, 0.29599355821013923, 0.30100595647976885, 0.3060183547493985, 0.31103075301902816, 0.3160431512886578, 0.32105554955828736, 0.326067947827917, 0.33108034609754666, 0.3360927443671763, 0.3411051426368059, 0.3461175409064356, 0.5003594793572436, 0.5078439159952065, 0.5153283526331695, 0.5228127892711325, 0.5302972259090954, 0.5377816625470584, 0.5452660991850213, 0.5527505358229843, 0.5602349724609472, 0.5677194090989102, 0.5752038457368732, 0.5826882823748362, 0.5901727190127991, 0.597657155650762, 0.6051415922887251, 0.612626028926688, 0.620110465564651, 0.6275949022026139, 0.6350793388405769, 0.6425637754785398, 0.6500482121165028, 0.6575326487544658, 0.6650170853924288, 0.6725015220303917, 0.6735992974166667, 0.6735992974166667, 0.6735992974166667, 0.6735992974166667, 0.6735992974166667, 0.6735992974166667, 0.5475200269999999, 0.5475200269999999, 0.5475200269999999, 0.5475200269999999, 0.5475200269999999, 0.5475200269999999, 0.5475200269999999, 0.5475200269999999, 0.5475200269999999, 0.5475200269999999, 0.5475200269999999, 0.5475200269999999, 0.5475200269999999, 0.5475200269999999, 0.5475200269999999], "time_cpu_usage_rate": [1684020762.0, 1684020763.0, 1684020764.0, 1684020765.0, 1684020766.0, 1684020767.0, 1684020768.0, 1684020769.0, 1684020770.0, 1684020771.0, 1684020772.0, 1684020773.0, 1684020774.0, 1684020775.0, 1684020776.0, 1684020777.0, 1684020778.0, 1684020779.0, 1684020780.0, 1684020781.0, 1684020782.0, 1684020783.0, 1684020784.0, 1684020785.0, 1684020786.0, 1684020787.0, 1684020788.0, 1684020789.0, 1684020790.0, 1684020791.0, 1684020792.0, 1684020793.0, 1684020794.0, 1684020795.0, 1684020796.0, 1684020797.0, 1684020798.0, 1684020799.0, 1684020800.0, 1684020801.0, 1684020802.0, 1684020803.0, 1684020804.0, 1684020805.0, 1684020806.0, 1684020807.0, 1684020808.0, 1684020809.0, 1684020810.0, 1684020811.0, 1684020812.0, 1684020813.0, 1684020814.0, 1684020815.0, 1684020816.0, 1684020817.0, 1684020818.0, 1684020819.0, 1684020820.0, 1684020821.0, 1684020822.0, 1684020823.0, 1684020824.0, 1684020825.0, 1684020826.0, 1684020827.0, 1684020828.0, 1684020829.0, 1684020830.0, 1684020831.0, 1684020832.0, 1684020833.0, 1684020834.0, 1684020835.0, 1684020836.0], "cpu_throttled_count": [17.780121789, 17.780121789, 17.780121789, 17.780121789, 17.780121789, 17.780121789, 17.780121789, 17.780121789, 17.780121789, 17.780121789, 17.780121789, 17.780121789, 17.780121789, 17.780121789, 17.780121789, 17.780121789, 17.780121789, 17.780121789, 17.780121789, 17.780121789, 17.780121789, 17.780121789, 17.780121789, 17.780121789, 17.780121789, 17.780121789, 17.780121789, 17.780121789, 17.780121789, 17.780121789, 17.847280545, 17.847280545, 17.847280545, 17.847280545, 17.847280545, 17.847280545, 17.847280545, 17.847280545, 17.847280545, 17.847280545, 17.847280545, 17.847280545, 17.847280545, 17.847280545, 17.847280545, 17.847280545, 17.847280545, 17.847280545, 17.847280545, 17.847280545, 17.847280545, 17.847280545, 17.847280545, 17.847280545, 17.847280545, 17.847280545, 17.847280545, 17.847280545, 17.847280545, 17.847280545, 17.984291293, 17.984291293, 17.984291293, 17.984291293, 17.984291293, 17.984291293, 17.984291293, 17.984291293, 17.984291293, 17.984291293, 17.984291293, 17.984291293, 17.984291293, 17.984291293, 17.984291293, 17.984291293, 17.984291293, 17.984291293, 17.984291293, 17.984291293, 17.984291293, 17.984291293, 17.984291293, 17.984291293, 17.984291293, 17.984291293, 17.984291293, 17.984291293, 17.984291293, 17.984291293, 18.000641576, 18.000641576, 18.000641576, 18.000641576, 18.000641576, 18.000641576, 18.000641576, 18.000641576, 18.000641576, 18.000641576, 18.000641576, 18.000641576, 18.000641576, 18.000641576, 18.000641576],