{"cpu_usage_count": [0.042241989, 0.042241989, 0.042241989, 0.042241989, 0.042241989, 0.042241989, 0.042241989, 0.042241989, 0.042241989, 0.042241989, 0.042241989, 0.042241989, 0.042241989, 0.042241989, 0.042241989, 0.042241989, 0.042241989, 0.042241989, 0.042241989, 0.042241989, 0.042241989, 0.042241989, 0.042241989, 0.042241989, 0.042241989, 0.042241989, 0.042241989, 0.042241989, 0.042241989, 0.042241989, 14.543355012, 14.543355012, 14.543355012, 14.543355012, 14.543355012, 14.543355012, 14.543355012, 14.543355012, 14.543355012, 14.543355012, 14.543355012, 14.543355012, 14.543355012, 14.543355012, 14.543355012, 14.543355012, 14.543355012, 14.543355012, 14.543355012, 14.543355012, 14.543355012, 14.543355012, 14.543355012, 14.543355012, 14.543355012, 14.543355012, 14.543355012, 14.543355012, 14.543355012, 14.543355012, 54.385615169, 54.385615169, 54.385615169, 54.385615169, 54.385615169, 54.385615169, 54.385615169, 54.385615169, 54.385615169, 54.385615169, 54.385615169, 54.385615169, 54.385615169, 54.385615169, 54.385615169, 54.385615169, 54.385615169, 54.385615169, 54.385615169, 54.385615169, 54.385615169, 54.385615169, 54.385615169, 54.385615169, 54.385615169, 54.385615169, 54.385615169, 54.385615169, 54.385615169, 54.385615169, 54.48209538, 54.48209538, 54.48209538, 54.48209538, 54.48209538, 54.48209538, 54.48209538, 54.48209538, 54.48209538, 54.48209538, 54.48209538, 54.48209538, 54.48209538, 54.48209538, 54.48209538, 54.48209538, 54.48209538, 54.48209538, 54.48209538], "time_cpu_usage_count": [1684020882.0, 1684020883.0, 1684020884.0, 1684020885.0, 1684020886.0, 1684020887.0, 1684020888.0, 1684020889.0, 1684020890.0, 1684020891.0, 1684020892.0, 1684020893.0, 1684020894.0, 1684020895.0, 1684020896.0, 1684020897.0, 1684020898.0, 1684020899.0, 1684020900.0, 1684020901.0, 1684020902.0, 1684020903.0, 1684020904.0, 1684020905.0, 1684020906.0, 1684020907.0, 1684020908.0, 1684020909.0, 1684020910.0, 1684020911.0, 1684020912.0, 1684020913.0, 1684020914.0, 1684020915.0, 1684020916.0, 1684020917.0, 1684020918.0, 1684020919.0, 1684020920.0, 1684020921.0, 1684020922.0, 1684020923.0, 1684020924.0, 1684020925.0, 1684020926.0, 1684020927.0, 1684020928.0, 1684020929.0, 1684020930.0, 1684020931.0, 1684020932.0, 1684020933.0, 1684020934.0, 1684020935.0, 1684020936.0, 1684020937.0, 1684020938.0, 1684020939.0, 1684020940.0, 1684020941.0, 1684020942.0, 1684020943.0, 1684020944.0, 1684020945.0, 1684020946.0, 1684020947.0, 1684020948.0, 1684020949.0, 1684020950.0, 1684020951.0, 1684020952.0, 1684020953.0, 1684020954.0, 1684020955.0, 1684020956.0, 1684020957.0, 1684020958.0, 1684020959.0, 1684020960.0, 1684020961.0, 1684020962.0, 1684020963.0, 1684020964.0, 1684020965.0, 1684020966.0, 1684020967.0, 1684020968.0, 1684020969.0, 1684020970.0, 1684020971.0, 1684020972.0, 1684020973.0, 1684020974.0, 1684020975.0, 1684020976.0, 1684020977.0, 1684020978.0, 1684020979.0, 1684020980.0, 1684020981.0, 1684020982.0, 1684020983.0, 1684020984.0, 1684020985.0, 1684020986.0, 1684020987.0, 1684020988.0, 1684020989.0, 1684020990.0], "cpu_usage_rate": [0.1635639106812744, 0.16893469328238556, 0.17430547588349665, 0.17967625848460772, 0.18504704108571887, 0.19041782368682994, 0.19578860628794106, 0.2011593888890522, 0.2065301714901633, 0.21190095409127443, 0.21727173669238553, 0.22264251929349663, 0.22801330189460778, 0.23338408449571887, 0.23875486709683, 0.24412564969794112, 0.2494964322990522, 0.25486721490016334, 0.26023799750127447, 0.26560878010238553, 0.27097956270349666, 0.2763503453046078, 0.28172112790571885, 0.28709191050683003, 0.29246269310794104, 0.2978334757090522, 0.3032042583101633, 0.3085750409112744, 0.31394582351238554, 0.31931660611349666, 0.6079779496476038, 0.6180415372735296, 0.6281051248994555, 0.6381687125253815, 0.6482323001513074, 0.6582958877772332, 0.6683594754031593, 0.6784230630290852, 0.6884866506550111, 0.698550238280937, 0.7086138259068631, 0.7186774135327888, 0.7287410011587148, 0.7388045887846407, 0.7488681764105667, 0.7589317640364927, 0.7689953516624185, 0.7790589392883445, 0.7891225269142704, 0.7991861145401964, 0.8092497021661221, 0.8193132897920482, 0.8293768774179741, 0.8394404650439, 0.8495040526698259, 0.859567640295752, 0.8696312279216778, 0.8796948155476036, 0.8897584031735295, 0.8998219907994556, 0.6080709704657511, 0.6154670334968623, 0.6228630965279733, 0.6302591595590844, 0.6376552225901955, 0.6450512856213068, 0.6524473486524178, 0.6598434116835289, 0.6656456728, 0.6656456728, 0.6656456728, 0.6656456728, 0.6656456728, 0.6656456728, 0.6656456728, 0.6656456728, 0.6656456728, 0.6656456728, 0.6656456728], "time_cpu_usage_rate": [1684020912.0, 1684020913.0, 1684020914.0, 1684020915.0, 1684020916.0, 1684020917.0, 1684020918.0, 1684020919.0, 1684020920.0, 1684020921.0, 1684020922.0, 1684020923.0, 1684020924.0, 1684020925.0, 1684020926.0, 1684020927.0, 1684020928.0, 1684020929.0, 1684020930.0, 1684020931.0, 1684020932.0, 1684020933.0, 1684020934.0, 1684020935.0, 1684020936.0, 1684020937.0, 1684020938.0, 1684020939.0, 1684020940.0, 1684020941.0, 1684020942.0, 1684020943.0, 1684020944.0, 1684020945.0, 1684020946.0, 1684020947.0, 1684020948.0, 1684020949.0, 1684020950.0, 1684020951.0, 1684020952.0, 1684020953.0, 1684020954.0, 1684020955.0, 1684020956.0, 1684020957.0, 1684020958.0, 1684020959.0, 1684020960.0, 1684020961.0, 1684020962.0, 1684020963.0, 1684020964.0, 1684020965.0, 1684020966.0, 1684020967.0, 1684020968.0, 1684020969.0, 1684020970.0, 1684020971.0, 1684020972.0, 1684020973.0, 1684020974.0, 1684020975.0, 1684020976.0, 1684020977.0, 1684020978.0, 1684020979.0, 1684020980.0, 1684020981.0, 1684020982.0, 1684020983.0, 1684020984.0, 1684020985.0, 1684020986.0, 1684020987.0, 1684020988.0, 1684020989.0, 1684020990.0], "cpu_throttled_count": [0.0, 0.0, 0.0, 0.0, 0.0, 0.0, 0.0, 0.0, 0.0, 0.0, 0.0, 0.0, 0.0, 0.0, 0.0, 0.0, 0.0, 0.0, 0.0, 0.0, 0.0, 0.0, 0.0, 0.0, 0.0, 0.0, 0.0, 0.0, 0.0, 0.0, 10.651848489, 10.651848489, 10.651848489, 10.651848489, 10.651848489, 10.651848489, 10.651848489, 10.651848489, 10.651848489, 10.651848489, 10.651848489, 10.651848489, 10.651848489, 10.651848489, 10.651848489, 10.651848489, 10.651848489, 10.651848489, 10.651848489, 10.651848489, 10.651848489, 10.651848489, 10.651848489, 10.651848489, 10.651848489, 10.651848489, 10.651848489, 10.651848489, 10.651848489, 10.651848489, 10.693238547, 10.693238547, 10.693238547, 10.693238547, 10.693238547, 10.693238547, 10.693238547, 10.693238547, 10.693238547, 10.693238547, 10.693238547, 10.693238547, 10.693238547, 10.693238547, 10.693238547, 10.693238547, 10.693238547, 10.693238547, 10.693238547, 10.693238547, 10.693238547, 10.693238547, 10.693238547, 10.693238547, 10.693238547, 10.693238547, 10.693238547, 10.693238547, 10.693238547, 10.693238547, 10.693238547, 10.693238547, 10.693238547, 10.693238547, 10.693238547, 10.693238547, 10.693238547, 10.693238547, 10.693238547, 10.693238547, 10.693238547, 10.693238547, 10.693238547, 10.693238547, 10.693238547, 10.693238547, 10.693238547, 10.693238547, 10.693238547],