{"cpu_usage_count": [0.047566385, 0.047566385, 0.047566385, 0.047566385, 0.047566385, 0.047566385, 0.047566385, 0.047566385, 0.047566385, 0.047566385, 0.047566385, 0.047566385, 0.047566385, 0.047566385, 0.047566385, 0.047566385, 0.047566385, 0.047566385, 0.047566385, 0.047566385, 0.047566385, 0.047566385, 0.047566385, 0.047566385, 0.047566385, 0.047566385, 0.047566385, 0.047566385, 0.047566385, 0.047566385, 12.862849698, 12.862849698, 12.862849698, 12.862849698, 12.862849698, 12.862849698, 12.862849698, 12.862849698, 12.862849698, 12.862849698, 12.862849698, 12.862849698, 12.862849698, 12.862849698, 12.862849698, 12.862849698, 12.862849698, 12.862849698, 12.862849698, 12.862849698, 12.862849698, 12.862849698, 12.862849698, 12.862849698, 12.862849698, 12.862849698, 12.862849698, 12.862849698, 12.862849698, 12.862849698, 60.166960241, 60.166960241, 60.166960241, 60.166960241, 60.166960241, 60.166960241, 60.166960241, 60.166960241, 60.166960241, 60.166960241, 60.166960241, 60.166960241, 60.166960241, 60.166960241, 60.166960241, 60.166960241, 60.166960241, 60.166960241, 60.166960241, 60.166960241, 60.166960241, 60.166960241, 60.166960241, 60.166960241, 60.166960241, 60.166960241, 60.166960241, 60.166960241, 60.166960241, 60.166960241, 60.326394995, 60.326394995, 60.326394995, 60.326394995, 60.326394995, 60.326394995, 60.326394995, 60.326394995, 60.326394995, 60.326394995, 60.326394995, 60.326394995, 60.326394995, 60.326394995, 60.326394995, 60.326394995, 60.326394995, 60.326394995, 60.326394995, 60.326394995, 60.326394995], "time_cpu_usage_count": [1684021032.0, 1684021033.0, 1684021034.0, 1684021035.0, 1684021036.0, 1684021037.0, 1684021038.0, 1684021039.0, 1684021040.0, 1684021041.0, 1684021042.0, 1684021043.0, 1684021044.0, 1684021045.0, 1684021046.0, 1684021047.0, 1684021048.0, 1684021049.0, 1684021050.0, 1684021051.0, 1684021052.0, 1684021053.0, 1684021054.0, 1684021055.0, 1684021056.0, 1684021057.0, 1684021058.0, 1684021059.0, 1684021060.0, 1684021061.0, 1684021062.0, 1684021063.0, 1684021064.0, 1684021065.0, 1684021066.0, 1684021067.0, 1684021068.0, 1684021069.0, 1684021070.0, 1684021071.0, 1684021072.0, 1684021073.0, 1684021074.0, 1684021075.0, 1684021076.0, 1684021077.0, 1684021078.0, 1684021079.0, 1684021080.0, 1684021081.0, 1684021082.0, 1684021083.0, 1684021084.0, 1684021085.0, 1684021086.0, 1684021087.0, 1684021088.0, 1684021089.0, 1684021090.0, 1684021091.0, 1684021092.0, 1684021093.0, 1684021094.0, 1684021095.0, 1684021096.0, 1684021097.0, 1684021098.0, 1684021099.0, 1684021100.0, 1684021101.0, 1684021102.0, 1684021103.0, 1684021104.0, 1684021105.0, 1684021106.0, 1684021107.0, 1684021108.0, 1684021109.0, 1684021110.0, 1684021111.0, 1684021112.0, 1684021113.0, 1684021114.0, 1684021115.0, 1684021116.0, 1684021117.0, 1684021118.0, 1684021119.0, 1684021120.0, 1684021121.0, 1684021122.0, 1684021123.0, 1684021124.0, 1684021125.0, 1684021126.0, 1684021127.0, 1684021128.0, 1684021129.0, 1684021130.0, 1684021131.0, 1684021132.0, 1684021133.0, 1684021134.0, 1684021135.0, 1684021136.0, 1684021137.0, 1684021138.0, 1684021139.0, 1684021140.0, 1684021141.0, 1684021142.0], "cpu_usage_rate": [0.1446624814503226, 0.1494088826773596, 0.15415528390439667, 0.1589016851314337, 0.16364808635847075, 0.16839448758550776, 0.17314088881254483, 0.17788729003958184, 0.18263369126661888, 0.18738009249365592, 0.19212649372069296, 0.19687289494772997, 0.20161929617476707, 0.20636569740180405, 0.21111209862884112, 0.21585849985587816, 0.2206049010829152, 0.2253513023099522, 0.23009770353698925, 0.2348441047640263, 0.23959050599106332, 0.2443369072181004, 0.24908330844513737, 0.25382970967217444, 0.2585761108992115, 0.2633225121262485, 0.26806891335328553, 0.2728153145803226, 0.2775617158073596, 0.2823081170343966, 0.6726076725935466, 0.6837408936779911, 0.6948741147624357, 0.7060073358468799, 0.7171405569313246, 0.7282737780157689, 0.7394069991002132, 0.7505402201846577, 0.7616734412691023, 0.7728066623535467, 0.7839398834379911, 0.7950731045224355, 0.8062063256068801, 0.8173395466913244, 0.8284727677757688, 0.8396059888602134, 0.8507392099446578, 0.8618724310291023, 0.8730056521135466, 0.8841388731979912, 0.8952720942824357, 0.90640531536688, 0.9175385364513243, 0.9286717575357689, 0.9398049786202134, 0.9509381997046578, 0.9620714207891022, 0.9732046418735467, 0.9843378629579912, 0.9954710840424355, 0.6735190408933333, 0.6823085863187036, 0.6910981317440741, 0.6998876771694444, 0.7086772225948147, 0.7174667680201849, 0.7262563134455555, 0.7350458588709259, 0.7438354042962962, 0.7526249497216666, 0.761414495147037, 0.7702040405724073, 0.7789935859977777, 0.7877831314231482, 0.7910590882833334, 0.7910590882833334, 0.7910590882833334, 0.7910590882833334, 0.7910590882833334, 0.7910590882833334, 0.7910590882833334], "time_cpu_usage_rate": [1684021062.0, 1684021063.0, 1684021064.0, 1684021065.0, 1684021066.0, 1684021067.0, 1684021068.0, 1684021069.0, 1684021070.0, 1684021071.0, 1684021072.0, 1684021073.0, 1684021074.0, 1684021075.0, 1684021076.0, 1684021077.0, 1684021078.0, 1684021079.0, 1684021080.0, 1684021081.0, 1684021082.0, 1684021083.0, 1684021084.0, 1684021085.0, 1684021086.0, 1684021087.0, 1684021088.0, 1684021089.0, 1684021090.0, 1684021091.0, 1684021092.0, 1684021093.0, 1684021094.0, 1684021095.0, 1684021096.0, 1684021097.0, 1684021098.0, 1684021099.0, 1684021100.0, 1684021101.0, 1684021102.0, 1684021103.0, 1684021104.0, 1684021105.0, 1684021106.0, 1684021107.0, 1684021108.0, 1684021109.0, 1684021110.0, 1684021111.0, 1684021112.0, 1684021113.0, 1684021114.0, 1684021115.0, 1684021116.0, 1684021117.0, 1684021118.0, 1684021119.0, 1684021120.0, 1684021121.0, 1684021122.0, 1684021123.0, 1684021124.0, 1684021125.0, 1684021126.0, 1684021127.0, 1684021128.0, 1684021129.0, 1684021130.0, 1684021131.0, 1684021132.0, 1684021133.0, 1684021134.0, 1684021135.0, 1684021136.0, 1684021137.0, 1684021138.0, 1684021139.0, 1684021140.0, 1684021141.0, 1684021142.0], "cpu_throttled_count": [0.0, 0.0, 0.0, 0.0, 0.0, 0.0, 0.0, 0.0, 0.0, 0.0, 0.0, 0.0, 0.0, 0.0, 0.0, 0.0, 0.0, 0.0, 0.0, 0.0, 0.0, 0.0, 0.0, 0.0, 0.0, 0.0, 0.0, 0.0, 0.0, 0.0, 7.387202896, 7.387202896, 7.387202896, 7.387202896, 7.387202896, 7.387202896, 7.387202896, 7.387202896, 7.387202896, 7.387202896, 7.387202896, 7.387202896, 7.387202896, 7.387202896, 7.387202896, 7.387202896, 7.387202896, 7.387202896, 7.387202896, 7.387202896, 7.387202896, 7.387202896, 7.387202896, 7.387202896, 7.387202896, 7.387202896, 7.387202896, 7.387202896, 7.387202896, 7.387202896, 7.470641987, 7.470641987, 7.470641987, 7.470641987, 7.470641987, 7.470641987, 7.470641987, 7.470641987, 7.470641987, 7.470641987, 7.470641987, 7.470641987, 7.470641987, 7.470641987, 7.470641987, 7.470641987, 7.470641987, 7.470641987, 7.470641987, 7.470641987, 7.470641987, 7.470641987, 7.470641987, 7.470641987, 7.470641987, 7.470641987, 7.470641987, 7.470641987, 7.470641987, 7.470641987, 7.470641987, 7.470641987, 7.470641987, 7.470641987, 7.470641987, 7.470641987, 7.470641987, 7.470641987, 7.470641987, 7.470641987, 7.470641987, 7.470641987, 7.470641987, 7.470641987, 7.470641987, 7.470641987, 7.470641987, 7.470641987, 7.470641987, 7.470641987, 7.470641987],