{"cpu_usage_count": [0.034251234, 0.034251234, 0.034251234, 0.034251234, 0.034251234, 0.034251234, 0.034251234, 0.034251234, 0.034251234, 0.034251234, 0.034251234, 0.034251234, 0.034251234, 0.034251234, 0.034251234, 0.034251234, 0.034251234, 0.034251234, 0.034251234, 0.034251234, 0.034251234, 0.034251234, 0.034251234, 0.034251234, 0.034251234, 0.034251234, 0.034251234, 0.034251234, 0.034251234, 0.034251234, 20.600021943, 20.600021943, 20.600021943, 20.600021943, 20.600021943, 20.600021943, 20.600021943, 20.600021943, 20.600021943, 20.600021943, 20.600021943, 20.600021943, 20.600021943, 20.600021943, 20.600021943, 20.600021943, 20.600021943, 20.600021943, 20.600021943, 20.600021943, 20.600021943, 20.600021943, 20.600021943, 20.600021943, 20.600021943, 20.600021943, 20.600021943, 20.600021943, 20.600021943, 20.600021943, 73.91490413, 73.91490413, 73.91490413, 73.91490413, 73.91490413, 73.91490413, 73.91490413, 73.91490413, 73.91490413, 73.91490413, 73.91490413, 73.91490413, 73.91490413, 73.91490413, 73.91490413, 73.91490413, 73.91490413, 73.91490413, 73.91490413, 73.91490413, 73.91490413, 73.91490413, 73.91490413, 73.91490413, 73.91490413, 73.91490413, 73.91490413, 73.91490413, 73.91490413, 73.91490413, 74.068544461, 74.068544461, 74.068544461, 74.068544461, 74.068544461, 74.068544461, 74.068544461, 74.068544461, 74.068544461, 74.068544461, 74.068544461, 74.068544461, 74.068544461, 74.068544461, 74.068544461, 74.068544461, 74.068544461, 74.068544461, 74.068544461, 74.068544461, 74.068544461, 74.068544461, 74.068544461, 74.068544461, 74.068544461], "time_cpu_usage_count": [1684021182.0, 1684021183.0, 1684021184.0, 1684021185.0, 1684021186.0, 1684021187.0, 1684021188.0, 1684021189.0, 1684021190.0, 1684021191.0, 1684021192.0, 1684021193.0, 1684021194.0, 1684021195.0, 1684021196.0, 1684021197.0, 1684021198.0, 1684021199.0, 1684021200.0, 1684021201.0, 1684021202.0, 1684021203.0, 1684021204.0, 1684021205.0, 1684021206.0, 1684021207.0, 1684021208.0, 1684021209.0, 1684021210.0, 1684021211.0, 1684021212.0, 1684021213.0, 1684021214.0, 1684021215.0, 1684021216.0, 1684021217.0, 1684021218.0, 1684021219.0, 1684021220.0, 1684021221.0, 1684021222.0, 1684021223.0, 1684021224.0, 1684021225.0, 1684021226.0, 1684021227.0, 1684021228.0, 1684021229.0, 1684021230.0, 1684021231.0, 1684021232.0, 1684021233.0, 1684021234.0, 1684021235.0, 1684021236.0, 1684021237.0, 1684021238.0, 1684021239.0, 1684021240.0, 1684021241.0, 1684021242.0, 1684021243.0, 1684021244.0, 1684021245.0, 1684021246.0, 1684021247.0, 1684021248.0, 1684021249.0, 1684021250.0, 1684021251.0, 1684021252.0, 1684021253.0, 1684021254.0, 1684021255.0, 1684021256.0, 1684021257.0, 1684021258.0, 1684021259.0, 1684021260.0, 1684021261.0, 1684021262.0, 1684021263.0, 1684021264.0, 1684021265.0, 1684021266.0, 1684021267.0, 1684021268.0, 1684021269.0, 1684021270.0, 1684021271.0, 1684021272.0, 1684021273.0, 1684021274.0, 1684021275.0, 1684021276.0, 1684021277.0, 1684021278.0, 1684021279.0, 1684021280.0, 1684021281.0, 1684021282.0, 1684021283.0, 1684021284.0, 1684021285.0, 1684021286.0, 1684021287.0, 1684021288.0, 1684021289.0, 1684021290.0, 1684021291.0, 1684021292.0, 1684021293.0, 1684021294.0, 1684021295.0, 1684021296.0], "cpu_usage_rate": [0.23168455412600114, 0.23930150624044563, 0.24691845835489004, 0.2545354104693345, 0.262152362583779, 0.2697693146982234, 0.2773862668126678, 0.2850032189271123, 0.29262017104155674, 0.30023712315600115, 0.3078540752704456, 0.31547102738489, 0.32308797949933454, 0.33070493161377895, 0.33832188372822336, 0.3459388358426678, 0.3535557879571123, 0.36117274007155675, 0.36878969218600116, 0.3764066443004456, 0.38402359641489003, 0.39164054852933455, 0.39925750064377896, 0.4068744527582234, 0.41449140487266783, 0.42210835698711235, 0.42972530910155676, 0.4373422612160012, 0.44495921333044564, 0.45257616544489004, 0.8262978606320058, 0.8399794630201539, 0.853661065408302, 0.8673426677964503, 0.8810242701845985, 0.8947058725727467, 0.9083874749608948, 0.9220690773490429, 0.9357506797371912, 0.9494322821253393, 0.9631138845134873, 0.9767954869016354, 0.9904770892897837, 1.004158691677932, 1.01784029406608, 1.031521896454228, 1.0452034988423764, 1.0588851012305245, 1.0725667036186726, 1.0862483060068209, 1.099929908394969, 1.113611510783117, 1.1272931131712651, 1.1409747155594134, 1.1546563179475615, 1.1683379203357096, 1.1820195227238577, 1.195701125112006, 1.209382727500154, 1.2230643298883022, 0.8266177065600198, 0.8365192848040939, 0.8464208630481679, 0.856322441292242, 0.866224019536316, 0.87612559778039, 0.8860271760244641, 0.8911420419666668, 0.8911420419666668, 0.8911420419666668, 0.8911420419666668, 0.8911420419666668, 0.8911420419666668, 0.8911420419666668, 0.8911420419666668, 0.8911420419666668, 0.8911420419666668, 0.8911420419666668, 0.8911420419666668, 0.8911420419666668, 0.8911420419666668, 0.8911420419666668, 0.8911420419666668, 0.8911420419666668, 0.8911420419666668], "time_cpu_usage_rate": [1684021212.0, 1684021213.0, 1684021214.0, 1684021215.0, 1684021216.0, 1684021217.0, 1684021218.0, 1684021219.0, 1684021220.0, 1684021221.0, 1684021222.0, 1684021223.0, 1684021224.0, 1684021225.0, 1684021226.0, 1684021227.0, 1684021228.0, 1684021229.0, 1684021230.0, 1684021231.0, 1684021232.0, 1684021233.0, 1684021234.0, 1684021235.0, 1684021236.0, 1684021237.0, 1684021238.0, 1684021239.0, 1684021240.0, 1684021241.0, 1684021242.0, 1684021243.0, 1684021244.0, 1684021245.0, 1684021246.0, 1684021247.0, 1684021248.0, 1684021249.0, 1684021250.0, 1684021251.0, 1684021252.0, 1684021253.0, 1684021254.0, 1684021255.0, 1684021256.0, 1684021257.0, 1684021258.0, 1684021259.0, 1684021260.0, 1684021261.0, 1684021262.0, 1684021263.0, 1684021264.0, 1684021265.0, 1684021266.0, 1684021267.0, 1684021268.0, 1684021269.0, 1684021270.0, 1684021271.0, 1684021272.0, 1684021273.0, 1684021274.0, 1684021275.0, 1684021276.0, 1684021277.0, 1684021278.0, 1684021279.0, 1684021280.0, 1684021281.0, 1684021282.0, 1684021283.0, 1684021284.0, 1684021285.0, 1684021286.0, 1684021287.0, 1684021288.0, 1684021289.0, 1684021290.0, 1684021291.0, 1684021292.0, 1684021293.0, 1684021294.0, 1684021295.0, 1684021296.0], "cpu_throttled_count": [0.0, 0.0, 0.0, 0.0, 0.0, 0.0, 0.0, 0.0, 0.0, 0.0, 0.0, 0.0, 0.0, 0.0, 0.0, 0.0, 0.0, 0.0, 0.0, 0.0, 0.0, 0.0, 0.0, 0.0, 0.0, 0.0, 0.0, 0.0, 0.0, 0.0, 5.894849353, 5.894849353, 5.894849353, 5.894849353, 5.894849353, 5.894849353, 5.894849353, 5.894849353, 5.894849353, 5.894849353, 5.894849353, 5.894849353, 5.894849353, 5.894849353, 5.894849353, 5.894849353, 5.894849353, 5.894849353, 5.894849353, 5.894849353, 5.894849353, 5.894849353, 5.894849353, 5.894849353, 5.894849353, 5.894849353, 5.894849353, 5.894849353, 5.894849353, 5.894849353, 5.955478004, 5.955478004, 5.955478004, 5.955478004, 5.955478004, 5.955478004, 5.955478004, 5.955478004, 5.955478004, 5.955478004, 5.955478004, 5.955478004, 5.955478004, 5.955478004, 5.955478004, 5.955478004, 5.955478004, 5.955478004, 5.955478004, 5.955478004, 5.955478004, 5.955478004, 5.955478004, 5.955478004, 5.955478004, 5.955478004, 5.955478004, 5.955478004, 5.955478004, 5.955478004, 5.955478004, 5.955478004, 5.955478004, 5.955478004, 5.955478004, 5.955478004, 5.955478004, 5.955478004, 5.955478004, 5.955478004, 5.955478004, 5.955478004, 5.955478004, 5.955478004, 5.955478004, 5.955478004, 5.955478004, 5.955478004, 5.955478004, 5.955478004, 5.955478004, 5.955478004, 5.955478004, 5.955478004, 5.955478004],