{"cpu_usage_count": [0.203326633, 0.203326633, 0.203326633, 0.203326633, 0.203326633, 0.203326633, 0.203326633, 0.203326633, 0.203326633, 0.203326633, 0.203326633, 0.203326633, 0.203326633, 0.203326633, 0.203326633, 0.203326633, 0.203326633, 0.203326633, 0.203326633, 0.203326633, 0.203326633, 0.203326633, 0.203326633, 0.203326633, 0.203326633, 0.203326633, 0.203326633, 0.203326633, 0.203326633, 0.203326633, 13.752970586, 13.752970586, 13.752970586, 13.752970586, 13.752970586, 13.752970586, 13.752970586, 13.752970586, 13.752970586, 13.752970586, 13.752970586, 13.752970586, 13.752970586, 13.752970586, 13.752970586, 13.752970586, 13.752970586, 13.752970586, 13.752970586, 13.752970586, 13.752970586, 13.752970586, 13.752970586, 13.752970586, 13.752970586, 13.752970586, 13.752970586, 13.752970586, 13.752970586, 13.752970586, 34.274578991, 34.274578991, 34.274578991, 34.274578991, 34.274578991, 34.274578991, 34.274578991, 34.274578991, 34.274578991, 34.274578991, 34.274578991, 34.274578991, 34.274578991, 34.274578991, 34.274578991, 34.274578991, 34.274578991, 34.274578991, 34.274578991, 34.274578991, 34.274578991, 34.274578991, 34.274578991, 34.274578991, 34.274578991, 34.274578991, 34.274578991, 34.274578991, 34.274578991, 34.274578991, 64.601916316, 64.601916316, 64.601916316, 64.601916316, 64.601916316, 64.601916316, 64.601916316, 64.601916316, 64.601916316, 64.601916316, 64.601916316, 64.601916316, 64.601916316, 64.601916316, 64.601916316, 64.601916316, 64.601916316, 64.601916316, 64.601916316, 64.601916316, 64.601916316, 64.601916316, 64.601916316, 64.601916316, 64.601916316, 64.601916316, 64.601916316], "time_cpu_usage_count": [1684021362.0, 1684021363.0, 1684021364.0, 1684021365.0, 1684021366.0, 1684021367.0, 1684021368.0, 1684021369.0, 1684021370.0, 1684021371.0, 1684021372.0, 1684021373.0, 1684021374.0, 1684021375.0, 1684021376.0, 1684021377.0, 1684021378.0, 1684021379.0, 1684021380.0, 1684021381.0, 1684021382.0, 1684021383.0, 1684021384.0, 1684021385.0, 1684021386.0, 1684021387.0, 1684021388.0, 1684021389.0, 1684021390.0, 1684021391.0, 1684021392.0, 1684021393.0, 1684021394.0, 1684021395.0, 1684021396.0, 1684021397.0, 1684021398.0, 1684021399.0, 1684021400.0, 1684021401.0, 1684021402.0, 1684021403.0, 1684021404.0, 1684021405.0, 1684021406.0, 1684021407.0, 1684021408.0, 1684021409.0, 1684021410.0, 1684021411.0, 1684021412.0, 1684021413.0, 1684021414.0, 1684021415.0, 1684021416.0, 1684021417.0, 1684021418.0, 1684021419.0, 1684021420.0, 1684021421.0, 1684021422.0, 1684021423.0, 1684021424.0, 1684021425.0, 1684021426.0, 1684021427.0, 1684021428.0, 1684021429.0, 1684021430.0, 1684021431.0, 1684021432.0, 1684021433.0, 1684021434.0, 1684021435.0, 1684021436.0, 1684021437.0, 1684021438.0, 1684021439.0, 1684021440.0, 1684021441.0, 1684021442.0, 1684021443.0, 1684021444.0, 1684021445.0, 1684021446.0, 1684021447.0, 1684021448.0, 1684021449.0, 1684021450.0, 1684021451.0, 1684021452.0, 1684021453.0, 1684021454.0, 1684021455.0, 1684021456.0, 1684021457.0, 1684021458.0, 1684021459.0, 1684021460.0, 1684021461.0, 1684021462.0, 1684021463.0, 1684021464.0, 1684021465.0, 1684021466.0, 1684021467.0, 1684021468.0, 1684021469.0, 1684021470.0, 1684021471.0, 1684021472.0, 1684021473.0, 1684021474.0, 1684021475.0, 1684021476.0, 1684021477.0, 1684021478.0], "cpu_usage_rate": [0.15465253218916702, 0.1596709188384263, 0.16468930548768554, 0.16970769213694478, 0.17472607878620405, 0.17974446543546335, 0.18476285208472257, 0.18978123873398187, 0.19479962538324114, 0.1998180120325004, 0.20483639868175965, 0.20985478533101892, 0.21487317198027817, 0.21989155862953744, 0.22490994527879668, 0.22992833192805595, 0.2349467185773152, 0.23996510522657447, 0.24498349187583376, 0.250001878525093, 0.2550202651743523, 0.2600386518236115, 0.26505703847287077, 0.27007542512213, 0.2750938117713893, 0.28011219842064855, 0.2851305850699078, 0.29014897171916704, 0.29516735836842634, 0.3001857450176856, 0.38314423871766395, 0.3894537298950714, 0.3957632210724788, 0.4020727122498862, 0.40838220342729364, 0.4146916946047011, 0.42100118578210843, 0.42731067695951597, 0.4336201681369233, 0.4399296593143307, 0.44623915049173807, 0.45254864166914555, 0.4588581328465529, 0.46516762402396034, 0.4714771152013677, 0.4777866063787752, 0.48409609755618255, 0.49040558873358997, 0.4967150799109974, 0.5030245710884048, 0.5093340622658121, 0.5156435534432195, 0.521953044620627, 0.5282625357980344, 0.5345720269754418, 0.5408815181528492, 0.5471910093302567, 0.5535005005076641, 0.5598099916850714, 0.5661194828624788, 0.7212549151931316, 0.7306713866246131, 0.7400878580560946, 0.749504329487576, 0.7589208009190574, 0.7683372723505388, 0.7777537437820203, 0.787170215213502, 0.7965866866449834, 0.8060031580764648, 0.8154196295079463, 0.8248361009394279, 0.8342525723709093, 0.8436690438023908, 0.8474824288333332, 0.8474824288333332, 0.8474824288333332, 0.8474824288333332, 0.8474824288333332, 0.8474824288333332, 0.8474824288333332, 0.8474824288333332, 0.8474824288333332, 0.8474824288333332, 0.8474824288333332, 0.8474824288333332, 0.8474824288333332], "time_cpu_usage_rate": [1684021392.0, 1684021393.0, 1684021394.0, 1684021395.0, 1684021396.0, 1684021397.0, 1684021398.0, 1684021399.0, 1684021400.0, 1684021401.0, 1684021402.0, 1684021403.0, 1684021404.0, 1684021405.0, 1684021406.0, 1684021407.0, 1684021408.0, 1684021409.0, 1684021410.0, 1684021411.0, 1684021412.0, 1684021413.0, 1684021414.0, 1684021415.0, 1684021416.0, 1684021417.0, 1684021418.0, 1684021419.0, 1684021420.0, 1684021421.0, 1684021422.0, 1684021423.0, 1684021424.0, 1684021425.0, 1684021426.0, 1684021427.0, 1684021428.0, 1684021429.0, 1684021430.0, 1684021431.0, 1684021432.0, 1684021433.0, 1684021434.0, 1684021435.0, 1684021436.0, 1684021437.0, 1684021438.0, 1684021439.0, 1684021440.0, 1684021441.0, 1684021442.0, 1684021443.0, 1684021444.0, 1684021445.0, 1684021446.0, 1684021447.0, 1684021448.0, 1684021449.0, 1684021450.0, 1684021451.0, 1684021452.0, 1684021453.0, 1684021454.0, 1684021455.0, 1684021456.0, 1684021457.0, 1684021458.0, 1684021459.0, 1684021460.0, 1684021461.0, 1684021462.0, 1684021463.0, 1684021464.0, 1684021465.0, 1684021466.0, 1684021467.0, 1684021468.0, 1684021469.0, 1684021470.0, 1684021471.0, 1684021472.0, 1684021473.0, 1684021474.0, 1684021475.0, 1684021476.0, 1684021477.0, 1684021478.0], "cpu_throttled_count": [0.002938881, 0.002938881, 0.002938881, 0.002938881, 0.002938881, 0.002938881, 0.002938881, 0.002938881, 0.002938881, 0.002938881, 0.002938881, 0.002938881, 0.002938881, 0.002938881, 0.002938881, 0.002938881, 0.002938881, 0.002938881, 0.002938881, 0.002938881, 0.002938881, 0.002938881, 0.002938881, 0.002938881, 0.002938881, 0.002938881, 0.002938881, 0.002938881, 0.002938881, 0.002938881, 17.215954519, 17.215954519, 17.215954519, 17.215954519, 17.215954519, 17.215954519, 17.215954519, 17.215954519, 17.215954519, 17.215954519, 17.215954519, 17.215954519, 17.215954519, 17.215954519, 17.215954519, 17.215954519, 17.215954519, 17.215954519, 17.215954519, 17.215954519, 17.215954519, 17.215954519, 17.215954519, 17.215954519, 17.215954519, 17.215954519, 17.215954519, 17.215954519, 17.215954519, 17.215954519, 17.304012782, 17.304012782, 17.304012782, 17.304012782, 17.304012782, 17.304012782, 17.304012782, 17.304012782, 17.304012782, 17.304012782, 17.304012782, 17.304012782, 17.304012782, 17.304012782, 17.304012782, 17.304012782, 17.304012782, 17.304012782, 17.304012782, 17.304012782, 17.304012782, 17.304012782, 17.304012782, 17.304012782, 17.304012782, 17.304012782, 17.304012782, 17.304012782, 17.304012782, 17.304012782, 17.383843004, 17.383843004, 17.383843004, 17.383843004, 17.383843004, 17.383843004, 17.383843004, 17.383843004, 17.383843004, 17.383843004, 17.383843004, 17.383843004, 17.383843004, 17.383843004, 17.383843004, 17.383843004, 17.383843004, 17.383843004, 17.383843004, 17.383843004, 17.383843004, 17.383843004, 17.383843004, 17.383843004, 17.383843004, 17.383843004, 17.383843004],