{"cpu_usage_count": [5.494183613, 5.494183613, 5.494183613, 5.494183613, 5.494183613, 5.494183613, 5.494183613, 5.494183613, 5.494183613, 5.494183613, 5.494183613, 5.494183613, 5.494183613, 5.494183613, 5.494183613, 5.494183613, 5.494183613, 5.494183613, 5.494183613, 5.494183613, 5.494183613, 9.978754637, 9.978754637, 9.978754637, 9.978754637, 9.978754637, 9.978754637, 9.978754637, 9.978754637, 9.978754637, 9.978754637, 9.978754637, 9.978754637, 9.978754637, 9.978754637, 9.978754637, 9.978754637, 9.978754637, 9.978754637, 9.978754637, 9.978754637, 9.978754637, 9.978754637, 9.978754637, 9.978754637, 9.978754637, 9.978754637, 9.978754637, 9.978754637, 9.978754637, 9.978754637, 12.84080055, 12.84080055, 12.84080055, 12.84080055, 12.84080055, 12.84080055, 12.84080055, 12.84080055, 12.84080055, 12.84080055, 12.84080055, 12.84080055, 12.84080055, 12.84080055, 12.84080055, 12.84080055, 12.84080055, 12.84080055, 12.84080055, 12.84080055, 12.84080055, 12.84080055, 12.84080055, 12.84080055, 12.84080055, 12.84080055, 12.84080055, 12.84080055, 12.84080055, 12.84080055, 13.038416856, 13.038416856, 13.038416856, 13.038416856, 13.038416856, 13.038416856, 13.038416856, 13.038416856, 13.038416856, 13.038416856, 13.038416856, 13.038416856, 13.038416856, 13.038416856, 13.038416856, 13.038416856, 13.038416856, 13.038416856, 13.038416856, 13.038416856, 13.038416856, 13.038416856, 13.038416856, 13.038416856, 13.038416856, 13.038416856, 13.038416856, 13.038416856, 13.038416856, 13.038416856, 13.108893197, 13.108893197, 13.108893197, 13.108893197, 13.108893197, 13.108893197, 13.108893197, 13.108893197, 13.108893197], "time_cpu_usage_count": [1684021761.0, 1684021762.0, 1684021763.0, 1684021764.0, 1684021765.0, 1684021766.0, 1684021767.0, 1684021768.0, 1684021769.0, 1684021770.0, 1684021771.0, 1684021772.0, 1684021773.0, 1684021774.0, 1684021775.0, 1684021776.0, 1684021777.0, 1684021778.0, 1684021779.0, 1684021780.0, 1684021781.0, 1684021782.0, 1684021783.0, 1684021784.0, 1684021785.0, 1684021786.0, 1684021787.0, 1684021788.0, 1684021789.0, 1684021790.0, 1684021791.0, 1684021792.0, 1684021793.0, 1684021794.0, 1684021795.0, 1684021796.0, 1684021797.0, 1684021798.0, 1684021799.0, 1684021800.0, 1684021801.0, 1684021802.0, 1684021803.0, 1684021804.0, 1684021805.0, 1684021806.0, 1684021807.0, 1684021808.0, 1684021809.0, 1684021810.0, 1684021811.0, 1684021812.0, 1684021813.0, 1684021814.0, 1684021815.0, 1684021816.0, 1684021817.0, 1684021818.0, 1684021819.0, 1684021820.0, 1684021821.0, 1684021822.0, 1684021823.0, 1684021824.0, 1684021825.0, 1684021826.0, 1684021827.0, 1684021828.0, 1684021829.0, 1684021830.0, 1684021831.0, 1684021832.0, 1684021833.0, 1684021834.0, 1684021835.0, 1684021836.0, 1684021837.0, 1684021838.0, 1684021839.0, 1684021840.0, 1684021841.0, 1684021842.0, 1684021843.0, 1684021844.0, 1684021845.0, 1684021846.0, 1684021847.0, 1684021848.0, 1684021849.0, 1684021850.0, 1684021851.0, 1684021852.0, 1684021853.0, 1684021854.0, 1684021855.0, 1684021856.0, 1684021857.0, 1684021858.0, 1684021859.0, 1684021860.0, 1684021861.0, 1684021862.0, 1684021863.0, 1684021864.0, 1684021865.0, 1684021866.0, 1684021867.0, 1684021868.0, 1684021869.0, 1684021870.0, 1684021871.0, 1684021872.0, 1684021873.0, 1684021874.0, 1684021875.0, 1684021876.0, 1684021877.0, 1684021878.0, 1684021879.0, 1684021880.0], "cpu_usage_rate": [0.07535241986881777, 0.07701337209992888, 0.07867432433104, 0.0803352765621511, 0.08199622879326222, 0.08365718102437332, 0.08531813325548444, 0.08697908548659555, 0.08864003771770668, 0.0903009899488178, 0.0919619421799289, 0.09362289441104002, 0.09528384664215113, 0.09694479887326223, 0.09860575110437333, 0.10026670333548444, 0.10192765556659555, 0.10358860779770666, 0.10524956002881779, 0.1069105122599289, 0.10857146449104, 0.11023241672215112, 0.11189336895326224, 0.11355432118437335, 0.11521527341548446, 0.11687622564659558, 0.11853717787770669, 0.14948570079999998, 0.14948570079999998, 0.14948570079999998, 0.1224436156166667, 0.1224436156166667, 0.1224436156166667, 0.1224436156166667, 0.1224436156166667, 0.1224436156166667, 0.1224436156166667, 0.1224436156166667, 0.1224436156166667, 0.1224436156166667, 0.1224436156166667, 0.1224436156166667, 0.1224436156166667, 0.1224436156166667, 0.1224436156166667, 0.1224436156166667, 0.1224436156166667, 0.1224436156166667, 0.1224436156166667, 0.1224436156166667, 0.1224436156166667, 0.1224436156166667, 0.1224436156166667, 0.1224436156166667, 0.1224436156166667, 0.1224436156166667, 0.1224436156166667, 0.1224436156166667, 0.1224436156166667, 0.1224436156166667, 0.05099437031666666, 0.05099437031666666, 0.05099437031666666, 0.05099437031666666, 0.05099437031666666, 0.05099437031666666, 0.05099437031666666, 0.05099437031666666, 0.05099437031666666, 0.05099437031666666, 0.05099437031666666, 0.05099437031666666, 0.05099437031666666, 0.05099437031666666, 0.05099437031666666, 0.05099437031666666, 0.05099437031666666, 0.05099437031666666, 0.05099437031666666, 0.05099437031666666, 0.05099437031666666, 0.05099437031666666, 0.05099437031666666, 0.05099437031666666, 0.05099437031666666, 0.05099437031666666, 0.05099437031666666, 0.05099437031666666, 0.05099437031666666, 0.05099437031666666, 0.004468210783333326, 0.004468210783333326, 0.004468210783333326, 0.004468210783333326, 0.004468210783333326, 0.004468210783333326, 0.004468210783333326, 0.004468210783333326, 0.004468210783333326], "time_cpu_usage_rate": [1684021782.0, 1684021783.0, 1684021784.0, 1684021785.0, 1684021786.0, 1684021787.0, 1684021788.0, 1684021789.0, 1684021790.0, 1684021791.0, 1684021792.0, 1684021793.0, 1684021794.0, 1684021795.0, 1684021796.0, 1684021797.0, 1684021798.0, 1684021799.0, 1684021800.0, 1684021801.0, 1684021802.0, 1684021803.0, 1684021804.0, 1684021805.0, 1684021806.0, 1684021807.0, 1684021808.0, 1684021809.0, 1684021810.0, 1684021811.0, 1684021812.0, 1684021813.0, 1684021814.0, 1684021815.0, 1684021816.0, 1684021817.0, 1684021818.0, 1684021819.0, 1684021820.0, 1684021821.0, 1684021822.0, 1684021823.0, 1684021824.0, 1684021825.0, 1684021826.0, 1684021827.0, 1684021828.0, 1684021829.0, 1684021830.0, 1684021831.0, 1684021832.0, 1684021833.0, 1684021834.0, 1684021835.0, 1684021836.0, 1684021837.0, 1684021838.0, 1684021839.0, 1684021840.0, 1684021841.0, 1684021842.0, 1684021843.0, 1684021844.0, 1684021845.0, 1684021846.0, 1684021847.0, 1684021848.0, 1684021849.0, 1684021850.0, 1684021851.0, 1684021852.0, 1684021853.0, 1684021854.0, 1684021855.0, 1684021856.0, 1684021857.0, 1684021858.0, 1684021859.0, 1684021860.0, 1684021861.0, 1684021862.0, 1684021863.0, 1684021864.0, 1684021865.0, 1684021866.0, 1684021867.0, 1684021868.0, 1684021869.0, 1684021870.0, 1684021871.0, 1684021872.0, 1684021873.0, 1684021874.0, 1684021875.0, 1684021876.0, 1684021877.0, 1684021878.0, 1684021879.0, 1684021880.0],