{"cpu_usage_count": [5.470799182, 5.470799182, 5.470799182, 5.470799182, 5.470799182, 5.470799182, 5.470799182, 5.470799182, 5.470799182, 5.470799182, 5.470799182, 5.470799182, 5.470799182, 5.470799182, 5.470799182, 5.470799182, 5.470799182, 5.470799182, 5.470799182, 5.470799182, 5.470799182, 5.470799182, 5.470799182, 5.470799182, 5.470799182, 5.470799182, 5.470799182, 5.470799182, 5.470799182, 5.470799182, 21.740219959, 21.740219959, 21.740219959, 21.740219959, 21.740219959, 21.740219959, 21.740219959, 21.740219959, 21.740219959, 21.740219959, 21.740219959, 21.740219959, 21.740219959, 21.740219959, 21.740219959, 21.740219959, 21.740219959, 21.740219959, 21.740219959, 21.740219959, 21.740219959, 21.740219959, 21.740219959, 21.740219959, 21.740219959, 21.740219959, 21.740219959, 21.740219959, 21.740219959, 21.740219959, 43.119005556, 43.119005556, 43.119005556, 43.119005556, 43.119005556, 43.119005556, 43.119005556, 43.119005556, 43.119005556, 43.119005556, 43.119005556, 43.119005556, 43.119005556, 43.119005556, 43.119005556, 43.119005556, 43.119005556, 43.119005556, 43.119005556, 43.119005556, 43.119005556, 43.119005556, 43.119005556, 43.119005556, 43.119005556, 43.119005556, 43.119005556, 43.119005556, 43.119005556, 43.119005556, 74.773614355, 74.773614355, 74.773614355, 74.773614355, 74.773614355, 74.773614355, 74.773614355, 74.773614355, 74.773614355, 74.773614355, 74.773614355, 74.773614355, 74.773614355, 74.773614355, 74.773614355, 74.773614355, 74.773614355], "time_cpu_usage_count": [1684022172.0, 1684022173.0, 1684022174.0, 1684022175.0, 1684022176.0, 1684022177.0, 1684022178.0, 1684022179.0, 1684022180.0, 1684022181.0, 1684022182.0, 1684022183.0, 1684022184.0, 1684022185.0, 1684022186.0, 1684022187.0, 1684022188.0, 1684022189.0, 1684022190.0, 1684022191.0, 1684022192.0, 1684022193.0, 1684022194.0, 1684022195.0, 1684022196.0, 1684022197.0, 1684022198.0, 1684022199.0, 1684022200.0, 1684022201.0, 1684022202.0, 1684022203.0, 1684022204.0, 1684022205.0, 1684022206.0, 1684022207.0, 1684022208.0, 1684022209.0, 1684022210.0, 1684022211.0, 1684022212.0, 1684022213.0, 1684022214.0, 1684022215.0, 1684022216.0, 1684022217.0, 1684022218.0, 1684022219.0, 1684022220.0, 1684022221.0, 1684022222.0, 1684022223.0, 1684022224.0, 1684022225.0, 1684022226.0, 1684022227.0, 1684022228.0, 1684022229.0, 1684022230.0, 1684022231.0, 1684022232.0, 1684022233.0, 1684022234.0, 1684022235.0, 1684022236.0, 1684022237.0, 1684022238.0, 1684022239.0, 1684022240.0, 1684022241.0, 1684022242.0, 1684022243.0, 1684022244.0, 1684022245.0, 1684022246.0, 1684022247.0, 1684022248.0, 1684022249.0, 1684022250.0, 1684022251.0, 1684022252.0, 1684022253.0, 1684022254.0, 1684022255.0, 1684022256.0, 1684022257.0, 1684022258.0, 1684022259.0, 1684022260.0, 1684022261.0, 1684022262.0, 1684022263.0, 1684022264.0, 1684022265.0, 1684022266.0, 1684022267.0, 1684022268.0, 1684022269.0, 1684022270.0, 1684022271.0, 1684022272.0, 1684022273.0, 1684022274.0, 1684022275.0, 1684022276.0, 1684022277.0, 1684022278.0], "cpu_usage_rate": [0.24376943562783668, 0.24979514702672556, 0.2558208584256145, 0.26184656982450333, 0.26787228122339224, 0.2738979926222811, 0.27992370402117, 0.28594941542005886, 0.29197512681894777, 0.2980008382178366, 0.30402654961672554, 0.31005226101561445, 0.31607797241450336, 0.32210368381339227, 0.3281293952122811, 0.33415510661117004, 0.3401808180100589, 0.3462065294089478, 0.35223224080783666, 0.3582579522067256, 0.3642836636056145, 0.37030937500450334, 0.3763350864033923, 0.38236079780228116, 0.38838650920117, 0.39441222060005887, 0.40043793199894784, 0.4064636433978367, 0.41248935479672555, 0.4185150661956145, 0.4816587453887514, 0.48863063545801066, 0.49560252552727, 0.5025744155965293, 0.5095463056657885, 0.5165181957350476, 0.523490085804307, 0.5304619758735662, 0.5374338659428255, 0.5444057560120849, 0.5513776460813441, 0.5583495361506033, 0.5653214262198626, 0.5722933162891218, 0.5792652063583811, 0.5862370964276403, 0.5932089864968996, 0.6001808765661588, 0.6071527666354181, 0.6141246567046773, 0.6210965467739366, 0.6274701062333333, 0.6274701062333333, 0.6274701062333333, 0.6274701062333333, 0.6274701062333333, 0.6274701062333333, 0.6274701062333333, 0.6274701062333333, 0.6274701062333333, 0.8344222438969134, 0.8442432428591357, 0.854064241821358, 0.8638852407835801, 0.8737062397458023, 0.8835272387080246, 0.8838899066000001, 0.8838899066000001, 0.8838899066000001, 0.8838899066000001, 0.8838899066000001, 0.8838899066000001, 0.8838899066000001, 0.8838899066000001, 0.8838899066000001, 0.8838899066000001, 0.8838899066000001], "time_cpu_usage_rate": [1684022202.0, 1684022203.0, 1684022204.0, 1684022205.0, 1684022206.0, 1684022207.0, 1684022208.0, 1684022209.0, 1684022210.0, 1684022211.0, 1684022212.0, 1684022213.0, 1684022214.0, 1684022215.0, 1684022216.0, 1684022217.0, 1684022218.0, 1684022219.0, 1684022220.0, 1684022221.0, 1684022222.0, 1684022223.0, 1684022224.0, 1684022225.0, 1684022226.0, 1684022227.0, 1684022228.0, 1684022229.0, 1684022230.0, 1684022231.0, 1684022232.0, 1684022233.0, 1684022234.0, 1684022235.0, 1684022236.0, 1684022237.0, 1684022238.0, 1684022239.0, 1684022240.0, 1684022241.0, 1684022242.0, 1684022243.0, 1684022244.0, 1684022245.0, 1684022246.0, 1684022247.0, 1684022248.0, 1684022249.0, 1684022250.0, 1684022251.0, 1684022252.0, 1684022253.0, 1684022254.0, 1684022255.0, 1684022256.0, 1684022257.0, 1684022258.0, 1684022259.0, 1684022260.0, 1684022261.0, 1684022262.0, 1684022263.0, 1684022264.0, 1684022265.0, 1684022266.0, 1684022267.0, 1684022268.0, 1684022269.0, 1684022270.0, 1684022271.0, 1684022272.0, 1684022273.0, 1684022274.0, 1684022275.0, 1684022276.0, 1684022277.0, 1684022278.0], "cpu_throttled_count": [18.095148461, 18.095148461, 18.095148461, 18.095148461, 18.095148461, 18.095148461, 18.095148461, 18.095148461, 18.095148461, 18.095148461, 18.095148461, 18.095148461, 18.095148461, 18.095148461, 18.095148461, 18.095148461, 18.095148461, 18.095148461, 18.095148461, 18.095148461, 18.095148461, 18.095148461, 18.095148461, 18.095148461, 18.095148461, 18.095148461, 18.095148461, 18.095148461, 18.095148461, 18.095148461, 18.145754646, 18.145754646, 18.145754646, 18.145754646, 18.145754646, 18.145754646, 18.145754646, 18.145754646, 18.145754646, 18.145754646, 18.145754646, 18.145754646, 18.145754646, 18.145754646, 18.145754646, 18.145754646, 18.145754646, 18.145754646, 18.145754646, 18.145754646, 18.145754646, 18.145754646, 18.145754646, 18.145754646, 18.145754646, 18.145754646, 18.145754646, 18.145754646, 18.145754646, 18.145754646, 18.234911874, 18.234911874, 18.234911874, 18.234911874, 18.234911874, 18.234911874, 18.234911874, 18.234911874, 18.234911874, 18.234911874, 18.234911874, 18.234911874, 18.234911874, 18.234911874, 18.234911874, 18.234911874, 18.234911874, 18.234911874, 18.234911874, 18.234911874, 18.234911874, 18.234911874, 18.234911874, 18.234911874, 18.234911874, 18.234911874, 18.234911874, 18.234911874, 18.234911874, 18.234911874, 18.327236152, 18.327236152, 18.327236152, 18.327236152, 18.327236152, 18.327236152, 18.327236152, 18.327236152, 18.327236152, 18.327236152, 18.327236152, 18.327236152, 18.327236152, 18.327236152, 18.327236152, 18.327236152, 18.327236152],