{"cpu_usage_count": [4.919624503, 4.919624503, 4.919624503, 4.919624503, 4.919624503, 4.919624503, 4.919624503, 4.919624503, 4.919624503, 4.919624503, 4.919624503, 4.919624503, 4.919624503, 4.919624503, 4.919624503, 4.919624503, 4.919624503, 4.919624503, 4.919624503, 4.919624503, 4.919624503, 4.919624503, 4.919624503, 4.919624503, 4.919624503, 4.919624503, 4.919624503, 4.919624503, 4.919624503, 4.919624503, 14.878797837, 14.878797837, 14.878797837, 14.878797837, 14.878797837, 14.878797837, 14.878797837, 14.878797837, 14.878797837, 14.878797837, 14.878797837, 14.878797837, 14.878797837, 14.878797837, 14.878797837, 14.878797837, 14.878797837, 14.878797837, 14.878797837, 14.878797837, 14.878797837, 14.878797837, 14.878797837, 14.878797837, 14.878797837, 14.878797837, 14.878797837, 14.878797837, 14.878797837, 14.878797837, 237.644214603, 237.644214603, 237.644214603, 237.644214603, 237.644214603, 237.644214603, 237.644214603, 237.644214603, 237.644214603, 237.644214603, 237.644214603, 237.644214603, 237.644214603, 237.644214603, 237.644214603, 237.644214603, 237.644214603, 237.644214603, 237.644214603, 237.644214603, 237.644214603, 237.644214603, 237.644214603, 237.644214603, 237.644214603, 237.644214603, 237.644214603, 237.644214603, 237.644214603, 237.644214603, 237.793414672, 237.793414672, 237.793414672, 237.793414672, 237.793414672, 237.793414672, 237.793414672, 237.793414672, 237.793414672, 237.793414672, 237.793414672, 237.793414672, 237.793414672, 237.793414672, 237.793414672, 237.793414672, 237.793414672, 237.793414672, 237.793414672, 237.793414672, 237.793414672, 237.793414672], "time_cpu_usage_count": [1684022892.0, 1684022893.0, 1684022894.0, 1684022895.0, 1684022896.0, 1684022897.0, 1684022898.0, 1684022899.0, 1684022900.0, 1684022901.0, 1684022902.0, 1684022903.0, 1684022904.0, 1684022905.0, 1684022906.0, 1684022907.0, 1684022908.0, 1684022909.0, 1684022910.0, 1684022911.0, 1684022912.0, 1684022913.0, 1684022914.0, 1684022915.0, 1684022916.0, 1684022917.0, 1684022918.0, 1684022919.0, 1684022920.0, 1684022921.0, 1684022922.0, 1684022923.0, 1684022924.0, 1684022925.0, 1684022926.0, 1684022927.0, 1684022928.0, 1684022929.0, 1684022930.0, 1684022931.0, 1684022932.0, 1684022933.0, 1684022934.0, 1684022935.0, 1684022936.0, 1684022937.0, 1684022938.0, 1684022939.0, 1684022940.0, 1684022941.0, 1684022942.0, 1684022943.0, 1684022944.0, 1684022945.0, 1684022946.0, 1684022947.0, 1684022948.0, 1684022949.0, 1684022950.0, 1684022951.0, 1684022952.0, 1684022953.0, 1684022954.0, 1684022955.0, 1684022956.0, 1684022957.0, 1684022958.0, 1684022959.0, 1684022960.0, 1684022961.0, 1684022962.0, 1684022963.0, 1684022964.0, 1684022965.0, 1684022966.0, 1684022967.0, 1684022968.0, 1684022969.0, 1684022970.0, 1684022971.0, 1684022972.0, 1684022973.0, 1684022974.0, 1684022975.0, 1684022976.0, 1684022977.0, 1684022978.0, 1684022979.0, 1684022980.0, 1684022981.0, 1684022982.0, 1684022983.0, 1684022984.0, 1684022985.0, 1684022986.0, 1684022987.0, 1684022988.0, 1684022989.0, 1684022990.0, 1684022991.0, 1684022992.0, 1684022993.0, 1684022994.0, 1684022995.0, 1684022996.0, 1684022997.0, 1684022998.0, 1684022999.0, 1684023000.0, 1684023001.0, 1684023002.0, 1684023003.0], "cpu_usage_rate": [0.1666736858235474, 0.1703622685398437, 0.17405085125614, 0.1777394339724363, 0.18142801668873262, 0.1851165994050289, 0.18880518212132522, 0.19249376483762148, 0.1961823475539178, 0.1998709302702141, 0.2035595129865104, 0.2072480957028067, 0.21093667841910296, 0.2146252611353993, 0.2183138438516956, 0.22200242656799188, 0.2256910092842882, 0.22937959200058447, 0.2330681747168808, 0.23675675743317706, 0.24044534014947339, 0.24413392286576965, 0.24782250558206595, 0.2515110882983623, 0.25519967101465857, 0.25888825373095486, 0.26257683644725116, 0.26626541916354746, 0.26995400187984375, 0.27364258459614005, 2.656307926064204, 2.6994050723790184, 2.7425022186938333, 2.7855993650086486, 2.8286965113234634, 2.871793657638278, 2.9148908039530927, 2.957987950267908, 3.0010850965827225, 3.0441822428975374, 3.0872793892123527, 3.130376535527167, 3.1734736818419815, 3.2165708281567973, 3.2596679744716117, 3.302765120786426, 3.345862267101241, 3.3889594134160563, 3.4320565597308708, 3.475153706045685, 3.5182508523605, 3.5613479986753154, 3.60444514499013, 3.6475422913049447, 3.69063943761976, 3.7337365839345744, 3.7768337302493893, 3.819930876564204, 3.863028022879019, 3.8787431683333335, 2.657298989758971, 2.6985794743580453, 2.739859958957119, 2.7811404435561937, 2.822420928155268, 2.8637014127543416, 2.9049818973534154, 2.9462623819524896, 2.987542866551564, 3.028823351150638, 3.0701038357497126, 3.1113843203487863, 3.15266480494786, 3.1939452895469342, 3.235225774146009, 3.2765062587450826, 3.3177867433441564, 3.35906722794323, 3.4003477125423047, 3.441628197141379, 3.4829086817404526, 3.524189166339527], "time_cpu_usage_rate": [1684022922.0, 1684022923.0, 1684022924.0, 1684022925.0, 1684022926.0, 1684022927.0, 1684022928.0, 1684022929.0, 1684022930.0, 1684022931.0, 1684022932.0, 1684022933.0, 1684022934.0, 1684022935.0, 1684022936.0, 1684022937.0, 1684022938.0, 1684022939.0, 1684022940.0, 1684022941.0, 1684022942.0, 1684022943.0, 1684022944.0, 1684022945.0, 1684022946.0, 1684022947.0, 1684022948.0, 1684022949.0, 1684022950.0, 1684022951.0, 1684022952.0, 1684022953.0, 1684022954.0, 1684022955.0, 1684022956.0, 1684022957.0, 1684022958.0, 1684022959.0, 1684022960.0, 1684022961.0, 1684022962.0, 1684022963.0, 1684022964.0, 1684022965.0, 1684022966.0, 1684022967.0, 1684022968.0, 1684022969.0, 1684022970.0, 1684022971.0, 1684022972.0, 1684022973.0, 1684022974.0, 1684022975.0, 1684022976.0, 1684022977.0, 1684022978.0, 1684022979.0, 1684022980.0, 1684022981.0, 1684022982.0, 1684022983.0, 1684022984.0, 1684022985.0, 1684022986.0, 1684022987.0, 1684022988.0, 1684022989.0, 1684022990.0, 1684022991.0, 1684022992.0, 1684022993.0, 1684022994.0, 1684022995.0, 1684022996.0, 1684022997.0, 1684022998.0, 1684022999.0, 1684023000.0, 1684023001.0, 1684023002.0, 1684023003.0], "cpu_throttled_count": [4.250993564, 4.250993564, 4.250993564, 4.250993564, 4.250993564, 4.250993564, 4.250993564, 4.250993564, 4.250993564, 4.250993564, 4.250993564, 4.250993564, 4.250993564, 4.250993564, 4.250993564, 4.250993564, 4.250993564, 4.250993564, 4.250993564, 4.250993564, 4.250993564, 4.250993564, 4.250993564, 4.250993564, 4.250993564, 4.250993564, 4.250993564, 4.250993564, 4.250993564, 4.250993564, 4.250993564, 4.250993564, 4.250993564, 4.250993564, 4.250993564, 4.250993564, 4.250993564, 4.250993564, 4.250993564, 4.250993564, 4.250993564, 4.250993564, 4.250993564, 4.250993564, 4.250993564, 4.250993564, 4.250993564, 4.250993564, 4.250993564, 4.250993564, 4.250993564, 4.250993564, 4.250993564, 4.250993564, 4.250993564, 4.250993564, 4.250993564, 4.250993564, 4.250993564, 4.250993564, 4.250993564, 4.250993564, 4.250993564, 4.250993564, 4.250993564, 4.250993564, 4.250993564, 4.250993564, 4.250993564, 4.250993564, 4.250993564, 4.250993564, 4.250993564, 4.250993564, 4.250993564, 4.250993564, 4.250993564, 4.250993564, 4.250993564, 4.250993564, 4.250993564, 4.250993564, 4.250993564, 4.250993564, 4.250993564, 4.250993564, 4.250993564, 4.250993564, 4.250993564, 4.250993564, 4.250993564, 4.250993564, 4.250993564, 4.250993564, 4.250993564, 4.250993564, 4.250993564, 4.250993564, 4.250993564, 4.250993564, 4.250993564, 4.250993564, 4.250993564, 4.250993564, 4.250993564, 4.250993564, 4.250993564, 4.250993564, 4.250993564, 4.250993564, 4.250993564, 4.250993564],