{"cpu_usage_count": [0.045550733, 0.045550733, 0.045550733, 0.045550733, 0.045550733, 0.045550733, 0.045550733, 0.045550733, 0.045550733, 0.045550733, 0.045550733, 0.045550733, 0.045550733, 0.045550733, 0.045550733, 0.045550733, 0.045550733, 0.045550733, 0.045550733, 0.045550733, 0.045550733, 0.045550733, 0.045550733, 0.045550733, 0.045550733, 8.740623258, 8.740623258, 8.740623258, 8.740623258, 8.740623258, 8.740623258, 8.740623258, 8.740623258, 8.740623258, 8.740623258, 8.740623258, 8.740623258, 8.740623258, 8.740623258, 8.740623258, 8.740623258, 8.740623258, 8.740623258, 8.740623258, 8.740623258, 8.740623258, 8.740623258, 8.740623258, 8.740623258, 8.740623258, 8.740623258, 8.740623258, 8.740623258, 8.740623258, 8.740623258, 34.324553792, 34.324553792, 34.324553792, 34.324553792, 34.324553792, 34.324553792, 34.324553792, 34.324553792, 34.324553792, 34.324553792, 34.324553792, 34.324553792, 34.324553792, 34.324553792, 34.324553792, 34.324553792, 34.324553792, 34.324553792, 34.324553792, 34.324553792, 34.324553792, 34.324553792, 34.324553792, 34.324553792, 34.324553792, 34.324553792, 34.324553792, 34.324553792, 34.324553792, 34.324553792, 60.297812429, 60.297812429, 60.297812429, 60.297812429, 60.297812429, 60.297812429, 60.297812429, 60.297812429, 60.297812429, 60.297812429, 60.297812429, 60.297812429, 60.297812429, 60.297812429, 60.297812429, 60.297812429, 60.297812429, 60.297812429, 60.297812429, 60.297812429, 60.297812429, 60.297812429, 60.297812429, 60.297812429, 60.297812429, 60.297812429, 60.297812429, 60.297812429, 60.297812429, 60.297812429, 91.636493788, 91.636493788, 91.636493788, 91.636493788, 91.636493788], "time_cpu_usage_count": [1684023077.0, 1684023078.0, 1684023079.0, 1684023080.0, 1684023081.0, 1684023082.0, 1684023083.0, 1684023084.0, 1684023085.0, 1684023086.0, 1684023087.0, 1684023088.0, 1684023089.0, 1684023090.0, 1684023091.0, 1684023092.0, 1684023093.0, 1684023094.0, 1684023095.0, 1684023096.0, 1684023097.0, 1684023098.0, 1684023099.0, 1684023100.0, 1684023101.0, 1684023102.0, 1684023103.0, 1684023104.0, 1684023105.0, 1684023106.0, 1684023107.0, 1684023108.0, 1684023109.0, 1684023110.0, 1684023111.0, 1684023112.0, 1684023113.0, 1684023114.0, 1684023115.0, 1684023116.0, 1684023117.0, 1684023118.0, 1684023119.0, 1684023120.0, 1684023121.0, 1684023122.0, 1684023123.0, 1684023124.0, 1684023125.0, 1684023126.0, 1684023127.0, 1684023128.0, 1684023129.0, 1684023130.0, 1684023131.0, 1684023132.0, 1684023133.0, 1684023134.0, 1684023135.0, 1684023136.0, 1684023137.0, 1684023138.0, 1684023139.0, 1684023140.0, 1684023141.0, 1684023142.0, 1684023143.0, 1684023144.0, 1684023145.0, 1684023146.0, 1684023147.0, 1684023148.0, 1684023149.0, 1684023150.0, 1684023151.0, 1684023152.0, 1684023153.0, 1684023154.0, 1684023155.0, 1684023156.0, 1684023157.0, 1684023158.0, 1684023159.0, 1684023160.0, 1684023161.0, 1684023162.0, 1684023163.0, 1684023164.0, 1684023165.0, 1684023166.0, 1684023167.0, 1684023168.0, 1684023169.0, 1684023170.0, 1684023171.0, 1684023172.0, 1684023173.0, 1684023174.0, 1684023175.0, 1684023176.0, 1684023177.0, 1684023178.0, 1684023179.0, 1684023180.0, 1684023181.0, 1684023182.0, 1684023183.0, 1684023184.0, 1684023185.0, 1684023186.0, 1684023187.0, 1684023188.0, 1684023189.0, 1684023190.0, 1684023191.0, 1684023192.0, 1684023193.0, 1684023194.0, 1684023195.0, 1684023196.0], "cpu_usage_rate": [0.0982999219839537, 0.10152031921543517, 0.10474071644691665, 0.10796111367839815, 0.11118151090987961, 0.11440190814136111, 0.11762230537284259, 0.12084270260432406, 0.12406309983580555, 0.12728349706728703, 0.13050389429876852, 0.13372429153024998, 0.13694468876173146, 0.14016508599321295, 0.1433854832246944, 0.14660588045617592, 0.14982627768765738, 0.15304667491913887, 0.15626707215062036, 0.15948746938210184, 0.16270786661358333, 0.1659282638450648, 0.16914866107654628, 0.17236905830802776, 0.17558945553950925, 0.17880985277099073, 0.18203025000247222, 0.1852506472339537, 0.18847104446543517, 0.19169144169691663, 0.38371363363752836, 0.3900615971669728, 0.39640956069641725, 0.4027575242258617, 0.4091054877553062, 0.4154534512847507, 0.4218014148141951, 0.42814937834363953, 0.434497341873084, 0.4408453054025285, 0.4471932689319729, 0.45354123246141737, 0.4598891959908617, 0.4662371595203062, 0.47258512304975064, 0.4789330865791951, 0.48528105010863953, 0.49162901363808403, 0.4979769771675284, 0.5043249406969729, 0.5106729042264173, 0.5170208677558618, 0.5233688312853062, 0.5297167948147506, 0.5360647583441952, 0.5424127218736395, 0.548760685403084, 0.5551086489325284, 0.561456612461973, 0.5678045759914174, 0.6734796729936586, 0.6830273006179179, 0.6925749282421771, 0.7021225558664363, 0.7116701834906956, 0.7212178111149551, 0.7307654387392142, 0.7403130663634735, 0.7498606939877326, 0.759408321611992, 0.7689559492362512, 0.7785035768605104, 0.7880512044847696, 0.797598832109029, 0.8071464597332881, 0.8166940873575474, 0.8262417149818068, 0.8357893426060661, 0.8453369702303254, 0.8548845978545845, 0.8592864861833333, 0.8592864861833333, 0.8592864861833333, 0.8592864861833333, 0.8592864861833333, 0.8592864861833333, 0.8592864861833333, 0.8592864861833333, 0.8592864861833333, 0.8592864861833333, 0.9551989999333332, 0.9551989999333332, 0.9551989999333332, 0.9551989999333332, 0.9551989999333332], "time_cpu_usage_rate": [1684023102.0, 1684023103.0, 1684023104.0, 1684023105.0, 1684023106.0, 1684023107.0, 1684023108.0, 1684023109.0, 1684023110.0, 1684023111.0, 1684023112.0, 1684023113.0, 1684023114.0, 1684023115.0, 1684023116.0, 1684023117.0, 1684023118.0, 1684023119.0, 1684023120.0, 1684023121.0, 1684023122.0, 1684023123.0, 1684023124.0, 1684023125.0, 1684023126.0, 1684023127.0, 1684023128.0, 1684023129.0, 1684023130.0, 1684023131.0, 1684023132.0, 1684023133.0, 1684023134.0, 1684023135.0, 1684023136.0, 1684023137.0, 1684023138.0, 1684023139.0, 1684023140.0, 1684023141.0, 1684023142.0, 1684023143.0, 1684023144.0, 1684023145.0, 1684023146.0, 1684023147.0, 1684023148.0, 1684023149.0, 1684023150.0, 1684023151.0, 1684023152.0, 1684023153.0, 1684023154.0, 1684023155.0, 1684023156.0, 1684023157.0, 1684023158.0, 1684023159.0, 1684023160.0, 1684023161.0, 1684023162.0, 1684023163.0, 1684023164.0, 1684023165.0, 1684023166.0, 1684023167.0, 1684023168.0, 1684023169.0, 1684023170.0, 1684023171.0, 1684023172.0, 1684023173.0, 1684023174.0, 1684023175.0, 1684023176.0, 1684023177.0, 1684023178.0, 1684023179.0, 1684023180.0, 1684023181.0, 1684023182.0, 1684023183.0, 1684023184.0, 1684023185.0, 1684023186.0, 1684023187.0, 1684023188.0, 1684023189.0, 1684023190.0, 1684023191.0, 1684023192.0, 1684023193.0, 1684023194.0, 1684023195.0, 1684023196.0],