{"cpu_usage_count": [9.60500742, 9.60500742, 9.60500742, 9.60500742, 9.60500742, 9.60500742, 9.60500742, 9.60500742, 9.60500742, 9.60500742, 9.60500742, 9.60500742, 9.60500742, 9.60500742, 9.60500742, 9.60500742, 9.60500742, 9.60500742, 9.60500742, 9.60500742, 9.60500742, 9.60500742, 9.60500742, 9.60500742, 9.60500742, 9.60500742, 9.60500742, 9.60500742, 9.60500742, 9.60500742, 15.081220422, 15.081220422, 15.081220422, 15.081220422, 15.081220422, 15.081220422, 15.081220422, 15.081220422, 15.081220422, 15.081220422, 15.081220422, 15.081220422, 15.081220422, 15.081220422, 15.081220422, 15.081220422, 15.081220422, 15.081220422, 15.081220422, 15.081220422, 15.081220422, 15.081220422, 15.081220422, 15.081220422, 15.081220422, 15.081220422, 15.081220422, 15.081220422, 15.081220422, 15.081220422, 130.109705016, 130.109705016, 130.109705016, 130.109705016, 130.109705016, 130.109705016, 130.109705016, 130.109705016, 130.109705016, 130.109705016, 130.109705016, 130.109705016, 130.109705016, 130.109705016, 130.109705016, 130.109705016, 130.109705016, 130.109705016, 130.109705016, 130.109705016, 130.109705016, 130.109705016, 130.109705016, 130.109705016, 130.109705016, 130.109705016, 130.109705016, 130.109705016, 130.109705016, 130.109705016, 130.270170427, 130.270170427, 130.270170427, 130.270170427, 130.270170427, 130.270170427, 130.270170427, 130.270170427, 130.270170427, 130.270170427, 130.270170427, 130.270170427, 130.270170427, 130.270170427], "time_cpu_usage_count": [1684034172.0, 1684034173.0, 1684034174.0, 1684034175.0, 1684034176.0, 1684034177.0, 1684034178.0, 1684034179.0, 1684034180.0, 1684034181.0, 1684034182.0, 1684034183.0, 1684034184.0, 1684034185.0, 1684034186.0, 1684034187.0, 1684034188.0, 1684034189.0, 1684034190.0, 1684034191.0, 1684034192.0, 1684034193.0, 1684034194.0, 1684034195.0, 1684034196.0, 1684034197.0, 1684034198.0, 1684034199.0, 1684034200.0, 1684034201.0, 1684034202.0, 1684034203.0, 1684034204.0, 1684034205.0, 1684034206.0, 1684034207.0, 1684034208.0, 1684034209.0, 1684034210.0, 1684034211.0, 1684034212.0, 1684034213.0, 1684034214.0, 1684034215.0, 1684034216.0, 1684034217.0, 1684034218.0, 1684034219.0, 1684034220.0, 1684034221.0, 1684034222.0, 1684034223.0, 1684034224.0, 1684034225.0, 1684034226.0, 1684034227.0, 1684034228.0, 1684034229.0, 1684034230.0, 1684034231.0, 1684034232.0, 1684034233.0, 1684034234.0, 1684034235.0, 1684034236.0, 1684034237.0, 1684034238.0, 1684034239.0, 1684034240.0, 1684034241.0, 1684034242.0, 1684034243.0, 1684034244.0, 1684034245.0, 1684034246.0, 1684034247.0, 1684034248.0, 1684034249.0, 1684034250.0, 1684034251.0, 1684034252.0, 1684034253.0, 1684034254.0, 1684034255.0, 1684034256.0, 1684034257.0, 1684034258.0, 1684034259.0, 1684034260.0, 1684034261.0, 1684034262.0, 1684034263.0, 1684034264.0, 1684034265.0, 1684034266.0, 1684034267.0, 1684034268.0, 1684034269.0, 1684034270.0, 1684034271.0, 1684034272.0, 1684034273.0, 1684034274.0, 1684034275.0], "cpu_usage_rate": [0.09201457602286445, 0.0940428030606422, 0.09607103009842, 0.09809925713619777, 0.10012748417397555, 0.10215571121175332, 0.1041839382495311, 0.10621216528730887, 0.10824039232508667, 0.11026861936286445, 0.11229684640064222, 0.11432507343842002, 0.11635330047619777, 0.11838152751397557, 0.12040975455175332, 0.12243798158953112, 0.1244662086273089, 0.12649443566508664, 0.12852266270286444, 0.13055088974064222, 0.13257911677842, 0.13460734381619777, 0.13663557085397557, 0.13866379789175334, 0.1406920249295311, 0.1427202519673089, 0.14474847900508667, 0.18254043339999998, 0.18254043339999998, 0.18254043339999998, 1.453853245366247, 1.476168930106247, 1.4984846148462467, 1.5208002995862469, 1.543115984326247, 1.5654316690662466, 1.5877473538062468, 1.6100630385462469, 1.632378723286247, 1.654694408026247, 1.6770100927662472, 1.699325777506247, 1.721641462246247, 1.743957146986247, 1.7662728317262468, 1.788588516466247, 1.8109042012062468, 1.833219885946247, 1.8555355706862469, 1.877851255426247, 1.9001669401662469, 1.922482624906247, 1.9447983096462471, 1.9671139943862468, 1.989429679126247, 2.0084116266, 2.0084116266, 2.0084116266, 2.0084116266, 2.0084116266, 1.45527492042071, 1.476606207458673, 1.497937494496636, 1.5192687815345993, 1.5406000685725623, 1.5619313556105252, 1.5832626426484881, 1.6045939296864509, 1.6259252167244138, 1.6472565037623768, 1.6685877908003397, 1.689919077838303, 1.711250364876266, 1.7325816519142285], "time_cpu_usage_rate": [1684034202.0, 1684034203.0, 1684034204.0, 1684034205.0, 1684034206.0, 1684034207.0, 1684034208.0, 1684034209.0, 1684034210.0, 1684034211.0, 1684034212.0, 1684034213.0, 1684034214.0, 1684034215.0, 1684034216.0, 1684034217.0, 1684034218.0, 1684034219.0, 1684034220.0, 1684034221.0, 1684034222.0, 1684034223.0, 1684034224.0, 1684034225.0, 1684034226.0, 1684034227.0, 1684034228.0, 1684034229.0, 1684034230.0, 1684034231.0, 1684034232.0, 1684034233.0, 1684034234.0, 1684034235.0, 1684034236.0, 1684034237.0, 1684034238.0, 1684034239.0, 1684034240.0, 1684034241.0, 1684034242.0, 1684034243.0, 1684034244.0, 1684034245.0, 1684034246.0, 1684034247.0, 1684034248.0, 1684034249.0, 1684034250.0, 1684034251.0, 1684034252.0, 1684034253.0, 1684034254.0, 1684034255.0, 1684034256.0, 1684034257.0, 1684034258.0, 1684034259.0, 1684034260.0, 1684034261.0, 1684034262.0, 1684034263.0, 1684034264.0, 1684034265.0, 1684034266.0, 1684034267.0, 1684034268.0, 1684034269.0, 1684034270.0, 1684034271.0, 1684034272.0, 1684034273.0, 1684034274.0, 1684034275.0], "cpu_throttled_count": [9.107756793, 9.107756793, 9.107756793, 9.107756793, 9.107756793, 9.107756793, 9.107756793, 9.107756793, 9.107756793, 9.107756793, 9.107756793, 9.107756793, 9.107756793, 9.107756793, 9.107756793, 9.107756793, 9.107756793, 9.107756793, 9.107756793, 9.107756793, 9.107756793, 9.107756793, 9.107756793, 9.107756793, 9.107756793, 9.107756793, 9.107756793, 9.107756793, 9.107756793, 9.107756793, 9.107756793, 9.107756793, 9.107756793, 9.107756793, 9.107756793, 9.107756793, 9.107756793, 9.107756793, 9.107756793, 9.107756793, 9.107756793, 9.107756793, 9.107756793, 9.107756793, 9.107756793, 9.107756793, 9.107756793, 9.107756793, 9.107756793, 9.107756793, 9.107756793, 9.107756793, 9.107756793, 9.107756793, 9.107756793, 9.107756793, 9.107756793, 9.107756793, 9.107756793, 9.107756793, 9.395499771, 9.395499771, 9.395499771, 9.395499771, 9.395499771, 9.395499771, 9.395499771, 9.395499771, 9.395499771, 9.395499771, 9.395499771, 9.395499771, 9.395499771, 9.395499771, 9.395499771, 9.395499771, 9.395499771, 9.395499771, 9.395499771, 9.395499771, 9.395499771, 9.395499771, 9.395499771, 9.395499771, 9.395499771, 9.395499771, 9.395499771, 9.395499771, 9.395499771, 9.395499771, 9.395499771, 9.395499771, 9.395499771, 9.395499771, 9.395499771, 9.395499771, 9.395499771, 9.395499771, 9.395499771, 9.395499771, 9.395499771, 9.395499771, 9.395499771, 9.395499771],