{"cpu_usage_count": [3.989705991, 3.989705991, 3.989705991, 3.989705991, 3.989705991, 3.989705991, 3.989705991, 3.989705991, 3.989705991, 3.989705991, 3.989705991, 3.989705991, 3.989705991, 3.989705991, 3.989705991, 3.989705991, 3.989705991, 3.989705991, 3.989705991, 3.989705991, 3.989705991, 3.989705991, 3.989705991, 3.989705991, 3.989705991, 3.989705991, 3.989705991, 3.989705991, 3.989705991, 3.989705991, 23.267108415, 23.267108415, 23.267108415, 23.267108415, 23.267108415, 23.267108415, 23.267108415, 23.267108415, 23.267108415, 23.267108415, 23.267108415, 23.267108415, 23.267108415, 23.267108415, 23.267108415, 23.267108415, 23.267108415, 23.267108415, 23.267108415, 23.267108415, 23.267108415, 23.267108415, 23.267108415, 23.267108415, 23.267108415, 23.267108415, 23.267108415, 23.267108415, 23.267108415, 23.267108415, 76.624581612, 76.624581612, 76.624581612, 76.624581612, 76.624581612, 76.624581612, 76.624581612, 76.624581612, 76.624581612, 76.624581612, 76.624581612, 76.624581612, 76.624581612, 76.624581612, 76.624581612, 76.624581612, 76.624581612, 76.624581612, 76.624581612, 76.624581612, 76.624581612, 76.624581612, 76.624581612, 76.624581612, 76.624581612, 76.624581612, 76.624581612, 76.624581612, 76.624581612, 76.624581612, 114.465691333, 114.465691333, 114.465691333, 114.465691333, 114.465691333, 114.465691333, 114.465691333, 114.465691333, 114.465691333, 114.465691333, 114.465691333, 114.465691333, 114.465691333], "time_cpu_usage_count": [1684034832.0, 1684034833.0, 1684034834.0, 1684034835.0, 1684034836.0, 1684034837.0, 1684034838.0, 1684034839.0, 1684034840.0, 1684034841.0, 1684034842.0, 1684034843.0, 1684034844.0, 1684034845.0, 1684034846.0, 1684034847.0, 1684034848.0, 1684034849.0, 1684034850.0, 1684034851.0, 1684034852.0, 1684034853.0, 1684034854.0, 1684034855.0, 1684034856.0, 1684034857.0, 1684034858.0, 1684034859.0, 1684034860.0, 1684034861.0, 1684034862.0, 1684034863.0, 1684034864.0, 1684034865.0, 1684034866.0, 1684034867.0, 1684034868.0, 1684034869.0, 1684034870.0, 1684034871.0, 1684034872.0, 1684034873.0, 1684034874.0, 1684034875.0, 1684034876.0, 1684034877.0, 1684034878.0, 1684034879.0, 1684034880.0, 1684034881.0, 1684034882.0, 1684034883.0, 1684034884.0, 1684034885.0, 1684034886.0, 1684034887.0, 1684034888.0, 1684034889.0, 1684034890.0, 1684034891.0, 1684034892.0, 1684034893.0, 1684034894.0, 1684034895.0, 1684034896.0, 1684034897.0, 1684034898.0, 1684034899.0, 1684034900.0, 1684034901.0, 1684034902.0, 1684034903.0, 1684034904.0, 1684034905.0, 1684034906.0, 1684034907.0, 1684034908.0, 1684034909.0, 1684034910.0, 1684034911.0, 1684034912.0, 1684034913.0, 1684034914.0, 1684034915.0, 1684034916.0, 1684034917.0, 1684034918.0, 1684034919.0, 1684034920.0, 1684034921.0, 1684034922.0, 1684034923.0, 1684034924.0, 1684034925.0, 1684034926.0, 1684034927.0, 1684034928.0, 1684034929.0, 1684034930.0, 1684034931.0, 1684034932.0, 1684034933.0, 1684034934.0], "cpu_usage_rate": [0.2611437256072622, 0.2682835042828178, 0.2754232829583733, 0.28256306163392886, 0.2897028403094844, 0.29684261898504, 0.3039823976605955, 0.3111221763361511, 0.3182619550117067, 0.3254017336872622, 0.33254151236281776, 0.33968129103837336, 0.3468210697139289, 0.35396084838948444, 0.36110062706504004, 0.3682404057405955, 0.3753801844161511, 0.3825199630917067, 0.38965974176726226, 0.39679952044281774, 0.40393929911837334, 0.41107907779392894, 0.4182188564694845, 0.42535863514504, 0.4324984138205955, 0.43963819249615116, 0.44677797117170664, 0.45391774984726224, 0.4610575285228178, 0.4681973071983734, 0.8563207214949828, 0.8697716243877606, 0.8832225272805385, 0.8966734301733162, 0.910124333066094, 0.9235752359588717, 0.9370261388516496, 0.9504770417444274, 0.9639279446372051, 0.9773788475299828, 0.9908297504227608, 1.0042806533155386, 1.0177315562083162, 1.031182459101094, 1.044633361993872, 1.0580842648866495, 1.0715351677794271, 1.0849860706722052, 1.0984369735649828, 1.1118878764577607, 1.1253387793505385, 1.1387896822433163, 1.152240585136094, 1.1656914880288718, 1.1791423909216496, 1.1925932938144275, 1.206044196707205, 1.2105812603500001, 1.2105812603500001, 1.2105812603500001, 1.2780391407242422, 1.2949277671905384, 1.3118163936568348, 1.328705020123131, 1.3455936465894272, 1.3624822730557236, 1.3793708995220197, 1.3962595259883162, 1.4131481524546123, 1.4300367789209085, 1.446925405387205, 1.4638140318535013, 1.4807026583197975], "time_cpu_usage_rate": [1684034862.0, 1684034863.0, 1684034864.0, 1684034865.0, 1684034866.0, 1684034867.0, 1684034868.0, 1684034869.0, 1684034870.0, 1684034871.0, 1684034872.0, 1684034873.0, 1684034874.0, 1684034875.0, 1684034876.0, 1684034877.0, 1684034878.0, 1684034879.0, 1684034880.0, 1684034881.0, 1684034882.0, 1684034883.0, 1684034884.0, 1684034885.0, 1684034886.0, 1684034887.0, 1684034888.0, 1684034889.0, 1684034890.0, 1684034891.0, 1684034892.0, 1684034893.0, 1684034894.0, 1684034895.0, 1684034896.0, 1684034897.0, 1684034898.0, 1684034899.0, 1684034900.0, 1684034901.0, 1684034902.0, 1684034903.0, 1684034904.0, 1684034905.0, 1684034906.0, 1684034907.0, 1684034908.0, 1684034909.0, 1684034910.0, 1684034911.0, 1684034912.0, 1684034913.0, 1684034914.0, 1684034915.0, 1684034916.0, 1684034917.0, 1684034918.0, 1684034919.0, 1684034920.0, 1684034921.0, 1684034922.0, 1684034923.0, 1684034924.0, 1684034925.0, 1684034926.0, 1684034927.0, 1684034928.0, 1684034929.0, 1684034930.0, 1684034931.0, 1684034932.0, 1684034933.0, 1684034934.0], "cpu_throttled_count": [9.762400026, 9.762400026, 9.762400026, 9.762400026, 9.762400026, 9.762400026, 9.762400026, 9.762400026, 9.762400026, 9.762400026, 9.762400026, 9.762400026, 9.762400026, 9.762400026, 9.762400026, 9.762400026, 9.762400026, 9.762400026, 9.762400026, 9.762400026, 9.762400026, 9.762400026, 9.762400026, 9.762400026, 9.762400026, 9.762400026, 9.762400026, 9.762400026, 9.762400026, 9.762400026, 9.777959499, 9.777959499, 9.777959499, 9.777959499, 9.777959499, 9.777959499, 9.777959499, 9.777959499, 9.777959499, 9.777959499, 9.777959499, 9.777959499, 9.777959499, 9.777959499, 9.777959499, 9.777959499, 9.777959499, 9.777959499, 9.777959499, 9.777959499, 9.777959499, 9.777959499, 9.777959499, 9.777959499, 9.777959499, 9.777959499, 9.777959499, 9.777959499, 9.777959499, 9.777959499, 9.88167894, 9.88167894, 9.88167894, 9.88167894, 9.88167894, 9.88167894, 9.88167894, 9.88167894, 9.88167894, 9.88167894, 9.88167894, 9.88167894, 9.88167894, 9.88167894, 9.88167894, 9.88167894, 9.88167894, 9.88167894, 9.88167894, 9.88167894, 9.88167894, 9.88167894, 9.88167894, 9.88167894, 9.88167894, 9.88167894, 9.88167894, 9.88167894, 9.88167894, 9.88167894, 9.954941963, 9.954941963, 9.954941963, 9.954941963, 9.954941963, 9.954941963, 9.954941963, 9.954941963, 9.954941963, 9.954941963, 9.954941963, 9.954941963, 9.954941963],