{"cpu_usage_count": [9.078175738, 9.078175738, 9.078175738, 9.078175738, 9.078175738, 9.078175738, 9.078175738, 9.078175738, 9.078175738, 9.078175738, 9.078175738, 9.078175738, 9.078175738, 9.078175738, 9.078175738, 9.078175738, 9.078175738, 9.078175738, 9.078175738, 9.078175738, 9.078175738, 9.078175738, 9.078175738, 9.078175738, 9.078175738, 9.078175738, 9.078175738, 9.078175738, 9.078175738, 9.078175738, 53.772575541, 53.772575541, 53.772575541, 53.772575541, 53.772575541, 53.772575541, 53.772575541, 53.772575541, 53.772575541, 53.772575541, 53.772575541, 53.772575541, 53.772575541, 53.772575541, 53.772575541, 53.772575541, 53.772575541, 53.772575541, 53.772575541, 53.772575541, 53.772575541, 53.772575541, 53.772575541, 53.772575541, 53.772575541, 53.772575541, 53.772575541, 53.772575541, 53.772575541, 53.772575541, 87.473240145, 87.473240145, 87.473240145, 87.473240145, 87.473240145, 87.473240145, 87.473240145, 87.473240145, 87.473240145, 87.473240145, 87.473240145, 87.473240145, 87.473240145, 87.473240145, 87.473240145, 87.473240145, 87.473240145, 87.473240145, 87.473240145, 87.473240145, 87.473240145, 87.473240145, 87.473240145, 87.473240145, 87.473240145, 87.473240145, 87.473240145, 87.473240145, 87.473240145, 87.473240145, 107.926291957, 107.926291957, 107.926291957, 107.926291957, 107.926291957, 107.926291957, 107.926291957], "time_cpu_usage_count": [1684072182.0, 1684072183.0, 1684072184.0, 1684072185.0, 1684072186.0, 1684072187.0, 1684072188.0, 1684072189.0, 1684072190.0, 1684072191.0, 1684072192.0, 1684072193.0, 1684072194.0, 1684072195.0, 1684072196.0, 1684072197.0, 1684072198.0, 1684072199.0, 1684072200.0, 1684072201.0, 1684072202.0, 1684072203.0, 1684072204.0, 1684072205.0, 1684072206.0, 1684072207.0, 1684072208.0, 1684072209.0, 1684072210.0, 1684072211.0, 1684072212.0, 1684072213.0, 1684072214.0, 1684072215.0, 1684072216.0, 1684072217.0, 1684072218.0, 1684072219.0, 1684072220.0, 1684072221.0, 1684072222.0, 1684072223.0, 1684072224.0, 1684072225.0, 1684072226.0, 1684072227.0, 1684072228.0, 1684072229.0, 1684072230.0, 1684072231.0, 1684072232.0, 1684072233.0, 1684072234.0, 1684072235.0, 1684072236.0, 1684072237.0, 1684072238.0, 1684072239.0, 1684072240.0, 1684072241.0, 1684072242.0, 1684072243.0, 1684072244.0, 1684072245.0, 1684072246.0, 1684072247.0, 1684072248.0, 1684072249.0, 1684072250.0, 1684072251.0, 1684072252.0, 1684072253.0, 1684072254.0, 1684072255.0, 1684072256.0, 1684072257.0, 1684072258.0, 1684072259.0, 1684072260.0, 1684072261.0, 1684072262.0, 1684072263.0, 1684072264.0, 1684072265.0, 1684072266.0, 1684072267.0, 1684072268.0, 1684072269.0, 1684072270.0, 1684072271.0, 1684072272.0, 1684072273.0, 1684072274.0, 1684072275.0, 1684072276.0, 1684072277.0, 1684072278.0], "cpu_usage_rate": [0.603548189243593, 0.6201016706521115, 0.6366551520606301, 0.6532086334691485, 0.669762114877667, 0.6863155962861857, 0.7028690776947042, 0.7194225591032226, 0.7359760405117413, 0.7525295219202598, 0.7690830033287783, 0.7856364847372969, 0.8021899661458153, 0.8187434475543338, 0.8352969289628523, 0.851850410371371, 0.8684038917798893, 0.884957373188408, 0.9015108545969265, 0.918064336005445, 0.9346178174139634, 0.951171298822482, 0.9677247802310006, 0.9842782616395189, 1.0008317430480376, 1.0173852244565562, 1.0339387058650744, 1.0504921872735933, 1.0670456686821117, 1.0835991500906301, 0.977252851358772, 0.9917704558785868, 1.0062880603984017, 1.0208056649182164, 1.0353232694380312, 1.049840873957846, 1.064358478477661, 1.0788760829974757, 1.0933936875172905, 1.1079112920371055, 1.1224288965569202, 1.136946501076735, 1.1514641055965498, 1.1659817101163648, 1.1804993146361795, 1.1950169191559943, 1.209534523675809, 1.224052128195624, 1.2385697327154388, 1.2530873372352536, 1.2676049417550683, 1.2821225462748833, 1.296640150794698, 1.3065844067833334, 1.3065844067833334, 1.3065844067833334, 1.3065844067833334, 1.3065844067833334, 1.3065844067833334, 1.3065844067833334, 0.9025619402666667, 0.9025619402666667, 0.9025619402666667, 0.9025619402666667, 0.9025619402666667, 0.9025619402666667, 0.9025619402666667], "time_cpu_usage_rate": [1684072212.0, 1684072213.0, 1684072214.0, 1684072215.0, 1684072216.0, 1684072217.0, 1684072218.0, 1684072219.0, 1684072220.0, 1684072221.0, 1684072222.0, 1684072223.0, 1684072224.0, 1684072225.0, 1684072226.0, 1684072227.0, 1684072228.0, 1684072229.0, 1684072230.0, 1684072231.0, 1684072232.0, 1684072233.0, 1684072234.0, 1684072235.0, 1684072236.0, 1684072237.0, 1684072238.0, 1684072239.0, 1684072240.0, 1684072241.0, 1684072242.0, 1684072243.0, 1684072244.0, 1684072245.0, 1684072246.0, 1684072247.0, 1684072248.0, 1684072249.0, 1684072250.0, 1684072251.0, 1684072252.0, 1684072253.0, 1684072254.0, 1684072255.0, 1684072256.0, 1684072257.0, 1684072258.0, 1684072259.0, 1684072260.0, 1684072261.0, 1684072262.0, 1684072263.0, 1684072264.0, 1684072265.0, 1684072266.0, 1684072267.0, 1684072268.0, 1684072269.0, 1684072270.0, 1684072271.0, 1684072272.0, 1684072273.0, 1684072274.0, 1684072275.0, 1684072276.0, 1684072277.0, 1684072278.0], "cpu_throttled_count": [9.096282203, 9.096282203, 9.096282203, 9.096282203, 9.096282203, 9.096282203, 9.096282203, 9.096282203, 9.096282203, 9.096282203, 9.096282203, 9.096282203, 9.096282203, 9.096282203, 9.096282203, 9.096282203, 9.096282203, 9.096282203, 9.096282203, 9.096282203, 9.096282203, 9.096282203, 9.096282203, 9.096282203, 9.096282203, 9.096282203, 9.096282203, 9.096282203, 9.096282203, 9.096282203, 9.210466275, 9.210466275, 9.210466275, 9.210466275, 9.210466275, 9.210466275, 9.210466275, 9.210466275, 9.210466275, 9.210466275, 9.210466275, 9.210466275, 9.210466275, 9.210466275, 9.210466275, 9.210466275, 9.210466275, 9.210466275, 9.210466275, 9.210466275, 9.210466275, 9.210466275, 9.210466275, 9.210466275, 9.210466275, 9.210466275, 9.210466275, 9.210466275, 9.210466275, 9.210466275, 9.265997274, 9.265997274, 9.265997274, 9.265997274, 9.265997274, 9.265997274, 9.265997274, 9.265997274, 9.265997274, 9.265997274, 9.265997274, 9.265997274, 9.265997274, 9.265997274, 9.265997274, 9.265997274, 9.265997274, 9.265997274, 9.265997274, 9.265997274, 9.265997274, 9.265997274, 9.265997274, 9.265997274, 9.265997274, 9.265997274, 9.265997274, 9.265997274, 9.265997274, 9.265997274, 9.324569432, 9.324569432, 9.324569432, 9.324569432, 9.324569432, 9.324569432, 9.324569432], "time_cpu_throttled_count": [1684072182.0, 1684072183.0, 1684072184.0, 1684072185.0, 1684072186.0, 1684072187.0, 1684072188.0, 1684072189.0, 1684072190.0, 1684072191.0, 1684072192.0, 1684072193.0, 1684072194.0, 1684072195.0, 1684072196.0, 1684072197.0, 1684072198.0, 1684072199.0, 1684072200.0, 1684072201.0, 1684072202.0, 1684072203.0, 1684072204.0, 1684072205.0, 1684072206.0, 1684072207.0, 1684072208.0, 1684072209.0, 1684072210.0, 1684072211.0, 1684072212.0, 1684072213.0, 1684072214.0, 1684072215.0, 1684072216.0, 1684072217.0, 1684072218.0, 1684072219.0, 1684072220.0, 1684072221.0, 1684072222.0, 1684072223.0, 1684072224.0, 1684072225.0, 1684072226.0, 1684072227.0, 1684072228.0, 1684072229.0, 1684072230.0, 1684072231.0, 1684072232.0, 1684072233.0, 1684072234.0, 1684072235.0, 1684072236.0, 1684072237.0, 1684072238.0, 1684072239.0, 1684072240.0, 1684072241.0, 1684072242.0, 1684072243.0, 1684072244.0, 1684072245.0, 1684072246.0, 1684072247.0, 1684072248.0, 1684072249.0, 1684072250.0, 1684072251.0, 1684072252.0, 1684072253.0, 1684072254.0, 1684072255.0, 1684072256.0, 1684072257.0, 1684072258.0, 1684072259.0, 1684072260.0, 1684072261.0, 1684072262.0, 1684072263.0, 1684072264.0, 1684072265.0, 1684072266.0, 1684072267.0, 1684072268.0, 1684072269.0, 1684072270.0, 1684072271.0, 1684072272.0, 1684072273.0, 1684072274.0, 1684072275.0, 1684072276.0, 1684072277.0, 1684072278.0],