{"cpu_usage_count": [4.72053521, 4.72053521, 4.72053521, 4.72053521, 4.72053521, 4.72053521, 4.72053521, 4.72053521, 4.72053521, 4.72053521, 4.72053521, 4.72053521, 4.72053521, 4.72053521, 4.72053521, 4.72053521, 4.72053521, 4.72053521, 4.72053521, 4.72053521, 4.72053521, 4.72053521, 4.72053521, 4.72053521, 4.72053521, 4.72053521, 4.72053521, 4.72053521, 4.72053521, 4.72053521, 12.233328286, 12.233328286, 12.233328286, 12.233328286, 12.233328286, 12.233328286, 12.233328286, 12.233328286, 12.233328286, 12.233328286, 12.233328286, 12.233328286, 12.233328286, 12.233328286, 12.233328286, 12.233328286, 12.233328286, 12.233328286, 12.233328286, 12.233328286, 12.233328286, 12.233328286, 12.233328286, 12.233328286, 12.233328286, 12.233328286, 12.233328286, 12.233328286, 12.233328286, 12.233328286, 12.390078798, 12.390078798, 12.390078798, 12.390078798, 12.390078798, 12.390078798, 12.390078798, 12.390078798, 12.390078798, 12.390078798, 12.390078798, 12.390078798, 12.390078798, 12.390078798, 12.390078798, 12.390078798, 12.390078798, 12.390078798, 12.390078798, 12.390078798, 12.390078798, 12.390078798, 12.390078798, 12.390078798, 12.390078798, 12.390078798, 12.390078798, 12.390078798, 12.390078798, 12.390078798, 12.457255648, 12.457255648, 12.457255648, 12.457255648, 12.457255648, 12.457255648, 12.457255648, 12.457255648, 12.457255648, 12.457255648, 12.457255648, 12.457255648, 12.457255648, 12.457255648, 12.457255648, 12.457255648, 12.457255648, 12.457255648, 12.457255648, 12.457255648, 12.457255648, 12.457255648, 12.457255648, 12.457255648, 12.457255648, 12.457255648, 12.457255648], "time_cpu_usage_count": [1684072362.0, 1684072363.0, 1684072364.0, 1684072365.0, 1684072366.0, 1684072367.0, 1684072368.0, 1684072369.0, 1684072370.0, 1684072371.0, 1684072372.0, 1684072373.0, 1684072374.0, 1684072375.0, 1684072376.0, 1684072377.0, 1684072378.0, 1684072379.0, 1684072380.0, 1684072381.0, 1684072382.0, 1684072383.0, 1684072384.0, 1684072385.0, 1684072386.0, 1684072387.0, 1684072388.0, 1684072389.0, 1684072390.0, 1684072391.0, 1684072392.0, 1684072393.0, 1684072394.0, 1684072395.0, 1684072396.0, 1684072397.0, 1684072398.0, 1684072399.0, 1684072400.0, 1684072401.0, 1684072402.0, 1684072403.0, 1684072404.0, 1684072405.0, 1684072406.0, 1684072407.0, 1684072408.0, 1684072409.0, 1684072410.0, 1684072411.0, 1684072412.0, 1684072413.0, 1684072414.0, 1684072415.0, 1684072416.0, 1684072417.0, 1684072418.0, 1684072419.0, 1684072420.0, 1684072421.0, 1684072422.0, 1684072423.0, 1684072424.0, 1684072425.0, 1684072426.0, 1684072427.0, 1684072428.0, 1684072429.0, 1684072430.0, 1684072431.0, 1684072432.0, 1684072433.0, 1684072434.0, 1684072435.0, 1684072436.0, 1684072437.0, 1684072438.0, 1684072439.0, 1684072440.0, 1684072441.0, 1684072442.0, 1684072443.0, 1684072444.0, 1684072445.0, 1684072446.0, 1684072447.0, 1684072448.0, 1684072449.0, 1684072450.0, 1684072451.0, 1684072452.0, 1684072453.0, 1684072454.0, 1684072455.0, 1684072456.0, 1684072457.0, 1684072458.0, 1684072459.0, 1684072460.0, 1684072461.0, 1684072462.0, 1684072463.0, 1684072464.0, 1684072465.0, 1684072466.0, 1684072467.0, 1684072468.0, 1684072469.0, 1684072470.0, 1684072471.0, 1684072472.0, 1684072473.0, 1684072474.0, 1684072475.0, 1684072476.0, 1684072477.0, 1684072478.0], "cpu_usage_rate": [0.13694705319958964, 0.13972956915366372, 0.14251208510773777, 0.14529460106181186, 0.14807711701588594, 0.15085963296996002, 0.15364214892403408, 0.15642466487810816, 0.15920718083218224, 0.16198969678625633, 0.16477221274033038, 0.16755472869440446, 0.17033724464847855, 0.1731197606025526, 0.1759022765566267, 0.17868479251070077, 0.18146730846477482, 0.1842498244188489, 0.18703234037292302, 0.18981485632699704, 0.1925973722810711, 0.19537988823514524, 0.1981624041892193, 0.20094492014329335, 0.20372743609736743, 0.20650995205144151, 0.20929246800551557, 0.21207498395958965, 0.2148574999136637, 0.2176400158677378, 0.12782572646666665, 0.12782572646666665, 0.12782572646666665, 0.12782572646666665, 0.12782572646666665, 0.12782572646666665, 0.12782572646666665, 0.12782572646666665, 0.12782572646666665, 0.12782572646666665, 0.12782572646666665, 0.12782572646666665, 0.12782572646666665, 0.12782572646666665, 0.12782572646666665, 0.12782572646666665, 0.12782572646666665, 0.12782572646666665, 0.12782572646666665, 0.12782572646666665, 0.12782572646666665, 0.12782572646666665, 0.12782572646666665, 0.12782572646666665, 0.12782572646666665, 0.12782572646666665, 0.12782572646666665, 0.12782572646666665, 0.12782572646666665, 0.12782572646666665, 0.003732122699999992, 0.003732122699999992, 0.003732122699999992, 0.003732122699999992, 0.003732122699999992, 0.003732122699999992, 0.003732122699999992, 0.003732122699999992, 0.003732122699999992, 0.003732122699999992, 0.003732122699999992, 0.003732122699999992, 0.003732122699999992, 0.003732122699999992, 0.003732122699999992, 0.003732122699999992, 0.003732122699999992, 0.003732122699999992, 0.003732122699999992, 0.003732122699999992, 0.003732122699999992, 0.003732122699999992, 0.003732122699999992, 0.003732122699999992, 0.003732122699999992, 0.003732122699999992, 0.003732122699999992], "time_cpu_usage_rate": [1684072392.0, 1684072393.0, 1684072394.0, 1684072395.0, 1684072396.0, 1684072397.0, 1684072398.0, 1684072399.0, 1684072400.0, 1684072401.0, 1684072402.0, 1684072403.0, 1684072404.0, 1684072405.0, 1684072406.0, 1684072407.0, 1684072408.0, 1684072409.0, 1684072410.0, 1684072411.0, 1684072412.0, 1684072413.0, 1684072414.0, 1684072415.0, 1684072416.0, 1684072417.0, 1684072418.0, 1684072419.0, 1684072420.0, 1684072421.0, 1684072422.0, 1684072423.0, 1684072424.0, 1684072425.0, 1684072426.0, 1684072427.0, 1684072428.0, 1684072429.0, 1684072430.0, 1684072431.0, 1684072432.0, 1684072433.0, 1684072434.0, 1684072435.0, 1684072436.0, 1684072437.0, 1684072438.0, 1684072439.0, 1684072440.0, 1684072441.0, 1684072442.0, 1684072443.0, 1684072444.0, 1684072445.0, 1684072446.0, 1684072447.0, 1684072448.0, 1684072449.0, 1684072450.0, 1684072451.0, 1684072452.0, 1684072453.0, 1684072454.0, 1684072455.0, 1684072456.0, 1684072457.0, 1684072458.0, 1684072459.0, 1684072460.0, 1684072461.0, 1684072462.0, 1684072463.0, 1684072464.0, 1684072465.0, 1684072466.0, 1684072467.0, 1684072468.0, 1684072469.0, 1684072470.0, 1684072471.0, 1684072472.0, 1684072473.0, 1684072474.0, 1684072475.0, 1684072476.0, 1684072477.0, 1684072478.0], "cpu_throttled_count": [6.126102543, 6.126102543, 6.126102543, 6.126102543, 6.126102543, 6.126102543, 6.126102543, 6.126102543, 6.126102543, 6.126102543, 6.126102543, 6.126102543, 6.126102543, 6.126102543, 6.126102543, 6.126102543, 6.126102543, 6.126102543, 6.126102543, 6.126102543, 6.126102543, 6.126102543, 6.126102543, 6.126102543, 6.126102543, 6.126102543, 6.126102543, 6.126102543, 6.126102543, 6.126102543, 6.126102543, 6.126102543, 6.126102543, 6.126102543, 6.126102543, 6.126102543, 6.126102543, 6.126102543, 6.126102543, 6.126102543, 6.126102543, 6.126102543, 6.126102543, 6.126102543, 6.126102543, 6.126102543, 6.126102543, 6.126102543, 6.126102543, 6.126102543, 6.126102543, 6.126102543, 6.126102543, 6.126102543, 6.126102543, 6.126102543, 6.126102543, 6.126102543, 6.126102543, 6.126102543, 6.126102543, 6.126102543, 6.126102543, 6.126102543, 6.126102543, 6.126102543, 6.126102543, 6.126102543, 6.126102543, 6.126102543, 6.126102543, 6.126102543, 6.126102543, 6.126102543, 6.126102543, 6.126102543, 6.126102543, 6.126102543, 6.126102543, 6.126102543, 6.126102543, 6.126102543, 6.126102543, 6.126102543, 6.126102543, 6.126102543, 6.126102543, 6.126102543, 6.126102543, 6.126102543, 6.126102543, 6.126102543, 6.126102543, 6.126102543, 6.126102543, 6.126102543, 6.126102543, 6.126102543, 6.126102543, 6.126102543, 6.126102543, 6.126102543, 6.126102543, 6.126102543, 6.126102543, 6.126102543, 6.126102543, 6.126102543, 6.126102543, 6.126102543, 6.126102543, 6.126102543, 6.126102543, 6.126102543, 6.126102543, 6.126102543, 6.126102543],