{"cpu_usage_count": [0.033091174, 0.033091174, 0.033091174, 0.033091174, 0.033091174, 0.033091174, 0.033091174, 0.033091174, 0.033091174, 0.033091174, 0.033091174, 0.033091174, 0.033091174, 0.033091174, 0.033091174, 0.033091174, 0.033091174, 0.033091174, 0.033091174, 0.033091174, 0.033091174, 0.033091174, 0.033091174, 0.033091174, 0.033091174, 0.033091174, 0.033091174, 0.033091174, 0.033091174, 0.033091174, 12.87928141, 12.87928141, 12.87928141, 12.87928141, 12.87928141, 12.87928141, 12.87928141, 12.87928141, 12.87928141, 12.87928141, 12.87928141, 12.87928141, 12.87928141, 12.87928141, 12.87928141, 12.87928141, 12.87928141, 12.87928141, 12.87928141, 12.87928141, 12.87928141, 12.87928141, 12.87928141, 12.87928141, 12.87928141, 12.87928141, 12.87928141, 12.87928141, 12.87928141, 12.87928141, 86.435904732, 86.435904732, 86.435904732, 86.435904732, 86.435904732, 86.435904732, 86.435904732, 86.435904732, 86.435904732, 86.435904732, 86.435904732, 86.435904732, 86.435904732, 86.435904732, 86.435904732, 86.435904732, 86.435904732, 86.435904732, 86.435904732, 86.435904732, 86.435904732, 86.435904732, 86.435904732, 86.435904732, 86.435904732, 86.435904732, 86.435904732, 86.435904732, 86.435904732, 86.435904732, 141.465475533, 141.465475533, 141.465475533, 141.465475533, 141.465475533, 141.465475533, 141.465475533, 141.465475533, 141.465475533, 141.465475533, 141.465475533, 141.465475533, 141.465475533, 141.465475533, 141.465475533, 141.465475533, 141.465475533, 141.465475533, 141.465475533, 141.465475533, 141.465475533, 141.465475533, 141.465475533, 141.465475533, 141.465475533, 141.465475533, 141.465475533, 141.465475533, 141.465475533], "time_cpu_usage_count": [1684072542.0, 1684072543.0, 1684072544.0, 1684072545.0, 1684072546.0, 1684072547.0, 1684072548.0, 1684072549.0, 1684072550.0, 1684072551.0, 1684072552.0, 1684072553.0, 1684072554.0, 1684072555.0, 1684072556.0, 1684072557.0, 1684072558.0, 1684072559.0, 1684072560.0, 1684072561.0, 1684072562.0, 1684072563.0, 1684072564.0, 1684072565.0, 1684072566.0, 1684072567.0, 1684072568.0, 1684072569.0, 1684072570.0, 1684072571.0, 1684072572.0, 1684072573.0, 1684072574.0, 1684072575.0, 1684072576.0, 1684072577.0, 1684072578.0, 1684072579.0, 1684072580.0, 1684072581.0, 1684072582.0, 1684072583.0, 1684072584.0, 1684072585.0, 1684072586.0, 1684072587.0, 1684072588.0, 1684072589.0, 1684072590.0, 1684072591.0, 1684072592.0, 1684072593.0, 1684072594.0, 1684072595.0, 1684072596.0, 1684072597.0, 1684072598.0, 1684072599.0, 1684072600.0, 1684072601.0, 1684072602.0, 1684072603.0, 1684072604.0, 1684072605.0, 1684072606.0, 1684072607.0, 1684072608.0, 1684072609.0, 1684072610.0, 1684072611.0, 1684072612.0, 1684072613.0, 1684072614.0, 1684072615.0, 1684072616.0, 1684072617.0, 1684072618.0, 1684072619.0, 1684072620.0, 1684072621.0, 1684072622.0, 1684072623.0, 1684072624.0, 1684072625.0, 1684072626.0, 1684072627.0, 1684072628.0, 1684072629.0, 1684072630.0, 1684072631.0, 1684072632.0, 1684072633.0, 1684072634.0, 1684072635.0, 1684072636.0, 1684072637.0, 1684072638.0, 1684072639.0, 1684072640.0, 1684072641.0, 1684072642.0, 1684072643.0, 1684072644.0, 1684072645.0, 1684072646.0, 1684072647.0, 1684072648.0, 1684072649.0, 1684072650.0, 1684072651.0, 1684072652.0, 1684072653.0, 1684072654.0, 1684072655.0, 1684072656.0, 1684072657.0, 1684072658.0, 1684072659.0, 1684072660.0], "cpu_usage_rate": [0.14484925708022667, 0.14960710531578222, 0.15436495355133778, 0.15912280178689334, 0.1638806500224489, 0.16863849825800448, 0.17339634649356, 0.17815419472911556, 0.18291204296467112, 0.1876698912002267, 0.1924277394357822, 0.1971855876713378, 0.20194343590689334, 0.2067012841424489, 0.21145913237800443, 0.21621698061356, 0.22097482884911557, 0.22573267708467112, 0.23049052532022665, 0.23524837355578224, 0.2400062217913378, 0.24476407002689335, 0.24952191826244893, 0.25427976649800443, 0.25903761473356, 0.26379546296911555, 0.26855331120467113, 0.27331115944022666, 0.27806900767578224, 0.28282685591133777, 0.9662711326844047, 0.982271653713664, 0.9982721747429231, 1.0142726957721824, 1.0302732168014417, 1.0462737378307012, 1.0622742588599603, 1.0782747798892194, 1.0942753009184787, 1.1102758219477382, 1.1262763429769973, 1.1422768640062566, 1.1582773850355157, 1.1742779060647752, 1.1902784270940343, 1.2062789481232936, 1.222279469152553, 1.2382799901818122, 1.2542805112110713, 1.2702810322403306, 1.28628155326959, 1.3022820742988492, 1.3182825953281083, 1.3342831163573676, 1.350283637386627, 1.366284158415886, 1.3822846794451453, 1.3982852004744046, 1.414285721503664, 1.4302862425329232, 1.580577715782063, 1.604389973952989, 1.6282022321239151, 1.6520144902948408, 1.6758267484657667, 1.6996390066366929, 1.7234512648076188, 1.7472635229785447, 1.7710757811494704, 1.7948880393203965, 1.8187002974913224, 1.8425125556622481, 1.866324813833174, 1.8901370720041004, 1.913949330175026, 1.937761588345952, 1.961573846516878, 1.9853861046878039, 2.0091983628587298, 2.0330106210296557, 2.0568228792005816, 2.080635137371508, 2.1044473955424334, 2.1282596537133593, 2.1431032353833332, 2.1431032353833332, 2.1431032353833332, 2.1431032353833332, 2.1431032353833332], "time_cpu_usage_rate": [1684072572.0, 1684072573.0, 1684072574.0, 1684072575.0, 1684072576.0, 1684072577.0, 1684072578.0, 1684072579.0, 1684072580.0, 1684072581.0, 1684072582.0, 1684072583.0, 1684072584.0, 1684072585.0, 1684072586.0, 1684072587.0, 1684072588.0, 1684072589.0, 1684072590.0, 1684072591.0, 1684072592.0, 1684072593.0, 1684072594.0, 1684072595.0, 1684072596.0, 1684072597.0, 1684072598.0, 1684072599.0, 1684072600.0, 1684072601.0, 1684072602.0, 1684072603.0, 1684072604.0, 1684072605.0, 1684072606.0, 1684072607.0, 1684072608.0, 1684072609.0, 1684072610.0, 1684072611.0, 1684072612.0, 1684072613.0, 1684072614.0, 1684072615.0, 1684072616.0, 1684072617.0, 1684072618.0, 1684072619.0, 1684072620.0, 1684072621.0, 1684072622.0, 1684072623.0, 1684072624.0, 1684072625.0, 1684072626.0, 1684072627.0, 1684072628.0, 1684072629.0, 1684072630.0, 1684072631.0, 1684072632.0, 1684072633.0, 1684072634.0, 1684072635.0, 1684072636.0, 1684072637.0, 1684072638.0, 1684072639.0, 1684072640.0, 1684072641.0, 1684072642.0, 1684072643.0, 1684072644.0, 1684072645.0, 1684072646.0, 1684072647.0, 1684072648.0, 1684072649.0, 1684072650.0, 1684072651.0, 1684072652.0, 1684072653.0, 1684072654.0, 1684072655.0, 1684072656.0, 1684072657.0, 1684072658.0, 1684072659.0, 1684072660.0], "cpu_throttled_count": [0.0, 0.0, 0.0, 0.0, 0.0, 0.0, 0.0, 0.0, 0.0, 0.0, 0.0, 0.0, 0.0, 0.0, 0.0, 0.0, 0.0, 0.0, 0.0, 0.0, 0.0, 0.0, 0.0, 0.0, 0.0, 0.0, 0.0, 0.0, 0.0, 0.0, 4.545076678, 4.545076678, 4.545076678, 4.545076678, 4.545076678, 4.545076678, 4.545076678, 4.545076678, 4.545076678, 4.545076678, 4.545076678, 4.545076678, 4.545076678, 4.545076678, 4.545076678, 4.545076678, 4.545076678, 4.545076678, 4.545076678, 4.545076678, 4.545076678, 4.545076678, 4.545076678, 4.545076678, 4.545076678, 4.545076678, 4.545076678, 4.545076678, 4.545076678, 4.545076678, 4.685664914, 4.685664914, 4.685664914, 4.685664914, 4.685664914, 4.685664914, 4.685664914, 4.685664914, 4.685664914, 4.685664914, 4.685664914, 4.685664914, 4.685664914, 4.685664914, 4.685664914, 4.685664914, 4.685664914, 4.685664914, 4.685664914, 4.685664914, 4.685664914, 4.685664914, 4.685664914, 4.685664914, 4.685664914, 4.685664914, 4.685664914, 4.685664914, 4.685664914, 4.685664914, 4.811821548, 4.811821548, 4.811821548, 4.811821548, 4.811821548, 4.811821548, 4.811821548, 4.811821548, 4.811821548, 4.811821548, 4.811821548, 4.811821548, 4.811821548, 4.811821548, 4.811821548, 4.811821548, 4.811821548, 4.811821548, 4.811821548, 4.811821548, 4.811821548, 4.811821548, 4.811821548, 4.811821548, 4.811821548, 4.811821548, 4.811821548, 4.811821548, 4.811821548],