{"cpu_usage_count": [10.8375405, 10.8375405, 10.8375405, 10.8375405, 10.8375405, 10.8375405, 10.8375405, 10.8375405, 10.8375405, 10.8375405, 10.8375405, 10.8375405, 10.8375405, 10.8375405, 10.8375405, 10.8375405, 10.8375405, 10.8375405, 10.8375405, 10.8375405, 10.8375405, 10.8375405, 10.8375405, 10.8375405, 10.8375405, 10.8375405, 10.8375405, 10.8375405, 10.8375405, 10.8375405, 11.135873443, 11.135873443, 11.135873443, 11.135873443, 11.135873443, 11.135873443, 11.135873443, 11.135873443, 11.135873443, 11.135873443, 11.135873443, 11.135873443, 11.135873443], "time_cpu_usage_count": [1711237288.0, 1711237289.0, 1711237290.0, 1711237291.0, 1711237292.0, 1711237293.0, 1711237294.0, 1711237295.0, 1711237296.0, 1711237297.0, 1711237298.0, 1711237299.0, 1711237300.0, 1711237301.0, 1711237302.0, 1711237303.0, 1711237304.0, 1711237305.0, 1711237306.0, 1711237307.0, 1711237308.0, 1711237309.0, 1711237310.0, 1711237311.0, 1711237312.0, 1711237313.0, 1711237314.0, 1711237315.0, 1711237316.0, 1711237317.0, 1711237318.0, 1711237319.0, 1711237320.0, 1711237321.0, 1711237322.0, 1711237323.0, 1711237324.0, 1711237325.0, 1711237326.0, 1711237327.0, 1711237328.0, 1711237329.0, 1711237330.0], "cpu_usage_rate": [0.009944431433333338, 0.009944431433333338, 0.009944431433333338, 0.009944431433333338, 0.009944431433333338, 0.009944431433333338, 0.009944431433333338, 0.009944431433333338, 0.009944431433333338, 0.009944431433333338, 0.009944431433333338, 0.009944431433333338, 0.009944431433333338], "time_cpu_usage_rate": [1711237318.0, 1711237319.0, 1711237320.0, 1711237321.0, 1711237322.0, 1711237323.0, 1711237324.0, 1711237325.0, 1711237326.0, 1711237327.0, 1711237328.0, 1711237329.0, 1711237330.0], "cpu_throttled_count": [17.501059052, 17.501059052, 17.501059052, 17.501059052, 17.501059052, 17.501059052, 17.501059052, 17.501059052, 17.501059052, 17.501059052, 17.501059052, 17.501059052, 17.501059052, 17.501059052, 17.501059052, 17.501059052, 17.501059052, 17.501059052, 17.501059052, 17.501059052, 17.501059052, 17.501059052, 17.501059052, 17.501059052, 17.501059052, 17.501059052, 17.501059052, 17.501059052, 17.501059052, 17.501059052, 17.501059052, 17.501059052, 17.501059052, 17.501059052, 17.501059052, 17.501059052, 17.501059052, 17.501059052, 17.501059052, 17.501059052, 17.501059052, 17.501059052, 17.501059052], "time_cpu_throttled_count": [1711237288.0, 1711237289.0, 1711237290.0, 1711237291.0, 1711237292.0, 1711237293.0, 1711237294.0, 1711237295.0, 1711237296.0, 1711237297.0, 1711237298.0, 1711237299.0, 1711237300.0, 1711237301.0, 1711237302.0, 1711237303.0, 1711237304.0, 1711237305.0, 1711237306.0, 1711237307.0, 1711237308.0, 1711237309.0, 1711237310.0, 1711237311.0, 1711237312.0, 1711237313.0, 1711237314.0, 1711237315.0, 1711237316.0, 1711237317.0, 1711237318.0, 1711237319.0, 1711237320.0, 1711237321.0, 1711237322.0, 1711237323.0, 1711237324.0, 1711237325.0, 1711237326.0, 1711237327.0, 1711237328.0, 1711237329.0, 1711237330.0], "cpu_throttled_rate": [0.0, 0.0, 0.0, 0.0, 0.0, 0.0, 0.0, 0.0, 0.0, 0.0, 0.0, 0.0, 0.0], "time_cpu_throttled_rate": [1711237318.0, 1711237319.0, 1711237320.0, 1711237321.0, 1711237322.0, 1711237323.0, 1711237324.0, 1711237325.0, 1711237326.0, 1711237327.0, 1711237328.0, 1711237329.0, 1711237330.0], "memory_usage": [2108620800.0, 2108620800.0, 2108620800.0, 2108620800.0, 2108620800.0, 2108620800.0, 2108620800.0, 2108620800.0, 2108620800.0, 2108620800.0, 2108620800.0, 2108620800.0, 2108620800.0, 2108620800.0, 2108620800.0, 2108620800.0, 2108620800.0, 2108620800.0, 2108620800.0, 2108620800.0, 2108620800.0, 2108620800.0, 2108620800.0, 2108620800.0, 2108620800.0, 2108620800.0, 2108620800.0, 2108620800.0, 2108620800.0, 2108620800.0, 2112262144.0, 2112262144.0, 2112262144.0, 2112262144.0, 2112262144.0, 2112262144.0, 2112262144.0, 2112262144.0, 2112262144.0, 2112262144.0, 2112262144.0, 2112262144.0, 2112262144.0], "time_memory_usage": [1711237288.0, 1711237289.0, 1711237290.0, 1711237291.0, 1711237292.0, 1711237293.0, 1711237294.0, 1711237295.0, 1711237296.0, 1711237297.0, 1711237298.0, 1711237299.0, 1711237300.0, 1711237301.0, 1711237302.0, 1711237303.0, 1711237304.0, 1711237305.0, 1711237306.0, 1711237307.0, 1711237308.0, 1711237309.0, 1711237310.0, 1711237311.0, 1711237312.0, 1711237313.0, 1711237314.0, 1711237315.0, 1711237316.0, 1711237317.0, 1711237318.0, 1711237319.0, 1711237320.0, 1711237321.0, 1711237322.0, 1711237323.0, 1711237324.0, 1711237325.0, 1711237326.0, 1711237327.0, 1711237328.0, 1711237329.0, 1711237330.0], "throughput": [0.0, 0.0, 0.0, 0.0, 0.0, 0.0, 0.0, 0.0, 0.0, 0.018668333333333335, 0.018486363636363638, 0.01833472222222222, 0.018206410256410257, 0.018096428571428572, 0.018001111111111114, 0.017917708333333334, 0.03568823529411765, 0.03555740740740741, 0.03544035087719299, 0.035335, 0.03523968253968254, 0.035153030303030304, 0.03507391304347826, 0.035001388888888894, 0.03493466666666667, 0.052309615384615385, 0.052224074074074076, 0.05214464285714285, 0.05207068965517243, 0.05200166666666666, 0.05193709677419355, 0.05187656250000001, 0.06909292929292929, 0.06902156862745097, 0.06895428571428572, 0.06889074074074074, 0.06883063063063062, 0.0687736842105263, 0.06871965811965812, 0.08583541666666666, 0.08577439024390245, 0.08571626984126984, 0.0856608527131783, 0.08560795454545453, 0.08555740740740742, 0.08550905797101449, 0.0854627659574468, 0.08541840277777778, 0.10245102040816327, 0.10240199999999998, 0.10235490196078431, 0.10230961538461539, 0.10226603773584907, 0.10222407407407408, 0.10218363636363637], "time_throughput": [1711237276.0, 1711237277.0, 1711237278.0, 1711237279.0, 1711237280.0, 1711237281.0, 1711237282.0, 1711237283.0, 1711237284.0, 1711237285.0, 1711237286.0, 1711237287.0, 1711237288.0, 1711237289.0, 1711237290.0, 1711237291.0, 1711237292.0, 1711237293.0, 1711237294.0, 1711237295.0, 1711237296.0, 1711237297.0, 1711237298.0, 1711237299.0, 1711237300.0, 1711237301.0, 1711237302.0, 1711237303.0, 1711237304.0, 1711237305.0, 1711237306.0, 1711237307.0, 1711237308.0, 1711237309.0, 1711237310.0, 1711237311.0, 1711237312.0, 1711237313.0, 1711237314.0, 1711237315.0, 1711237316.0, 1711237317.0, 1711237318.0, 1711237319.0, 1711237320.0, 1711237321.0, 1711237322.0, 1711237323.0, 1711237324.0, 1711237325.0, 1711237326.0, 1711237327.0, 1711237328.0, 1711237329.0, 1711237330.0], "responses": [[{"times": {"request": {"sending": 1711237269.6720593, "arrival": 1711237269.7218251}, "models": {"yolo": {"arrival": 1711237269.6839373, "serving": 1711237269.7154334}}}, "model_name": "yolo", "outputs": []}], [{"times": {"request": {"sending": 1711237271.1266913, "arrival": 1711237271.1776729}, "models": {"yolo": {"arrival": 1711237271.1417253, "serving": 1711237271.171266}}}, "model_name": "yolo", "outputs": []}], [{"times": {"request": {"sending": 1711237272.8032393, "arrival": 1711237273.315851}, "models": {"yolo": {"arrival": 1711237272.8222203, "serving": 1711237273.276187}}}, "model_name": "yolo", "outputs": []}], [{"times": {"request": {"sending": 1711237273.4531412, "arrival": 1711237273.9632127}, "models": {"yolo": {"arrival": 1711237273.4700382, "serving": 1711237273.9220626}}}, "model_name": "yolo", "outputs": []}], [{"times": {"request": {"sending": 1711237273.7357483, "arrival": 1711237274.245507}, "models": {"yolo": {"arrival": 1711237273.7561963, "serving": 1711237274.2031941}}}, "model_name": "yolo", "outputs": []}], [{"times": {"request": {"sending": 1711237275.688855, "arrival": 1711237276.2292404}, "models": {"yolo": {"arrival": 1711237275.7093978, "serving": 1711237276.184432}}}, "model_name": "yolo", "outputs": []}], [{"times": {"request": {"sending": 1711237276.7436056, "arrival": 1711237277.24084}, "models": {"yolo": {"arrival": 1711237276.7604723, "serving": 1711237277.197566}}}, "model_name": "yolo", "outputs": []}], [{"times": {"request": {"sending": 1711237279.685576, "arrival": 1711237279.7227845}, "models": {"yolo": {"arrival": 1711237279.6926887, "serving": 1711237279.718584}}}, "model_name": "yolo",