{"cpu_usage_count": [0.087496345, 0.087496345, 0.087496345, 0.087496345, 0.087496345, 0.087496345, 0.087496345, 0.087496345, 0.087496345, 0.087496345], "time_cpu_usage_count": [1711243158.0, 1711243159.0, 1711243160.0, 1711243161.0, 1711243162.0, 1711243163.0, 1711243164.0, 1711243165.0, 1711243166.0, 1711243167.0], "cpu_usage_rate": [0.02785725683333335, 0.02785725683333335, 0.02785725683333335, 0.02785725683333335, 0.02785725683333335, 0.02785725683333335, 0.02785725683333335, 0.02785725683333335, 0.02785725683333335, 0.02785725683333335, 0.02785725683333335, 0.02785725683333335, 0.02785725683333335, 0.02785725683333335, 0.02785725683333335, 0.02785725683333335, 0.02785725683333335, 0.02785725683333335, 0.02785725683333335, 0.02785725683333335], "time_cpu_usage_rate": [1711243258.0, 1711243259.0, 1711243260.0, 1711243261.0, 1711243262.0, 1711243263.0, 1711243264.0, 1711243265.0, 1711243266.0, 1711243267.0, 1711243268.0, 1711243269.0, 1711243270.0, 1711243271.0, 1711243272.0, 1711243273.0, 1711243274.0, 1711243275.0, 1711243276.0, 1711243277.0], "cpu_throttled_count": [0.0, 0.0, 0.0, 0.0, 0.0, 0.0, 0.0, 0.0, 0.0, 0.0], "time_cpu_throttled_count": [1711243158.0, 1711243159.0, 1711243160.0, 1711243161.0, 1711243162.0, 1711243163.0, 1711243164.0, 1711243165.0, 1711243166.0, 1711243167.0], "cpu_throttled_rate": [0.0, 0.0, 0.0, 0.0, 0.0, 0.0, 0.0, 0.0, 0.0, 0.0, 0.0, 0.0, 0.0, 0.0, 0.0, 0.0, 0.0, 0.0, 0.0, 0.0], "time_cpu_throttled_rate": [1711243258.0, 1711243259.0, 1711243260.0, 1711243261.0, 1711243262.0, 1711243263.0, 1711243264.0, 1711243265.0, 1711243266.0, 1711243267.0, 1711243268.0, 1711243269.0, 1711243270.0, 1711243271.0, 1711243272.0, 1711243273.0, 1711243274.0, 1711243275.0, 1711243276.0, 1711243277.0], "memory_usage": [3035136.0, 3035136.0, 3035136.0, 3035136.0, 3035136.0, 3035136.0, 3035136.0, 3035136.0, 3035136.0, 3035136.0], "time_memory_usage": [1711243158.0, 1711243159.0, 1711243160.0, 1711243161.0, 1711243162.0, 1711243163.0, 1711243164.0, 1711243165.0, 1711243166.0, 1711243167.0], "throughput": [0.028483870967741937, 0.022306451612903226, 0.02024731182795699, 0.03843548387096774, 0.0744, 0.09094086021505375, 0.08947004608294931, 0.10604032258064516, 0.10501075268817205, 0.13891612903225806, 0.1380175953079179, 0.17158602150537636, 0.20495285359801488, 0.20413824884792628, 0.23733763440860214, 0.23661693548387094, 0.2696925996204933, 0.26904659498207883, 0.28524787775891336, 0.31818870967741936, 0.3176298003072196, 0.3505029325513196, 0.3499901823281907, 0.3495201612903226, 0.3989574193548387, 0.3985012406947891, 0.4312520908004779, 0.4308271889400922, 0.48009677419354835, 0.47968494623655905, 0.47929968782518206, 0.49545362903225804, 0.49510263929618764, 0.49477229601518025, 0.5274248847926267, 0.5271111111111111, 0.5762031386224934, 0.5758955857385399, 0.5756038047973532, 0.5917645161290322, 0.5914933123524784, 0.6405046082949307, 0.6402378094523631, 0.6728027859237536, 0.6725469534050179, 0.7050974754558204, 0.7048517501715854, 0.7210026881720429, 0.7699150757077026, 0.769678064516129, 0.7694503478810879, 0.8019646401985112, 0.8017449786975045, 0.8506069295101553, 0.8503906158357772, 0.8501820276497696, 0.8826723259762308, 0.8988125695216906, 0.8986139967195188, 0.9310919354838709, 0.9308995240613431, 0.9344262295081968, 0.9344262295081968], "time_throughput": [1711243215.0, 1711243216.0, 1711243217.0, 1711243218.0, 1711243219.0, 1711243220.0, 1711243221.0, 1711243222.0, 1711243223.0, 1711243224.0, 1711243225.0, 1711243226.0, 1711243227.0, 1711243228.0, 1711243229.0, 1711243230.0, 1711243231.0, 1711243232.0, 1711243233.0, 1711243234.0, 1711243235.0, 1711243236.0, 1711243237.0, 1711243238.0, 1711243239.0, 1711243240.0, 1711243241.0, 1711243242.0, 1711243243.0, 1711243244.0, 1711243245.0, 1711243246.0, 1711243247.0, 1711243248.0, 1711243249.0, 1711243250.0, 1711243251.0, 1711243252.0, 1711243253.0, 1711243254.0, 1711243255.0, 1711243256.0, 1711243257.0, 1711243258.0, 1711243259.0, 1711243260.0, 1711243261.0, 1711243262.0, 1711243263.0, 1711243264.0, 1711243265.0, 1711243266.0, 1711243267.0, 1711243268.0, 1711243269.0, 1711243270.0, 1711243271.0, 1711243272.0, 1711243273.0, 1711243274.0, 1711243275.0, 1711243276.0, 1711243277.0], "responses": [[{"times": {"request": {"sending": 1711243215.2351267, "arrival": 1711243216.2864268}, "models": {"yolo": {"arrival": 1711243216.2480288, "serving": 1711243216.279076}}}, "model_name": "yolo", "outputs": []}], [{"times": {"request": {"sending": 1711243216.764413, "arrival": 1711243217.812458}, "models": {"yolo": {"arrival": 1711243217.7722068, "serving": 1711243217.8039353}}}, "model_name": "yolo", "outputs": []}], [{"times": {"request": {"sending": 1711243217.488219, "arrival": 1711243217.8141425}, "models": {"yolo": {"arrival": 1711243217.7722068, "serving": 1711243217.8039353}}}, "model_name": "yolo", "outputs": []}], [{"times": {"request": {"sending": 1711243217.863279, "arrival": 1711243218.9079642}, "models": {"yolo": {"arrival": 1711243218.8701031, "serving": 1711243218.9014823}}}, "model_name": "yolo", "outputs": []}], [{"times": {"request": {"sending": 1711243219.956602, "arrival": 1711243220.9993389}, "models": {"yolo": {"arrival": 1711243220.9653904, "serving": 1711243220.9924436}}}, "model_name": "yolo", "outputs": []}], [{"times": {"request": {"sending": 1711243221.6025584, "arrival": 1711243222.649073}, "models": {"yolo": {"arrival": 1711243222.6115024, "serving": 1711243222.6412158}}}, "model_name": "yolo", "outputs": []}], [{"times": {"request": {"sending": 1711243221.8271024, "arrival": 1711243222.6506972}, "models": {"yolo": {"arrival": 1711243222.6115024, "serving": 1711243222.6412158}}}, "model_name": "yolo", "outputs": []}], [{"times": {"request": {"sending": 1711243223.656774, "arrival": 1711243224.7133775}, "models": {"yolo": {"arrival": 1711243224.6661732, "serving": 1711243224.7023554}}}, "model_name": "yolo", "outputs": []}], [{"times": {"request": {"sending": 1711243224.141685, "arrival": 1711243224.7143607}, "models": {"yolo": {"arrival": 1711243224.6661732, "serving": 1711243224.7023554}}}, "model_name": "yolo", "outputs": []}], [{"times": {"request": {"sending": 1711243225.0278869, "arrival": 1711243226.0840847}, "models": {"yolo": {"arrival": 1711243226.036142, "serving": 1711243226.0740075}}}, "model_name": "yolo", "outputs": []}], [{"times": {"request": {"sending": 1711243225.0511358, "arrival": 1711243226.085067}, "models": {"yolo": {"arrival": 1711243226.036142, "serving": 1711243226.0740075}}}, "model_name": "yolo", "outputs": []}], [{"times": {"request": {"sending": 1711243226.677825, "arrival": 1711243227.72835}, "models": {"yolo": {"arrival": 1711243227.6859932, "serving": 1711243227.7187}}}, "model_name": "yolo", "outputs": []}], [{"times": {"request": {"sending": 1711243226.8085678, "arrival": 1711243227.7293658}, "models": {"yolo": {"arrival": 1711243227.6859932, "serving": 1711243227.7187}}}, "model_name": "yolo", "outputs": []}], [{"times": {"request": {"sending": 1711243228.447031, "arrival": 1711243229.4964957}, "models": {"yolo": {"arrival": 1711243229.4547472, "serving": 1711243229.4870174}}}, "model_name": "yolo", "outputs": []}], [{"times": {"request": {"sending": 1711243228.6315293, "arrival": 1711243229.4985142}, "models": {"yolo": {"arrival": 1711243229.4547472, "serving": 1711243229.4870174}}}, "model_name": "yolo", "outputs": []}], [{"times": {"request": {"sending": 1711243230.2796319, "arrival": 1711243231.3212879}, "models": {"yolo": {"arrival": 1711243231.287629, "serving": 1711243231.3137443}}}, "model_name": "yolo", "outputs": []}], [{"times": {"request": {"sending": 1711243231.804301, "arrival": 1711243232.8578763}, "models": {"yolo": {"arrival": 1711243232.8135903, "serving": 1711243232.8475842}}}, "model_name": "yolo", "outputs": []}], [{"times": {"request": {"sending": 1711243232.0279458, "arrival": 1711243232.8592534}, "models": {"yolo": {"arrival": 1711243232.8135903, "serving": 1711243232.8475842}}}, "model_name": "yolo",