{"cpu_usage_count": [10.954904027, 10.954904027, 10.954904027, 10.954904027, 10.954904027, 10.954904027, 10.954904027, 10.954904027, 10.954904027, 10.954904027, 10.954904027, 10.954904027, 10.954904027, 10.954904027, 10.954904027, 10.954904027, 10.954904027, 10.954904027, 10.954904027, 10.954904027, 10.954904027, 10.954904027, 10.954904027, 10.954904027, 10.954904027, 10.954904027, 10.954904027, 10.954904027, 10.954904027, 10.954904027], "time_cpu_usage_count": [1711238068.0, 1711238069.0, 1711238070.0, 1711238071.0, 1711238072.0, 1711238073.0, 1711238074.0, 1711238075.0, 1711238076.0, 1711238077.0, 1711238078.0, 1711238079.0, 1711238080.0, 1711238081.0, 1711238082.0, 1711238083.0, 1711238084.0, 1711238085.0, 1711238086.0, 1711238087.0, 1711238088.0, 1711238089.0, 1711238090.0, 1711238091.0, 1711238092.0, 1711238093.0, 1711238094.0, 1711238095.0, 1711238096.0, 1711238097.0], "cpu_usage_rate": null, "time_cpu_usage_rate": null, "cpu_throttled_count": [15.110620383, 15.110620383, 15.110620383, 15.110620383, 15.110620383, 15.110620383, 15.110620383, 15.110620383, 15.110620383, 15.110620383, 15.110620383, 15.110620383, 15.110620383, 15.110620383, 15.110620383, 15.110620383, 15.110620383, 15.110620383, 15.110620383, 15.110620383, 15.110620383, 15.110620383, 15.110620383, 15.110620383, 15.110620383, 15.110620383, 15.110620383, 15.110620383, 15.110620383, 15.110620383], "time_cpu_throttled_count": [1711238068.0, 1711238069.0, 1711238070.0, 1711238071.0, 1711238072.0, 1711238073.0, 1711238074.0, 1711238075.0, 1711238076.0, 1711238077.0, 1711238078.0, 1711238079.0, 1711238080.0, 1711238081.0, 1711238082.0, 1711238083.0, 1711238084.0, 1711238085.0, 1711238086.0, 1711238087.0, 1711238088.0, 1711238089.0, 1711238090.0, 1711238091.0, 1711238092.0, 1711238093.0, 1711238094.0, 1711238095.0, 1711238096.0, 1711238097.0], "cpu_throttled_rate": null, "time_cpu_throttled_rate": null, "memory_usage": [2121740288.0, 2121740288.0, 2121740288.0, 2121740288.0, 2121740288.0, 2121740288.0, 2121740288.0, 2121740288.0, 2121740288.0, 2121740288.0, 2121740288.0, 2121740288.0, 2121740288.0, 2121740288.0, 2121740288.0, 2121740288.0, 2121740288.0, 2121740288.0, 2121740288.0, 2121740288.0, 2121740288.0, 2121740288.0, 2121740288.0, 2121740288.0, 2121740288.0, 2121740288.0, 2121740288.0, 2121740288.0, 2121740288.0, 2121740288.0], "time_memory_usage": [1711238068.0, 1711238069.0, 1711238070.0, 1711238071.0, 1711238072.0, 1711238073.0, 1711238074.0, 1711238075.0, 1711238076.0, 1711238077.0, 1711238078.0, 1711238079.0, 1711238080.0, 1711238081.0, 1711238082.0, 1711238083.0, 1711238084.0, 1711238085.0, 1711238086.0, 1711238087.0, 1711238088.0, 1711238089.0, 1711238090.0, 1711238091.0, 1711238092.0, 1711238093.0, 1711238094.0, 1711238095.0, 1711238096.0, 1711238097.0], "throughput": [0.0, 0.02357377049180328, 0.02118032786885246, 0.019983606557377052, 0.019265573770491803, 0.018786885245901642, 0.01844496487119438, 0.018188524590163933, 0.017989071038251366, 0.01782950819672131, 0.01769895678092399, 0.03518032786885246, 0.034996216897856244, 0.0348384074941452, 0.0347016393442623, 0.03458196721311475, 0.03447637415621987, 0.05157377049180328, 0.051447799827437454, 0.0513344262295082, 0.05123185011709602, 0.05113859910581223, 0.051053456878118325, 0.05097540983606557, 0.050903606557377044, 0.050837326607818416, 0.06770127504553734, 0.06762529274004685, 0.06755455059355568, 0.06748852459016394, 0.06742675832892649, 0.06736885245901639, 0.06731445603576751, 0.06726325940212151, 0.08401873536299764, 0.08396174863387977, 0.08390784226849798, 0.08385677308024157, 0.08380832282471626, 0.08376229508196723, 0.08371851259496202, 0.0836768149882904, 0.10036446816622188, 0.10031892697466467, 0.10027540983606556, 0.10023378474697077, 0.10019393093826298, 0.10015573770491801, 0.10011910337905652, 0.1000839344262295, 0.11672516875602701, 0.116687263556116, 0.11665078874110732, 0.11661566484517304, 0.11658181818181818, 0.11654918032786885, 0.11651768766177738, 0.11648728094968909, 0.13309474854126147, 0.1330622950819672, 0.1330622950819672, 0.11666666666666665], "time_throughput": [1711238036.0, 1711238037.0, 1711238038.0, 1711238039.0, 1711238040.0, 1711238041.0, 1711238042.0, 1711238043.0, 1711238044.0, 1711238045.0, 1711238046.0, 1711238047.0, 1711238048.0, 1711238049.0, 1711238050.0, 1711238051.0, 1711238052.0, 1711238053.0, 1711238054.0, 1711238055.0, 1711238056.0, 1711238057.0, 1711238058.0, 1711238059.0, 1711238060.0, 1711238061.0, 1711238062.0, 1711238063.0, 1711238064.0, 1711238065.0, 1711238066.0, 1711238067.0, 1711238068.0, 1711238069.0, 1711238070.0, 1711238071.0, 1711238072.0, 1711238073.0, 1711238074.0, 1711238075.0, 1711238076.0, 1711238077.0, 1711238078.0, 1711238079.0, 1711238080.0, 1711238081.0, 1711238082.0, 1711238083.0, 1711238084.0, 1711238085.0, 1711238086.0, 1711238087.0, 1711238088.0, 1711238089.0, 1711238090.0, 1711238091.0, 1711238092.0, 1711238093.0, 1711238094.0, 1711238095.0, 1711238096.0, 1711238097.0], "responses": [[{"times": {"request": {"sending": 1711238036.5127344, "arrival": 1711238038.0407903}, "models": {"yolo": {"arrival": 1711238037.5372872, "serving": 1711238037.9979126}}}, "model_name": "yolo", "outputs": []}], [{"times": {"request": {"sending": 1711238037.5838175, "arrival": 1711238039.1640353}, "models": {"yolo": {"arrival": 1711238038.6084092, "serving": 1711238039.1126435}}}, "model_name": "yolo", "outputs": []}], [{"times": {"request": {"sending": 1711238037.994632, "arrival": 1711238039.5491087}, "models": {"yolo": {"arrival": 1711238039.0149455, "serving": 1711238039.5048842}}}, "model_name": "yolo", "outputs": []}], [{"times": {"request": {"sending": 1711238039.3865395, "arrival": 1711238040.9202473}, "models": {"yolo": {"arrival": 1711238040.409185, "serving": 1711238040.8756495}}}, "model_name": "yolo", "outputs": []}], [{"times": {"request": {"sending": 1711238039.8817303, "arrival": 1711238041.3974216}, "models": {"yolo": {"arrival": 1711238040.903848, "serving": 1711238041.354182}}}, "model_name": "yolo", "outputs": []}], [{"times": {"request": {"sending": 1711238042.7645917, "arrival": 1711238044.291501}, "models": {"yolo": {"arrival": 1711238043.7812805, "serving": 1711238044.2496045}}}, "model_name": "yolo", "outputs": []}], [{"times": {"request": {"sending": 1711238043.3597038, "arrival": 1711238044.4035554}, "models": {"yolo": {"arrival": 1711238044.3674574, "serving": 1711238044.3981085}}}, "model_name": "yolo", "outputs": []}], [{"times": {"request": {"sending": 1711238044.1877615, "arrival": 1711238045.2320962}, "models": {"yolo": {"arrival": 1711238045.1953964, "serving": 1711238045.226872}}}, "model_name": "yolo", "outputs": []}], [{"times": {"request": {"sending": 1711238044.5029197, "arrival": 1711238045.5443563}, "models": {"yolo": {"arrival": 1711238045.5113695, "serving": 1711238045.5389135}}}, "model_name": "yolo", "outputs": []}], [{"times": {"request": {"sending": 1711238046.238635, "arrival": 1711238047.2802055}, "models": {"yolo": {"arrival": 1711238047.2464538, "serving": 1711238047.2737486}}}, "model_name": "yolo", "outputs": []}], [{"times": {"request": {"sending": 1711238047.1401892, "arrival": 1711238048.1798434}, "models": {"yolo": {"arrival": 1711238048.1470551, "serving": 1711238048.1750095}}}, "model_name": "yolo", "outputs": []}], [{"times": {"request": {"sending": 1711238047.6782923, "arrival": 1711238048.7224188}, "models": {"yolo": {"arrival": 1711238048.6862686, "serving": 1711238048.7165742}}}, "model_name": "yolo", "outputs": []}], [{"times": {"request": {"sending": 1711238047.9793096, "arrival": 1711238049.0241485}, "models": {"yolo": {"arrival": 1711238048.9872072, "serving": 1711238049.0180311}}}, "model_name": "yolo", "outputs": []}], [{"times": {"request": {"sending": 1711238048.6884544, "arrival": 1711238049.7403939}, "models": {"yolo": {"arrival": 1711238049.69761, "serving": 1711238049.7329578}}}, "model_name": "yolo", "outputs": []}], [{"times": {"request": {"sending": 1711238050.0039864,