{"cpu_usage_count": [10.734431119, 10.734431119, 10.734431119, 10.734431119, 10.734431119, 10.734431119, 10.734431119, 10.734431119, 10.734431119, 10.734431119, 10.734431119, 10.734431119, 10.734431119, 10.734431119, 10.734431119, 10.734431119, 10.734431119, 10.734431119, 10.734431119, 10.734431119, 10.734431119, 10.734431119, 10.734431119, 10.734431119, 10.734431119, 10.734431119, 10.734431119, 10.734431119, 10.734431119, 10.734431119, 11.67748298, 11.67748298, 11.67748298, 11.67748298, 11.67748298, 11.67748298, 11.67748298, 11.67748298, 11.67748298, 11.67748298, 11.67748298, 11.67748298, 11.67748298, 11.67748298, 11.67748298, 11.67748298], "time_cpu_usage_count": [1711275118.0, 1711275119.0, 1711275120.0, 1711275121.0, 1711275122.0, 1711275123.0, 1711275124.0, 1711275125.0, 1711275126.0, 1711275127.0, 1711275128.0, 1711275129.0, 1711275130.0, 1711275131.0, 1711275132.0, 1711275133.0, 1711275134.0, 1711275135.0, 1711275136.0, 1711275137.0, 1711275138.0, 1711275139.0, 1711275140.0, 1711275141.0, 1711275142.0, 1711275143.0, 1711275144.0, 1711275145.0, 1711275146.0, 1711275147.0, 1711275148.0, 1711275149.0, 1711275150.0, 1711275151.0, 1711275152.0, 1711275153.0, 1711275154.0, 1711275155.0, 1711275156.0, 1711275157.0, 1711275158.0, 1711275159.0, 1711275160.0, 1711275161.0, 1711275162.0, 1711275163.0], "cpu_usage_rate": [0.03143506203333336, 0.03143506203333336, 0.03143506203333336, 0.03143506203333336, 0.03143506203333336, 0.03143506203333336, 0.03143506203333336, 0.03143506203333336, 0.03143506203333336, 0.03143506203333336, 0.03143506203333336, 0.03143506203333336, 0.03143506203333336, 0.03143506203333336, 0.03143506203333336, 0.03143506203333336], "time_cpu_usage_rate": [1711275148.0, 1711275149.0, 1711275150.0, 1711275151.0, 1711275152.0, 1711275153.0, 1711275154.0, 1711275155.0, 1711275156.0, 1711275157.0, 1711275158.0, 1711275159.0, 1711275160.0, 1711275161.0, 1711275162.0, 1711275163.0], "cpu_throttled_count": [28.391255394, 28.391255394, 28.391255394, 28.391255394, 28.391255394, 28.391255394, 28.391255394, 28.391255394, 28.391255394, 28.391255394, 28.391255394, 28.391255394, 28.391255394, 28.391255394, 28.391255394, 28.391255394, 28.391255394, 28.391255394, 28.391255394, 28.391255394, 28.391255394, 28.391255394, 28.391255394, 28.391255394, 28.391255394, 28.391255394, 28.391255394, 28.391255394, 28.391255394, 28.391255394, 28.391255394, 28.391255394, 28.391255394, 28.391255394, 28.391255394, 28.391255394, 28.391255394, 28.391255394, 28.391255394, 28.391255394, 28.391255394, 28.391255394, 28.391255394, 28.391255394, 28.391255394, 28.391255394], "time_cpu_throttled_count": [1711275118.0, 1711275119.0, 1711275120.0, 1711275121.0, 1711275122.0, 1711275123.0, 1711275124.0, 1711275125.0, 1711275126.0, 1711275127.0, 1711275128.0, 1711275129.0, 1711275130.0, 1711275131.0, 1711275132.0, 1711275133.0, 1711275134.0, 1711275135.0, 1711275136.0, 1711275137.0, 1711275138.0, 1711275139.0, 1711275140.0, 1711275141.0, 1711275142.0, 1711275143.0, 1711275144.0, 1711275145.0, 1711275146.0, 1711275147.0, 1711275148.0, 1711275149.0, 1711275150.0, 1711275151.0, 1711275152.0, 1711275153.0, 1711275154.0, 1711275155.0, 1711275156.0, 1711275157.0, 1711275158.0, 1711275159.0, 1711275160.0, 1711275161.0, 1711275162.0, 1711275163.0], "cpu_throttled_rate": [0.0, 0.0, 0.0, 0.0, 0.0, 0.0, 0.0, 0.0, 0.0, 0.0, 0.0, 0.0, 0.0, 0.0, 0.0, 0.0], "time_cpu_throttled_rate": [1711275148.0, 1711275149.0, 1711275150.0, 1711275151.0, 1711275152.0, 1711275153.0, 1711275154.0, 1711275155.0, 1711275156.0, 1711275157.0, 1711275158.0, 1711275159.0, 1711275160.0, 1711275161.0, 1711275162.0, 1711275163.0], "memory_usage": [2114990080.0, 2114990080.0, 2114990080.0, 2114990080.0, 2114990080.0, 2114990080.0, 2114990080.0, 2114990080.0, 2114990080.0, 2114990080.0, 2114990080.0, 2114990080.0, 2114990080.0, 2114990080.0, 2114990080.0, 2114990080.0, 2114990080.0, 2114990080.0, 2114990080.0, 2114990080.0, 2114990080.0, 2114990080.0, 2114990080.0, 2114990080.0, 2114990080.0, 2114990080.0, 2114990080.0, 2114990080.0, 2114990080.0, 2114990080.0, 2115162112.0, 2115162112.0, 2115162112.0, 2115162112.0, 2115162112.0, 2115162112.0, 2115162112.0, 2115162112.0, 2115162112.0, 2115162112.0, 2115162112.0, 2115162112.0, 2115162112.0, 2115162112.0, 2115162112.0, 2115162112.0], "time_memory_usage": [1711275118.0, 1711275119.0, 1711275120.0, 1711275121.0, 1711275122.0, 1711275123.0, 1711275124.0, 1711275125.0, 1711275126.0, 1711275127.0, 1711275128.0, 1711275129.0, 1711275130.0, 1711275131.0, 1711275132.0, 1711275133.0, 1711275134.0, 1711275135.0, 1711275136.0, 1711275137.0, 1711275138.0, 1711275139.0, 1711275140.0, 1711275141.0, 1711275142.0, 1711275143.0, 1711275144.0, 1711275145.0, 1711275146.0, 1711275147.0, 1711275148.0, 1711275149.0, 1711275150.0, 1711275151.0, 1711275152.0, 1711275153.0, 1711275154.0, 1711275155.0, 1711275156.0, 1711275157.0, 1711275158.0, 1711275159.0, 1711275160.0, 1711275161.0, 1711275162.0, 1711275163.0], "throughput": [0.0, 0.0, 0.04092222222222222, 0.039025, 0.07577333333333333, 0.09281944444444443, 0.12805000000000002, 0.12662708333333333, 0.12552037037037037, 0.12463500000000001, 0.15931363636363635, 0.19376805555555557, 0.21050769230769228, 0.24471666666666667, 0.2439577777777778, 0.27805, 0.2773803921568627, 0.27678518518518513, 0.2935184210526316, 0.310245, 0.3441746031746032, 0.37805, 0.3775550724637682, 0.4113833333333333, 0.410928, 0.44471666666666665, 0.4442950617283951, 0.47805, 0.4776574712643678, 0.5113833333333333, 0.511016129032258, 0.5447166666666666, 0.5443717171717172, 0.57805, 0.577724761904762, 0.5774175925925925, 0.6110756756756756, 0.6277504385964912, 0.6274662393162393, 0.6610987500000001, 0.6608280487804877, 0.6775079365079365, 0.6941872093023256, 0.7277912878787878, 0.7275440740740741, 0.7611358695652174, 0.7778078014184396, 0.7775756944444444, 0.8111510204081632, 0.8447166666666667, 0.8444934640522876, 0.8780500000000001, 0.8778352201257861, 0.9113833333333333, 0.9111763636363637, 0.9447166666666668, 0.9445169590643275, 0.9611870689655171, 1.0, 1.0], "time_throughput": [1711275104.0, 1711275105.0, 1711275106.0, 1711275107.0, 1711275108.0, 1711275109.0, 1711275110.0, 1711275111.0, 1711275112.0, 1711275113.0, 1711275114.0, 1711275115.0, 1711275116.0, 1711275117.0, 1711275118.0, 1711275119.0, 1711275120.0, 1711275121.0, 1711275122.0, 1711275123.0, 1711275124.0, 1711275125.0, 1711275126.0, 1711275127.0, 1711275128.0, 1711275129.0, 1711275130.0, 1711275131.0, 1711275132.0, 1711275133.0, 1711275134.0, 1711275135.0, 1711275136.0, 1711275137.0, 1711275138.0, 1711275139.0, 1711275140.0, 1711275141.0, 1711275142.0, 1711275143.0, 1711275144.0, 1711275145.0, 1711275146.0, 1711275147.0, 1711275148.0, 1711275149.0, 1711275150.0, 1711275151.0, 1711275152.0, 1711275153.0, 1711275154.0, 1711275155.0, 1711275156.0, 1711275157.0, 1711275158.0, 1711275159.0, 1711275160.0, 1711275161.0, 1711275162.0, 1711275163.0], "responses": [[{"times": {"request": {"sending": 1711275104.297492, "arrival": 1711275105.0327826}, "models": {"yolo": {"arrival": 1711275104.9862084, "serving": 1711275105.0222807}}}, "model_name": "yolo", "outputs": []}], [{"times": {"request": {"sending": 1711275104.9786415, "arrival": 1711275105.033732}, "models": {"yolo": {"arrival": 1711275104.9862084, "serving": 1711275105.0222807}}}, "model_name": "yolo", "outputs": []}], [{"times": {"request": {"sending": 1711275106.2471385, "arrival": 1711275107.049504}, "models": {"yolo": {"arrival": 1711275107.0060647, "serving": 1711275107.0399308}}}, "model_name": "yolo", "outputs": []}], [{"times": {"request": {"sending": 1711275106.9975457, "arrival": 1711275107.0504758}, "models": {"yolo": {"arrival": 1711275107.0060647, "serving": 1711275107.0399308}}}, "model_name": "yolo", "outputs": []}], [{"times": {"request": {"sending": 1711275107.471097, "arrival": 1711275108.5220003}, "models": {"yolo": {"arrival": 1711275108.4804785, "serving": 1711275108.5135844}}}, "model_name": "yolo",