{"cpu_usage_count": [11.57720938, 11.57720938, 11.57720938, 11.57720938, 11.57720938, 11.57720938, 11.57720938, 11.57720938, 11.57720938, 11.57720938, 11.57720938, 11.57720938, 11.57720938, 11.57720938, 11.57720938, 11.57720938, 11.57720938, 11.57720938, 11.57720938, 11.57720938, 11.57720938, 11.57720938, 11.57720938, 11.57720938, 11.57720938, 11.57720938, 11.57720938, 11.57720938, 11.57720938, 11.57720938, 11.892315337, 11.892315337, 11.892315337, 11.892315337, 11.892315337, 11.892315337, 11.892315337, 11.892315337, 11.892315337, 11.892315337, 11.892315337], "time_cpu_usage_count": [1711459468.0, 1711459469.0, 1711459470.0, 1711459471.0, 1711459472.0, 1711459473.0, 1711459474.0, 1711459475.0, 1711459476.0, 1711459477.0, 1711459478.0, 1711459479.0, 1711459480.0, 1711459481.0, 1711459482.0, 1711459483.0, 1711459484.0, 1711459485.0, 1711459486.0, 1711459487.0, 1711459488.0, 1711459489.0, 1711459490.0, 1711459491.0, 1711459492.0, 1711459493.0, 1711459494.0, 1711459495.0, 1711459496.0, 1711459497.0, 1711459498.0, 1711459499.0, 1711459500.0, 1711459501.0, 1711459502.0, 1711459503.0, 1711459504.0, 1711459505.0, 1711459506.0, 1711459507.0, 1711459508.0], "cpu_usage_rate": [0.010503531900000003, 0.010503531900000003, 0.010503531900000003, 0.010503531900000003, 0.010503531900000003, 0.010503531900000003, 0.010503531900000003, 0.010503531900000003, 0.010503531900000003, 0.010503531900000003, 0.010503531900000003], "time_cpu_usage_rate": [1711459498.0, 1711459499.0, 1711459500.0, 1711459501.0, 1711459502.0, 1711459503.0, 1711459504.0, 1711459505.0, 1711459506.0, 1711459507.0, 1711459508.0], "cpu_throttled_count": [17.558589798, 17.558589798, 17.558589798, 17.558589798, 17.558589798, 17.558589798, 17.558589798, 17.558589798, 17.558589798, 17.558589798, 17.558589798, 17.558589798, 17.558589798, 17.558589798, 17.558589798, 17.558589798, 17.558589798, 17.558589798, 17.558589798, 17.558589798, 17.558589798, 17.558589798, 17.558589798, 17.558589798, 17.558589798, 17.558589798, 17.558589798, 17.558589798, 17.558589798, 17.558589798, 17.558589798, 17.558589798, 17.558589798, 17.558589798, 17.558589798, 17.558589798, 17.558589798, 17.558589798, 17.558589798, 17.558589798, 17.558589798], "time_cpu_throttled_count": [1711459468.0, 1711459469.0, 1711459470.0, 1711459471.0, 1711459472.0, 1711459473.0, 1711459474.0, 1711459475.0, 1711459476.0, 1711459477.0, 1711459478.0, 1711459479.0, 1711459480.0, 1711459481.0, 1711459482.0, 1711459483.0, 1711459484.0, 1711459485.0, 1711459486.0, 1711459487.0, 1711459488.0, 1711459489.0, 1711459490.0, 1711459491.0, 1711459492.0, 1711459493.0, 1711459494.0, 1711459495.0, 1711459496.0, 1711459497.0, 1711459498.0, 1711459499.0, 1711459500.0, 1711459501.0, 1711459502.0, 1711459503.0, 1711459504.0, 1711459505.0, 1711459506.0, 1711459507.0, 1711459508.0], "cpu_throttled_rate": [0.0, 0.0, 0.0, 0.0, 0.0, 0.0, 0.0, 0.0, 0.0, 0.0, 0.0], "time_cpu_throttled_rate": [1711459498.0, 1711459499.0, 1711459500.0, 1711459501.0, 1711459502.0, 1711459503.0, 1711459504.0, 1711459505.0, 1711459506.0, 1711459507.0, 1711459508.0], "memory_usage": [2166468608.0, 2166468608.0, 2166468608.0, 2166468608.0, 2166468608.0, 2166468608.0, 2166468608.0, 2166468608.0, 2166468608.0, 2166468608.0, 2166468608.0, 2166468608.0, 2166468608.0, 2166468608.0, 2166468608.0, 2166468608.0, 2166468608.0, 2166468608.0, 2166468608.0, 2166468608.0, 2166468608.0, 2166468608.0, 2166468608.0, 2166468608.0, 2166468608.0, 2166468608.0, 2166468608.0, 2166468608.0, 2166468608.0, 2166468608.0, 2168532992.0, 2168532992.0, 2168532992.0, 2168532992.0, 2168532992.0, 2168532992.0, 2168532992.0, 2168532992.0, 2168532992.0, 2168532992.0, 2168532992.0], "time_memory_usage": [1711459468.0, 1711459469.0, 1711459470.0, 1711459471.0, 1711459472.0, 1711459473.0, 1711459474.0, 1711459475.0, 1711459476.0, 1711459477.0, 1711459478.0, 1711459479.0, 1711459480.0, 1711459481.0, 1711459482.0, 1711459483.0, 1711459484.0, 1711459485.0, 1711459486.0, 1711459487.0, 1711459488.0, 1711459489.0, 1711459490.0, 1711459491.0, 1711459492.0, 1711459493.0, 1711459494.0, 1711459495.0, 1711459496.0, 1711459497.0, 1711459498.0, 1711459499.0, 1711459500.0, 1711459501.0, 1711459502.0, 1711459503.0, 1711459504.0, 1711459505.0, 1711459506.0, 1711459507.0, 1711459508.0], "throughput": [0.016508196721311475, 0.016450819672131148, 0.016431693989071038, 0.016422131147540982, 0.016416393442622947, 0.016412568306010927, 0.01640983606557377, 0.0164077868852459, 0.03281238615664845, 0.03280983606557377, 0.03280774962742176, 0.03280601092896175, 0.03280453972257251, 0.03280327868852459, 0.032802185792349725, 0.03280122950819672, 0.04920057859209257, 0.049199453551912575, 0.04919844693701467, 0.04919754098360656, 0.04919672131147541, 0.04919597615499255, 0.0491952957947256, 0.04919467213114755, 0.06559213114754099, 0.06559142496847416, 0.06559077109896783, 0.06559016393442624, 0.0655895986433013, 0.06558907103825136, 0.06558857747223691, 0.06558811475409836, 0.06558768007948335, 0.08198408871745419, 0.08198360655737703, 0.08198315118397086, 0.08198272042534338, 0.08198231233822259, 0.08198192517864648, 0.09837786885245901, 0.09837744902039183, 0.09837704918032786, 0.09837666793747618, 0.09837630402384501, 0.098375956284153, 0.09837562366357805, 0.0983753051970701, 0.09837499999999999, 0.09837470725995315, 0.11477016393442624, 0.11476984892317582, 0.11476954602774274, 0.114769254562326], "time_throughput": [1711459456.0, 1711459457.0, 1711459458.0, 1711459459.0, 1711459460.0, 1711459461.0, 1711459462.0, 1711459463.0, 1711459464.0, 1711459465.0, 1711459466.0, 1711459467.0, 1711459468.0, 1711459469.0, 1711459470.0, 1711459471.0, 1711459472.0, 1711459473.0, 1711459474.0, 1711459475.0, 1711459476.0, 1711459477.0, 1711459478.0, 1711459479.0, 1711459480.0, 1711459481.0, 1711459482.0, 1711459483.0, 1711459484.0, 1711459485.0, 1711459486.0, 1711459487.0, 1711459488.0, 1711459489.0, 1711459490.0, 1711459491.0, 1711459492.0, 1711459493.0, 1711459494.0, 1711459495.0, 1711459496.0, 1711459497.0, 1711459498.0, 1711459499.0, 1711459500.0, 1711459501.0, 1711459502.0, 1711459503.0, 1711459504.0, 1711459505.0, 1711459506.0, 1711459507.0, 1711459508.0], "responses": [[{"times": {"request": {"sending": 1711459447.7155385, "arrival": 1711459449.2593625}, "models": {"yolo": {"arrival": 1711459448.7376513, "serving": 1711459449.1977818}}}, "model_name": "yolo", "outputs": []}], [{"times": {"request": {"sending": 1711459448.507806, "arrival": 1711459450.0440857}, "models": {"yolo": {"arrival": 1711459449.5304623, "serving": 1711459449.9975665}}}, "model_name": "yolo", "outputs": []}], [{"times": {"request": {"sending": 1711459449.5486054, "arrival": 1711459451.071668}, "models": {"yolo": {"arrival": 1711459450.5704384, "serving": 1711459451.0268354}}}, "model_name": "yolo", "outputs": []}], [{"times": {"request": {"sending": 1711459451.5420249, "arrival": 1711459453.0645053}, "models": {"yolo": {"arrival": 1711459452.5623062, "serving": 1711459453.020708}}}, "model_name": "yolo", "outputs": []}], [{"times": {"request": {"sending": 1711459453.91728, "arrival": 1711459454.997669}, "models": {"yolo": {"arrival": 1711459454.932999, "serving": 1711459454.9726949}}}, "model_name": "yolo", "outputs": []}], [{"times": {"request": {"sending": 1711459454.3031838, "arrival": 1711459455.3632243}, "models": {"yolo": {"arrival": 1711459455.3182764, "serving": 1711459455.35757}}}, "model_name": "yolo", "outputs": []}], [{"times": {"request": {"sending": 1711459454.6185203, "arrival": 1711459456.15659}, "models": {"yolo": {"arrival": 1711459455.6426854, "serving": 1711459456.110333}}}, "model_name": "yolo", "outputs": []}], [{"times": {"request": {"sending": 1711459454.9090285, "arrival": 1711459456.4516916}, "models": {"yolo": {"arrival": 1711459455.9330657, "serving": 1711459456.4073496}}}, "model_name": "yolo", "outputs": []}], [{"times": {"request": {"sending": 1711459456.8700206, "arrival": 1711459457.9350574}, "models": {"yolo": {"arrival": 1711459457.8855317,