{"cpu_usage_count": [12.340662601, 12.340662601, 12.340662601, 12.340662601, 12.340662601, 12.340662601, 12.340662601, 12.340662601, 12.340662601, 12.340662601, 12.340662601, 12.340662601, 12.340662601, 12.340662601, 12.340662601, 12.340662601, 12.340662601, 12.340662601, 12.340662601, 12.340662601, 12.340662601, 12.340662601, 12.340662601, 12.340662601, 12.340662601, 12.340662601, 12.340662601, 12.340662601, 12.340662601, 12.340662601, 12.793240928, 12.793240928, 12.793240928, 12.793240928, 12.793240928, 12.793240928, 12.793240928, 12.793240928, 12.793240928, 12.793240928, 12.793240928, 12.793240928, 12.793240928, 12.793240928, 12.793240928], "time_cpu_usage_count": [1711464958.0, 1711464959.0, 1711464960.0, 1711464961.0, 1711464962.0, 1711464963.0, 1711464964.0, 1711464965.0, 1711464966.0, 1711464967.0, 1711464968.0, 1711464969.0, 1711464970.0, 1711464971.0, 1711464972.0, 1711464973.0, 1711464974.0, 1711464975.0, 1711464976.0, 1711464977.0, 1711464978.0, 1711464979.0, 1711464980.0, 1711464981.0, 1711464982.0, 1711464983.0, 1711464984.0, 1711464985.0, 1711464986.0, 1711464987.0, 1711464988.0, 1711464989.0, 1711464990.0, 1711464991.0, 1711464992.0, 1711464993.0, 1711464994.0, 1711464995.0, 1711464996.0, 1711464997.0, 1711464998.0, 1711464999.0, 1711465000.0, 1711465001.0, 1711465002.0], "cpu_usage_rate": [0.015085944233333315, 0.015085944233333315, 0.015085944233333315, 0.015085944233333315, 0.015085944233333315, 0.015085944233333315, 0.015085944233333315, 0.015085944233333315, 0.015085944233333315, 0.015085944233333315, 0.015085944233333315, 0.015085944233333315, 0.015085944233333315, 0.015085944233333315, 0.015085944233333315], "time_cpu_usage_rate": [1711464988.0, 1711464989.0, 1711464990.0, 1711464991.0, 1711464992.0, 1711464993.0, 1711464994.0, 1711464995.0, 1711464996.0, 1711464997.0, 1711464998.0, 1711464999.0, 1711465000.0, 1711465001.0, 1711465002.0], "cpu_throttled_count": [21.892661861, 21.892661861, 21.892661861, 21.892661861, 21.892661861, 21.892661861, 21.892661861, 21.892661861, 21.892661861, 21.892661861, 21.892661861, 21.892661861, 21.892661861, 21.892661861, 21.892661861, 21.892661861, 21.892661861, 21.892661861, 21.892661861, 21.892661861, 21.892661861, 21.892661861, 21.892661861, 21.892661861, 21.892661861, 21.892661861, 21.892661861, 21.892661861, 21.892661861, 21.892661861, 21.892661861, 21.892661861, 21.892661861, 21.892661861, 21.892661861, 21.892661861, 21.892661861, 21.892661861, 21.892661861, 21.892661861, 21.892661861, 21.892661861, 21.892661861, 21.892661861, 21.892661861], "time_cpu_throttled_count": [1711464958.0, 1711464959.0, 1711464960.0, 1711464961.0, 1711464962.0, 1711464963.0, 1711464964.0, 1711464965.0, 1711464966.0, 1711464967.0, 1711464968.0, 1711464969.0, 1711464970.0, 1711464971.0, 1711464972.0, 1711464973.0, 1711464974.0, 1711464975.0, 1711464976.0, 1711464977.0, 1711464978.0, 1711464979.0, 1711464980.0, 1711464981.0, 1711464982.0, 1711464983.0, 1711464984.0, 1711464985.0, 1711464986.0, 1711464987.0, 1711464988.0, 1711464989.0, 1711464990.0, 1711464991.0, 1711464992.0, 1711464993.0, 1711464994.0, 1711464995.0, 1711464996.0, 1711464997.0, 1711464998.0, 1711464999.0, 1711465000.0, 1711465001.0, 1711465002.0], "cpu_throttled_rate": [0.0, 0.0, 0.0, 0.0, 0.0, 0.0, 0.0, 0.0, 0.0, 0.0, 0.0, 0.0, 0.0, 0.0, 0.0], "time_cpu_throttled_rate": [1711464988.0, 1711464989.0, 1711464990.0, 1711464991.0, 1711464992.0, 1711464993.0, 1711464994.0, 1711464995.0, 1711464996.0, 1711464997.0, 1711464998.0, 1711464999.0, 1711465000.0, 1711465001.0, 1711465002.0], "memory_usage": [2165485568.0, 2165485568.0, 2165485568.0, 2165485568.0, 2165485568.0, 2165485568.0, 2165485568.0, 2165485568.0, 2165485568.0, 2165485568.0, 2165485568.0, 2165485568.0, 2165485568.0, 2165485568.0, 2165485568.0, 2165485568.0, 2165485568.0, 2165485568.0, 2165485568.0, 2165485568.0, 2165485568.0, 2165485568.0, 2165485568.0, 2165485568.0, 2165485568.0, 2165485568.0, 2165485568.0, 2165485568.0, 2165485568.0, 2165485568.0, 2169114624.0, 2169114624.0, 2169114624.0, 2169114624.0, 2169114624.0, 2169114624.0, 2169114624.0, 2169114624.0, 2169114624.0, 2169114624.0, 2169114624.0, 2169114624.0, 2169114624.0, 2169114624.0, 2169114624.0], "time_memory_usage": [1711464958.0, 1711464959.0, 1711464960.0, 1711464961.0, 1711464962.0, 1711464963.0, 1711464964.0, 1711464965.0, 1711464966.0, 1711464967.0, 1711464968.0, 1711464969.0, 1711464970.0, 1711464971.0, 1711464972.0, 1711464973.0, 1711464974.0, 1711464975.0, 1711464976.0, 1711464977.0, 1711464978.0, 1711464979.0, 1711464980.0, 1711464981.0, 1711464982.0, 1711464983.0, 1711464984.0, 1711464985.0, 1711464986.0, 1711464987.0, 1711464988.0, 1711464989.0, 1711464990.0, 1711464991.0, 1711464992.0, 1711464993.0, 1711464994.0, 1711464995.0, 1711464996.0, 1711464997.0, 1711464998.0, 1711464999.0, 1711465000.0, 1711465001.0, 1711465002.0], "throughput": [0.02018032786885246, 0.01828688524590164, 0.01765573770491803, 0.01734016393442623, 0.017150819672131147, 0.017024590163934424, 0.016934426229508196, 0.016866803278688523, 0.016814207650273225, 0.033544262295081964, 0.03347540983606557, 0.033418032786885245, 0.03336948297604035, 0.03332786885245902, 0.033291803278688525, 0.03326024590163935, 0.033232401157184184, 0.049811475409836076, 0.049778257118205355, 0.04974836065573771, 0.04972131147540984, 0.049696721311475414, 0.049674269422665715, 0.06620491803278689, 0.06617967213114755, 0.06615636822194199, 0.06613479052823315, 0.06611475409836066, 0.06609609949123799, 0.06607868852459017, 0.06606240084611317, 0.06604713114754099, 0.06603278688524591, 0.0825241080038573, 0.08250819672131146, 0.0824931693989071, 0.08247895436420027, 0.08246548748921484, 0.08245271122320302, 0.08244057377049181, 0.09891483406637346, 0.0989016393442623, 0.09888905833015631, 0.09887704918032786, 0.09886557377049182, 0.09885459729151817, 0.0988440878967562, 0.09883401639344264, 0.09882435597189694, 0.11528426229508197, 0.11527386692381872, 0.11526387137452711, 0.11525425301577484, 0.11524499089253187, 0.11523606557377049, 0.11522745901639343, 0.11521915444348577, 0.13166986998304128], "time_throughput": [1711464945.0, 1711464946.0, 1711464947.0, 1711464948.0, 1711464949.0, 1711464950.0, 1711464951.0, 1711464952.0, 1711464953.0, 1711464954.0, 1711464955.0, 1711464956.0, 1711464957.0, 1711464958.0, 1711464959.0, 1711464960.0, 1711464961.0, 1711464962.0, 1711464963.0, 1711464964.0, 1711464965.0, 1711464966.0, 1711464967.0, 1711464968.0, 1711464969.0, 1711464970.0, 1711464971.0, 1711464972.0, 1711464973.0, 1711464974.0, 1711464975.0, 1711464976.0, 1711464977.0, 1711464978.0, 1711464979.0, 1711464980.0, 1711464981.0, 1711464982.0, 1711464983.0, 1711464984.0, 1711464985.0, 1711464986.0, 1711464987.0, 1711464988.0, 1711464989.0, 1711464990.0, 1711464991.0, 1711464992.0, 1711464993.0, 1711464994.0, 1711464995.0, 1711464996.0, 1711464997.0, 1711464998.0, 1711464999.0, 1711465000.0, 1711465001.0, 1711465002.0], "responses": [[{"times": {"request": {"sending": 1711464941.1579866, "arrival": 1711464942.7329574}, "models": {"yolo": {"arrival": 1711464942.1859531, "serving": 1711464942.667686}}}, "model_name": "yolo", "outputs": []}], [{"times": {"request": {"sending": 1711464942.0346541, "arrival": 1711464943.5700305}, "models": {"yolo": {"arrival": 1711464943.058336, "serving": 1711464943.5251923}}}, "model_name": "yolo", "outputs": []}], [{"times": {"request": {"sending": 1711464943.1675916, "arrival": 1711464944.6948943}, "models": {"yolo": {"arrival": 1711464944.189242, "serving": 1711464944.651877}}}, "model_name": "yolo", "outputs": []}], [{"times": {"request": {"sending": 1711464943.9092112, "arrival": 1711464945.4491649}, "models": {"yolo": {"arrival": 1711464944.9325871, "serving": 1711464945.4034338}}}, "model_name": "yolo", "outputs": []}], [{"times": {"request": {"sending": 1711464944.9431188, "arrival": 1711464946.4857066}, "models": {"yolo": {"arrival": 1711464945.9646566, "serving": 1711464946.439434}}}, "model_name": "yolo",