{"cpu_usage_count": [11.641002429, 11.641002429, 11.641002429, 11.641002429, 11.641002429, 11.641002429, 11.641002429, 11.641002429, 11.641002429, 11.641002429, 11.641002429, 11.641002429, 11.641002429, 11.641002429, 11.641002429, 11.641002429, 11.641002429, 11.641002429, 11.641002429, 11.641002429, 11.641002429, 11.641002429, 11.641002429, 11.641002429, 11.641002429, 11.641002429, 11.641002429, 11.641002429, 11.641002429, 11.641002429, 12.31351555, 12.31351555, 12.31351555, 12.31351555, 12.31351555, 12.31351555, 12.31351555, 12.31351555, 12.31351555, 12.31351555, 12.31351555, 12.31351555, 12.31351555, 12.31351555], "time_cpu_usage_count": [1711426648.0, 1711426649.0, 1711426650.0, 1711426651.0, 1711426652.0, 1711426653.0, 1711426654.0, 1711426655.0, 1711426656.0, 1711426657.0, 1711426658.0, 1711426659.0, 1711426660.0, 1711426661.0, 1711426662.0, 1711426663.0, 1711426664.0, 1711426665.0, 1711426666.0, 1711426667.0, 1711426668.0, 1711426669.0, 1711426670.0, 1711426671.0, 1711426672.0, 1711426673.0, 1711426674.0, 1711426675.0, 1711426676.0, 1711426677.0, 1711426678.0, 1711426679.0, 1711426680.0, 1711426681.0, 1711426682.0, 1711426683.0, 1711426684.0, 1711426685.0, 1711426686.0, 1711426687.0, 1711426688.0, 1711426689.0, 1711426690.0, 1711426691.0], "cpu_usage_rate": [0.022417104033333322, 0.022417104033333322, 0.022417104033333322, 0.022417104033333322, 0.022417104033333322, 0.022417104033333322, 0.022417104033333322, 0.022417104033333322, 0.022417104033333322, 0.022417104033333322, 0.022417104033333322, 0.022417104033333322, 0.022417104033333322, 0.022417104033333322], "time_cpu_usage_rate": [1711426678.0, 1711426679.0, 1711426680.0, 1711426681.0, 1711426682.0, 1711426683.0, 1711426684.0, 1711426685.0, 1711426686.0, 1711426687.0, 1711426688.0, 1711426689.0, 1711426690.0, 1711426691.0], "cpu_throttled_count": [24.417303001, 24.417303001, 24.417303001, 24.417303001, 24.417303001, 24.417303001, 24.417303001, 24.417303001, 24.417303001, 24.417303001, 24.417303001, 24.417303001, 24.417303001, 24.417303001, 24.417303001, 24.417303001, 24.417303001, 24.417303001, 24.417303001, 24.417303001, 24.417303001, 24.417303001, 24.417303001, 24.417303001, 24.417303001, 24.417303001, 24.417303001, 24.417303001, 24.417303001, 24.417303001, 24.417303001, 24.417303001, 24.417303001, 24.417303001, 24.417303001, 24.417303001, 24.417303001, 24.417303001, 24.417303001, 24.417303001, 24.417303001, 24.417303001, 24.417303001, 24.417303001], "time_cpu_throttled_count": [1711426648.0, 1711426649.0, 1711426650.0, 1711426651.0, 1711426652.0, 1711426653.0, 1711426654.0, 1711426655.0, 1711426656.0, 1711426657.0, 1711426658.0, 1711426659.0, 1711426660.0, 1711426661.0, 1711426662.0, 1711426663.0, 1711426664.0, 1711426665.0, 1711426666.0, 1711426667.0, 1711426668.0, 1711426669.0, 1711426670.0, 1711426671.0, 1711426672.0, 1711426673.0, 1711426674.0, 1711426675.0, 1711426676.0, 1711426677.0, 1711426678.0, 1711426679.0, 1711426680.0, 1711426681.0, 1711426682.0, 1711426683.0, 1711426684.0, 1711426685.0, 1711426686.0, 1711426687.0, 1711426688.0, 1711426689.0, 1711426690.0, 1711426691.0], "cpu_throttled_rate": [0.0, 0.0, 0.0, 0.0, 0.0, 0.0, 0.0, 0.0, 0.0, 0.0, 0.0, 0.0, 0.0, 0.0], "time_cpu_throttled_rate": [1711426678.0, 1711426679.0, 1711426680.0, 1711426681.0, 1711426682.0, 1711426683.0, 1711426684.0, 1711426685.0, 1711426686.0, 1711426687.0, 1711426688.0, 1711426689.0, 1711426690.0, 1711426691.0], "memory_usage": [2171695104.0, 2171695104.0, 2171695104.0, 2171695104.0, 2171695104.0, 2171695104.0, 2171695104.0, 2171695104.0, 2171695104.0, 2171695104.0, 2171695104.0, 2171695104.0, 2171695104.0, 2171695104.0, 2171695104.0, 2171695104.0, 2171695104.0, 2171695104.0, 2171695104.0, 2171695104.0, 2171695104.0, 2171695104.0, 2171695104.0, 2171695104.0, 2171695104.0, 2171695104.0, 2171695104.0, 2171695104.0, 2171695104.0, 2171695104.0, 2171707392.0, 2171707392.0, 2171707392.0, 2171707392.0, 2171707392.0, 2171707392.0, 2171707392.0, 2171707392.0, 2171707392.0, 2171707392.0, 2171707392.0, 2171707392.0, 2171707392.0, 2171707392.0], "time_memory_usage": [1711426648.0, 1711426649.0, 1711426650.0, 1711426651.0, 1711426652.0, 1711426653.0, 1711426654.0, 1711426655.0, 1711426656.0, 1711426657.0, 1711426658.0, 1711426659.0, 1711426660.0, 1711426661.0, 1711426662.0, 1711426663.0, 1711426664.0, 1711426665.0, 1711426666.0, 1711426667.0, 1711426668.0, 1711426669.0, 1711426670.0, 1711426671.0, 1711426672.0, 1711426673.0, 1711426674.0, 1711426675.0, 1711426676.0, 1711426677.0, 1711426678.0, 1711426679.0, 1711426680.0, 1711426681.0, 1711426682.0, 1711426683.0, 1711426684.0, 1711426685.0, 1711426686.0, 1711426687.0, 1711426688.0, 1711426689.0, 1711426690.0, 1711426691.0], "throughput": [0.0, 0.0, 0.0, 0.02219672131147541, 0.042072131147540985, 0.060786885245901645, 0.059128805620608904, 0.05788524590163935, 0.07589071038251366, 0.09357377049180328, 0.09251862891207155, 0.0916393442622951, 0.0908953341740227, 0.1263606557377049, 0.12558688524590164, 0.14275409836065575, 0.14207135969141754, 0.14146448087431693, 0.15853666954270923, 0.17554098360655737, 0.17498829039812647, 0.17448584202682565, 0.1914297933000713, 0.208327868852459, 0.20786360655737707, 0.2074350567465322, 0.2242914389799636, 0.22389227166276343, 0.24071452798191068, 0.2575081967213114, 0.25713379164463246, 0.27390163934426226, 0.2735499254843517, 0.2902950819672131, 0.3070201405152225, 0.30668852459016394, 0.30637483385024367, 0.3230819672131147, 0.32278436317780573, 0.3225016393442623, 0.35615193922431027, 0.3558688524590164, 0.37253221502096834, 0.3722622950819672, 0.3720043715846994, 0.3717576621525303, 0.3884087896756191, 0.40504918032786885, 0.4048123118099698, 0.42144262295081963, 0.42121504339440696, 0.43783606557377047, 0.4376170739251468, 0.4542295081967213, 0.454018479880775, 0.47062295081967204, 0.4704193270060396, 0.48701639344262293, 0.4915254237288135], "time_throughput": [1711426633.0, 1711426634.0, 1711426635.0, 1711426636.0, 1711426637.0, 1711426638.0, 1711426639.0, 1711426640.0, 1711426641.0, 1711426642.0, 1711426643.0, 1711426644.0, 1711426645.0, 1711426646.0, 1711426647.0, 1711426648.0, 1711426649.0, 1711426650.0, 1711426651.0, 1711426652.0, 1711426653.0, 1711426654.0, 1711426655.0, 1711426656.0, 1711426657.0, 1711426658.0, 1711426659.0, 1711426660.0, 1711426661.0, 1711426662.0, 1711426663.0, 1711426664.0, 1711426665.0, 1711426666.0, 1711426667.0, 1711426668.0, 1711426669.0, 1711426670.0, 1711426671.0, 1711426672.0, 1711426673.0, 1711426674.0, 1711426675.0, 1711426676.0, 1711426677.0, 1711426678.0, 1711426679.0, 1711426680.0, 1711426681.0, 1711426682.0, 1711426683.0, 1711426684.0, 1711426685.0, 1711426686.0, 1711426687.0, 1711426688.0, 1711426689.0, 1711426690.0, 1711426691.0], "responses": [[{"times": {"request": {"sending": 1711426631.8525634, "arrival": 1711426631.9119565}, "models": {"yolo": {"arrival": 1711426631.8625984, "serving": 1711426631.9048305}}}, "model_name": "yolo", "outputs": []}], [{"times": {"request": {"sending": 1711426634.450495, "arrival": 1711426634.5025852}, "models": {"yolo": {"arrival": 1711426634.457906, "serving": 1711426634.4971142}}}, "model_name": "yolo", "outputs": []}], [{"times": {"request": {"sending": 1711426634.5178165, "arrival": 1711426634.5673604}, "models": {"yolo": {"arrival": 1711426634.5249953, "serving": 1711426634.5606296}}}, "model_name": "yolo", "outputs": []}], [{"times": {"request": {"sending": 1711426635.2963226, "arrival": 1711426635.34444}, "models": {"yolo": {"arrival": 1711426635.3035047, "serving": 1711426635.3396878}}}, "model_name": "yolo", "outputs": []}], [{"times": {"request": {"sending": 1711426635.8940592, "arrival": 1711426635.9422762}, "models": {"yolo": {"arrival": 1711426635.9010346, "serving": 1711426635.937294}}}, "model_name": "yolo", "outputs": []}], [{"times": {"request": {"sending": 1711426636.872792, "arrival": 1711426636.9193208}, "models": {"yolo": {"arrival": 1711426636.8794832, "serving": 1711426636.914448}}}, "model_name": "yolo",