{"cpu_usage_count": [12.835919599, 12.835919599, 12.835919599, 12.835919599, 12.835919599, 12.835919599, 12.835919599, 12.835919599, 12.835919599, 12.835919599, 12.835919599, 12.835919599, 12.835919599, 12.835919599, 12.835919599, 12.835919599, 12.835919599, 12.835919599, 12.835919599, 12.835919599, 12.835919599, 12.835919599, 12.835919599, 12.835919599, 12.835919599, 12.835919599, 12.835919599, 12.835919599, 12.835919599, 12.835919599, 13.389942639, 13.389942639, 13.389942639, 13.389942639, 13.389942639, 13.389942639, 13.389942639, 13.389942639, 13.389942639, 13.389942639, 13.389942639], "time_cpu_usage_count": [1711428868.0, 1711428869.0, 1711428870.0, 1711428871.0, 1711428872.0, 1711428873.0, 1711428874.0, 1711428875.0, 1711428876.0, 1711428877.0, 1711428878.0, 1711428879.0, 1711428880.0, 1711428881.0, 1711428882.0, 1711428883.0, 1711428884.0, 1711428885.0, 1711428886.0, 1711428887.0, 1711428888.0, 1711428889.0, 1711428890.0, 1711428891.0, 1711428892.0, 1711428893.0, 1711428894.0, 1711428895.0, 1711428896.0, 1711428897.0, 1711428898.0, 1711428899.0, 1711428900.0, 1711428901.0, 1711428902.0, 1711428903.0, 1711428904.0, 1711428905.0, 1711428906.0, 1711428907.0, 1711428908.0], "cpu_usage_rate": [0.018467434666666626, 0.018467434666666626, 0.018467434666666626, 0.018467434666666626, 0.018467434666666626, 0.018467434666666626, 0.018467434666666626, 0.018467434666666626, 0.018467434666666626, 0.018467434666666626, 0.018467434666666626], "time_cpu_usage_rate": [1711428898.0, 1711428899.0, 1711428900.0, 1711428901.0, 1711428902.0, 1711428903.0, 1711428904.0, 1711428905.0, 1711428906.0, 1711428907.0, 1711428908.0], "cpu_throttled_count": [31.053400251, 31.053400251, 31.053400251, 31.053400251, 31.053400251, 31.053400251, 31.053400251, 31.053400251, 31.053400251, 31.053400251, 31.053400251, 31.053400251, 31.053400251, 31.053400251, 31.053400251, 31.053400251, 31.053400251, 31.053400251, 31.053400251, 31.053400251, 31.053400251, 31.053400251, 31.053400251, 31.053400251, 31.053400251, 31.053400251, 31.053400251, 31.053400251, 31.053400251, 31.053400251, 31.053400251, 31.053400251, 31.053400251, 31.053400251, 31.053400251, 31.053400251, 31.053400251, 31.053400251, 31.053400251, 31.053400251, 31.053400251], "time_cpu_throttled_count": [1711428868.0, 1711428869.0, 1711428870.0, 1711428871.0, 1711428872.0, 1711428873.0, 1711428874.0, 1711428875.0, 1711428876.0, 1711428877.0, 1711428878.0, 1711428879.0, 1711428880.0, 1711428881.0, 1711428882.0, 1711428883.0, 1711428884.0, 1711428885.0, 1711428886.0, 1711428887.0, 1711428888.0, 1711428889.0, 1711428890.0, 1711428891.0, 1711428892.0, 1711428893.0, 1711428894.0, 1711428895.0, 1711428896.0, 1711428897.0, 1711428898.0, 1711428899.0, 1711428900.0, 1711428901.0, 1711428902.0, 1711428903.0, 1711428904.0, 1711428905.0, 1711428906.0, 1711428907.0, 1711428908.0], "cpu_throttled_rate": [0.0, 0.0, 0.0, 0.0, 0.0, 0.0, 0.0, 0.0, 0.0, 0.0, 0.0], "time_cpu_throttled_rate": [1711428898.0, 1711428899.0, 1711428900.0, 1711428901.0, 1711428902.0, 1711428903.0, 1711428904.0, 1711428905.0, 1711428906.0, 1711428907.0, 1711428908.0], "memory_usage": [2171502592.0, 2171502592.0, 2171502592.0, 2171502592.0, 2171502592.0, 2171502592.0, 2171502592.0, 2171502592.0, 2171502592.0, 2171502592.0, 2171502592.0, 2171502592.0, 2171502592.0, 2171502592.0, 2171502592.0, 2171502592.0, 2171502592.0, 2171502592.0, 2171502592.0, 2171502592.0, 2171502592.0, 2171502592.0, 2171502592.0, 2171502592.0, 2171502592.0, 2171502592.0, 2171502592.0, 2171502592.0, 2171502592.0, 2171502592.0, 2174541824.0, 2174541824.0, 2174541824.0, 2174541824.0, 2174541824.0, 2174541824.0, 2174541824.0, 2174541824.0, 2174541824.0, 2174541824.0, 2174541824.0], "time_memory_usage": [1711428868.0, 1711428869.0, 1711428870.0, 1711428871.0, 1711428872.0, 1711428873.0, 1711428874.0, 1711428875.0, 1711428876.0, 1711428877.0, 1711428878.0, 1711428879.0, 1711428880.0, 1711428881.0, 1711428882.0, 1711428883.0, 1711428884.0, 1711428885.0, 1711428886.0, 1711428887.0, 1711428888.0, 1711428889.0, 1711428890.0, 1711428891.0, 1711428892.0, 1711428893.0, 1711428894.0, 1711428895.0, 1711428896.0, 1711428897.0, 1711428898.0, 1711428899.0, 1711428900.0, 1711428901.0, 1711428902.0, 1711428903.0, 1711428904.0, 1711428905.0, 1711428906.0, 1711428907.0, 1711428908.0], "throughput": [0.023672131147540982, 0.0200327868852459, 0.03763934426229508, 0.03642622950819672, 0.035698360655737706, 0.05281967213114755, 0.05229976580796253, 0.06921311475409837, 0.08601092896174864, 0.08560655737704917, 0.10233084947839045, 0.10200000000000002, 0.1186733921815889, 0.11839344262295083, 0.11815081967213115, 0.13478688524590163, 0.15139440694310513, 0.15118032786885244, 0.1509887834339948, 0.16757377049180328, 0.16740046838407494, 0.18396721311475409, 0.2005188880969351, 0.20036065573770492, 0.2002150819672131, 0.21675409836065573, 0.2166193078324226, 0.23314754098360654, 0.24966647823629168, 0.24954098360655738, 0.2660518244315177, 0.2659344262295082, 0.26582414307004476, 0.28232786885245903, 0.2822238875878221, 0.29872131147540987, 0.29862295081967216, 0.3316997411561692, 0.33160151324085757, 0.3315081967213115, 0.3314194322271092, 0.3479016393442623, 0.3643797178802898, 0.36429508196721316, 0.3807693989071039, 0.38068852459016395, 0.3971594000697593, 0.3970819672131148, 0.4135496821679492, 0.4134754098360656, 0.413404050144648, 0.4298688524590164, 0.4298001855861429, 0.4627905282331512, 0.46272190760059606, 0.4626557377049181, 0.4625918895599655, 0.47904918032786886, 0.49550430675187557, 0.4954426229508197, 0.5], "time_throughput": [1711428848.0, 1711428849.0, 1711428850.0, 1711428851.0, 1711428852.0, 1711428853.0, 1711428854.0, 1711428855.0, 1711428856.0, 1711428857.0, 1711428858.0, 1711428859.0, 1711428860.0, 1711428861.0, 1711428862.0, 1711428863.0, 1711428864.0, 1711428865.0, 1711428866.0, 1711428867.0, 1711428868.0, 1711428869.0, 1711428870.0, 1711428871.0, 1711428872.0, 1711428873.0, 1711428874.0, 1711428875.0, 1711428876.0, 1711428877.0, 1711428878.0, 1711428879.0, 1711428880.0, 1711428881.0, 1711428882.0, 1711428883.0, 1711428884.0, 1711428885.0, 1711428886.0, 1711428887.0, 1711428888.0, 1711428889.0, 1711428890.0, 1711428891.0, 1711428892.0, 1711428893.0, 1711428894.0, 1711428895.0, 1711428896.0, 1711428897.0, 1711428898.0, 1711428899.0, 1711428900.0, 1711428901.0, 1711428902.0, 1711428903.0, 1711428904.0, 1711428905.0, 1711428906.0, 1711428907.0, 1711428908.0], "responses": [[{"times": {"request": {"sending": 1711428847.7373898, "arrival": 1711428848.7954493}, "models": {"yolo": {"arrival": 1711428848.747045, "serving": 1711428848.7890568}}}, "model_name": "yolo", "outputs": []}], [{"times": {"request": {"sending": 1711428848.7831798, "arrival": 1711428849.838645}, "models": {"yolo": {"arrival": 1711428849.7916965, "serving": 1711428849.832703}}}, "model_name": "yolo", "outputs": []}], [{"times": {"request": {"sending": 1711428850.767763, "arrival": 1711428851.8182147}, "models": {"yolo": {"arrival": 1711428851.7763104, "serving": 1711428851.8125026}}}, "model_name": "yolo", "outputs": []}], [{"times": {"request": {"sending": 1711428851.5861137, "arrival": 1711428852.633886}, "models": {"yolo": {"arrival": 1711428852.5935175, "serving": 1711428852.6288173}}}, "model_name": "yolo", "outputs": []}], [{"times": {"request": {"sending": 1711428852.8607037, "arrival": 1711428853.9132311}, "models": {"yolo": {"arrival": 1711428853.868699, "serving": 1711428853.9076624}}}, "model_name": "yolo", "outputs": []}], [{"times": {"request": {"sending": 1711428854.0515587, "arrival": 1711428855.1216445}, "models": {"yolo": {"arrival": 1711428855.0588112, "serving": 1711428855.1157944}}}, "model_name": "yolo", "outputs": []}], [{"times": {"request": {"sending": 1711428854.5011442, "arrival": 1711428855.5553348}, "models": {"yolo": {"arrival": 1711428855.509261, "serving": 1711428855.5460715}}}, "model_name": "yolo", "outputs": []}], [{"times": {"request": {"sending": 1711428855.038788, "arrival": 1711428855.1243494},