{"cpu_usage_count": [9.957413202, 9.957413202, 9.957413202, 9.957413202, 9.957413202, 9.957413202, 9.957413202, 9.957413202, 9.957413202, 9.957413202, 9.957413202, 9.957413202, 9.957413202, 9.957413202, 9.957413202, 9.957413202, 9.957413202, 9.957413202, 9.957413202, 9.957413202, 9.957413202, 9.957413202, 9.957413202, 9.957413202, 9.957413202, 9.957413202, 9.957413202, 9.957413202, 9.957413202, 9.957413202, 11.082595619, 11.082595619, 11.082595619, 11.082595619, 11.082595619, 11.082595619, 11.082595619, 11.082595619, 11.082595619, 11.082595619, 11.082595619, 11.082595619, 11.082595619, 11.082595619, 11.082595619, 11.082595619, 11.082595619], "time_cpu_usage_count": [1711284988.0, 1711284989.0, 1711284990.0, 1711284991.0, 1711284992.0, 1711284993.0, 1711284994.0, 1711284995.0, 1711284996.0, 1711284997.0, 1711284998.0, 1711284999.0, 1711285000.0, 1711285001.0, 1711285002.0, 1711285003.0, 1711285004.0, 1711285005.0, 1711285006.0, 1711285007.0, 1711285008.0, 1711285009.0, 1711285010.0, 1711285011.0, 1711285012.0, 1711285013.0, 1711285014.0, 1711285015.0, 1711285016.0, 1711285017.0, 1711285018.0, 1711285019.0, 1711285020.0, 1711285021.0, 1711285022.0, 1711285023.0, 1711285024.0, 1711285025.0, 1711285026.0, 1711285027.0, 1711285028.0, 1711285029.0, 1711285030.0, 1711285031.0, 1711285032.0, 1711285033.0, 1711285034.0], "cpu_usage_rate": [0.03750608056666665, 0.03750608056666665, 0.03750608056666665, 0.03750608056666665, 0.03750608056666665, 0.03750608056666665, 0.03750608056666665, 0.03750608056666665, 0.03750608056666665, 0.03750608056666665, 0.03750608056666665, 0.03750608056666665, 0.03750608056666665, 0.03750608056666665, 0.03750608056666665, 0.03750608056666665, 0.03750608056666665], "time_cpu_usage_rate": [1711285018.0, 1711285019.0, 1711285020.0, 1711285021.0, 1711285022.0, 1711285023.0, 1711285024.0, 1711285025.0, 1711285026.0, 1711285027.0, 1711285028.0, 1711285029.0, 1711285030.0, 1711285031.0, 1711285032.0, 1711285033.0, 1711285034.0], "cpu_throttled_count": [17.770605955, 17.770605955, 17.770605955, 17.770605955, 17.770605955, 17.770605955, 17.770605955, 17.770605955, 17.770605955, 17.770605955, 17.770605955, 17.770605955, 17.770605955, 17.770605955, 17.770605955, 17.770605955, 17.770605955, 17.770605955, 17.770605955, 17.770605955, 17.770605955, 17.770605955, 17.770605955, 17.770605955, 17.770605955, 17.770605955, 17.770605955, 17.770605955, 17.770605955, 17.770605955, 17.770605955, 17.770605955, 17.770605955, 17.770605955, 17.770605955, 17.770605955, 17.770605955, 17.770605955, 17.770605955, 17.770605955, 17.770605955, 17.770605955, 17.770605955, 17.770605955, 17.770605955, 17.770605955, 17.770605955], "time_cpu_throttled_count": [1711284988.0, 1711284989.0, 1711284990.0, 1711284991.0, 1711284992.0, 1711284993.0, 1711284994.0, 1711284995.0, 1711284996.0, 1711284997.0, 1711284998.0, 1711284999.0, 1711285000.0, 1711285001.0, 1711285002.0, 1711285003.0, 1711285004.0, 1711285005.0, 1711285006.0, 1711285007.0, 1711285008.0, 1711285009.0, 1711285010.0, 1711285011.0, 1711285012.0, 1711285013.0, 1711285014.0, 1711285015.0, 1711285016.0, 1711285017.0, 1711285018.0, 1711285019.0, 1711285020.0, 1711285021.0, 1711285022.0, 1711285023.0, 1711285024.0, 1711285025.0, 1711285026.0, 1711285027.0, 1711285028.0, 1711285029.0, 1711285030.0, 1711285031.0, 1711285032.0, 1711285033.0, 1711285034.0], "cpu_throttled_rate": [0.0, 0.0, 0.0, 0.0, 0.0, 0.0, 0.0, 0.0, 0.0, 0.0, 0.0, 0.0, 0.0, 0.0, 0.0, 0.0, 0.0], "time_cpu_throttled_rate": [1711285018.0, 1711285019.0, 1711285020.0, 1711285021.0, 1711285022.0, 1711285023.0, 1711285024.0, 1711285025.0, 1711285026.0, 1711285027.0, 1711285028.0, 1711285029.0, 1711285030.0, 1711285031.0, 1711285032.0, 1711285033.0, 1711285034.0], "memory_usage": [2160099328.0, 2160099328.0, 2160099328.0, 2160099328.0, 2160099328.0, 2160099328.0, 2160099328.0, 2160099328.0, 2160099328.0, 2160099328.0, 2160099328.0, 2160099328.0, 2160099328.0, 2160099328.0, 2160099328.0, 2160099328.0, 2160099328.0, 2160099328.0, 2160099328.0, 2160099328.0, 2160099328.0, 2160099328.0, 2160099328.0, 2160099328.0, 2160099328.0, 2160099328.0, 2160099328.0, 2160099328.0, 2160099328.0, 2160099328.0, 2160562176.0, 2160562176.0, 2160562176.0, 2160562176.0, 2160562176.0, 2160562176.0, 2160562176.0, 2160562176.0, 2160562176.0, 2160562176.0, 2160562176.0, 2160562176.0, 2160562176.0, 2160562176.0, 2160562176.0, 2160562176.0, 2160562176.0], "time_memory_usage": [1711284988.0, 1711284989.0, 1711284990.0, 1711284991.0, 1711284992.0, 1711284993.0, 1711284994.0, 1711284995.0, 1711284996.0, 1711284997.0, 1711284998.0, 1711284999.0, 1711285000.0, 1711285001.0, 1711285002.0, 1711285003.0, 1711285004.0, 1711285005.0, 1711285006.0, 1711285007.0, 1711285008.0, 1711285009.0, 1711285010.0, 1711285011.0, 1711285012.0, 1711285013.0, 1711285014.0, 1711285015.0, 1711285016.0, 1711285017.0, 1711285018.0, 1711285019.0, 1711285020.0, 1711285021.0, 1711285022.0, 1711285023.0, 1711285024.0, 1711285025.0, 1711285026.0, 1711285027.0, 1711285028.0, 1711285029.0, 1711285030.0, 1711285031.0, 1711285032.0, 1711285033.0, 1711285034.0], "throughput": [0.0, 0.0, 0.04471111111111111, 0.08373333333333334, 0.08032, 0.07804444444444444, 0.07641904761904762, 0.11280000000000001, 0.12994074074074077, 0.16536, 0.16396363636363637, 0.1989777777777778, 0.23373333333333338, 0.23251428571428573, 0.2670666666666667, 0.266, 0.3004, 0.29945185185185186, 0.31616842105263154, 0.3504, 0.3495873015873016, 0.3488484848484849, 0.3829913043478261, 0.3823111111111111, 0.39903466666666676, 0.4330769230769231, 0.44976790123456795, 0.4491809523809524, 0.4831448275862069, 0.4998311111111111, 0.4992989247311828, 0.5332, 0.5326989898989899, 0.566564705882353, 0.5832457142857144, 0.6170666666666667, 0.6166054054054054, 0.6332842105263158, 0.6328581196581197, 0.6837333333333333, 0.7004, 0.6999936507936508, 0.7166697674418605, 0.7162909090909092, 0.7500207407407408, 0.7837333333333334, 0.7833702127659574, 0.8000444444444444, 0.8167183673469388, 0.8504, 0.8500653594771242, 0.8667384615384616, 0.8834113207547171, 0.9170666666666668, 0.9167563636363636, 0.9504, 0.9501005847953217, 0.9837333333333335, 0.983050847457627], "time_throughput": [1711284976.0, 1711284977.0, 1711284978.0, 1711284979.0, 1711284980.0, 1711284981.0, 1711284982.0, 1711284983.0, 1711284984.0, 1711284985.0, 1711284986.0, 1711284987.0, 1711284988.0, 1711284989.0, 1711284990.0, 1711284991.0, 1711284992.0, 1711284993.0, 1711284994.0, 1711284995.0, 1711284996.0, 1711284997.0, 1711284998.0, 1711284999.0, 1711285000.0, 1711285001.0, 1711285002.0, 1711285003.0, 1711285004.0, 1711285005.0, 1711285006.0, 1711285007.0, 1711285008.0, 1711285009.0, 1711285010.0, 1711285011.0, 1711285012.0, 1711285013.0, 1711285014.0, 1711285015.0, 1711285016.0, 1711285017.0, 1711285018.0, 1711285019.0, 1711285020.0, 1711285021.0, 1711285022.0, 1711285023.0, 1711285024.0, 1711285025.0, 1711285026.0, 1711285027.0, 1711285028.0, 1711285029.0, 1711285030.0, 1711285031.0, 1711285032.0, 1711285033.0, 1711285034.0], "responses": [[{"times": {"request": {"sending": 1711284976.0208862, "arrival": 1711284976.9399278}, "models": {"yolo": {"arrival": 1711284976.8978422, "serving": 1711284976.9309623}}}, "model_name": "yolo", "outputs": []}], [{"times": {"request": {"sending": 1711284976.8906293, "arrival": 1711284976.9408326}, "models": {"yolo": {"arrival": 1711284976.8978422, "serving": 1711284976.9309623}}}, "model_name": "yolo", "outputs": []}], [{"times": {"request": {"sending": 1711284976.9519005, "arrival": 1711284977.5398417}, "models": {"yolo": {"arrival": 1711284977.4979608, "serving": 1711284977.5336115}}}, "model_name": "yolo", "outputs": []}], [{"times": {"request": {"sending": 1711284977.4903805, "arrival": 1711284977.54136}, "models": {"yolo": {"arrival": 1711284977.4979608, "serving": 1711284977.5336115}}}, "model_name": "yolo", "outputs": []}], [{"times": {"request": {"sending": 1711284981.4315035, "arrival": 1711284981.8636386}, "models": {"yolo": {"arrival": 1711284981.8191407,