{"cpu_usage_count": [3.905313147, 3.905313147, 3.905313147, 3.905313147, 3.905313147, 3.905313147, 3.905313147, 3.905313147, 3.905313147, 3.905313147, 3.905313147, 3.905313147, 3.905313147, 3.905313147, 3.905313147, 3.905313147, 3.905313147, 3.905313147, 3.905313147, 3.905313147, 3.905313147, 3.905313147, 3.905313147, 3.905313147, 3.905313147, 3.905313147, 3.905313147, 3.905313147, 3.905313147, 3.905313147, 4.069387614, 4.069387614, 4.069387614, 4.069387614, 4.069387614, 4.069387614, 4.069387614, 4.069387614, 4.069387614, 4.069387614, 4.069387614, 4.069387614, 4.069387614, 4.069387614, 4.069387614, 4.069387614, 4.069387614, 4.069387614, 4.069387614, 4.069387614, 4.069387614, 4.069387614, 4.069387614, 4.069387614, 4.069387614, 4.069387614, 4.069387614, 4.069387614, 4.069387614, 4.069387614, 4.210317456, 4.210317456, 4.210317456, 4.210317456, 4.210317456, 4.210317456, 4.210317456, 4.210317456, 4.210317456, 4.210317456, 4.210317456, 4.210317456, 4.210317456, 4.210317456, 4.210317456, 4.210317456, 4.210317456, 4.210317456, 4.210317456, 4.210317456, 4.210317456, 4.210317456, 4.210317456, 4.210317456, 4.210317456, 4.210317456, 4.210317456, 4.210317456, 4.210317456, 4.210317456, 4.28990271, 4.28990271, 4.28990271, 4.28990271, 4.28990271, 4.28990271, 4.28990271, 4.28990271], "time_cpu_usage_count": [1682437393.0, 1682437394.0, 1682437395.0, 1682437396.0, 1682437397.0, 1682437398.0, 1682437399.0, 1682437400.0, 1682437401.0, 1682437402.0, 1682437403.0, 1682437404.0, 1682437405.0, 1682437406.0, 1682437407.0, 1682437408.0, 1682437409.0, 1682437410.0, 1682437411.0, 1682437412.0, 1682437413.0, 1682437414.0, 1682437415.0, 1682437416.0, 1682437417.0, 1682437418.0, 1682437419.0, 1682437420.0, 1682437421.0, 1682437422.0, 1682437423.0, 1682437424.0, 1682437425.0, 1682437426.0, 1682437427.0, 1682437428.0, 1682437429.0, 1682437430.0, 1682437431.0, 1682437432.0, 1682437433.0, 1682437434.0, 1682437435.0, 1682437436.0, 1682437437.0, 1682437438.0, 1682437439.0, 1682437440.0, 1682437441.0, 1682437442.0, 1682437443.0, 1682437444.0, 1682437445.0, 1682437446.0, 1682437447.0, 1682437448.0, 1682437449.0, 1682437450.0, 1682437451.0, 1682437452.0, 1682437453.0, 1682437454.0, 1682437455.0, 1682437456.0, 1682437457.0, 1682437458.0, 1682437459.0, 1682437460.0, 1682437461.0, 1682437462.0, 1682437463.0, 1682437464.0, 1682437465.0, 1682437466.0, 1682437467.0, 1682437468.0, 1682437469.0, 1682437470.0, 1682437471.0, 1682437472.0, 1682437473.0, 1682437474.0, 1682437475.0, 1682437476.0, 1682437477.0, 1682437478.0, 1682437479.0, 1682437480.0, 1682437481.0, 1682437482.0, 1682437483.0, 1682437484.0, 1682437485.0, 1682437486.0, 1682437487.0, 1682437488.0, 1682437489.0, 1682437490.0], "cpu_usage_rate": [0.0013948456586238872, 0.0014252298191794429, 0.0014556139797349983, 0.001485998140290554, 0.0015163823008461095, 0.0015467664614016651, 0.0015771506219572206, 0.0016075347825127762, 0.0016379189430683317, 0.001668303103623887, 0.0016986872641794428, 0.001729071424734998, 0.0017594555852905535, 0.0017898397458461091, 0.0018202239064016646, 0.0018506080669572205, 0.0018809922275127757, 0.0019113763880683314, 0.001941760548623887, 0.0019721447091794425, 0.002002528869734998, 0.002032913030290553, 0.002063297190846109, 0.0020936813514016647, 0.0021240655119572197, 0.002154449672512775, 0.002184833833068331, 0.0022152179936238865, 0.002245602154179442, 0.0022759863147349974, 0.002143700192894723, 0.002171941332616945, 0.002200182472339167, 0.0022284236120613896, 0.0022566647517836117, 0.002284905891505834, 0.002313147031228056, 0.0023413881709502785, 0.0023696293106725006, 0.0023978704503947227, 0.002426111590116945, 0.0024543527298391673, 0.0024825938695613894, 0.0025108350092836115, 0.002539076149005834, 0.0025673172887280566, 0.0025955584284502783, 0.0026237995681725004, 0.002652040707894723, 0.0026802818476169455, 0.002708522987339167, 0.0027367641270613892, 0.0027650052667836118, 0.002793246406505834, 0.0028214875462280564, 0.002849728685950278, 0.0028779698256725006, 0.002906210965394723, 0.0029344521051169453, 0.002962693244839167, 0.0025142423980642563, 0.002537982494545738, 0.0025617225910272196, 0.002585462687508701, 0.0026092027839901824, 0.0026329428804716636, 0.0026566829769531447, 0.0026804230734346264], "time_cpu_usage_rate": [1682437423.0, 1682437424.0, 1682437425.0, 1682437426.0, 1682437427.0, 1682437428.0, 1682437429.0, 1682437430.0, 1682437431.0, 1682437432.0, 1682437433.0, 1682437434.0, 1682437435.0, 1682437436.0, 1682437437.0, 1682437438.0, 1682437439.0, 1682437440.0, 1682437441.0, 1682437442.0, 1682437443.0, 1682437444.0, 1682437445.0, 1682437446.0, 1682437447.0, 1682437448.0, 1682437449.0, 1682437450.0, 1682437451.0, 1682437452.0, 1682437453.0, 1682437454.0, 1682437455.0, 1682437456.0, 1682437457.0, 1682437458.0, 1682437459.0, 1682437460.0, 1682437461.0, 1682437462.0, 1682437463.0, 1682437464.0, 1682437465.0, 1682437466.0, 1682437467.0, 1682437468.0, 1682437469.0, 1682437470.0, 1682437471.0, 1682437472.0, 1682437473.0, 1682437474.0, 1682437475.0, 1682437476.0, 1682437477.0, 1682437478.0, 1682437479.0, 1682437480.0, 1682437481.0, 1682437482.0, 1682437483.0, 1682437484.0, 1682437485.0, 1682437486.0, 1682437487.0, 1682437488.0, 1682437489.0, 1682437490.0], "cpu_throttled_count": [89.534099975, 89.534099975, 89.534099975, 89.534099975, 89.534099975, 89.534099975, 89.534099975, 89.534099975, 89.534099975, 89.534099975, 89.534099975, 89.534099975, 89.534099975, 89.534099975, 89.534099975, 89.534099975, 89.534099975, 89.534099975, 89.534099975, 89.534099975, 89.534099975, 89.534099975, 89.534099975, 89.534099975, 89.534099975, 89.534099975, 89.534099975, 89.534099975, 89.534099975, 89.534099975, 89.534099975, 89.534099975, 89.534099975, 89.534099975, 89.534099975, 89.534099975, 89.534099975, 89.534099975, 89.534099975, 89.534099975, 89.534099975, 89.534099975, 89.534099975, 89.534099975, 89.534099975, 89.534099975, 89.534099975, 89.534099975, 89.534099975, 89.534099975, 89.534099975, 89.534099975, 89.534099975, 89.534099975, 89.534099975, 89.534099975, 89.534099975, 89.534099975, 89.534099975, 89.534099975, 89.534099975, 89.534099975, 89.534099975, 89.534099975, 89.534099975, 89.534099975, 89.534099975, 89.534099975, 89.534099975, 89.534099975, 89.534099975, 89.534099975, 89.534099975, 89.534099975, 89.534099975, 89.534099975, 89.534099975, 89.534099975, 89.534099975, 89.534099975, 89.534099975, 89.534099975, 89.534099975, 89.534099975, 89.534099975, 89.534099975, 89.534099975, 89.534099975, 89.534099975, 89.534099975, 89.534099975, 89.534099975, 89.534099975, 89.534099975, 89.534099975, 89.534099975, 89.534099975, 89.534099975],