{"cpu_usage_count": [5.193625701, 5.193625701, 5.193625701, 5.193625701, 5.193625701, 5.193625701, 5.193625701, 5.193625701, 5.193625701, 5.193625701, 5.193625701, 5.193625701, 5.193625701, 5.193625701, 5.193625701, 5.193625701, 5.193625701, 5.193625701, 5.193625701, 5.193625701, 5.193625701, 5.193625701, 5.193625701, 5.193625701, 5.193625701, 5.193625701, 5.193625701, 5.193625701, 5.193625701, 5.193625701, 5.389537857, 5.389537857, 5.389537857, 5.389537857, 5.389537857, 5.389537857, 5.389537857, 5.389537857, 5.389537857, 5.389537857, 5.389537857, 5.389537857, 5.389537857, 5.389537857, 5.389537857, 5.389537857, 5.389537857, 5.389537857, 5.389537857, 5.389537857, 5.389537857, 5.389537857, 5.389537857, 5.389537857, 5.389537857, 5.389537857, 5.389537857, 5.389537857], "time_cpu_usage_count": [1682437843.0, 1682437844.0, 1682437845.0, 1682437846.0, 1682437847.0, 1682437848.0, 1682437849.0, 1682437850.0, 1682437851.0, 1682437852.0, 1682437853.0, 1682437854.0, 1682437855.0, 1682437856.0, 1682437857.0, 1682437858.0, 1682437859.0, 1682437860.0, 1682437861.0, 1682437862.0, 1682437863.0, 1682437864.0, 1682437865.0, 1682437866.0, 1682437867.0, 1682437868.0, 1682437869.0, 1682437870.0, 1682437871.0, 1682437872.0, 1682437873.0, 1682437874.0, 1682437875.0, 1682437876.0, 1682437877.0, 1682437878.0, 1682437879.0, 1682437880.0, 1682437881.0, 1682437882.0, 1682437883.0, 1682437884.0, 1682437885.0, 1682437886.0, 1682437887.0, 1682437888.0, 1682437889.0, 1682437890.0, 1682437891.0, 1682437892.0, 1682437893.0, 1682437894.0, 1682437895.0, 1682437896.0, 1682437897.0, 1682437898.0, 1682437899.0, 1682437900.0], "cpu_usage_rate": [0.0016655072862022172, 0.0017017873150911062, 0.0017380673439799951, 0.001774347372868884, 0.0018106274017577726, 0.0018469074306466614, 0.0018831874595355502, 0.001919467488424439, 0.0019557475173133275, 0.001992027546202216, 0.0020283075750911054, 0.0020645876039799937, 0.002100867632868883, 0.0021371476617577717, 0.0021734276906466604, 0.002209707719535549, 0.002245987748424438, 0.0022822677773133267, 0.002318547806202216, 0.002354827835091104, 0.002391107863979993, 0.0024273878928688817, 0.002463667921757771, 0.0024999479506466592, 0.002536227979535548, 0.0025725080084244368, 0.002608788037313326, 0.0026450680662022147], "time_cpu_usage_rate": [1682437873.0, 1682437874.0, 1682437875.0, 1682437876.0, 1682437877.0, 1682437878.0, 1682437879.0, 1682437880.0, 1682437881.0, 1682437882.0, 1682437883.0, 1682437884.0, 1682437885.0, 1682437886.0, 1682437887.0, 1682437888.0, 1682437889.0, 1682437890.0, 1682437891.0, 1682437892.0, 1682437893.0, 1682437894.0, 1682437895.0, 1682437896.0, 1682437897.0, 1682437898.0, 1682437899.0, 1682437900.0], "cpu_throttled_count": [54.33970951, 54.33970951, 54.33970951, 54.33970951, 54.33970951, 54.33970951, 54.33970951, 54.33970951, 54.33970951, 54.33970951, 54.33970951, 54.33970951, 54.33970951, 54.33970951, 54.33970951, 54.33970951, 54.33970951, 54.33970951, 54.33970951, 54.33970951, 54.33970951, 54.33970951, 54.33970951, 54.33970951, 54.33970951, 54.33970951, 54.33970951, 54.33970951, 54.33970951, 54.33970951, 54.33970951, 54.33970951, 54.33970951, 54.33970951, 54.33970951, 54.33970951, 54.33970951, 54.33970951, 54.33970951, 54.33970951, 54.33970951, 54.33970951, 54.33970951, 54.33970951, 54.33970951, 54.33970951, 54.33970951, 54.33970951, 54.33970951, 54.33970951, 54.33970951, 54.33970951, 54.33970951, 54.33970951, 54.33970951, 54.33970951, 54.33970951, 54.33970951], "time_cpu_throttled_count": [1682437843.0, 1682437844.0, 1682437845.0, 1682437846.0, 1682437847.0, 1682437848.0, 1682437849.0, 1682437850.0, 1682437851.0, 1682437852.0, 1682437853.0, 1682437854.0, 1682437855.0, 1682437856.0, 1682437857.0, 1682437858.0, 1682437859.0, 1682437860.0, 1682437861.0, 1682437862.0, 1682437863.0, 1682437864.0, 1682437865.0, 1682437866.0, 1682437867.0, 1682437868.0, 1682437869.0, 1682437870.0, 1682437871.0, 1682437872.0, 1682437873.0, 1682437874.0, 1682437875.0, 1682437876.0, 1682437877.0, 1682437878.0, 1682437879.0, 1682437880.0, 1682437881.0, 1682437882.0, 1682437883.0, 1682437884.0, 1682437885.0, 1682437886.0, 1682437887.0, 1682437888.0, 1682437889.0, 1682437890.0, 1682437891.0, 1682437892.0, 1682437893.0, 1682437894.0, 1682437895.0, 1682437896.0, 1682437897.0, 1682437898.0, 1682437899.0, 1682437900.0], "cpu_throttled_rate": [0.0, 0.0, 0.0, 0.0, 0.0, 0.0, 0.0, 0.0, 0.0, 0.0, 0.0, 0.0, 0.0, 0.0, 0.0, 0.0, 0.0, 0.0, 0.0, 0.0, 0.0, 0.0, 0.0, 0.0, 0.0, 0.0, 0.0, 0.0], "time_cpu_throttled_rate": [1682437873.0, 1682437874.0, 1682437875.0, 1682437876.0, 1682437877.0, 1682437878.0, 1682437879.0, 1682437880.0, 1682437881.0, 1682437882.0, 1682437883.0, 1682437884.0, 1682437885.0, 1682437886.0, 1682437887.0, 1682437888.0, 1682437889.0, 1682437890.0, 1682437891.0, 1682437892.0, 1682437893.0, 1682437894.0, 1682437895.0, 1682437896.0, 1682437897.0, 1682437898.0, 1682437899.0, 1682437900.0], "memory_usage": [480374784.0, 480374784.0, 480374784.0, 480374784.0, 480374784.0, 480374784.0, 480374784.0, 480374784.0, 480374784.0, 480374784.0, 480374784.0, 480374784.0, 480374784.0, 480374784.0, 480374784.0, 480374784.0, 480374784.0, 480374784.0, 480374784.0, 480374784.0, 480374784.0, 480374784.0, 480374784.0, 480374784.0, 480374784.0, 480374784.0, 480374784.0, 480374784.0, 480374784.0, 480374784.0, 480415744.0, 480415744.0, 480415744.0, 480415744.0, 480415744.0, 480415744.0, 480415744.0, 480415744.0, 480415744.0, 480415744.0, 480415744.0, 480415744.0, 480415744.0, 480415744.0, 480415744.0, 480415744.0, 480415744.0, 480415744.0, 480415744.0, 480415744.0, 480415744.0, 480415744.0, 480415744.0, 480415744.0, 480415744.0, 480415744.0, 480415744.0, 480415744.0], "time_memory_usage": [1682437843.0, 1682437844.0, 1682437845.0, 1682437846.0, 1682437847.0, 1682437848.0, 1682437849.0, 1682437850.0, 1682437851.0, 1682437852.0, 1682437853.0, 1682437854.0, 1682437855.0, 1682437856.0, 1682437857.0, 1682437858.0, 1682437859.0, 1682437860.0, 1682437861.0, 1682437862.0, 1682437863.0, 1682437864.0, 1682437865.0, 1682437866.0, 1682437867.0, 1682437868.0, 1682437869.0, 1682437870.0, 1682437871.0, 1682437872.0, 1682437873.0, 1682437874.0, 1682437875.0, 1682437876.0, 1682437877.0, 1682437878.0, 1682437879.0, 1682437880.0, 1682437881.0, 1682437882.0, 1682437883.0, 1682437884.0, 1682437885.0, 1682437886.0, 1682437887.0, 1682437888.0, 1682437889.0, 1682437890.0, 1682437891.0, 1682437892.0, 1682437893.0, 1682437894.0, 1682437895.0, 1682437896.0, 1682437897.0, 1682437898.0, 1682437899.0, 1682437900.0],