{"cpu_usage_count": [0.070180745, 0.070180745, 0.070180745, 0.070180745, 0.070180745, 0.070180745, 0.070180745, 0.070180745, 0.070180745, 0.070180745, 0.070180745, 0.070180745, 0.070180745, 0.070180745, 0.070180745, 0.070180745, 0.070180745, 0.070180745, 0.070180745, 0.070180745, 0.070180745, 0.070180745, 0.070180745, 0.070180745, 0.070180745, 0.070180745, 0.070180745, 0.070180745, 0.070180745, 0.070180745], "time_cpu_usage_count": [1682438203.0, 1682438204.0, 1682438205.0, 1682438206.0, 1682438207.0, 1682438208.0, 1682438209.0, 1682438210.0, 1682438211.0, 1682438212.0, 1682438213.0, 1682438214.0, 1682438215.0, 1682438216.0, 1682438217.0, 1682438218.0, 1682438219.0, 1682438220.0, 1682438221.0, 1682438222.0, 1682438223.0, 1682438224.0, 1682438225.0, 1682438226.0, 1682438227.0, 1682438228.0, 1682438229.0, 1682438230.0, 1682438231.0, 1682438232.0], "cpu_usage_rate": [0.029788291632001668, 0.030738606037001664, 0.031688920442001674, 0.032639234847001666, 0.03358954925200167, 0.03453986365700167, 0.03549017806200167, 0.03644049246700167, 0.037390806872001664, 0.03834112127700167, 0.03929143568200167, 0.04024175008700167, 0.04119206449200167, 0.04214237889700167, 0.04309269330200167, 0.04404300770700167, 0.044993322112001674, 0.04594363651700167, 0.046893950922001666, 0.04784426532700167, 0.04879457973200168, 0.04974489413700167, 0.05069520854200167, 0.05164552294700167, 0.05259583735200168, 0.05354615175700167, 0.05449646616200167, 0.05544678056700166, 0.05639709497200167, 0.057347409377001675, 0.02997229698658806, 0.030457551106310276, 0.030942805226032506, 0.031428059345754725, 0.03191331346547695, 0.03239856758519917, 0.03288382170492139, 0.033369075824643615, 0.03385432994436584, 0.03433958406408806, 0.03482483818381028, 0.035310092303532506, 0.03579534642325473, 0.036280600542976944, 0.036765854662699174, 0.0372511087824214, 0.03773636290214361, 0.03822161702186584, 0.038706871141588065, 0.03919212526131028, 0.0396773793810325, 0.04016263350075473, 0.04064788762047695, 0.04113314174019917, 0.04161839585992139, 0.042103649979643616, 0.04258890409936584, 0.043074158219088055, 0.04355941233881028, 0.04404466645853251, 0.030498406960883576, 0.030829310880760127, 0.031160214800636667, 0.03149111872051321, 0.031822022640389754, 0.0321529265602663, 0.03248383048014284, 0.03281473440001939, 0.03314563831989593, 0.03347654223977247, 0.033807446159649014], "time_cpu_usage_rate": [1682438263.0, 1682438264.0, 1682438265.0, 1682438266.0, 1682438267.0, 1682438268.0, 1682438269.0, 1682438270.0, 1682438271.0, 1682438272.0, 1682438273.0, 1682438274.0, 1682438275.0, 1682438276.0, 1682438277.0, 1682438278.0, 1682438279.0, 1682438280.0, 1682438281.0, 1682438282.0, 1682438283.0, 1682438284.0, 1682438285.0, 1682438286.0, 1682438287.0, 1682438288.0, 1682438289.0, 1682438290.0, 1682438291.0, 1682438292.0, 1682438293.0, 1682438294.0, 1682438295.0, 1682438296.0, 1682438297.0, 1682438298.0, 1682438299.0, 1682438300.0, 1682438301.0, 1682438302.0, 1682438303.0, 1682438304.0, 1682438305.0, 1682438306.0, 1682438307.0, 1682438308.0, 1682438309.0, 1682438310.0, 1682438311.0, 1682438312.0, 1682438313.0, 1682438314.0, 1682438315.0, 1682438316.0, 1682438317.0, 1682438318.0, 1682438319.0, 1682438320.0, 1682438321.0, 1682438322.0, 1682438323.0, 1682438324.0, 1682438325.0, 1682438326.0, 1682438327.0, 1682438328.0, 1682438329.0, 1682438330.0, 1682438331.0, 1682438332.0, 1682438333.0], "cpu_throttled_count": [0.0, 0.0, 0.0, 0.0, 0.0, 0.0, 0.0, 0.0, 0.0, 0.0, 0.0, 0.0, 0.0, 0.0, 0.0, 0.0, 0.0, 0.0, 0.0, 0.0, 0.0, 0.0, 0.0, 0.0, 0.0, 0.0, 0.0, 0.0, 0.0, 0.0], "time_cpu_throttled_count": [1682438203.0, 1682438204.0, 1682438205.0, 1682438206.0, 1682438207.0, 1682438208.0, 1682438209.0, 1682438210.0, 1682438211.0, 1682438212.0, 1682438213.0, 1682438214.0, 1682438215.0, 1682438216.0, 1682438217.0, 1682438218.0, 1682438219.0, 1682438220.0, 1682438221.0, 1682438222.0, 1682438223.0, 1682438224.0, 1682438225.0, 1682438226.0, 1682438227.0, 1682438228.0, 1682438229.0, 1682438230.0, 1682438231.0, 1682438232.0], "cpu_throttled_rate": [0.2822321327548989, 0.2913637900737878, 0.3004954473926767, 0.3096271047115655, 0.31875876203045445, 0.3278904193493433, 0.33702207666823225, 0.34615373398712107, 0.35528539130601, 0.3644170486248989, 0.3735487059437878, 0.3826803632626766, 0.3918120205815655, 0.4009436779004544, 0.4100753352193433, 0.4192069925382322, 0.4283386498571211, 0.43747030717601, 0.4466019644948988, 0.4557336218137878, 0.4648652791326766, 0.4739969364515656, 0.4831285937704544, 0.49226025108934335, 0.5013919084082321, 0.5105235657271211, 0.51965522304601, 0.5287868803648988, 0.5379185376837877, 0.5470501950026767, 0.2780909261607828, 0.28265675482022723, 0.2872225834796716, 0.29178841213911616, 0.2963542407985606, 0.300920069458005, 0.3054858981174494, 0.3100517267768939, 0.31461755543633835, 0.3191833840957828, 0.32374921275522717, 0.32831504141467166, 0.3328808700741161, 0.33744669873356054, 0.342012527393005, 0.34657835605244947, 0.3511441847118939, 0.3557100133713383, 0.36027584203078283, 0.3648416706902272, 0.3694074993496717, 0.3739733280091161, 0.37853915666856053, 0.383104985328005, 0.3876708139874494, 0.3922366426468939, 0.39680247130633833, 0.4013682999657827, 0.4059341286252272, 0.4104999572846716, 0.27671052396274404, 0.27975440973570703, 0.28279829550867, 0.28584218128163297, 0.2888860670545959, 0.29192995282755885, 0.2949738386005219, 0.29801772437348484, 0.3010616101464478, 0.3041054959194108, 0.3071493816923737], "time_cpu_throttled_rate": [1682438263.0, 1682438264.0, 1682438265.0, 1682438266.0, 1682438267.0, 1682438268.0, 1682438269.0, 1682438270.0, 1682438271.0, 1682438272.0, 1682438273.0, 1682438274.0, 1682438275.0, 1682438276.0, 1682438277.0, 1682438278.0, 1682438279.0, 1682438280.0, 1682438281.0, 1682438282.0, 1682438283.0, 1682438284.0, 1682438285.0, 1682438286.0, 1682438287.0, 1682438288.0, 1682438289.0, 1682438290.0, 1682438291.0, 1682438292.0, 1682438293.0, 1682438294.0, 1682438295.0, 1682438296.0, 1682438297.0, 1682438298.0, 1682438299.0, 1682438300.0, 1682438301.0, 1682438302.0, 1682438303.0, 1682438304.0, 1682438305.0, 1682438306.0, 1682438307.0, 1682438308.0, 1682438309.0, 1682438310.0, 1682438311.0, 1682438312.0, 1682438313.0, 1682438314.0, 1682438315.0, 1682438316.0, 1682438317.0, 1682438318.0, 1682438319.0, 1682438320.0, 1682438321.0, 1682438322.0, 1682438323.0, 1682438324.0, 1682438325.0, 1682438326.0, 1682438327.0, 1682438328.0, 1682438329.0, 1682438330.0, 1682438331.0, 1682438332.0, 1682438333.0], "memory_usage": [7634944.0, 7634944.0, 7634944.0, 7634944.0, 7634944.0, 7634944.0, 7634944.0, 7634944.0, 7634944.0, 7634944.0, 7634944.0, 7634944.0, 7634944.0, 7634944.0, 7634944.0, 7634944.0, 7634944.0, 7634944.0, 7634944.0, 7634944.0, 7634944.0, 7634944.0, 7634944.0, 7634944.0, 7634944.0, 7634944.0, 7634944.0, 7634944.0, 7634944.0, 7634944.0], "time_memory_usage": [1682438203.0, 1682438204.0, 1682438205.0, 1682438206.0, 1682438207.0, 1682438208.0, 1682438209.0, 1682438210.0, 1682438211.0, 1682438212.0, 1682438213.0, 1682438214.0, 1682438215.0, 1682438216.0, 1682438217.0, 1682438218.0, 1682438219.0, 1682438220.0, 1682438221.0, 1682438222.0, 1682438223.0, 1682438224.0, 1682438225.0, 1682438226.0, 1682438227.0, 1682438228.0, 1682438229.0, 1682438230.0, 1682438231.0, 1682438232.0],