{"cpu_usage_count": [0.073317076, 0.073317076, 0.073317076, 0.073317076, 0.073317076, 0.073317076, 0.073317076, 0.073317076, 0.073317076, 0.073317076, 0.073317076, 0.073317076, 0.073317076, 0.073317076, 0.073317076, 0.073317076, 0.073317076, 0.073317076, 0.073317076, 0.073317076, 0.073317076, 0.073317076, 0.073317076, 0.073317076, 0.073317076, 0.073317076, 0.073317076, 0.073317076, 0.073317076, 0.073317076], "time_cpu_usage_count": [1682438683.0, 1682438684.0, 1682438685.0, 1682438686.0, 1682438687.0, 1682438688.0, 1682438689.0, 1682438690.0, 1682438691.0, 1682438692.0, 1682438693.0, 1682438694.0, 1682438695.0, 1682438696.0, 1682438697.0, 1682438698.0, 1682438699.0, 1682438700.0, 1682438701.0, 1682438702.0, 1682438703.0, 1682438704.0, 1682438705.0, 1682438706.0, 1682438707.0, 1682438708.0, 1682438709.0, 1682438710.0, 1682438711.0, 1682438712.0], "cpu_usage_rate": [0.03605168997545519, 0.03720420565952926, 0.03835672134360334, 0.03950923702767741, 0.040661752711751493, 0.041814268395825555, 0.042966784079899636, 0.044119299763973704, 0.045271815448047786, 0.046424331132121854, 0.04757684681619593, 0.048729362500270004, 0.049881878184344086, 0.051034393868418154, 0.05218690955249223, 0.0533394252365663, 0.05449194092064037, 0.05564445660471445, 0.05679697228878853, 0.057949487972862604, 0.05910200365693667, 0.06025451934101075, 0.061407035025084815, 0.06255955070915889, 0.06371206639323297, 0.06486458207730705, 0.06601709776138112, 0.06716961344545519, 0.06832212912952926, 0.06947464481360334, 0.036232778719403794, 0.0368205911382001, 0.03740840355699639, 0.03799621597579268, 0.038584028394588986, 0.03917184081338528, 0.03975965323218158, 0.04034746565097787, 0.04093527806977417, 0.04152309048857047, 0.042110902907366764, 0.04269871532616305, 0.043286527744959356, 0.04387434016375565, 0.04446215258255194, 0.04504996500134824, 0.045637777420144535, 0.04622558983894084, 0.046813402257737134, 0.04740121467653343, 0.04798902709532973, 0.048576839514126016, 0.04916465193292231, 0.04975246435171862, 0.050340276770514905, 0.05092808918931121, 0.051515901608107505, 0.0521037140269038, 0.0526915264457001, 0.05327933886449639, 0.03685432219735043, 0.0372549891918566, 0.037655656186362775, 0.038056323180868955, 0.03845699017537513], "time_cpu_usage_rate": [1682438773.0, 1682438774.0, 1682438775.0, 1682438776.0, 1682438777.0, 1682438778.0, 1682438779.0, 1682438780.0, 1682438781.0, 1682438782.0, 1682438783.0, 1682438784.0, 1682438785.0, 1682438786.0, 1682438787.0, 1682438788.0, 1682438789.0, 1682438790.0, 1682438791.0, 1682438792.0, 1682438793.0, 1682438794.0, 1682438795.0, 1682438796.0, 1682438797.0, 1682438798.0, 1682438799.0, 1682438800.0, 1682438801.0, 1682438802.0, 1682438803.0, 1682438804.0, 1682438805.0, 1682438806.0, 1682438807.0, 1682438808.0, 1682438809.0, 1682438810.0, 1682438811.0, 1682438812.0, 1682438813.0, 1682438814.0, 1682438815.0, 1682438816.0, 1682438817.0, 1682438818.0, 1682438819.0, 1682438820.0, 1682438821.0, 1682438822.0, 1682438823.0, 1682438824.0, 1682438825.0, 1682438826.0, 1682438827.0, 1682438828.0, 1682438829.0, 1682438830.0, 1682438831.0, 1682438832.0, 1682438833.0, 1682438834.0, 1682438835.0, 1682438836.0, 1682438837.0], "cpu_throttled_count": [0.0, 0.0, 0.0, 0.0, 0.0, 0.0, 0.0, 0.0, 0.0, 0.0, 0.0, 0.0, 0.0, 0.0, 0.0, 0.0, 0.0, 0.0, 0.0, 0.0, 0.0, 0.0, 0.0, 0.0, 0.0, 0.0, 0.0, 0.0, 0.0, 0.0], "time_cpu_throttled_count": [1682438683.0, 1682438684.0, 1682438685.0, 1682438686.0, 1682438687.0, 1682438688.0, 1682438689.0, 1682438690.0, 1682438691.0, 1682438692.0, 1682438693.0, 1682438694.0, 1682438695.0, 1682438696.0, 1682438697.0, 1682438698.0, 1682438699.0, 1682438700.0, 1682438701.0, 1682438702.0, 1682438703.0, 1682438704.0, 1682438705.0, 1682438706.0, 1682438707.0, 1682438708.0, 1682438709.0, 1682438710.0, 1682438711.0, 1682438712.0], "cpu_throttled_rate": [0.2829402315447972, 0.2920947994920195, 0.3012493674392417, 0.3104039353864639, 0.31955850333368613, 0.32871307128090826, 0.3378676392281305, 0.34702220717535276, 0.356176775122575, 0.3653313430697972, 0.3744859110170194, 0.38364047896424164, 0.3927950469114639, 0.401949614858686, 0.4111041828059083, 0.4202587507531305, 0.4294133187003527, 0.438567886647575, 0.4477224545947972, 0.45687702254201945, 0.46603159048924164, 0.47518615843646383, 0.4843407263836861, 0.49349529433090833, 0.5026498622781306, 0.5118044302253527, 0.520958998172575, 0.5301135661197972, 0.5392681340670193, 0.5484227020142417, 0.2787886349807319, 0.28336591895434304, 0.28794320292795417, 0.2925204869015653, 0.2970977708751764, 0.3016750548487875, 0.30625233882239855, 0.31082962279600973, 0.3154069067696208, 0.3199841907432319, 0.32456147471684305, 0.32913875869045417, 0.3337160426640653, 0.33829332663767636, 0.3428706106112875, 0.3474478945848986, 0.35202517855850973, 0.3566024625321208, 0.3611797465057319, 0.36575703047934305, 0.3703343144529541, 0.37491159842656524, 0.3794888824001764, 0.38406616637378754, 0.3886434503473986, 0.3932207343210097, 0.39779801829462086, 0.4023753022682319, 0.40695258624184305, 0.4115298702154542, 0.2774047694593768, 0.28045629210845097, 0.283507814757525, 0.28655933740659906, 0.2896108600556731], "time_cpu_throttled_rate": [1682438773.0, 1682438774.0, 1682438775.0, 1682438776.0, 1682438777.0, 1682438778.0, 1682438779.0, 1682438780.0, 1682438781.0, 1682438782.0, 1682438783.0, 1682438784.0, 1682438785.0, 1682438786.0, 1682438787.0, 1682438788.0, 1682438789.0, 1682438790.0, 1682438791.0, 1682438792.0, 1682438793.0, 1682438794.0, 1682438795.0, 1682438796.0, 1682438797.0, 1682438798.0, 1682438799.0, 1682438800.0, 1682438801.0, 1682438802.0, 1682438803.0, 1682438804.0, 1682438805.0, 1682438806.0, 1682438807.0, 1682438808.0, 1682438809.0, 1682438810.0, 1682438811.0, 1682438812.0, 1682438813.0, 1682438814.0, 1682438815.0, 1682438816.0, 1682438817.0, 1682438818.0, 1682438819.0, 1682438820.0, 1682438821.0, 1682438822.0, 1682438823.0, 1682438824.0, 1682438825.0, 1682438826.0, 1682438827.0, 1682438828.0, 1682438829.0, 1682438830.0, 1682438831.0, 1682438832.0, 1682438833.0, 1682438834.0, 1682438835.0, 1682438836.0, 1682438837.0], "memory_usage": [8220672.0, 8220672.0, 8220672.0, 8220672.0, 8220672.0, 8220672.0, 8220672.0, 8220672.0, 8220672.0, 8220672.0, 8220672.0, 8220672.0, 8220672.0, 8220672.0, 8220672.0, 8220672.0, 8220672.0, 8220672.0, 8220672.0, 8220672.0, 8220672.0, 8220672.0, 8220672.0, 8220672.0, 8220672.0, 8220672.0, 8220672.0, 8220672.0, 8220672.0, 8220672.0], "time_memory_usage": [1682438683.0, 1682438684.0, 1682438685.0, 1682438686.0, 1682438687.0, 1682438688.0, 1682438689.0, 1682438690.0, 1682438691.0, 1682438692.0, 1682438693.0, 1682438694.0, 1682438695.0, 1682438696.0, 1682438697.0, 1682438698.0, 1682438699.0, 1682438700.0, 1682438701.0, 1682438702.0, 1682438703.0, 1682438704.0, 1682438705.0, 1682438706.0, 1682438707.0, 1682438708.0, 1682438709.0, 1682438710.0, 1682438711.0, 1682438712.0],