{"cpu_usage_count": [0.150153674, 0.150153674, 0.150153674, 0.150153674, 0.150153674, 0.150153674, 0.150153674, 0.150153674, 0.150153674, 0.150153674, 0.150153674, 0.150153674, 0.150153674, 0.150153674, 0.150153674, 0.150153674, 0.150153674, 0.150153674, 0.150153674, 0.150153674, 0.150153674, 0.150153674, 0.150153674, 0.150153674, 0.150153674, 0.150153674, 0.150153674, 0.150153674, 0.150153674, 0.150153674], "time_cpu_usage_count": [1682438863.0, 1682438864.0, 1682438865.0, 1682438866.0, 1682438867.0, 1682438868.0, 1682438869.0, 1682438870.0, 1682438871.0, 1682438872.0, 1682438873.0, 1682438874.0, 1682438875.0, 1682438876.0, 1682438877.0, 1682438878.0, 1682438879.0, 1682438880.0, 1682438881.0, 1682438882.0, 1682438883.0, 1682438884.0, 1682438885.0, 1682438886.0, 1682438887.0, 1682438888.0, 1682438889.0, 1682438890.0, 1682438891.0, 1682438892.0], "cpu_usage_rate": [0.001015090151671669, 0.0010372020333383357, 0.0010593139150050024, 0.0010814257966716692, 0.001103537678338336, 0.0011256495600050025, 0.0011477614416716695, 0.001169873323338336, 0.0011919852050050028, 0.0012140970866716695, 0.0012362089683383363, 0.0012583208500050029, 0.0012804327316716696, 0.0013025446133383364, 0.0013246564950050031, 0.00134676837667167, 0.0013688802583383365, 0.0013909921400050032, 0.0014131040216716702, 0.0014352159033383367, 0.0014573277850050035, 0.00147943966667167, 0.001501551548338337, 0.0015236634300050036, 0.0015457753116716701, 0.0015678871933383369, 0.0015899990750050037, 0.0016121109566716704, 0.001634222838338337, 0.0016563347200050037, 0.0018295729967064828, 0.0018536758198546307, 0.0018777786430027787, 0.0019018814661509271, 0.0019259842892990755, 0.0019500871124472235, 0.0019741899355953715, 0.00199829275874352, 0.002022395581891668, 0.0020464984050398163], "time_cpu_usage_rate": [1682439013.0, 1682439014.0, 1682439015.0, 1682439016.0, 1682439017.0, 1682439018.0, 1682439019.0, 1682439020.0, 1682439021.0, 1682439022.0, 1682439023.0, 1682439024.0, 1682439025.0, 1682439026.0, 1682439027.0, 1682439028.0, 1682439029.0, 1682439030.0, 1682439031.0, 1682439032.0, 1682439033.0, 1682439034.0, 1682439035.0, 1682439036.0, 1682439037.0, 1682439038.0, 1682439039.0, 1682439040.0, 1682439041.0, 1682439042.0, 1682439043.0, 1682439044.0, 1682439045.0, 1682439046.0, 1682439047.0, 1682439048.0, 1682439049.0, 1682439050.0, 1682439051.0, 1682439052.0], "cpu_throttled_count": [0.0, 0.0, 0.0, 0.0, 0.0, 0.0, 0.0, 0.0, 0.0, 0.0, 0.0, 0.0, 0.0, 0.0, 0.0, 0.0, 0.0, 0.0, 0.0, 0.0, 0.0, 0.0, 0.0, 0.0, 0.0, 0.0, 0.0, 0.0, 0.0, 0.0], "time_cpu_throttled_count": [1682438863.0, 1682438864.0, 1682438865.0, 1682438866.0, 1682438867.0, 1682438868.0, 1682438869.0, 1682438870.0, 1682438871.0, 1682438872.0, 1682438873.0, 1682438874.0, 1682438875.0, 1682438876.0, 1682438877.0, 1682438878.0, 1682438879.0, 1682438880.0, 1682438881.0, 1682438882.0, 1682438883.0, 1682438884.0, 1682438885.0, 1682438886.0, 1682438887.0, 1682438888.0, 1682438889.0, 1682438890.0, 1682438891.0, 1682438892.0], "cpu_throttled_rate": [0.0, 0.0, 0.0, 0.0, 0.0, 0.0, 0.0, 0.0, 0.0, 0.0, 0.0, 0.0, 0.0, 0.0, 0.0, 0.0, 0.0, 0.0, 0.0, 0.0, 0.0, 0.0, 0.0, 0.0, 0.0, 0.0, 0.0, 0.0, 0.0, 0.0, 0.0, 0.0, 0.0, 0.0, 0.0, 0.0, 0.0, 0.0, 0.0, 0.0], "time_cpu_throttled_rate": [1682439013.0, 1682439014.0, 1682439015.0, 1682439016.0, 1682439017.0, 1682439018.0, 1682439019.0, 1682439020.0, 1682439021.0, 1682439022.0, 1682439023.0, 1682439024.0, 1682439025.0, 1682439026.0, 1682439027.0, 1682439028.0, 1682439029.0, 1682439030.0, 1682439031.0, 1682439032.0, 1682439033.0, 1682439034.0, 1682439035.0, 1682439036.0, 1682439037.0, 1682439038.0, 1682439039.0, 1682439040.0, 1682439041.0, 1682439042.0, 1682439043.0, 1682439044.0, 1682439045.0, 1682439046.0, 1682439047.0, 1682439048.0, 1682439049.0, 1682439050.0, 1682439051.0, 1682439052.0], "memory_usage": [17764352.0, 17764352.0, 17764352.0, 17764352.0, 17764352.0, 17764352.0, 17764352.0, 17764352.0, 17764352.0, 17764352.0, 17764352.0, 17764352.0, 17764352.0, 17764352.0, 17764352.0, 17764352.0, 17764352.0, 17764352.0, 17764352.0, 17764352.0, 17764352.0, 17764352.0, 17764352.0, 17764352.0, 17764352.0, 17764352.0, 17764352.0, 17764352.0, 17764352.0, 17764352.0], "time_memory_usage": [1682438863.0, 1682438864.0, 1682438865.0, 1682438866.0, 1682438867.0, 1682438868.0, 1682438869.0, 1682438870.0, 1682438871.0, 1682438872.0, 1682438873.0, 1682438874.0, 1682438875.0, 1682438876.0, 1682438877.0, 1682438878.0, 1682438879.0, 1682438880.0, 1682438881.0, 1682438882.0, 1682438883.0, 1682438884.0, 1682438885.0, 1682438886.0, 1682438887.0, 1682438888.0, 1682438889.0, 1682438890.0, 1682438891.0, 1682438892.0],