{"cpu_usage_count": [0.16084516, 0.16084516, 0.16084516, 0.16084516, 0.16084516, 0.16084516, 0.16084516, 0.16084516, 0.16084516, 0.16084516, 0.16084516, 0.16084516, 0.16084516, 0.16084516, 0.16084516, 0.16084516, 0.16084516, 0.16084516, 0.16084516, 0.16084516, 0.16084516, 0.16084516, 0.16084516, 0.16084516, 0.16084516, 0.16084516, 0.16084516, 0.16084516, 0.16084516, 0.16084516], "time_cpu_usage_count": [1682439373.0, 1682439374.0, 1682439375.0, 1682439376.0, 1682439377.0, 1682439378.0, 1682439379.0, 1682439380.0, 1682439381.0, 1682439382.0, 1682439383.0, 1682439384.0, 1682439385.0, 1682439386.0, 1682439387.0, 1682439388.0, 1682439389.0, 1682439390.0, 1682439391.0, 1682439392.0, 1682439393.0, 1682439394.0, 1682439395.0, 1682439396.0, 1682439397.0, 1682439398.0, 1682439399.0, 1682439400.0, 1682439401.0, 1682439402.0], "cpu_usage_rate": [0.0011748437232464827, 0.0012004355441724087, 0.0012260273650983346, 0.0012516191860242607, 0.0012772110069501866, 0.0013028028278761125, 0.0013283946488020385, 0.0013539864697279644, 0.0013795782906538905, 0.0014051701115798164, 0.0014307619325057421, 0.001456353753431668, 0.0014819455743575942, 0.0015075373952835199, 0.001533129216209446, 0.0015587210371353721, 0.001584312858061298, 0.0016099046789872238, 0.00163549649991315, 0.001661088320839076, 0.001686680141765002, 0.0017122719626909276, 0.0017378637836168538, 0.0017634556045427797, 0.0017890474254687058, 0.0018146392463946315, 0.0018402310673205577, 0.0018658228882464834, 0.0018914147091724093, 0.0019170065300983354, 0.0019134683228748154, 0.0019386763843562969, 0.0019638844458377785, 0.00198909250731926, 0.0020143005688007414, 0.002039508630282223, 0.002064716691763704, 0.0020899247532451862], "time_cpu_usage_rate": [1682439523.0, 1682439524.0, 1682439525.0, 1682439526.0, 1682439527.0, 1682439528.0, 1682439529.0, 1682439530.0, 1682439531.0, 1682439532.0, 1682439533.0, 1682439534.0, 1682439535.0, 1682439536.0, 1682439537.0, 1682439538.0, 1682439539.0, 1682439540.0, 1682439541.0, 1682439542.0, 1682439543.0, 1682439544.0, 1682439545.0, 1682439546.0, 1682439547.0, 1682439548.0, 1682439549.0, 1682439550.0, 1682439551.0, 1682439552.0, 1682439553.0, 1682439554.0, 1682439555.0, 1682439556.0, 1682439557.0, 1682439558.0, 1682439559.0, 1682439560.0], "cpu_throttled_count": [0.0, 0.0, 0.0, 0.0, 0.0, 0.0, 0.0, 0.0, 0.0, 0.0, 0.0, 0.0, 0.0, 0.0, 0.0, 0.0, 0.0, 0.0, 0.0, 0.0, 0.0, 0.0, 0.0, 0.0, 0.0, 0.0, 0.0, 0.0, 0.0, 0.0], "time_cpu_throttled_count": [1682439373.0, 1682439374.0, 1682439375.0, 1682439376.0, 1682439377.0, 1682439378.0, 1682439379.0, 1682439380.0, 1682439381.0, 1682439382.0, 1682439383.0, 1682439384.0, 1682439385.0, 1682439386.0, 1682439387.0, 1682439388.0, 1682439389.0, 1682439390.0, 1682439391.0, 1682439392.0, 1682439393.0, 1682439394.0, 1682439395.0, 1682439396.0, 1682439397.0, 1682439398.0, 1682439399.0, 1682439400.0, 1682439401.0, 1682439402.0], "cpu_throttled_rate": [0.0, 0.0, 0.0, 0.0, 0.0, 0.0, 0.0, 0.0, 0.0, 0.0, 0.0, 0.0, 0.0, 0.0, 0.0, 0.0, 0.0, 0.0, 0.0, 0.0, 0.0, 0.0, 0.0, 0.0, 0.0, 0.0, 0.0, 0.0, 0.0, 0.0, 0.0, 0.0, 0.0, 0.0, 0.0, 0.0, 0.0, 0.0], "time_cpu_throttled_rate": [1682439523.0, 1682439524.0, 1682439525.0, 1682439526.0, 1682439527.0, 1682439528.0, 1682439529.0, 1682439530.0, 1682439531.0, 1682439532.0, 1682439533.0, 1682439534.0, 1682439535.0, 1682439536.0, 1682439537.0, 1682439538.0, 1682439539.0, 1682439540.0, 1682439541.0, 1682439542.0, 1682439543.0, 1682439544.0, 1682439545.0, 1682439546.0, 1682439547.0, 1682439548.0, 1682439549.0, 1682439550.0, 1682439551.0, 1682439552.0, 1682439553.0, 1682439554.0, 1682439555.0, 1682439556.0, 1682439557.0, 1682439558.0, 1682439559.0, 1682439560.0], "memory_usage": [18808832.0, 18808832.0, 18808832.0, 18808832.0, 18808832.0, 18808832.0, 18808832.0, 18808832.0, 18808832.0, 18808832.0, 18808832.0, 18808832.0, 18808832.0, 18808832.0, 18808832.0, 18808832.0, 18808832.0, 18808832.0, 18808832.0, 18808832.0, 18808832.0, 18808832.0, 18808832.0, 18808832.0, 18808832.0, 18808832.0, 18808832.0, 18808832.0, 18808832.0, 18808832.0], "time_memory_usage": [1682439373.0, 1682439374.0, 1682439375.0, 1682439376.0, 1682439377.0, 1682439378.0, 1682439379.0, 1682439380.0, 1682439381.0, 1682439382.0, 1682439383.0, 1682439384.0, 1682439385.0, 1682439386.0, 1682439387.0, 1682439388.0, 1682439389.0, 1682439390.0, 1682439391.0, 1682439392.0, 1682439393.0, 1682439394.0, 1682439395.0, 1682439396.0, 1682439397.0, 1682439398.0, 1682439399.0, 1682439400.0, 1682439401.0, 1682439402.0],