{"cpu_usage_count": [0.160821412, 0.160821412, 0.160821412, 0.160821412, 0.160821412, 0.160821412, 0.160821412, 0.160821412, 0.160821412, 0.160821412, 0.160821412, 0.160821412, 0.160821412, 0.160821412, 0.160821412, 0.160821412, 0.160821412, 0.160821412, 0.160821412, 0.160821412, 0.160821412, 0.160821412, 0.160821412, 0.160821412, 0.160821412, 0.160821412, 0.160821412, 0.160821412, 0.160821412, 0.160821412], "time_cpu_usage_count": [1682439583.0, 1682439584.0, 1682439585.0, 1682439586.0, 1682439587.0, 1682439588.0, 1682439589.0, 1682439590.0, 1682439591.0, 1682439592.0, 1682439593.0, 1682439594.0, 1682439595.0, 1682439596.0, 1682439597.0, 1682439598.0, 1682439599.0, 1682439600.0, 1682439601.0, 1682439602.0, 1682439603.0, 1682439604.0, 1682439605.0, 1682439606.0, 1682439607.0, 1682439608.0, 1682439609.0, 1682439610.0, 1682439611.0, 1682439612.0], "cpu_usage_rate": [1.5153340339990615, 1.5643491114205428, 1.6133641888420243, 1.6623792662635055, 1.7113943436849872, 1.760409421106469, 1.80942449852795, 1.8584395759494319, 1.907454653370913, 1.9564697307923946, 2.0054848082138763, 2.054499885635358, 2.103514963056839, 2.1525300404783203, 2.201545117899802, 2.2505601953212837, 2.2995752727427647, 2.3485903501642467, 2.3976054275857277, 2.4466205050072096, 2.495635582428691, 2.544650659850172, 2.593665737271654, 2.642680814693135, 2.691695892114617, 2.7407109695360985, 2.78972604695758, 2.8387411243790615, 2.887756201800543, 2.9367712792220244, 1.5247985986950263, 1.549826486500397, 1.5748543743057672, 1.5998822621111375, 1.6249101499165082, 1.6499380377218784, 1.6749659255272487, 1.6999938133326191, 1.7250217011379896, 1.7500495889433598, 1.7750774767487303, 1.8001053645541005, 1.825133252359471, 1.8501611401648412, 1.8751890279702117, 1.900216915775582, 1.9252448035809524, 1.9502726913863229, 1.975300579191693, 2.000328466997064, 2.025356354802434, 2.0503842426078043, 2.0754121304131745, 2.100440018218545, 2.125467906023916, 2.150495793829286, 2.1755236816346564, 2.200551569440027, 2.2255794572453973, 2.2506073450507675, 1.5180213556881081, 1.5347152991639108, 1.551409242639713, 1.5681031861155157, 1.5847971295913181, 1.6014910730671208, 1.618185016542923, 1.6348789600187255, 1.6515729034945277, 1.6682668469703303, 1.6849607904461332, 1.7016547339219354, 1.7183486773977381, 1.7350426208735403, 1.7517365643493428, 1.7684305078251454, 1.7851244513009479, 1.80181839477675, 1.8185123382525528, 1.835206281728355, 1.8519002252041576, 1.86859416867996, 1.8852881121557628, 1.901982055631565, 1.9186759991073674, 1.93536994258317, 1.9520638860589723, 1.9687578295347752, 1.9854517730105774, 2.00214571648638, 1.5150460756824593, 1.5275732332461167, 1.540100390809774, 1.552627548373432, 1.5651547059370892, 1.5776818635007466, 1.5902090210644038, 1.6027361786280612, 1.6152633361917188, 1.627790493755376, 1.6403176513190334, 1.6528448088826908, 1.6653719664463484], "time_cpu_usage_rate": [1682439673.0, 1682439674.0, 1682439675.0, 1682439676.0, 1682439677.0, 1682439678.0, 1682439679.0, 1682439680.0, 1682439681.0, 1682439682.0, 1682439683.0, 1682439684.0, 1682439685.0, 1682439686.0, 1682439687.0, 1682439688.0, 1682439689.0, 1682439690.0, 1682439691.0, 1682439692.0, 1682439693.0, 1682439694.0, 1682439695.0, 1682439696.0, 1682439697.0, 1682439698.0, 1682439699.0, 1682439700.0, 1682439701.0, 1682439702.0, 1682439703.0, 1682439704.0, 1682439705.0, 1682439706.0, 1682439707.0, 1682439708.0, 1682439709.0, 1682439710.0, 1682439711.0, 1682439712.0, 1682439713.0, 1682439714.0, 1682439715.0, 1682439716.0, 1682439717.0, 1682439718.0, 1682439719.0, 1682439720.0, 1682439721.0, 1682439722.0, 1682439723.0, 1682439724.0, 1682439725.0, 1682439726.0, 1682439727.0, 1682439728.0, 1682439729.0, 1682439730.0, 1682439731.0, 1682439732.0, 1682439733.0, 1682439734.0, 1682439735.0, 1682439736.0, 1682439737.0, 1682439738.0, 1682439739.0, 1682439740.0, 1682439741.0, 1682439742.0, 1682439743.0, 1682439744.0, 1682439745.0, 1682439746.0, 1682439747.0, 1682439748.0, 1682439749.0, 1682439750.0, 1682439751.0, 1682439752.0, 1682439753.0, 1682439754.0, 1682439755.0, 1682439756.0, 1682439757.0, 1682439758.0, 1682439759.0, 1682439760.0, 1682439761.0, 1682439762.0, 1682439763.0, 1682439764.0, 1682439765.0, 1682439766.0, 1682439767.0, 1682439768.0, 1682439769.0, 1682439770.0, 1682439771.0, 1682439772.0, 1682439773.0, 1682439774.0, 1682439775.0], "cpu_throttled_count": [0.0, 0.0, 0.0, 0.0, 0.0, 0.0, 0.0, 0.0, 0.0, 0.0, 0.0, 0.0, 0.0, 0.0, 0.0, 0.0, 0.0, 0.0, 0.0, 0.0, 0.0, 0.0, 0.0, 0.0, 0.0, 0.0, 0.0, 0.0, 0.0, 0.0], "time_cpu_throttled_count": [1682439583.0, 1682439584.0, 1682439585.0, 1682439586.0, 1682439587.0, 1682439588.0, 1682439589.0, 1682439590.0, 1682439591.0, 1682439592.0, 1682439593.0, 1682439594.0, 1682439595.0, 1682439596.0, 1682439597.0, 1682439598.0, 1682439599.0, 1682439600.0, 1682439601.0, 1682439602.0, 1682439603.0, 1682439604.0, 1682439605.0, 1682439606.0, 1682439607.0, 1682439608.0, 1682439609.0, 1682439610.0, 1682439611.0, 1682439612.0], "cpu_throttled_rate": [0.11427708875258519, 0.11797453880443706, 0.12167198885628888, 0.12536943890814073, 0.1290668889599926, 0.13276433901184442, 0.1364617890636963, 0.14015923911554815, 0.1438566891674, 0.14755413921925184, 0.15125158927110371, 0.15494903932295553, 0.1586464893748074, 0.16234393942665926, 0.1660413894785111, 0.16973883953036295, 0.17343628958221483, 0.17713373963406667, 0.18083118968591852, 0.18452863973777037, 0.18822608978962221, 0.1919235398414741, 0.19562098989332594, 0.19931843994517778, 0.2030158899970296, 0.2067133400488815, 0.21041079010073332, 0.21410824015258517, 0.21780569020443702, 0.2215031402562889, 0.11275077087728158, 0.11460196648496676, 0.11645316209265193, 0.11830435770033713, 0.12015555330802231, 0.1220067489157075, 0.12385794452339269, 0.1257091401310779, 0.12756033573876308, 0.12941153134644823, 0.1312627269541334, 0.13311392256181862, 0.1349651181695038, 0.13681631377718897, 0.13866750938487415, 0.14051870499255936, 0.14236990060024454, 0.14422109620792972, 0.14607229181561493, 0.1479234874233001, 0.1497746830309853, 0.15162587863867044, 0.15347707424635568, 0.15532826985404083, 0.157179465461726, 0.1590306610694112, 0.1608818566770964, 0.16273305228478158, 0.16458424789246676, 0.16643544350015194, 0.11219109273855808, 0.11342522314368154, 0.11465935354880501, 0.11589348395392847, 0.1171276143590519, 0.11836174476417537, 0.11959587516929883, 0.12083000557442229, 0.12206413597954574, 0.1232982663846692, 0.12453239678979264, 0.1257665271949161, 0.1270006576000396, 0.12823478800516303, 0.1294689184102865, 0.13070304881540992, 0.13193717922053338, 0.13317130962565688, 0.1344054400307803, 0.13563957043590377, 0.1368737008410272, 0.13810783124615067, 0.13934196165127413, 0.1405760920563976, 0.14181022246152106, 0.14304435286664452, 0.14427848327176798, 0.14551261367689142, 0.14674674408201488, 0.14798087448713834, 0.11191125366919634, 0.11283685147303893, 0.11376244927688152, 0.11468804708072411, 0.1156136448845667, 0.11653924268840932, 0.1174648404922519, 0.1183904382960945, 0.11931603609993709, 0.1202416339037797, 0.1211672317076223, 0.12209282951146488, 0.12301842731530747],