{"cpu_usage_count": [0.15581911, 0.15581911, 0.15581911, 0.15581911, 0.15581911, 0.15581911, 0.15581911, 0.15581911, 0.15581911, 0.15581911, 0.15581911, 0.15581911, 0.15581911, 0.15581911, 0.15581911, 0.15581911, 0.15581911, 0.15581911, 0.15581911, 0.15581911, 0.15581911, 0.15581911, 0.15581911, 0.15581911, 0.15581911, 0.15581911, 0.15581911, 0.15581911, 0.15581911, 0.15581911], "time_cpu_usage_count": [1682440303.0, 1682440304.0, 1682440305.0, 1682440306.0, 1682440307.0, 1682440308.0, 1682440309.0, 1682440310.0, 1682440311.0, 1682440312.0, 1682440313.0, 1682440314.0, 1682440315.0, 1682440316.0, 1682440317.0, 1682440318.0, 1682440319.0, 1682440320.0, 1682440321.0, 1682440322.0, 1682440323.0, 1682440324.0, 1682440325.0, 1682440326.0, 1682440327.0, 1682440328.0, 1682440329.0, 1682440330.0, 1682440331.0, 1682440332.0], "cpu_usage_rate": [0.05188597034827185, 0.05355115048234592, 0.05521633061641999, 0.05688151075049407, 0.058546690884568146, 0.06021187101864222, 0.061877051152716286, 0.06354223128679037, 0.06520741142086443, 0.06687259155493852, 0.06853777168901258, 0.07020295182308665, 0.07186813195716074, 0.0735333120912348, 0.07519849222530889, 0.07686367235938296, 0.07852885249345704, 0.08019403262753111, 0.08185921276160518, 0.08352439289567926, 0.08518957302975333, 0.08685475316382739, 0.08851993329790148, 0.09018511343197555, 0.09185029356604962, 0.09351547370012368, 0.09518065383419777, 0.09684583396827186, 0.09851101410234592, 0.10017619423642, 0.05190251524317168, 0.05274777551372723, 0.053593035784282796, 0.054438296054838346, 0.0552835563253939, 0.056128816595949454, 0.05697407686650502, 0.05781933713706057, 0.05866459740761612, 0.05950985767817167, 0.060355117948727235, 0.0612003782192828, 0.06204563848983835, 0.06289089876039392, 0.06373615903094947, 0.06458141930150502, 0.06542667957206057, 0.06627193984261613, 0.06711720011317168, 0.06796246038372723, 0.06880772065428278, 0.06965298092483835, 0.0704982411953939, 0.07134350146594945, 0.072188761736505, 0.07303402200706058, 0.07387928227761613, 0.07472454254817168, 0.07556980281872724, 0.0764150630892828, 0.05223014118848167, 0.05280006312237056, 0.05336998505625944, 0.053939906990148334, 0.05450982892403722, 0.05507975085792611, 0.05564967279181501, 0.05621959472570389, 0.05678951665959278, 0.057359438593481665, 0.057929360527370556, 0.05849928246125945], "time_cpu_usage_rate": [1682440423.0, 1682440424.0, 1682440425.0, 1682440426.0, 1682440427.0, 1682440428.0, 1682440429.0, 1682440430.0, 1682440431.0, 1682440432.0, 1682440433.0, 1682440434.0, 1682440435.0, 1682440436.0, 1682440437.0, 1682440438.0, 1682440439.0, 1682440440.0, 1682440441.0, 1682440442.0, 1682440443.0, 1682440444.0, 1682440445.0, 1682440446.0, 1682440447.0, 1682440448.0, 1682440449.0, 1682440450.0, 1682440451.0, 1682440452.0, 1682440453.0, 1682440454.0, 1682440455.0, 1682440456.0, 1682440457.0, 1682440458.0, 1682440459.0, 1682440460.0, 1682440461.0, 1682440462.0, 1682440463.0, 1682440464.0, 1682440465.0, 1682440466.0, 1682440467.0, 1682440468.0, 1682440469.0, 1682440470.0, 1682440471.0, 1682440472.0, 1682440473.0, 1682440474.0, 1682440475.0, 1682440476.0, 1682440477.0, 1682440478.0, 1682440479.0, 1682440480.0, 1682440481.0, 1682440482.0, 1682440483.0, 1682440484.0, 1682440485.0, 1682440486.0, 1682440487.0, 1682440488.0, 1682440489.0, 1682440490.0, 1682440491.0, 1682440492.0, 1682440493.0, 1682440494.0], "cpu_throttled_count": [0.0, 0.0, 0.0, 0.0, 0.0, 0.0, 0.0, 0.0, 0.0, 0.0, 0.0, 0.0, 0.0, 0.0, 0.0, 0.0, 0.0, 0.0, 0.0, 0.0, 0.0, 0.0, 0.0, 0.0, 0.0, 0.0, 0.0, 0.0, 0.0, 0.0], "time_cpu_throttled_count": [1682440303.0, 1682440304.0, 1682440305.0, 1682440306.0, 1682440307.0, 1682440308.0, 1682440309.0, 1682440310.0, 1682440311.0, 1682440312.0, 1682440313.0, 1682440314.0, 1682440315.0, 1682440316.0, 1682440317.0, 1682440318.0, 1682440319.0, 1682440320.0, 1682440321.0, 1682440322.0, 1682440323.0, 1682440324.0, 1682440325.0, 1682440326.0, 1682440327.0, 1682440328.0, 1682440329.0, 1682440330.0, 1682440331.0, 1682440332.0], "cpu_throttled_rate": [0.08481858328313055, 0.08756289956368613, 0.09030721584424166, 0.09305153212479722, 0.09579584840535278, 0.09854016468590832, 0.10128448096646388, 0.10402879724701944, 0.10677311352757499, 0.10951742980813053, 0.11226174608868611, 0.11500606236924164, 0.1177503786497972, 0.12049469493035277, 0.12323901121090833, 0.12598332749146388, 0.12872764377201942, 0.131471960052575, 0.13421627633313055, 0.1369605926136861, 0.13970490889424167, 0.14244922517479722, 0.14519354145535276, 0.1479378577359083, 0.15068217401646386, 0.15342649029701944, 0.15617080657757498, 0.15891512285813056, 0.16165943913868608, 0.16440375541924165, 0.08357403584989861, 0.08494619399017639, 0.08631835213045415, 0.08769051027073194, 0.08906266841100972, 0.09043482655128748, 0.09180698469156526, 0.09317914283184305, 0.09455130097212082, 0.0959234591123986, 0.09729561725267638, 0.09866777539295417, 0.10003993353323194, 0.1014120916735097, 0.10278424981378748, 0.10415640795406528, 0.10552856609434305, 0.10690072423462083, 0.10827288237489861, 0.10964504051517639, 0.11101719865545415, 0.11238935679573192, 0.11376151493600974, 0.1151336730762875, 0.11650583121656527, 0.11787798935684304, 0.11925014749712083, 0.12062230563739859, 0.12199446377767639, 0.12336662191795415, 0.08315918670548794, 0.08407395879900649, 0.084988730892525, 0.08590350298604352, 0.08681827507956202, 0.08773304717308054, 0.08864781926659908, 0.0895625913601176, 0.09047736345363612, 0.09139213554715461, 0.09230690764067313, 0.09322167973419165], "time_cpu_throttled_rate": [1682440423.0, 1682440424.0, 1682440425.0, 1682440426.0, 1682440427.0, 1682440428.0, 1682440429.0, 1682440430.0, 1682440431.0, 1682440432.0, 1682440433.0, 1682440434.0, 1682440435.0, 1682440436.0, 1682440437.0, 1682440438.0, 1682440439.0, 1682440440.0, 1682440441.0, 1682440442.0, 1682440443.0, 1682440444.0, 1682440445.0, 1682440446.0, 1682440447.0, 1682440448.0, 1682440449.0, 1682440450.0, 1682440451.0, 1682440452.0, 1682440453.0, 1682440454.0, 1682440455.0, 1682440456.0, 1682440457.0, 1682440458.0, 1682440459.0, 1682440460.0, 1682440461.0, 1682440462.0, 1682440463.0, 1682440464.0, 1682440465.0, 1682440466.0, 1682440467.0, 1682440468.0, 1682440469.0, 1682440470.0, 1682440471.0, 1682440472.0, 1682440473.0, 1682440474.0, 1682440475.0, 1682440476.0, 1682440477.0, 1682440478.0, 1682440479.0, 1682440480.0, 1682440481.0, 1682440482.0, 1682440483.0, 1682440484.0, 1682440485.0, 1682440486.0, 1682440487.0, 1682440488.0, 1682440489.0, 1682440490.0, 1682440491.0, 1682440492.0, 1682440493.0, 1682440494.0], "memory_usage": [17293312.0, 17293312.0, 17293312.0, 17293312.0, 17293312.0, 17293312.0, 17293312.0, 17293312.0, 17293312.0, 17293312.0, 17293312.0, 17293312.0, 17293312.0, 17293312.0, 17293312.0, 17293312.0, 17293312.0, 17293312.0, 17293312.0, 17293312.0, 17293312.0, 17293312.0, 17293312.0, 17293312.0, 17293312.0, 17293312.0, 17293312.0, 17293312.0, 17293312.0, 17293312.0], "time_memory_usage": [1682440303.0, 1682440304.0, 1682440305.0, 1682440306.0, 1682440307.0, 1682440308.0, 1682440309.0, 1682440310.0, 1682440311.0, 1682440312.0, 1682440313.0, 1682440314.0, 1682440315.0, 1682440316.0, 1682440317.0, 1682440318.0, 1682440319.0, 1682440320.0, 1682440321.0, 1682440322.0, 1682440323.0, 1682440324.0, 1682440325.0, 1682440326.0, 1682440327.0, 1682440328.0, 1682440329.0, 1682440330.0, 1682440331.0, 1682440332.0],