{"cpu_usage_count": [0.162013649, 0.162013649, 0.162013649, 0.162013649, 0.162013649, 0.162013649, 0.162013649, 0.162013649, 0.162013649, 0.162013649, 0.162013649, 0.162013649, 0.162013649, 0.162013649, 0.162013649, 0.162013649, 0.162013649, 0.162013649, 0.162013649, 0.162013649, 0.162013649, 0.162013649, 0.162013649, 0.162013649, 0.162013649, 0.162013649, 0.162013649, 0.162013649, 0.162013649, 0.162013649], "time_cpu_usage_count": [1682441023.0, 1682441024.0, 1682441025.0, 1682441026.0, 1682441027.0, 1682441028.0, 1682441029.0, 1682441030.0, 1682441031.0, 1682441032.0, 1682441033.0, 1682441034.0, 1682441035.0, 1682441036.0, 1682441037.0, 1682441038.0, 1682441039.0, 1682441040.0, 1682441041.0, 1682441042.0, 1682441043.0, 1682441044.0, 1682441045.0, 1682441046.0, 1682441047.0, 1682441048.0, 1682441049.0, 1682441050.0, 1682441051.0, 1682441052.0], "cpu_usage_rate": [0.07470409743840296, 0.07710753543247705, 0.07951097342655111, 0.0819144114206252, 0.08431784941469925, 0.08672128740877334, 0.0891247254028474, 0.09152816339692149, 0.09393160139099554, 0.09633503938506964, 0.0987384773791437, 0.10114191537321779, 0.10354535336729184, 0.10594879136136594, 0.10835222935544, 0.11075566734951409, 0.11315910534358815, 0.11556254333766222, 0.1179659813317363, 0.12036941932581037, 0.12277285731988445, 0.12517629531395852, 0.1275797333080326, 0.12998317130210665, 0.13238660929618074, 0.13479004729025482, 0.1371934852843289, 0.13959692327840295, 0.14200036127247703, 0.1444037992665511, 0.07437994066903934, 0.0755942329722801, 0.07680852527552084, 0.07802281757876157, 0.07923710988200232, 0.08045140218524306, 0.08166569448848379, 0.08287998679172454, 0.0840942790949653, 0.08530857139820602, 0.08652286370144677, 0.0877371560046875, 0.08895144830792825, 0.09016574061116898, 0.09138003291440973, 0.09259432521765046, 0.0938086175208912, 0.09502290982413195, 0.09623720212737269, 0.09745149443061343, 0.09866578673385418, 0.09988007903709492, 0.10109437134033564, 0.1023086636435764, 0.10352295594681714, 0.10473724825005787, 0.10595154055329861, 0.10716583285653937, 0.10838012515978009, 0.10959441746302083, 0.07444232963255716, 0.07525658255342134, 0.07607083547428554, 0.07688508839514974, 0.07769934131601393, 0.07851359423687813, 0.07932784715774234, 0.08014210007860653, 0.08095635299947072, 0.08177060592033492, 0.08258485884119914, 0.08339911176206333, 0.08421336468292752], "time_cpu_usage_rate": [1682441143.0, 1682441144.0, 1682441145.0, 1682441146.0, 1682441147.0, 1682441148.0, 1682441149.0, 1682441150.0, 1682441151.0, 1682441152.0, 1682441153.0, 1682441154.0, 1682441155.0, 1682441156.0, 1682441157.0, 1682441158.0, 1682441159.0, 1682441160.0, 1682441161.0, 1682441162.0, 1682441163.0, 1682441164.0, 1682441165.0, 1682441166.0, 1682441167.0, 1682441168.0, 1682441169.0, 1682441170.0, 1682441171.0, 1682441172.0, 1682441173.0, 1682441174.0, 1682441175.0, 1682441176.0, 1682441177.0, 1682441178.0, 1682441179.0, 1682441180.0, 1682441181.0, 1682441182.0, 1682441183.0, 1682441184.0, 1682441185.0, 1682441186.0, 1682441187.0, 1682441188.0, 1682441189.0, 1682441190.0, 1682441191.0, 1682441192.0, 1682441193.0, 1682441194.0, 1682441195.0, 1682441196.0, 1682441197.0, 1682441198.0, 1682441199.0, 1682441200.0, 1682441201.0, 1682441202.0, 1682441203.0, 1682441204.0, 1682441205.0, 1682441206.0, 1682441207.0, 1682441208.0, 1682441209.0, 1682441210.0, 1682441211.0, 1682441212.0, 1682441213.0, 1682441214.0, 1682441215.0], "cpu_throttled_count": [0.0, 0.0, 0.0, 0.0, 0.0, 0.0, 0.0, 0.0, 0.0, 0.0, 0.0, 0.0, 0.0, 0.0, 0.0, 0.0, 0.0, 0.0, 0.0, 0.0, 0.0, 0.0, 0.0, 0.0, 0.0, 0.0, 0.0, 0.0, 0.0, 0.0], "time_cpu_throttled_count": [1682441023.0, 1682441024.0, 1682441025.0, 1682441026.0, 1682441027.0, 1682441028.0, 1682441029.0, 1682441030.0, 1682441031.0, 1682441032.0, 1682441033.0, 1682441034.0, 1682441035.0, 1682441036.0, 1682441037.0, 1682441038.0, 1682441039.0, 1682441040.0, 1682441041.0, 1682441042.0, 1682441043.0, 1682441044.0, 1682441045.0, 1682441046.0, 1682441047.0, 1682441048.0, 1682441049.0, 1682441050.0, 1682441051.0, 1682441052.0], "cpu_throttled_rate": [0.01747333365158352, 0.018038685631768706, 0.01860403761195389, 0.019169389592139072, 0.01973474157232426, 0.020300093552509443, 0.02086544553269463, 0.021430797512879813, 0.021996149493065, 0.022561501473250183, 0.02312685345343537, 0.023692205433620557, 0.024257557413805742, 0.024822909393990924, 0.02538826137417611, 0.02595361335436129, 0.026518965334546483, 0.02708431731473167, 0.027649669294916853, 0.028215021275102038, 0.02878037325528722, 0.029345725235472412, 0.029911077215657594, 0.03047642919584278, 0.03104178117602796, 0.03160713315621315, 0.03217248513639833, 0.03273783711658352, 0.0333031890967687, 0.03386854107695389, 0.017216946528569536, 0.01749962251866213, 0.01778229850875472, 0.018064974498847315, 0.018347650488939906, 0.0186303264790325, 0.01891300246912509, 0.01919567845921769, 0.01947835444931028, 0.01976103043940287, 0.02004370642949546, 0.02032638241958806, 0.02060905840968065, 0.02089173439977324, 0.021174410389865832, 0.02145708637995843, 0.02173976237005102, 0.02202243836014361, 0.02230511435023621, 0.0225877903403288, 0.02287046633042139, 0.02315314232051398, 0.023435818310606576, 0.023718494300699167, 0.024001170290791757, 0.024283846280884352, 0.02456652227097695, 0.02484919826106954, 0.02513187425116213, 0.025414550241254722, 0.017131484154231543, 0.017319934814293274, 0.017508385474355, 0.017696836134416728, 0.01788528679447846, 0.018073737454540186, 0.018262188114601917, 0.018450638774663644, 0.01863908943472537, 0.0188275400947871, 0.01901599075484883, 0.019204441414910556, 0.019392892074972287], "time_cpu_throttled_rate": [1682441143.0, 1682441144.0, 1682441145.0, 1682441146.0, 1682441147.0, 1682441148.0, 1682441149.0, 1682441150.0, 1682441151.0, 1682441152.0, 1682441153.0, 1682441154.0, 1682441155.0, 1682441156.0, 1682441157.0, 1682441158.0, 1682441159.0, 1682441160.0, 1682441161.0, 1682441162.0, 1682441163.0, 1682441164.0, 1682441165.0, 1682441166.0, 1682441167.0, 1682441168.0, 1682441169.0, 1682441170.0, 1682441171.0, 1682441172.0, 1682441173.0, 1682441174.0, 1682441175.0, 1682441176.0, 1682441177.0, 1682441178.0, 1682441179.0, 1682441180.0, 1682441181.0, 1682441182.0, 1682441183.0, 1682441184.0, 1682441185.0, 1682441186.0, 1682441187.0, 1682441188.0, 1682441189.0, 1682441190.0, 1682441191.0, 1682441192.0, 1682441193.0, 1682441194.0, 1682441195.0, 1682441196.0, 1682441197.0, 1682441198.0, 1682441199.0, 1682441200.0, 1682441201.0, 1682441202.0, 1682441203.0, 1682441204.0, 1682441205.0, 1682441206.0, 1682441207.0, 1682441208.0, 1682441209.0, 1682441210.0, 1682441211.0, 1682441212.0, 1682441213.0, 1682441214.0, 1682441215.0], "memory_usage": [18399232.0, 18399232.0, 18399232.0, 18399232.0, 18399232.0, 18399232.0, 18399232.0, 18399232.0, 18399232.0, 18399232.0, 18399232.0, 18399232.0, 18399232.0, 18399232.0, 18399232.0, 18399232.0, 18399232.0, 18399232.0, 18399232.0, 18399232.0, 18399232.0, 18399232.0, 18399232.0, 18399232.0, 18399232.0, 18399232.0, 18399232.0, 18399232.0, 18399232.0, 18399232.0], "time_memory_usage": [1682441023.0, 1682441024.0, 1682441025.0, 1682441026.0, 1682441027.0, 1682441028.0, 1682441029.0, 1682441030.0, 1682441031.0, 1682441032.0, 1682441033.0, 1682441034.0, 1682441035.0, 1682441036.0, 1682441037.0, 1682441038.0, 1682441039.0, 1682441040.0, 1682441041.0, 1682441042.0, 1682441043.0, 1682441044.0, 1682441045.0, 1682441046.0, 1682441047.0, 1682441048.0, 1682441049.0, 1682441050.0, 1682441051.0, 1682441052.0],