{"cpu_usage_count": [5.732503345, 5.732503345, 5.732503345, 5.732503345, 5.732503345, 5.732503345, 5.732503345, 5.732503345, 5.732503345, 5.732503345, 5.732503345, 5.732503345, 5.732503345, 5.732503345, 5.732503345, 5.732503345, 5.732503345, 5.732503345, 5.732503345, 5.732503345, 5.732503345, 5.732503345, 5.732503345, 5.732503345, 5.732503345, 5.732503345, 5.732503345, 5.732503345, 5.732503345, 5.732503345, 47.009383045, 47.009383045, 47.009383045, 47.009383045, 47.009383045, 47.009383045, 47.009383045, 47.009383045, 47.009383045, 47.009383045, 47.009383045, 47.009383045, 47.009383045, 47.009383045, 47.009383045, 47.009383045, 47.009383045, 47.009383045, 47.009383045, 47.009383045, 47.009383045, 47.009383045, 47.009383045, 47.009383045, 47.009383045, 47.009383045, 47.009383045, 47.009383045, 47.009383045, 47.009383045, 90.245260897, 90.245260897, 90.245260897, 90.245260897, 90.245260897, 90.245260897, 90.245260897, 90.245260897, 90.245260897, 90.245260897, 90.245260897, 90.245260897, 90.245260897, 90.245260897, 90.245260897, 90.245260897, 90.245260897, 90.245260897, 90.245260897, 90.245260897, 90.245260897, 90.245260897, 90.245260897, 90.245260897, 90.245260897, 90.245260897, 90.245260897, 90.245260897, 90.245260897, 90.245260897, 96.331333721, 96.331333721, 96.331333721, 96.331333721, 96.331333721, 96.331333721, 96.331333721, 96.331333721, 96.331333721, 96.331333721, 96.331333721, 96.331333721, 96.331333721, 96.331333721, 96.331333721, 96.331333721, 96.331333721, 96.331333721, 96.331333721], "time_cpu_usage_count": [1682094703.0, 1682094704.0, 1682094705.0, 1682094706.0, 1682094707.0, 1682094708.0, 1682094709.0, 1682094710.0, 1682094711.0, 1682094712.0, 1682094713.0, 1682094714.0, 1682094715.0, 1682094716.0, 1682094717.0, 1682094718.0, 1682094719.0, 1682094720.0, 1682094721.0, 1682094722.0, 1682094723.0, 1682094724.0, 1682094725.0, 1682094726.0, 1682094727.0, 1682094728.0, 1682094729.0, 1682094730.0, 1682094731.0, 1682094732.0, 1682094733.0, 1682094734.0, 1682094735.0, 1682094736.0, 1682094737.0, 1682094738.0, 1682094739.0, 1682094740.0, 1682094741.0, 1682094742.0, 1682094743.0, 1682094744.0, 1682094745.0, 1682094746.0, 1682094747.0, 1682094748.0, 1682094749.0, 1682094750.0, 1682094751.0, 1682094752.0, 1682094753.0, 1682094754.0, 1682094755.0, 1682094756.0, 1682094757.0, 1682094758.0, 1682094759.0, 1682094760.0, 1682094761.0, 1682094762.0, 1682094763.0, 1682094764.0, 1682094765.0, 1682094766.0, 1682094767.0, 1682094768.0, 1682094769.0, 1682094770.0, 1682094771.0, 1682094772.0, 1682094773.0, 1682094774.0, 1682094775.0, 1682094776.0, 1682094777.0, 1682094778.0, 1682094779.0, 1682094780.0, 1682094781.0, 1682094782.0, 1682094783.0, 1682094784.0, 1682094785.0, 1682094786.0, 1682094787.0, 1682094788.0, 1682094789.0, 1682094790.0, 1682094791.0, 1682094792.0, 1682094793.0, 1682094794.0, 1682094795.0, 1682094796.0, 1682094797.0, 1682094798.0, 1682094799.0, 1682094800.0, 1682094801.0, 1682094802.0, 1682094803.0, 1682094804.0, 1682094805.0, 1682094806.0, 1682094807.0, 1682094808.0, 1682094809.0, 1682094810.0, 1682094811.0], "cpu_usage_rate": [0.40214433923275, 0.4136101391494167, 0.4250759390660833, 0.43654173898275, 0.44800753889941664, 0.4594733388160834, 0.47093913873275006, 0.4824049386494167, 0.4938707385660834, 0.50533653848275, 0.5168023383994167, 0.5282681383160833, 0.5397339382327501, 0.5511997381494166, 0.5626655380660833, 0.5741313379827501, 0.5855971378994167, 0.5970629378160833, 0.60852873773275, 0.6199945376494167, 0.6314603375660834, 0.6429261374827501, 0.6543919373994167, 0.6658577373160833, 0.67732353723275, 0.6887893371494166, 0.7002551370660834, 0.7117209369827501, 0.7231867368994166, 0.7346525368160833, 0.7626901006832867, 0.77442798367662, 0.7861658666699534, 0.7979037496632867, 0.8096416326566199, 0.8213795156499533, 0.8331173986432867, 0.84485528163662, 0.8565931646299533, 0.8683310476232866, 0.8800689306166201, 0.8918068136099534, 0.9035446966032867, 0.9152825795966198, 0.9270204625899533, 0.9387583455832866, 0.95049622857662, 0.9622341115699533, 0.9739719945632868, 0.98570987755662, 0.9974477605499533, 1.0091856435432869, 1.0209235265366199, 1.0326614095299533, 1.0443992925232866, 1.05613717551662, 1.0678750585099535, 1.0796129415032865, 1.09135082449662, 1.1030887074899534, 0.8103697383371327, 0.818758518927503, 0.8271472995178732, 0.8355360801082435, 0.8439248606986139, 0.8523136412889845, 0.8607024218793548, 0.8690912024697252, 0.8774799830600954, 0.8858687636504659, 0.8942575442408364, 0.9026463248312067, 0.9110351054215771, 0.9194238860119472, 0.9278126666023176, 0.936201447192688, 0.9445902277830585, 0.9529790083734289, 0.9613677889637992], "time_cpu_usage_rate": [1682094733.0, 1682094734.0, 1682094735.0, 1682094736.0, 1682094737.0, 1682094738.0, 1682094739.0, 1682094740.0, 1682094741.0, 1682094742.0, 1682094743.0, 1682094744.0, 1682094745.0, 1682094746.0, 1682094747.0, 1682094748.0, 1682094749.0, 1682094750.0, 1682094751.0, 1682094752.0, 1682094753.0, 1682094754.0, 1682094755.0, 1682094756.0, 1682094757.0, 1682094758.0, 1682094759.0, 1682094760.0, 1682094761.0, 1682094762.0, 1682094763.0, 1682094764.0, 1682094765.0, 1682094766.0, 1682094767.0, 1682094768.0, 1682094769.0, 1682094770.0, 1682094771.0, 1682094772.0, 1682094773.0, 1682094774.0, 1682094775.0, 1682094776.0, 1682094777.0, 1682094778.0, 1682094779.0, 1682094780.0, 1682094781.0, 1682094782.0, 1682094783.0, 1682094784.0, 1682094785.0, 1682094786.0, 1682094787.0, 1682094788.0, 1682094789.0, 1682094790.0, 1682094791.0, 1682094792.0, 1682094793.0, 1682094794.0, 1682094795.0, 1682094796.0, 1682094797.0, 1682094798.0, 1682094799.0, 1682094800.0, 1682094801.0, 1682094802.0, 1682094803.0, 1682094804.0, 1682094805.0, 1682094806.0, 1682094807.0, 1682094808.0, 1682094809.0, 1682094810.0, 1682094811.0], "cpu_throttled_count": [45.874016895, 45.874016895, 45.874016895, 45.874016895, 45.874016895, 45.874016895, 45.874016895, 45.874016895, 45.874016895, 45.874016895, 45.874016895, 45.874016895, 45.874016895, 45.874016895, 45.874016895, 45.874016895, 45.874016895, 45.874016895, 45.874016895, 45.874016895, 45.874016895, 45.874016895, 45.874016895, 45.874016895, 45.874016895, 45.874016895, 45.874016895, 45.874016895, 45.874016895, 45.874016895, 46.090723091, 46.090723091, 46.090723091, 46.090723091, 46.090723091, 46.090723091, 46.090723091, 46.090723091, 46.090723091, 46.090723091, 46.090723091, 46.090723091, 46.090723091, 46.090723091, 46.090723091, 46.090723091, 46.090723091, 46.090723091, 46.090723091, 46.090723091, 46.090723091, 46.090723091, 46.090723091, 46.090723091, 46.090723091, 46.090723091, 46.090723091, 46.090723091, 46.090723091, 46.090723091, 46.329210368, 46.329210368, 46.329210368, 46.329210368, 46.329210368, 46.329210368, 46.329210368, 46.329210368, 46.329210368, 46.329210368, 46.329210368, 46.329210368, 46.329210368, 46.329210368, 46.329210368, 46.329210368, 46.329210368, 46.329210368, 46.329210368, 46.329210368, 46.329210368, 46.329210368, 46.329210368, 46.329210368, 46.329210368, 46.329210368, 46.329210368, 46.329210368, 46.329210368, 46.329210368, 46.361434545, 46.361434545, 46.361434545, 46.361434545, 46.361434545, 46.361434545, 46.361434545, 46.361434545, 46.361434545, 46.361434545, 46.361434545, 46.361434545, 46.361434545, 46.361434545, 46.361434545, 46.361434545, 46.361434545, 46.361434545, 46.361434545],