{"cpu_usage_count": [10.000483163, 10.000483163, 10.000483163, 10.000483163, 10.000483163, 10.000483163, 10.000483163, 10.000483163, 10.000483163, 10.000483163, 10.000483163, 10.000483163, 10.000483163, 10.000483163, 10.000483163, 10.000483163, 10.000483163, 10.000483163, 10.000483163, 10.000483163, 10.000483163, 10.000483163, 10.000483163, 10.000483163, 10.000483163, 10.000483163, 10.000483163, 10.000483163, 10.000483163, 10.000483163, 75.97781808, 75.97781808, 75.97781808, 75.97781808, 75.97781808, 75.97781808, 75.97781808, 75.97781808, 75.97781808, 75.97781808, 75.97781808, 75.97781808, 75.97781808, 75.97781808, 75.97781808, 75.97781808, 75.97781808, 75.97781808, 75.97781808, 75.97781808, 75.97781808, 75.97781808, 75.97781808, 75.97781808, 75.97781808, 75.97781808, 75.97781808, 75.97781808, 75.97781808, 75.97781808, 180.50902503, 180.50902503, 180.50902503, 180.50902503, 180.50902503, 180.50902503, 180.50902503, 180.50902503, 180.50902503, 180.50902503, 180.50902503, 180.50902503, 180.50902503, 180.50902503, 180.50902503, 180.50902503, 180.50902503, 180.50902503, 180.50902503, 180.50902503, 180.50902503, 180.50902503, 180.50902503, 180.50902503, 180.50902503, 180.50902503, 180.50902503, 180.50902503, 180.50902503, 180.50902503, 180.65496843, 180.65496843, 180.65496843, 180.65496843, 180.65496843, 180.65496843, 180.65496843, 180.65496843, 180.65496843, 180.65496843, 180.65496843, 180.65496843, 180.65496843, 180.65496843, 180.65496843, 180.65496843, 180.65496843, 180.65496843, 180.65496843, 180.65496843, 180.65496843, 180.65496843, 180.65496843], "time_cpu_usage_count": [1682094853.0, 1682094854.0, 1682094855.0, 1682094856.0, 1682094857.0, 1682094858.0, 1682094859.0, 1682094860.0, 1682094861.0, 1682094862.0, 1682094863.0, 1682094864.0, 1682094865.0, 1682094866.0, 1682094867.0, 1682094868.0, 1682094869.0, 1682094870.0, 1682094871.0, 1682094872.0, 1682094873.0, 1682094874.0, 1682094875.0, 1682094876.0, 1682094877.0, 1682094878.0, 1682094879.0, 1682094880.0, 1682094881.0, 1682094882.0, 1682094883.0, 1682094884.0, 1682094885.0, 1682094886.0, 1682094887.0, 1682094888.0, 1682094889.0, 1682094890.0, 1682094891.0, 1682094892.0, 1682094893.0, 1682094894.0, 1682094895.0, 1682094896.0, 1682094897.0, 1682094898.0, 1682094899.0, 1682094900.0, 1682094901.0, 1682094902.0, 1682094903.0, 1682094904.0, 1682094905.0, 1682094906.0, 1682094907.0, 1682094908.0, 1682094909.0, 1682094910.0, 1682094911.0, 1682094912.0, 1682094913.0, 1682094914.0, 1682094915.0, 1682094916.0, 1682094917.0, 1682094918.0, 1682094919.0, 1682094920.0, 1682094921.0, 1682094922.0, 1682094923.0, 1682094924.0, 1682094925.0, 1682094926.0, 1682094927.0, 1682094928.0, 1682094929.0, 1682094930.0, 1682094931.0, 1682094932.0, 1682094933.0, 1682094934.0, 1682094935.0, 1682094936.0, 1682094937.0, 1682094938.0, 1682094939.0, 1682094940.0, 1682094941.0, 1682094942.0, 1682094943.0, 1682094944.0, 1682094945.0, 1682094946.0, 1682094947.0, 1682094948.0, 1682094949.0, 1682094950.0, 1682094951.0, 1682094952.0, 1682094953.0, 1682094954.0, 1682094955.0, 1682094956.0, 1682094957.0, 1682094958.0, 1682094959.0, 1682094960.0, 1682094961.0, 1682094962.0, 1682094963.0, 1682094964.0, 1682094965.0], "cpu_usage_rate": [0.6497711069915887, 0.6680981444685332, 0.6864251819454775, 0.704752219422422, 0.7230792568993665, 0.741406294376311, 0.7597333318532553, 0.7780603693301998, 0.7963874068071441, 0.8147144442840888, 0.8330414817610331, 0.8513685192379776, 0.8696955567149219, 0.8880225941918665, 0.9063496316688109, 0.9246766691457554, 0.9430037066226998, 0.9613307440996443, 0.9796577815765887, 0.9979848190535332, 1.0163118565304776, 1.034638894007422, 1.0529659314843665, 1.071292968961311, 1.0896200064382555, 1.1079470439152, 1.1262740813921441, 1.1446011188690888, 1.1629281563460332, 1.1812551938229776, 1.5257212151768564, 1.5494029571028285, 1.573084699028801, 1.5967664409547733, 1.6204481828807455, 1.6441299248067176, 1.6678116667326899, 1.6914934086586622, 1.7151751505846342, 1.7388568925106067, 1.7625386344365788, 1.7862203763625508, 1.809902118288523, 1.8335838602144956, 1.8572656021404677, 1.8809473440664397, 1.904629085992412, 1.9283108279183845, 1.9519925698443565, 1.9756743117703288, 1.999356053696301, 2.0230377956222734, 2.0467195375482454, 2.0704012794742175, 2.09408302140019, 2.117764763326162, 2.141446505252134, 2.165128247178106, 2.188809989104079, 2.2124917310300507, 1.5197898867441821, 1.5355912279726078, 1.551392569201034, 1.5671939104294599, 1.5829952516578858, 1.5987965928863117, 1.6145979341147376, 1.6303992753431633, 1.6462006165715897, 1.6620019578000156, 1.6778032990284413, 1.6936046402568674, 1.709405981485293, 1.725207322713719, 1.7410086639421452, 1.756810005170571, 1.7726113463989968, 1.788412687627423, 1.8042140288558486, 1.8200153700842745, 1.8358167113127009, 1.8516180525411265, 1.8674193937695525], "time_cpu_usage_rate": [1682094883.0, 1682094884.0, 1682094885.0, 1682094886.0, 1682094887.0, 1682094888.0, 1682094889.0, 1682094890.0, 1682094891.0, 1682094892.0, 1682094893.0, 1682094894.0, 1682094895.0, 1682094896.0, 1682094897.0, 1682094898.0, 1682094899.0, 1682094900.0, 1682094901.0, 1682094902.0, 1682094903.0, 1682094904.0, 1682094905.0, 1682094906.0, 1682094907.0, 1682094908.0, 1682094909.0, 1682094910.0, 1682094911.0, 1682094912.0, 1682094913.0, 1682094914.0, 1682094915.0, 1682094916.0, 1682094917.0, 1682094918.0, 1682094919.0, 1682094920.0, 1682094921.0, 1682094922.0, 1682094923.0, 1682094924.0, 1682094925.0, 1682094926.0, 1682094927.0, 1682094928.0, 1682094929.0, 1682094930.0, 1682094931.0, 1682094932.0, 1682094933.0, 1682094934.0, 1682094935.0, 1682094936.0, 1682094937.0, 1682094938.0, 1682094939.0, 1682094940.0, 1682094941.0, 1682094942.0, 1682094943.0, 1682094944.0, 1682094945.0, 1682094946.0, 1682094947.0, 1682094948.0, 1682094949.0, 1682094950.0, 1682094951.0, 1682094952.0, 1682094953.0, 1682094954.0, 1682094955.0, 1682094956.0, 1682094957.0, 1682094958.0, 1682094959.0, 1682094960.0, 1682094961.0, 1682094962.0, 1682094963.0, 1682094964.0, 1682094965.0], "cpu_throttled_count": [26.717101484, 26.717101484, 26.717101484, 26.717101484, 26.717101484, 26.717101484, 26.717101484, 26.717101484, 26.717101484, 26.717101484, 26.717101484, 26.717101484, 26.717101484, 26.717101484, 26.717101484, 26.717101484, 26.717101484, 26.717101484, 26.717101484, 26.717101484, 26.717101484, 26.717101484, 26.717101484, 26.717101484, 26.717101484, 26.717101484, 26.717101484, 26.717101484, 26.717101484, 26.717101484, 26.979129105, 26.979129105, 26.979129105, 26.979129105, 26.979129105, 26.979129105, 26.979129105, 26.979129105, 26.979129105, 26.979129105, 26.979129105, 26.979129105, 26.979129105, 26.979129105, 26.979129105, 26.979129105, 26.979129105, 26.979129105, 26.979129105, 26.979129105, 26.979129105, 26.979129105, 26.979129105, 26.979129105, 26.979129105, 26.979129105, 26.979129105, 26.979129105, 26.979129105, 26.979129105, 27.415237683, 27.415237683, 27.415237683, 27.415237683, 27.415237683, 27.415237683, 27.415237683, 27.415237683, 27.415237683, 27.415237683, 27.415237683, 27.415237683, 27.415237683, 27.415237683, 27.415237683, 27.415237683, 27.415237683, 27.415237683, 27.415237683, 27.415237683, 27.415237683, 27.415237683, 27.415237683, 27.415237683, 27.415237683, 27.415237683, 27.415237683, 27.415237683, 27.415237683, 27.415237683, 27.415237683, 27.415237683, 27.415237683, 27.415237683, 27.415237683, 27.415237683, 27.415237683, 27.415237683, 27.415237683, 27.415237683, 27.415237683, 27.415237683, 27.415237683, 27.415237683, 27.415237683, 27.415237683, 27.415237683, 27.415237683, 27.415237683, 27.415237683, 27.415237683, 27.415237683, 27.415237683],