{"cpu_usage_count": [17.979060641, 17.979060641, 17.979060641, 17.979060641, 17.979060641, 17.979060641, 17.979060641, 17.979060641, 17.979060641, 17.979060641, 17.979060641, 17.979060641, 17.979060641, 17.979060641, 17.979060641, 17.979060641, 17.979060641, 17.979060641, 17.979060641, 17.979060641, 17.979060641, 17.979060641, 17.979060641, 17.979060641, 17.979060641, 17.979060641, 17.979060641, 17.979060641, 17.979060641, 17.979060641, 605.389401831, 605.389401831, 605.389401831, 605.389401831, 605.389401831, 605.389401831, 605.389401831, 605.389401831, 605.389401831, 605.389401831, 605.389401831, 605.389401831, 605.389401831, 605.389401831, 605.389401831, 605.389401831, 605.389401831, 605.389401831, 605.389401831, 605.389401831, 605.389401831, 605.389401831, 605.389401831, 605.389401831, 605.389401831, 605.389401831, 605.389401831, 605.389401831, 605.389401831, 605.389401831, 915.10404736, 915.10404736, 915.10404736, 915.10404736, 915.10404736, 915.10404736, 915.10404736, 915.10404736, 915.10404736, 915.10404736, 915.10404736, 915.10404736, 915.10404736, 915.10404736, 915.10404736, 915.10404736, 915.10404736, 915.10404736, 915.10404736, 915.10404736, 915.10404736, 915.10404736, 915.10404736, 915.10404736, 915.10404736, 915.10404736, 915.10404736, 915.10404736, 915.10404736, 915.10404736, 915.230192275, 915.230192275, 915.230192275, 915.230192275, 915.230192275, 915.230192275, 915.230192275, 915.230192275, 915.230192275, 915.230192275, 915.230192275, 915.230192275, 915.230192275, 915.230192275, 915.230192275, 915.230192275, 915.230192275, 915.230192275], "time_cpu_usage_count": [1682096623.0, 1682096624.0, 1682096625.0, 1682096626.0, 1682096627.0, 1682096628.0, 1682096629.0, 1682096630.0, 1682096631.0, 1682096632.0, 1682096633.0, 1682096634.0, 1682096635.0, 1682096636.0, 1682096637.0, 1682096638.0, 1682096639.0, 1682096640.0, 1682096641.0, 1682096642.0, 1682096643.0, 1682096644.0, 1682096645.0, 1682096646.0, 1682096647.0, 1682096648.0, 1682096649.0, 1682096650.0, 1682096651.0, 1682096652.0, 1682096653.0, 1682096654.0, 1682096655.0, 1682096656.0, 1682096657.0, 1682096658.0, 1682096659.0, 1682096660.0, 1682096661.0, 1682096662.0, 1682096663.0, 1682096664.0, 1682096665.0, 1682096666.0, 1682096667.0, 1682096668.0, 1682096669.0, 1682096670.0, 1682096671.0, 1682096672.0, 1682096673.0, 1682096674.0, 1682096675.0, 1682096676.0, 1682096677.0, 1682096678.0, 1682096679.0, 1682096680.0, 1682096681.0, 1682096682.0, 1682096683.0, 1682096684.0, 1682096685.0, 1682096686.0, 1682096687.0, 1682096688.0, 1682096689.0, 1682096690.0, 1682096691.0, 1682096692.0, 1682096693.0, 1682096694.0, 1682096695.0, 1682096696.0, 1682096697.0, 1682096698.0, 1682096699.0, 1682096700.0, 1682096701.0, 1682096702.0, 1682096703.0, 1682096704.0, 1682096705.0, 1682096706.0, 1682096707.0, 1682096708.0, 1682096709.0, 1682096710.0, 1682096711.0, 1682096712.0, 1682096713.0, 1682096714.0, 1682096715.0, 1682096716.0, 1682096717.0, 1682096718.0, 1682096719.0, 1682096720.0, 1682096721.0, 1682096722.0, 1682096723.0, 1682096724.0, 1682096725.0, 1682096726.0, 1682096727.0, 1682096728.0, 1682096729.0, 1682096730.0], "cpu_usage_rate": [5.192906453997036, 5.35607599321648, 5.519245532435926, 5.682415071655369, 5.845584610874814, 6.0087541500942585, 6.171923689313703, 6.335093228533148, 6.498262767752592, 6.661432306972036, 6.824601846191481, 6.987771385410926, 7.15094092463037, 7.314110463849815, 7.477280003069258, 7.640449542288703, 7.803619081508147, 7.966788620727592, 8.129958159947035, 8.293127699166481, 8.456297238385924, 8.61946677760537, 8.782636316824814, 8.945805856044258, 9.108975395263704, 9.272144934483148, 9.435314473702592, 9.598484012922036, 9.76165355214148, 9.924823091360926, 7.738879889521406, 7.863480582121267, 7.988081274721127, 8.11268196732099, 8.23728265992085, 8.361883352520712, 8.486484045120573, 8.611084737720434, 8.735685430320295, 8.860286122920154, 8.984886815520017, 9.109487508119878, 9.234088200719738, 9.358688893319599, 9.483289585919461, 9.607890278519323, 9.732490971119184, 9.857091663719045, 9.981692356318907, 10.106293048918767, 10.230893741518628, 10.35549443411849, 10.48009512671835, 10.604695819318211, 10.729296511918072, 10.853897204517933, 10.978497897117794, 11.103098589717655, 11.227699282317515, 11.352299974917377, 7.702270748253892, 7.785349556738522, 7.868428365223151, 7.95150717370778, 8.034585982192409, 8.117664790677038, 8.20074359916167, 8.2838224076463, 8.366901216130929, 8.449980024615558, 8.533058833100187, 8.61613764158482, 8.699216450069448, 8.782295258554077, 8.865374067038706, 8.948452875523335, 9.031531684007966, 9.114610492492597], "time_cpu_usage_rate": [1682096653.0, 1682096654.0, 1682096655.0, 1682096656.0, 1682096657.0, 1682096658.0, 1682096659.0, 1682096660.0, 1682096661.0, 1682096662.0, 1682096663.0, 1682096664.0, 1682096665.0, 1682096666.0, 1682096667.0, 1682096668.0, 1682096669.0, 1682096670.0, 1682096671.0, 1682096672.0, 1682096673.0, 1682096674.0, 1682096675.0, 1682096676.0, 1682096677.0, 1682096678.0, 1682096679.0, 1682096680.0, 1682096681.0, 1682096682.0, 1682096683.0, 1682096684.0, 1682096685.0, 1682096686.0, 1682096687.0, 1682096688.0, 1682096689.0, 1682096690.0, 1682096691.0, 1682096692.0, 1682096693.0, 1682096694.0, 1682096695.0, 1682096696.0, 1682096697.0, 1682096698.0, 1682096699.0, 1682096700.0, 1682096701.0, 1682096702.0, 1682096703.0, 1682096704.0, 1682096705.0, 1682096706.0, 1682096707.0, 1682096708.0, 1682096709.0, 1682096710.0, 1682096711.0, 1682096712.0, 1682096713.0, 1682096714.0, 1682096715.0, 1682096716.0, 1682096717.0, 1682096718.0, 1682096719.0, 1682096720.0, 1682096721.0, 1682096722.0, 1682096723.0, 1682096724.0, 1682096725.0, 1682096726.0, 1682096727.0, 1682096728.0, 1682096729.0, 1682096730.0], "cpu_throttled_count": [3.065156117, 3.065156117, 3.065156117, 3.065156117, 3.065156117, 3.065156117, 3.065156117, 3.065156117, 3.065156117, 3.065156117, 3.065156117, 3.065156117, 3.065156117, 3.065156117, 3.065156117, 3.065156117, 3.065156117, 3.065156117, 3.065156117, 3.065156117, 3.065156117, 3.065156117, 3.065156117, 3.065156117, 3.065156117, 3.065156117, 3.065156117, 3.065156117, 3.065156117, 3.065156117, 5.585523131, 5.585523131, 5.585523131, 5.585523131, 5.585523131, 5.585523131, 5.585523131, 5.585523131, 5.585523131, 5.585523131, 5.585523131, 5.585523131, 5.585523131, 5.585523131, 5.585523131, 5.585523131, 5.585523131, 5.585523131, 5.585523131, 5.585523131, 5.585523131, 5.585523131, 5.585523131, 5.585523131, 5.585523131, 5.585523131, 5.585523131, 5.585523131, 5.585523131, 5.585523131, 6.834048829, 6.834048829, 6.834048829, 6.834048829, 6.834048829, 6.834048829, 6.834048829, 6.834048829, 6.834048829, 6.834048829, 6.834048829, 6.834048829, 6.834048829, 6.834048829, 6.834048829, 6.834048829, 6.834048829, 6.834048829, 6.834048829, 6.834048829, 6.834048829, 6.834048829, 6.834048829, 6.834048829, 6.834048829, 6.834048829, 6.834048829, 6.834048829, 6.834048829, 6.834048829, 6.834048829, 6.834048829, 6.834048829, 6.834048829, 6.834048829, 6.834048829, 6.834048829, 6.834048829, 6.834048829, 6.834048829, 6.834048829, 6.834048829, 6.834048829, 6.834048829, 6.834048829, 6.834048829, 6.834048829, 6.834048829],