{"cpu_usage_count": [4.952744946, 4.952744946, 4.952744946, 4.952744946, 4.952744946, 4.952744946, 4.952744946, 4.952744946, 4.952744946, 4.952744946, 4.952744946, 4.952744946, 4.952744946, 4.952744946, 4.952744946, 4.952744946, 4.952744946, 4.952744946, 4.952744946, 4.952744946, 4.952744946, 4.952744946, 4.952744946, 4.952744946, 4.952744946, 4.952744946, 4.952744946, 4.952744946, 4.952744946, 4.952744946, 5.165429444, 5.165429444, 5.165429444, 5.165429444, 5.165429444, 5.165429444, 5.165429444, 5.165429444, 5.165429444, 5.165429444, 5.165429444, 5.165429444, 5.165429444, 5.165429444, 5.165429444, 5.165429444, 5.165429444, 5.165429444, 5.165429444, 5.165429444, 5.165429444, 5.165429444, 5.165429444, 5.165429444, 5.165429444, 5.165429444, 5.165429444, 5.165429444, 5.165429444, 5.165429444, 5.2501484, 5.2501484, 5.2501484, 5.2501484, 5.2501484, 5.2501484, 5.2501484, 5.2501484, 5.2501484, 5.2501484, 5.2501484, 5.2501484, 5.2501484, 5.2501484, 5.2501484, 5.2501484, 5.2501484, 5.2501484, 5.2501484, 5.2501484, 5.2501484, 5.2501484, 5.2501484, 5.2501484, 5.2501484, 5.2501484, 5.2501484, 5.2501484, 5.2501484, 5.2501484, 5.456488343, 5.456488343, 5.456488343, 5.456488343, 5.456488343, 5.456488343, 5.456488343, 5.456488343, 5.456488343, 5.456488343, 5.456488343, 5.456488343, 5.456488343, 5.456488343, 5.456488343, 5.456488343, 5.456488343, 5.456488343, 5.456488343, 5.456488343, 5.456488343, 5.456488343], "time_cpu_usage_count": [1682096773.0, 1682096774.0, 1682096775.0, 1682096776.0, 1682096777.0, 1682096778.0, 1682096779.0, 1682096780.0, 1682096781.0, 1682096782.0, 1682096783.0, 1682096784.0, 1682096785.0, 1682096786.0, 1682096787.0, 1682096788.0, 1682096789.0, 1682096790.0, 1682096791.0, 1682096792.0, 1682096793.0, 1682096794.0, 1682096795.0, 1682096796.0, 1682096797.0, 1682096798.0, 1682096799.0, 1682096800.0, 1682096801.0, 1682096802.0, 1682096803.0, 1682096804.0, 1682096805.0, 1682096806.0, 1682096807.0, 1682096808.0, 1682096809.0, 1682096810.0, 1682096811.0, 1682096812.0, 1682096813.0, 1682096814.0, 1682096815.0, 1682096816.0, 1682096817.0, 1682096818.0, 1682096819.0, 1682096820.0, 1682096821.0, 1682096822.0, 1682096823.0, 1682096824.0, 1682096825.0, 1682096826.0, 1682096827.0, 1682096828.0, 1682096829.0, 1682096830.0, 1682096831.0, 1682096832.0, 1682096833.0, 1682096834.0, 1682096835.0, 1682096836.0, 1682096837.0, 1682096838.0, 1682096839.0, 1682096840.0, 1682096841.0, 1682096842.0, 1682096843.0, 1682096844.0, 1682096845.0, 1682096846.0, 1682096847.0, 1682096848.0, 1682096849.0, 1682096850.0, 1682096851.0, 1682096852.0, 1682096853.0, 1682096854.0, 1682096855.0, 1682096856.0, 1682096857.0, 1682096858.0, 1682096859.0, 1682096860.0, 1682096861.0, 1682096862.0, 1682096863.0, 1682096864.0, 1682096865.0, 1682096866.0, 1682096867.0, 1682096868.0, 1682096869.0, 1682096870.0, 1682096871.0, 1682096872.0, 1682096873.0, 1682096874.0, 1682096875.0, 1682096876.0, 1682096877.0, 1682096878.0, 1682096879.0, 1682096880.0, 1682096881.0, 1682096882.0, 1682096883.0, 1682096884.0], "cpu_usage_rate": [0.002712140902690552, 0.002771219929912775, 0.002830298957134997, 0.002889377984357219, 0.002948457011579441, 0.003007536038801663, 0.0030666150660238855, 0.003125694093246108, 0.00318477312046833, 0.003243852147690552, 0.003302931174912774, 0.003362010202134996, 0.0034210892293572185, 0.00348016825657944, 0.003539247283801663, 0.0035983263110238852, 0.003657405338246107, 0.003716484365468329, 0.0037755633926905515, 0.0038346424199127735, 0.003893721447134996, 0.003952800474357218, 0.00401187950157944, 0.004070958528801663, 0.0041300375560238845, 0.0041891165832461065, 0.004248195610468328, 0.004307274637690551, 0.004366353664912772, 0.004425432692134995, 0.003135417219830272, 0.00317672325510805, 0.003218029290385827, 0.003259335325663605, 0.0033006413609413827, 0.0033419473962191604, 0.003383253431496938, 0.003424559466774716, 0.0034658655020524936, 0.0035071715373302713, 0.0035484775726080486, 0.0035897836078858268, 0.003631089643163604, 0.003672395678441382, 0.0037137017137191595, 0.0037550077489969377, 0.0037963137842747154, 0.0038376198195524927, 0.0038789258548302705, 0.003920231890108049, 0.003961537925385826, 0.004002843960663604, 0.004044149995941381, 0.004085456031219159, 0.004126762066496936, 0.004168068101774714, 0.004209374137052493, 0.004956724233333324, 0.004956724233333324, 0.004956724233333324, 0.005597148855555556, 0.005597148855555556, 0.005597148855555556, 0.005597148855555556, 0.005597148855555556, 0.005597148855555556, 0.005597148855555556, 0.005597148855555556, 0.005597148855555556, 0.005597148855555556, 0.005597148855555556, 0.005597148855555556, 0.005597148855555556, 0.005597148855555556, 0.005597148855555556, 0.005597148855555556, 0.005597148855555556, 0.005597148855555556, 0.005597148855555556, 0.005597148855555556, 0.005597148855555556, 0.005597148855555556], "time_cpu_usage_rate": [1682096803.0, 1682096804.0, 1682096805.0, 1682096806.0, 1682096807.0, 1682096808.0, 1682096809.0, 1682096810.0, 1682096811.0, 1682096812.0, 1682096813.0, 1682096814.0, 1682096815.0, 1682096816.0, 1682096817.0, 1682096818.0, 1682096819.0, 1682096820.0, 1682096821.0, 1682096822.0, 1682096823.0, 1682096824.0, 1682096825.0, 1682096826.0, 1682096827.0, 1682096828.0, 1682096829.0, 1682096830.0, 1682096831.0, 1682096832.0, 1682096833.0, 1682096834.0, 1682096835.0, 1682096836.0, 1682096837.0, 1682096838.0, 1682096839.0, 1682096840.0, 1682096841.0, 1682096842.0, 1682096843.0, 1682096844.0, 1682096845.0, 1682096846.0, 1682096847.0, 1682096848.0, 1682096849.0, 1682096850.0, 1682096851.0, 1682096852.0, 1682096853.0, 1682096854.0, 1682096855.0, 1682096856.0, 1682096857.0, 1682096858.0, 1682096859.0, 1682096860.0, 1682096861.0, 1682096862.0, 1682096863.0, 1682096864.0, 1682096865.0, 1682096866.0, 1682096867.0, 1682096868.0, 1682096869.0, 1682096870.0, 1682096871.0, 1682096872.0, 1682096873.0, 1682096874.0, 1682096875.0, 1682096876.0, 1682096877.0, 1682096878.0, 1682096879.0, 1682096880.0, 1682096881.0, 1682096882.0, 1682096883.0, 1682096884.0], "cpu_throttled_count": [187.245434571, 187.245434571, 187.245434571, 187.245434571, 187.245434571, 187.245434571, 187.245434571, 187.245434571, 187.245434571, 187.245434571, 187.245434571, 187.245434571, 187.245434571, 187.245434571, 187.245434571, 187.245434571, 187.245434571, 187.245434571, 187.245434571, 187.245434571, 187.245434571, 187.245434571, 187.245434571, 187.245434571, 187.245434571, 187.245434571, 187.245434571, 187.245434571, 187.245434571, 187.245434571, 187.245434571, 187.245434571, 187.245434571, 187.245434571, 187.245434571, 187.245434571, 187.245434571, 187.245434571, 187.245434571, 187.245434571, 187.245434571, 187.245434571, 187.245434571, 187.245434571, 187.245434571, 187.245434571, 187.245434571, 187.245434571, 187.245434571, 187.245434571, 187.245434571, 187.245434571, 187.245434571, 187.245434571, 187.245434571, 187.245434571, 187.245434571, 187.245434571, 187.245434571, 187.245434571, 187.245434571, 187.245434571, 187.245434571, 187.245434571, 187.245434571, 187.245434571, 187.245434571, 187.245434571, 187.245434571, 187.245434571, 187.245434571, 187.245434571, 187.245434571, 187.245434571, 187.245434571, 187.245434571, 187.245434571, 187.245434571, 187.245434571, 187.245434571, 187.245434571, 187.245434571, 187.245434571, 187.245434571, 187.245434571, 187.245434571, 187.245434571, 187.245434571, 187.245434571, 187.245434571, 187.245434571, 187.245434571, 187.245434571, 187.245434571, 187.245434571, 187.245434571, 187.245434571, 187.245434571, 187.245434571, 187.245434571, 187.245434571, 187.245434571, 187.245434571, 187.245434571, 187.245434571, 187.245434571, 187.245434571, 187.245434571, 187.245434571, 187.245434571, 187.245434571, 187.245434571],