{"cpu_usage_count": [3.565560794, 3.565560794, 3.565560794, 3.565560794, 3.565560794, 3.565560794, 3.565560794, 3.565560794, 3.565560794, 3.565560794, 3.565560794, 3.565560794, 3.565560794, 3.565560794, 3.565560794, 3.565560794, 3.565560794, 3.565560794, 3.565560794, 3.565560794, 3.565560794, 3.565560794, 3.565560794, 3.565560794, 3.565560794, 3.565560794, 3.565560794, 3.565560794, 3.565560794, 3.565560794, 3.762286488, 3.762286488, 3.762286488, 3.762286488, 3.762286488, 3.762286488, 3.762286488, 3.762286488, 3.762286488, 3.762286488, 3.762286488, 3.762286488, 3.762286488, 3.762286488, 3.762286488, 3.762286488, 3.762286488, 3.762286488, 3.762286488, 3.762286488, 3.762286488, 3.762286488, 3.762286488, 3.762286488, 3.762286488, 3.762286488, 3.762286488, 3.762286488, 3.762286488, 3.762286488, 3.939480479, 3.939480479, 3.939480479, 3.939480479, 3.939480479, 3.939480479, 3.939480479, 3.939480479, 3.939480479, 3.939480479, 3.939480479, 3.939480479, 3.939480479, 3.939480479, 3.939480479, 3.939480479, 3.939480479, 3.939480479, 3.939480479, 3.939480479, 3.939480479, 3.939480479, 3.939480479, 3.939480479, 3.939480479, 3.939480479, 3.939480479, 3.939480479, 3.939480479, 3.939480479, 4.085330785, 4.085330785, 4.085330785, 4.085330785, 4.085330785, 4.085330785, 4.085330785, 4.085330785, 4.085330785, 4.085330785, 4.085330785, 4.085330785, 4.085330785, 4.085330785, 4.085330785, 4.085330785, 4.085330785, 4.085330785, 4.085330785, 4.085330785, 4.085330785, 4.085330785, 4.085330785, 4.085330785, 4.085330785], "time_cpu_usage_count": [1682096923.0, 1682096924.0, 1682096925.0, 1682096926.0, 1682096927.0, 1682096928.0, 1682096929.0, 1682096930.0, 1682096931.0, 1682096932.0, 1682096933.0, 1682096934.0, 1682096935.0, 1682096936.0, 1682096937.0, 1682096938.0, 1682096939.0, 1682096940.0, 1682096941.0, 1682096942.0, 1682096943.0, 1682096944.0, 1682096945.0, 1682096946.0, 1682096947.0, 1682096948.0, 1682096949.0, 1682096950.0, 1682096951.0, 1682096952.0, 1682096953.0, 1682096954.0, 1682096955.0, 1682096956.0, 1682096957.0, 1682096958.0, 1682096959.0, 1682096960.0, 1682096961.0, 1682096962.0, 1682096963.0, 1682096964.0, 1682096965.0, 1682096966.0, 1682096967.0, 1682096968.0, 1682096969.0, 1682096970.0, 1682096971.0, 1682096972.0, 1682096973.0, 1682096974.0, 1682096975.0, 1682096976.0, 1682096977.0, 1682096978.0, 1682096979.0, 1682096980.0, 1682096981.0, 1682096982.0, 1682096983.0, 1682096984.0, 1682096985.0, 1682096986.0, 1682096987.0, 1682096988.0, 1682096989.0, 1682096990.0, 1682096991.0, 1682096992.0, 1682096993.0, 1682096994.0, 1682096995.0, 1682096996.0, 1682096997.0, 1682096998.0, 1682096999.0, 1682097000.0, 1682097001.0, 1682097002.0, 1682097003.0, 1682097004.0, 1682097005.0, 1682097006.0, 1682097007.0, 1682097008.0, 1682097009.0, 1682097010.0, 1682097011.0, 1682097012.0, 1682097013.0, 1682097014.0, 1682097015.0, 1682097016.0, 1682097017.0, 1682097018.0, 1682097019.0, 1682097020.0, 1682097021.0, 1682097022.0, 1682097023.0, 1682097024.0, 1682097025.0, 1682097026.0, 1682097027.0, 1682097028.0, 1682097029.0, 1682097030.0, 1682097031.0, 1682097032.0, 1682097033.0, 1682097034.0, 1682097035.0, 1682097036.0, 1682097037.0], "cpu_usage_rate": [0.002508635120682777, 0.0025632811467938884, 0.0026179271729049993, 0.0026725731990161106, 0.0027272192251272215, 0.0027818652512383323, 0.0028365112773494437, 0.0028911573034605545, 0.002945803329571666, 0.0030004493556827767, 0.003055095381793888, 0.003109741407904999, 0.0031643874340161102, 0.003219033460127221, 0.003273679486238332, 0.0033283255123494433, 0.0033829715384605546, 0.0034376175645716655, 0.003492263590682777, 0.003546909616793888, 0.003601555642904999, 0.00365620166901611, 0.0037108476951272216, 0.0037654937212383325, 0.0038201397473494434, 0.003874785773460554, 0.0039294317995716655, 0.003984077825682776, 0.004038723851793887, 0.004093369877904999, 0.003942100212402085, 0.003994033501985418, 0.004045966791568751, 0.004097900081152085, 0.004149833370735418, 0.004201766660318752, 0.004253699949902085, 0.004305633239485419, 0.004357566529068752, 0.004409499818652085, 0.004461433108235419, 0.004513366397818752, 0.004565299687402086, 0.0046172329769854185, 0.004669166266568752, 0.004721099556152086, 0.004773032845735419, 0.004824966135318752, 0.004876899424902086, 0.004928832714485419, 0.0049807660040687525, 0.005032699293652085, 0.0050846325832354195, 0.005136565872818752, 0.005188499162402086, 0.005240432451985419, 0.005292365741568753, 0.0062319947500000025, 0.0062319947500000025, 0.0062319947500000025, 0.005775222122222221, 0.005775222122222221, 0.005775222122222221, 0.005775222122222221, 0.005775222122222221, 0.005775222122222221, 0.005775222122222221, 0.005775222122222221, 0.005775222122222221, 0.005775222122222221, 0.005775222122222221, 0.005775222122222221, 0.005775222122222221, 0.005775222122222221, 0.005775222122222221, 0.005775222122222221, 0.005775222122222221, 0.005775222122222221, 0.005775222122222221, 0.005775222122222221, 0.005775222122222221, 0.005775222122222221, 0.005775222122222221, 0.005775222122222221, 0.005775222122222221], "time_cpu_usage_rate": [1682096953.0, 1682096954.0, 1682096955.0, 1682096956.0, 1682096957.0, 1682096958.0, 1682096959.0, 1682096960.0, 1682096961.0, 1682096962.0, 1682096963.0, 1682096964.0, 1682096965.0, 1682096966.0, 1682096967.0, 1682096968.0, 1682096969.0, 1682096970.0, 1682096971.0, 1682096972.0, 1682096973.0, 1682096974.0, 1682096975.0, 1682096976.0, 1682096977.0, 1682096978.0, 1682096979.0, 1682096980.0, 1682096981.0, 1682096982.0, 1682096983.0, 1682096984.0, 1682096985.0, 1682096986.0, 1682096987.0, 1682096988.0, 1682096989.0, 1682096990.0, 1682096991.0, 1682096992.0, 1682096993.0, 1682096994.0, 1682096995.0, 1682096996.0, 1682096997.0, 1682096998.0, 1682096999.0, 1682097000.0, 1682097001.0, 1682097002.0, 1682097003.0, 1682097004.0, 1682097005.0, 1682097006.0, 1682097007.0, 1682097008.0, 1682097009.0, 1682097010.0, 1682097011.0, 1682097012.0, 1682097013.0, 1682097014.0, 1682097015.0, 1682097016.0, 1682097017.0, 1682097018.0, 1682097019.0, 1682097020.0, 1682097021.0, 1682097022.0, 1682097023.0, 1682097024.0, 1682097025.0, 1682097026.0, 1682097027.0, 1682097028.0, 1682097029.0, 1682097030.0, 1682097031.0, 1682097032.0, 1682097033.0, 1682097034.0, 1682097035.0, 1682097036.0, 1682097037.0],