{"cpu_usage_count": [5.16808912, 5.16808912, 5.16808912, 5.16808912, 5.16808912, 5.16808912, 5.16808912, 5.16808912, 5.16808912, 5.16808912, 5.16808912, 5.16808912, 5.16808912, 5.16808912, 5.16808912, 5.16808912, 5.16808912, 5.16808912, 5.16808912, 5.16808912, 5.16808912, 5.16808912, 5.16808912, 5.16808912, 5.16808912, 5.16808912, 5.16808912, 5.16808912, 5.16808912, 5.16808912, 5.244851883, 5.244851883, 5.244851883, 5.244851883, 5.244851883, 5.244851883, 5.244851883, 5.244851883, 5.244851883, 5.244851883, 5.244851883, 5.244851883, 5.244851883, 5.244851883, 5.244851883, 5.244851883, 5.244851883, 5.244851883, 5.244851883, 5.244851883, 5.244851883, 5.244851883, 5.244851883, 5.244851883, 5.244851883, 5.244851883, 5.244851883, 5.244851883, 5.244851883, 5.244851883, 5.482359868, 5.482359868, 5.482359868, 5.482359868, 5.482359868, 5.482359868, 5.482359868, 5.482359868, 5.482359868, 5.482359868, 5.482359868, 5.482359868, 5.482359868, 5.482359868, 5.482359868, 5.482359868, 5.482359868, 5.482359868, 5.482359868, 5.482359868, 5.482359868, 5.482359868, 5.482359868, 5.482359868, 5.482359868, 5.482359868, 5.482359868, 5.482359868, 5.482359868, 5.482359868, 5.603917987, 5.603917987, 5.603917987, 5.603917987, 5.603917987, 5.603917987, 5.603917987, 5.603917987, 5.603917987, 5.603917987, 5.603917987, 5.603917987, 5.603917987, 5.603917987, 5.603917987, 5.603917987, 5.603917987, 5.603917987, 5.603917987, 5.603917987, 5.603917987, 5.603917987, 5.603917987, 5.603917987, 5.603917987, 5.603917987, 5.603917987, 5.603917987, 5.603917987], "time_cpu_usage_count": [1682097073.0, 1682097074.0, 1682097075.0, 1682097076.0, 1682097077.0, 1682097078.0, 1682097079.0, 1682097080.0, 1682097081.0, 1682097082.0, 1682097083.0, 1682097084.0, 1682097085.0, 1682097086.0, 1682097087.0, 1682097088.0, 1682097089.0, 1682097090.0, 1682097091.0, 1682097092.0, 1682097093.0, 1682097094.0, 1682097095.0, 1682097096.0, 1682097097.0, 1682097098.0, 1682097099.0, 1682097100.0, 1682097101.0, 1682097102.0, 1682097103.0, 1682097104.0, 1682097105.0, 1682097106.0, 1682097107.0, 1682097108.0, 1682097109.0, 1682097110.0, 1682097111.0, 1682097112.0, 1682097113.0, 1682097114.0, 1682097115.0, 1682097116.0, 1682097117.0, 1682097118.0, 1682097119.0, 1682097120.0, 1682097121.0, 1682097122.0, 1682097123.0, 1682097124.0, 1682097125.0, 1682097126.0, 1682097127.0, 1682097128.0, 1682097129.0, 1682097130.0, 1682097131.0, 1682097132.0, 1682097133.0, 1682097134.0, 1682097135.0, 1682097136.0, 1682097137.0, 1682097138.0, 1682097139.0, 1682097140.0, 1682097141.0, 1682097142.0, 1682097143.0, 1682097144.0, 1682097145.0, 1682097146.0, 1682097147.0, 1682097148.0, 1682097149.0, 1682097150.0, 1682097151.0, 1682097152.0, 1682097153.0, 1682097154.0, 1682097155.0, 1682097156.0, 1682097157.0, 1682097158.0, 1682097159.0, 1682097160.0, 1682097161.0, 1682097162.0, 1682097163.0, 1682097164.0, 1682097165.0, 1682097166.0, 1682097167.0, 1682097168.0, 1682097169.0, 1682097170.0, 1682097171.0, 1682097172.0, 1682097173.0, 1682097174.0, 1682097175.0, 1682097176.0, 1682097177.0, 1682097178.0, 1682097179.0, 1682097180.0, 1682097181.0, 1682097182.0, 1682097183.0, 1682097184.0, 1682097185.0, 1682097186.0, 1682097187.0, 1682097188.0, 1682097189.0, 1682097190.0, 1682097191.0], "cpu_usage_rate": [0.0009788744891780505, 0.0010001974789002727, 0.001021520468622495, 0.0010428434583447171, 0.0010641664480669393, 0.0010854894377891613, 0.0011068124275113833, 0.0011281354172336055, 0.0011494584069558277, 0.0011707813966780499, 0.0011921043864002718, 0.0012134273761224938, 0.001234750365844716, 0.001256073355566938, 0.0012773963452891604, 0.0012987193350113826, 0.0013200423247336046, 0.0013413653144558266, 0.0013626883041780488, 0.001384011293900271, 0.0014053342836224932, 0.0014266572733447151, 0.0014479802630669373, 0.0014693032527891593, 0.0014906262425113815, 0.0015119492322336035, 0.001533272221955826, 0.001554595211678048, 0.0015759182014002699, 0.0015972411911224919, 0.003313243009504993, 0.0033568917245049923, 0.0034005404395049924, 0.003444189154504993, 0.0034878378695049925, 0.003531486584504992, 0.0035751352995049917, 0.0036187840145049926, 0.003662432729504992, 0.0037060814445049914, 0.0037497301595049914, 0.003793378874504992, 0.003837027589504992, 0.003880676304504991, 0.003924325019504991, 0.003967973734504992, 0.004011622449504991, 0.00405527116450499, 0.004098919879504992, 0.004142568594504991, 0.004186217309504991, 0.004229866024504991, 0.004273514739504991, 0.004317163454504991, 0.00436081216950499, 0.004404460884504991, 0.00444810959950499, 0.005237845799999989, 0.005237845799999989, 0.005237845799999989, 0.004842542966666663, 0.004842542966666663, 0.004842542966666663, 0.004842542966666663, 0.004842542966666663, 0.004842542966666663, 0.004842542966666663, 0.004842542966666663, 0.004842542966666663, 0.004842542966666663, 0.004842542966666663, 0.004842542966666663, 0.004842542966666663, 0.004842542966666663, 0.004842542966666663, 0.004842542966666663, 0.004842542966666663, 0.004842542966666663, 0.004842542966666663, 0.004842542966666663, 0.004842542966666663, 0.004842542966666663, 0.004842542966666663, 0.004842542966666663, 0.004842542966666663, 0.004842542966666663, 0.004842542966666663, 0.004842542966666663, 0.004842542966666663], "time_cpu_usage_rate": [1682097103.0, 1682097104.0, 1682097105.0, 1682097106.0, 1682097107.0, 1682097108.0, 1682097109.0, 1682097110.0, 1682097111.0, 1682097112.0, 1682097113.0, 1682097114.0, 1682097115.0, 1682097116.0, 1682097117.0, 1682097118.0, 1682097119.0, 1682097120.0, 1682097121.0, 1682097122.0, 1682097123.0, 1682097124.0, 1682097125.0, 1682097126.0, 1682097127.0, 1682097128.0, 1682097129.0, 1682097130.0, 1682097131.0, 1682097132.0, 1682097133.0, 1682097134.0, 1682097135.0, 1682097136.0, 1682097137.0, 1682097138.0, 1682097139.0, 1682097140.0, 1682097141.0, 1682097142.0, 1682097143.0, 1682097144.0, 1682097145.0, 1682097146.0, 1682097147.0, 1682097148.0, 1682097149.0, 1682097150.0, 1682097151.0, 1682097152.0, 1682097153.0, 1682097154.0, 1682097155.0, 1682097156.0, 1682097157.0, 1682097158.0, 1682097159.0, 1682097160.0, 1682097161.0, 1682097162.0, 1682097163.0, 1682097164.0, 1682097165.0, 1682097166.0, 1682097167.0, 1682097168.0, 1682097169.0, 1682097170.0, 1682097171.0, 1682097172.0, 1682097173.0, 1682097174.0, 1682097175.0, 1682097176.0, 1682097177.0, 1682097178.0, 1682097179.0, 1682097180.0, 1682097181.0, 1682097182.0, 1682097183.0, 1682097184.0, 1682097185.0, 1682097186.0, 1682097187.0, 1682097188.0, 1682097189.0, 1682097190.0, 1682097191.0],