{"cpu_usage_count": [27.363481302, 27.363481302, 27.363481302, 27.363481302, 27.363481302, 27.363481302, 27.363481302, 27.363481302, 27.363481302, 27.363481302, 27.363481302, 27.363481302, 27.363481302, 27.363481302, 27.363481302, 27.363481302, 27.363481302, 27.363481302, 27.363481302, 27.363481302, 27.363481302, 27.363481302, 27.363481302, 27.363481302, 27.363481302, 27.363481302, 27.363481302, 27.363481302, 27.363481302, 27.363481302, 27.500548261, 27.500548261, 27.500548261, 27.500548261, 27.500548261, 27.500548261, 27.500548261, 27.500548261, 27.500548261, 27.500548261, 27.500548261, 27.500548261, 27.500548261, 27.500548261, 27.500548261, 27.500548261, 27.500548261, 27.500548261, 27.500548261, 27.500548261, 27.500548261, 27.500548261, 27.500548261, 27.500548261, 27.500548261, 27.500548261, 27.500548261, 27.500548261, 27.500548261, 27.500548261, 27.651427766, 27.651427766, 27.651427766, 27.651427766, 27.651427766, 27.651427766, 27.651427766, 27.651427766, 27.651427766, 27.651427766, 27.651427766, 27.651427766, 27.651427766, 27.651427766, 27.651427766, 27.651427766, 27.651427766, 27.651427766, 27.651427766, 27.651427766, 27.651427766, 27.651427766, 27.651427766, 27.651427766, 27.651427766, 27.651427766, 27.651427766, 27.651427766, 27.651427766, 27.651427766, 27.852357047, 27.852357047, 27.852357047, 27.852357047, 27.852357047, 27.852357047], "time_cpu_usage_count": [1682409313.0, 1682409314.0, 1682409315.0, 1682409316.0, 1682409317.0, 1682409318.0, 1682409319.0, 1682409320.0, 1682409321.0, 1682409322.0, 1682409323.0, 1682409324.0, 1682409325.0, 1682409326.0, 1682409327.0, 1682409328.0, 1682409329.0, 1682409330.0, 1682409331.0, 1682409332.0, 1682409333.0, 1682409334.0, 1682409335.0, 1682409336.0, 1682409337.0, 1682409338.0, 1682409339.0, 1682409340.0, 1682409341.0, 1682409342.0, 1682409343.0, 1682409344.0, 1682409345.0, 1682409346.0, 1682409347.0, 1682409348.0, 1682409349.0, 1682409350.0, 1682409351.0, 1682409352.0, 1682409353.0, 1682409354.0, 1682409355.0, 1682409356.0, 1682409357.0, 1682409358.0, 1682409359.0, 1682409360.0, 1682409361.0, 1682409362.0, 1682409363.0, 1682409364.0, 1682409365.0, 1682409366.0, 1682409367.0, 1682409368.0, 1682409369.0, 1682409370.0, 1682409371.0, 1682409372.0, 1682409373.0, 1682409374.0, 1682409375.0, 1682409376.0, 1682409377.0, 1682409378.0, 1682409379.0, 1682409380.0, 1682409381.0, 1682409382.0, 1682409383.0, 1682409384.0, 1682409385.0, 1682409386.0, 1682409387.0, 1682409388.0, 1682409389.0, 1682409390.0, 1682409391.0, 1682409392.0, 1682409393.0, 1682409394.0, 1682409395.0, 1682409396.0, 1682409397.0, 1682409398.0, 1682409399.0, 1682409400.0, 1682409401.0, 1682409402.0, 1682409403.0, 1682409404.0, 1682409405.0, 1682409406.0, 1682409407.0, 1682409408.0], "cpu_usage_rate": [0.0011652468308912829, 0.0011906296010764678, 0.0012160123712616528, 0.0012413951414468375, 0.0012667779116320227, 0.0012921606818172074, 0.0013175434520023923, 0.001342926222187577, 0.001368308992372762, 0.001393691762557947, 0.0014190745327431317, 0.0014444573029283167, 0.0014698400731135016, 0.0014952228432986866, 0.0015206056134838713, 0.0015459883836690565, 0.0015713711538542412, 0.001596753924039426, 0.001622136694224611, 0.0016475194644097958, 0.0016729022345949806, 0.0016982850047801655, 0.001723667774965351, 0.0017490505451505356, 0.0017744333153357204, 0.0017998160855209053, 0.0018251988557060903, 0.0018505816258912752, 0.00187596439607646, 0.0019013471662616447, 0.0020238103928563026, 0.0020504721024859323, 0.002077133812115562, 0.0021037955217451916, 0.0021304572313748217, 0.002157118941004451, 0.0021837806506340806, 0.0022104423602637108, 0.0022371040698933404, 0.00226376577952297, 0.0022904274891525993, 0.0023170891987822294, 0.002343750908411859, 0.0023704126180414888, 0.0023970743276711184, 0.0024237360373007485, 0.002450397746930378, 0.002477059456560008, 0.0025037211661896376, 0.0025303828758192672, 0.002557044585448897, 0.002583706295078526, 0.0026103680047081562, 0.0026370297143377863, 0.0026636914239674156, 0.0026903531335970452, 0.0027170148432266754, 0.0027436765528563046, 0.0027703382624859347, 0.002796999972115564, 0.0031960100941799477, 0.0032261876093034043, 0.0032563651244268614, 0.003286542639550318, 0.003316720154673775, 0.0033468976697972317], "time_cpu_usage_rate": [1682409343.0, 1682409344.0, 1682409345.0, 1682409346.0, 1682409347.0, 1682409348.0, 1682409349.0, 1682409350.0, 1682409351.0, 1682409352.0, 1682409353.0, 1682409354.0, 1682409355.0, 1682409356.0, 1682409357.0, 1682409358.0, 1682409359.0, 1682409360.0, 1682409361.0, 1682409362.0, 1682409363.0, 1682409364.0, 1682409365.0, 1682409366.0, 1682409367.0, 1682409368.0, 1682409369.0, 1682409370.0, 1682409371.0, 1682409372.0, 1682409373.0, 1682409374.0, 1682409375.0, 1682409376.0, 1682409377.0, 1682409378.0, 1682409379.0, 1682409380.0, 1682409381.0, 1682409382.0, 1682409383.0, 1682409384.0, 1682409385.0, 1682409386.0, 1682409387.0, 1682409388.0, 1682409389.0, 1682409390.0, 1682409391.0, 1682409392.0, 1682409393.0, 1682409394.0, 1682409395.0, 1682409396.0, 1682409397.0, 1682409398.0, 1682409399.0, 1682409400.0, 1682409401.0, 1682409402.0, 1682409403.0, 1682409404.0, 1682409405.0, 1682409406.0, 1682409407.0, 1682409408.0], "cpu_throttled_count": [8.766519453, 8.766519453, 8.766519453, 8.766519453, 8.766519453, 8.766519453, 8.766519453, 8.766519453, 8.766519453, 8.766519453, 8.766519453, 8.766519453, 8.766519453, 8.766519453, 8.766519453, 8.766519453, 8.766519453, 8.766519453, 8.766519453, 8.766519453, 8.766519453, 8.766519453, 8.766519453, 8.766519453, 8.766519453, 8.766519453, 8.766519453, 8.766519453, 8.766519453, 8.766519453, 8.766519453, 8.766519453, 8.766519453, 8.766519453, 8.766519453, 8.766519453, 8.766519453, 8.766519453, 8.766519453, 8.766519453, 8.766519453, 8.766519453, 8.766519453, 8.766519453, 8.766519453, 8.766519453, 8.766519453, 8.766519453, 8.766519453, 8.766519453, 8.766519453, 8.766519453, 8.766519453, 8.766519453, 8.766519453, 8.766519453, 8.766519453, 8.766519453, 8.766519453, 8.766519453, 8.766519453, 8.766519453, 8.766519453, 8.766519453, 8.766519453, 8.766519453, 8.766519453, 8.766519453, 8.766519453, 8.766519453, 8.766519453, 8.766519453, 8.766519453, 8.766519453, 8.766519453, 8.766519453, 8.766519453, 8.766519453, 8.766519453, 8.766519453, 8.766519453, 8.766519453, 8.766519453, 8.766519453, 8.766519453, 8.766519453, 8.766519453, 8.766519453, 8.766519453, 8.766519453, 8.766519453, 8.766519453, 8.766519453, 8.766519453, 8.766519453, 8.766519453], "time_cpu_throttled_count": [1682409313.0, 1682409314.0, 1682409315.0, 1682409316.0, 1682409317.0, 1682409318.0, 1682409319.0, 1682409320.0, 1682409321.0, 1682409322.0, 1682409323.0, 1682409324.0, 1682409325.0, 1682409326.0, 1682409327.0, 1682409328.0, 1682409329.0, 1682409330.0, 1682409331.0, 1682409332.0, 1682409333.0, 1682409334.0, 1682409335.0, 1682409336.0, 1682409337.0, 1682409338.0, 1682409339.0, 1682409340.0, 1682409341.0, 1682409342.0, 1682409343.0, 1682409344.0, 1682409345.0, 1682409346.0, 1682409347.0, 1682409348.0, 1682409349.0, 1682409350.0, 1682409351.0, 1682409352.0, 1682409353.0, 1682409354.0, 1682409355.0, 1682409356.0, 1682409357.0, 1682409358.0, 1682409359.0, 1682409360.0, 1682409361.0, 1682409362.0, 1682409363.0, 1682409364.0, 1682409365.0, 1682409366.0, 1682409367.0, 1682409368.0, 1682409369.0, 1682409370.0, 1682409371.0, 1682409372.0, 1682409373.0, 1682409374.0, 1682409375.0, 1682409376.0, 1682409377.0, 1682409378.0, 1682409379.0, 1682409380.0, 1682409381.0, 1682409382.0, 1682409383.0, 1682409384.0, 1682409385.0, 1682409386.0, 1682409387.0, 1682409388.0, 1682409389.0, 1682409390.0, 1682409391.0, 1682409392.0, 1682409393.0, 1682409394.0, 1682409395.0, 1682409396.0, 1682409397.0, 1682409398.0, 1682409399.0, 1682409400.0, 1682409401.0, 1682409402.0, 1682409403.0, 1682409404.0, 1682409405.0, 1682409406.0, 1682409407.0, 1682409408.0],