{"cpu_usage_count": [11.294616401, 11.294616401, 11.294616401, 11.294616401, 11.294616401, 11.294616401, 11.294616401, 11.294616401, 11.294616401, 11.294616401, 11.294616401, 11.294616401, 11.294616401, 11.294616401, 11.294616401, 11.294616401, 11.294616401, 11.294616401, 11.294616401, 11.294616401, 11.294616401, 11.294616401, 11.294616401, 11.294616401, 11.294616401, 11.294616401, 11.294616401, 11.294616401, 11.294616401, 11.294616401, 11.791479172, 11.791479172, 11.791479172, 11.791479172, 11.791479172, 11.791479172, 11.791479172, 11.791479172, 11.791479172, 11.791479172, 11.791479172, 11.791479172, 11.791479172, 11.791479172, 11.791479172, 11.791479172, 11.791479172], "time_cpu_usage_count": [1711445998.0, 1711445999.0, 1711446000.0, 1711446001.0, 1711446002.0, 1711446003.0, 1711446004.0, 1711446005.0, 1711446006.0, 1711446007.0, 1711446008.0, 1711446009.0, 1711446010.0, 1711446011.0, 1711446012.0, 1711446013.0, 1711446014.0, 1711446015.0, 1711446016.0, 1711446017.0, 1711446018.0, 1711446019.0, 1711446020.0, 1711446021.0, 1711446022.0, 1711446023.0, 1711446024.0, 1711446025.0, 1711446026.0, 1711446027.0, 1711446028.0, 1711446029.0, 1711446030.0, 1711446031.0, 1711446032.0, 1711446033.0, 1711446034.0, 1711446035.0, 1711446036.0, 1711446037.0, 1711446038.0, 1711446039.0, 1711446040.0, 1711446041.0, 1711446042.0, 1711446043.0, 1711446044.0], "cpu_usage_rate": [0.016562092366666666, 0.016562092366666666, 0.016562092366666666, 0.016562092366666666, 0.016562092366666666, 0.016562092366666666, 0.016562092366666666, 0.016562092366666666, 0.016562092366666666, 0.016562092366666666, 0.016562092366666666, 0.016562092366666666, 0.016562092366666666, 0.016562092366666666, 0.016562092366666666, 0.016562092366666666, 0.016562092366666666], "time_cpu_usage_rate": [1711446028.0, 1711446029.0, 1711446030.0, 1711446031.0, 1711446032.0, 1711446033.0, 1711446034.0, 1711446035.0, 1711446036.0, 1711446037.0, 1711446038.0, 1711446039.0, 1711446040.0, 1711446041.0, 1711446042.0, 1711446043.0, 1711446044.0], "cpu_throttled_count": [19.041041187, 19.041041187, 19.041041187, 19.041041187, 19.041041187, 19.041041187, 19.041041187, 19.041041187, 19.041041187, 19.041041187, 19.041041187, 19.041041187, 19.041041187, 19.041041187, 19.041041187, 19.041041187, 19.041041187, 19.041041187, 19.041041187, 19.041041187, 19.041041187, 19.041041187, 19.041041187, 19.041041187, 19.041041187, 19.041041187, 19.041041187, 19.041041187, 19.041041187, 19.041041187, 19.041041187, 19.041041187, 19.041041187, 19.041041187, 19.041041187, 19.041041187, 19.041041187, 19.041041187, 19.041041187, 19.041041187, 19.041041187, 19.041041187, 19.041041187, 19.041041187, 19.041041187, 19.041041187, 19.041041187], "time_cpu_throttled_count": [1711445998.0, 1711445999.0, 1711446000.0, 1711446001.0, 1711446002.0, 1711446003.0, 1711446004.0, 1711446005.0, 1711446006.0, 1711446007.0, 1711446008.0, 1711446009.0, 1711446010.0, 1711446011.0, 1711446012.0, 1711446013.0, 1711446014.0, 1711446015.0, 1711446016.0, 1711446017.0, 1711446018.0, 1711446019.0, 1711446020.0, 1711446021.0, 1711446022.0, 1711446023.0, 1711446024.0, 1711446025.0, 1711446026.0, 1711446027.0, 1711446028.0, 1711446029.0, 1711446030.0, 1711446031.0, 1711446032.0, 1711446033.0, 1711446034.0, 1711446035.0, 1711446036.0, 1711446037.0, 1711446038.0, 1711446039.0, 1711446040.0, 1711446041.0, 1711446042.0, 1711446043.0, 1711446044.0], "cpu_throttled_rate": [0.0, 0.0, 0.0, 0.0, 0.0, 0.0, 0.0, 0.0, 0.0, 0.0, 0.0, 0.0, 0.0, 0.0, 0.0, 0.0, 0.0], "time_cpu_throttled_rate": [1711446028.0, 1711446029.0, 1711446030.0, 1711446031.0, 1711446032.0, 1711446033.0, 1711446034.0, 1711446035.0, 1711446036.0, 1711446037.0, 1711446038.0, 1711446039.0, 1711446040.0, 1711446041.0, 1711446042.0, 1711446043.0, 1711446044.0], "memory_usage": [2165432320.0, 2165432320.0, 2165432320.0, 2165432320.0, 2165432320.0, 2165432320.0, 2165432320.0, 2165432320.0, 2165432320.0, 2165432320.0, 2165432320.0, 2165432320.0, 2165432320.0, 2165432320.0, 2165432320.0, 2165432320.0, 2165432320.0, 2165432320.0, 2165432320.0, 2165432320.0, 2165432320.0, 2165432320.0, 2165432320.0, 2165432320.0, 2165432320.0, 2165432320.0, 2165432320.0, 2165432320.0, 2165432320.0, 2165432320.0, 2165743616.0, 2165743616.0, 2165743616.0, 2165743616.0, 2165743616.0, 2165743616.0, 2165743616.0, 2165743616.0, 2165743616.0, 2165743616.0, 2165743616.0, 2165743616.0, 2165743616.0, 2165743616.0, 2165743616.0, 2165743616.0, 2165743616.0], "time_memory_usage": [1711445998.0, 1711445999.0, 1711446000.0, 1711446001.0, 1711446002.0, 1711446003.0, 1711446004.0, 1711446005.0, 1711446006.0, 1711446007.0, 1711446008.0, 1711446009.0, 1711446010.0, 1711446011.0, 1711446012.0, 1711446013.0, 1711446014.0, 1711446015.0, 1711446016.0, 1711446017.0, 1711446018.0, 1711446019.0, 1711446020.0, 1711446021.0, 1711446022.0, 1711446023.0, 1711446024.0, 1711446025.0, 1711446026.0, 1711446027.0, 1711446028.0, 1711446029.0, 1711446030.0, 1711446031.0, 1711446032.0, 1711446033.0, 1711446034.0, 1711446035.0, 1711446036.0, 1711446037.0, 1711446038.0, 1711446039.0, 1711446040.0, 1711446041.0, 1711446042.0, 1711446043.0, 1711446044.0], "throughput": [0.0, 0.0, 0.0, 0.021470833333333335, 0.020510000000000004, 0.019869444444444447, 0.019411904761904762, 0.019068750000000002, 0.01880185185185185, 0.03717666666666666, 0.03682727272727273, 0.03653611111111111, 0.03628974358974359, 0.054117857142857134, 0.05384333333333333, 0.053603124999999995, 0.07118823529411764, 0.07093703703703703, 0.07071228070175438, 0.0881375, 0.08790873015873016, 0.08770075757575757, 0.08751086956521738, 0.08733680555555554, 0.10461199999999998, 0.10443461538461539, 0.10427037037037037, 0.12147083333333332, 0.1213051724137931, 0.12115055555555555, 0.12100591397849461, 0.1208703125, 0.13799191919191917, 0.13785490196078432, 0.13772571428571428, 0.15480416666666666, 0.1546743243243243, 0.15455131578947368, 0.15443461538461536, 0.1714708333333333, 0.17135365853658538, 0.1712420634920635, 0.17113565891472865, 0.17102255941227149, 0.18803074074074075, 0.1879286231884058, 0.18783085106382977, 0.18773715277777778, 0.18764727891156463, 0.20461200000000002, 0.204521568627451, 0.20443461538461535, 0.20435094339622642, 0.2212929012345679, 0.22120878787878787, 0.22112767857142857, 0.238053216374269, 0.23797183908045977, 0.23728813559322032, 0.2542372881355932], "time_throughput": [1711445985.0, 1711445986.0, 1711445987.0, 1711445988.0, 1711445989.0, 1711445990.0, 1711445991.0, 1711445992.0, 1711445993.0, 1711445994.0, 1711445995.0, 1711445996.0, 1711445997.0, 1711445998.0, 1711445999.0, 1711446000.0, 1711446001.0, 1711446002.0, 1711446003.0, 1711446004.0, 1711446005.0, 1711446006.0, 1711446007.0, 1711446008.0, 1711446009.0, 1711446010.0, 1711446011.0, 1711446012.0, 1711446013.0, 1711446014.0, 1711446015.0, 1711446016.0, 1711446017.0, 1711446018.0, 1711446019.0, 1711446020.0, 1711446021.0, 1711446022.0, 1711446023.0, 1711446024.0, 1711446025.0, 1711446026.0, 1711446027.0, 1711446028.0, 1711446029.0, 1711446030.0, 1711446031.0, 1711446032.0, 1711446033.0, 1711446034.0, 1711446035.0, 1711446036.0, 1711446037.0, 1711446038.0, 1711446039.0, 1711446040.0, 1711446041.0, 1711446042.0, 1711446043.0, 1711446044.0], "responses": [[{"times": {"request": {"sending": 1711445985.0793226, "arrival": 1711445985.6371398}, "models": {"yolo": {"arrival": 1711445985.1008666, "serving": 1711445985.5759022}}}, "model_name": "yolo", "outputs": []}], [{"times": {"request": {"sending": 1711445986.322932, "arrival": 1711445986.3994398}, "models": {"yolo": {"arrival": 1711445986.3375118, "serving": 1711445986.3751965}}}, "model_name": "yolo", "outputs": []}], [{"times": {"request": {"sending": 1711445986.9067595, "arrival": 1711445986.9663827}, "models": {"yolo": {"arrival": 1711445986.9210153, "serving": 1711445986.961008}}}, "model_name": "yolo", "outputs": []}], [{"times": {"request": {"sending": 1711445987.9005172, "arrival": 1711445988.4406385}, "models": {"yolo": {"arrival": 1711445987.9201145,