{"cpu_usage_count": [12.360285575, 12.360285575, 12.360285575, 12.360285575, 12.360285575, 12.360285575, 12.360285575, 12.360285575, 12.360285575, 12.360285575, 12.360285575, 12.360285575, 12.360285575, 12.360285575, 12.360285575, 12.360285575, 12.360285575, 12.360285575, 12.360285575, 12.360285575, 12.360285575, 12.360285575, 12.360285575, 12.360285575, 12.360285575, 12.360285575, 12.360285575, 12.360285575, 12.360285575, 12.360285575, 12.863435658, 12.863435658, 12.863435658, 12.863435658, 12.863435658, 12.863435658, 12.863435658, 12.863435658, 12.863435658, 12.863435658, 12.863435658, 12.863435658, 12.863435658, 12.863435658, 12.863435658], "time_cpu_usage_count": [1711447528.0, 1711447529.0, 1711447530.0, 1711447531.0, 1711447532.0, 1711447533.0, 1711447534.0, 1711447535.0, 1711447536.0, 1711447537.0, 1711447538.0, 1711447539.0, 1711447540.0, 1711447541.0, 1711447542.0, 1711447543.0, 1711447544.0, 1711447545.0, 1711447546.0, 1711447547.0, 1711447548.0, 1711447549.0, 1711447550.0, 1711447551.0, 1711447552.0, 1711447553.0, 1711447554.0, 1711447555.0, 1711447556.0, 1711447557.0, 1711447558.0, 1711447559.0, 1711447560.0, 1711447561.0, 1711447562.0, 1711447563.0, 1711447564.0, 1711447565.0, 1711447566.0, 1711447567.0, 1711447568.0, 1711447569.0, 1711447570.0, 1711447571.0, 1711447572.0], "cpu_usage_rate": [0.016771669433333317, 0.016771669433333317, 0.016771669433333317, 0.016771669433333317, 0.016771669433333317, 0.016771669433333317, 0.016771669433333317, 0.016771669433333317, 0.016771669433333317, 0.016771669433333317, 0.016771669433333317, 0.016771669433333317, 0.016771669433333317, 0.016771669433333317, 0.016771669433333317], "time_cpu_usage_rate": [1711447558.0, 1711447559.0, 1711447560.0, 1711447561.0, 1711447562.0, 1711447563.0, 1711447564.0, 1711447565.0, 1711447566.0, 1711447567.0, 1711447568.0, 1711447569.0, 1711447570.0, 1711447571.0, 1711447572.0], "cpu_throttled_count": [30.253299029, 30.253299029, 30.253299029, 30.253299029, 30.253299029, 30.253299029, 30.253299029, 30.253299029, 30.253299029, 30.253299029, 30.253299029, 30.253299029, 30.253299029, 30.253299029, 30.253299029, 30.253299029, 30.253299029, 30.253299029, 30.253299029, 30.253299029, 30.253299029, 30.253299029, 30.253299029, 30.253299029, 30.253299029, 30.253299029, 30.253299029, 30.253299029, 30.253299029, 30.253299029, 30.253299029, 30.253299029, 30.253299029, 30.253299029, 30.253299029, 30.253299029, 30.253299029, 30.253299029, 30.253299029, 30.253299029, 30.253299029, 30.253299029, 30.253299029, 30.253299029, 30.253299029], "time_cpu_throttled_count": [1711447528.0, 1711447529.0, 1711447530.0, 1711447531.0, 1711447532.0, 1711447533.0, 1711447534.0, 1711447535.0, 1711447536.0, 1711447537.0, 1711447538.0, 1711447539.0, 1711447540.0, 1711447541.0, 1711447542.0, 1711447543.0, 1711447544.0, 1711447545.0, 1711447546.0, 1711447547.0, 1711447548.0, 1711447549.0, 1711447550.0, 1711447551.0, 1711447552.0, 1711447553.0, 1711447554.0, 1711447555.0, 1711447556.0, 1711447557.0, 1711447558.0, 1711447559.0, 1711447560.0, 1711447561.0, 1711447562.0, 1711447563.0, 1711447564.0, 1711447565.0, 1711447566.0, 1711447567.0, 1711447568.0, 1711447569.0, 1711447570.0, 1711447571.0, 1711447572.0], "cpu_throttled_rate": [0.0, 0.0, 0.0, 0.0, 0.0, 0.0, 0.0, 0.0, 0.0, 0.0, 0.0, 0.0, 0.0, 0.0, 0.0], "time_cpu_throttled_rate": [1711447558.0, 1711447559.0, 1711447560.0, 1711447561.0, 1711447562.0, 1711447563.0, 1711447564.0, 1711447565.0, 1711447566.0, 1711447567.0, 1711447568.0, 1711447569.0, 1711447570.0, 1711447571.0, 1711447572.0], "memory_usage": [2159996928.0, 2159996928.0, 2159996928.0, 2159996928.0, 2159996928.0, 2159996928.0, 2159996928.0, 2159996928.0, 2159996928.0, 2159996928.0, 2159996928.0, 2159996928.0, 2159996928.0, 2159996928.0, 2159996928.0, 2159996928.0, 2159996928.0, 2159996928.0, 2159996928.0, 2159996928.0, 2159996928.0, 2159996928.0, 2159996928.0, 2159996928.0, 2159996928.0, 2159996928.0, 2159996928.0, 2159996928.0, 2159996928.0, 2159996928.0, 2160623616.0, 2160623616.0, 2160623616.0, 2160623616.0, 2160623616.0, 2160623616.0, 2160623616.0, 2160623616.0, 2160623616.0, 2160623616.0, 2160623616.0, 2160623616.0, 2160623616.0, 2160623616.0, 2160623616.0], "time_memory_usage": [1711447528.0, 1711447529.0, 1711447530.0, 1711447531.0, 1711447532.0, 1711447533.0, 1711447534.0, 1711447535.0, 1711447536.0, 1711447537.0, 1711447538.0, 1711447539.0, 1711447540.0, 1711447541.0, 1711447542.0, 1711447543.0, 1711447544.0, 1711447545.0, 1711447546.0, 1711447547.0, 1711447548.0, 1711447549.0, 1711447550.0, 1711447551.0, 1711447552.0, 1711447553.0, 1711447554.0, 1711447555.0, 1711447556.0, 1711447557.0, 1711447558.0, 1711447559.0, 1711447560.0, 1711447561.0, 1711447562.0, 1711447563.0, 1711447564.0, 1711447565.0, 1711447566.0, 1711447567.0, 1711447568.0, 1711447569.0, 1711447570.0, 1711447571.0, 1711447572.0], "throughput": [0.018366666666666667, 0.017516666666666666, 0.017233333333333333, 0.017091666666666668, 0.017006666666666666, 0.016950000000000003, 0.033819047619047624, 0.033758333333333335, 0.033711111111111115, 0.05050999999999999, 0.05046363636363636, 0.050425000000000005, 0.050392307692307695, 0.050364285714285716, 0.06712, 0.06709166666666667, 0.06706666666666666, 0.08380555555555555, 0.08378070175438597, 0.08375833333333335, 0.08373809523809524, 0.10046363636363637, 0.10044347826086956, 0.10042500000000001, 0.10040800000000001, 0.11712435897435897, 0.11710740740740742, 0.11709166666666665, 0.11707701149425288, 0.13378666666666666, 0.13377204301075268, 0.1337583333333333, 0.13374545454545453, 0.13373333333333332, 0.15043714285714285, 0.15042499999999998, 0.15041351351351348, 0.16711403508771927, 0.16710256410256408, 0.1670916666666666, 0.16708130081300815, 0.18377857142857143, 0.18376821705426358, 0.1837583333333333, 0.18374888888888888, 0.20044347826086953, 0.20043404255319147, 0.200425, 0.2004163265306122, 0.2171086666666667, 0.2171, 0.21709166666666666, 0.21708364779874215, 0.23377407407407405, 0.2337660606060606, 0.2337583333333333, 0.23375087719298246, 0.2504396551724138, 0.2504322033898305, 0.23728813559322032, 0.23728813559322032], "time_throughput": [1711447512.0, 1711447513.0, 1711447514.0, 1711447515.0, 1711447516.0, 1711447517.0, 1711447518.0, 1711447519.0, 1711447520.0, 1711447521.0, 1711447522.0, 1711447523.0, 1711447524.0, 1711447525.0, 1711447526.0, 1711447527.0, 1711447528.0, 1711447529.0, 1711447530.0, 1711447531.0, 1711447532.0, 1711447533.0, 1711447534.0, 1711447535.0, 1711447536.0, 1711447537.0, 1711447538.0, 1711447539.0, 1711447540.0, 1711447541.0, 1711447542.0, 1711447543.0, 1711447544.0, 1711447545.0, 1711447546.0, 1711447547.0, 1711447548.0, 1711447549.0, 1711447550.0, 1711447551.0, 1711447552.0, 1711447553.0, 1711447554.0, 1711447555.0, 1711447556.0, 1711447557.0, 1711447558.0, 1711447559.0, 1711447560.0, 1711447561.0, 1711447562.0, 1711447563.0, 1711447564.0, 1711447565.0, 1711447566.0, 1711447567.0, 1711447568.0, 1711447569.0, 1711447570.0, 1711447571.0, 1711447572.0], "responses": [[{"times": {"request": {"sending": 1711447513.3875716, "arrival": 1711447514.9467692}, "models": {"yolo": {"arrival": 1711447514.4135025, "serving": 1711447514.89283}}}, "model_name": "yolo", "outputs": []}], [{"times": {"request": {"sending": 1711447514.5653844, "arrival": 1711447516.0945926}, "models": {"yolo": {"arrival": 1711447515.5872726, "serving": 1711447516.0573337}}}, "model_name": "yolo", "outputs": []}], [{"times": {"request": {"sending": 1711447515.265342, "arrival": 1711447516.3284762}, "models": {"yolo": {"arrival": 1711447516.2820446, "serving": 1711447516.3220713}}}, "model_name": "yolo", "outputs": []}], [{"times": {"request": {"sending": 1711447516.4919744, "arrival": 1711447517.5822039}, "models": {"yolo": {"arrival": 1711447517.5128732, "serving": 1711447517.555503}}}, "model_name": "yolo", "outputs": []}], [{"times": {"request": {"sending": 1711447516.629588, "arrival": 1711447517.6861699}, "models": {"yolo": {"arrival": 1711447517.6377094,